"protocol_id","run_mode","registered_production","p","regime","replication","epsilon","delta","interval_mode","score_oracle","evidence_method","data_seed","algorithm_seed","n_paths","score_budget","raw_status","status","simultaneous_interval_coverage","covered_nodes","bounded_nodes","exact_optimal_cost","certified_cost_lower","certified_cost_upper","certified_cost_gap","selected_cost","true_cost_suboptimality","exact_cost_optimal","retained_mass","true_omitted_mass","omitted_mass_bound","omitted_mass_covered","epsilon_feasible","cost_sandwich_covered","total_variation","reverse_kullback_leibler","maximum_pip_error","search_actions","search_expansions","screening_score_requests","preflight_nodes","preflight_blocked_nodes","minimum_required_paths","maximum_required_paths","minimum_scheduled_paths","maximum_scheduled_paths","budget_overshoot","raw_score_requests","distinct_score_evaluations","bound_score_requests","evidence_score_requests","downstream_score_requests","selection_score_requests","elapsed_seconds","peak_memory_bytes","error_message"
"regional-compression-exact-study-2026-08-13","production",TRUE,12,"crossed",1,0.01,0.05,"exact","precomputed_exact_table","exact",202812100,202812111,,25000,"certified","bounds-met",TRUE,124,124,218,218,218,0,218,0,TRUE,0.990305809098371,0.00969419090162926,0.00969419090163273,TRUE,TRUE,TRUE,0.00969419090162926,0.0097414854735282,0.00449535355512952,41,41,24,0,0,,,,,0,148,102,124,0,0,124,3.83,,
"regional-compression-exact-study-2026-08-13","production",TRUE,12,"crossed",1,0.01,0.05,"stochastic","precomputed_exact_table","iid",202812100,202812112,100,25000,"frontier_exhausted","tolerance-not-met",TRUE,364,364,218,8,2268,2260,2268,2050,FALSE,1,-3.33066907387547e-15,0,TRUE,TRUE,TRUE,-3.33066907387547e-15,-3.33066907387546e-15,3.21964677141295e-15,350,121,24,229,208,125,Inf,125,571,0,4797,281,364,4409,0,4773,82.8,,
"regional-compression-exact-study-2026-08-13","production",TRUE,12,"crossed",1,0.05,0.05,"exact","precomputed_exact_table","exact",202812100,202812121,,25000,"certified","bounds-met",TRUE,85,85,98,98,98,0,98,0,TRUE,0.952121759120174,0.0478782408798255,0.0478782408798285,TRUE,TRUE,TRUE,0.0478782408798255,0.0490623541335763,0.0212843606870052,28,28,24,0,0,,,,,0,109,76,85,0,0,85,1.87,,
"regional-compression-exact-study-2026-08-13","production",TRUE,12,"crossed",1,0.05,0.05,"stochastic","precomputed_exact_table","iid",202812100,202812122,100,25000,"frontier_exhausted","tolerance-not-met",TRUE,364,364,98,8,2268,2260,2268,2170,FALSE,1,-3.33066907387547e-15,0,TRUE,TRUE,TRUE,-3.33066907387547e-15,-3.33066907387546e-15,3.21964677141295e-15,350,121,24,229,208,125,Inf,125,571,0,4797,281,364,4409,0,4773,92.78,,
"regional-compression-exact-study-2026-08-13","production",TRUE,12,"crossed",1,0.1,0.05,"exact","precomputed_exact_table","exact",202812100,202812131,,25000,"certified","bounds-met",TRUE,43,43,54,54,54,0,54,0,TRUE,0.903920348015123,0.0960796519848769,0.0960796519848804,TRUE,TRUE,TRUE,0.0960796519848769,0.101014033074668,0.0318415699313077,14,14,24,0,0,,,,,0,67,48,43,0,0,43,0.72999999999999,,
"regional-compression-exact-study-2026-08-13","production",TRUE,12,"crossed",1,0.1,0.05,"stochastic","precomputed_exact_table","iid",202812100,202812132,100,25000,"frontier_exhausted","tolerance-not-met",TRUE,364,364,54,8,2268,2260,2268,2214,FALSE,1,-3.33066907387547e-15,0,TRUE,TRUE,TRUE,-3.33066907387547e-15,-3.33066907387546e-15,3.21964677141295e-15,350,121,24,229,208,125,Inf,125,571,0,4797,280,364,4409,0,4773,96.84,,
"regional-compression-exact-study-2026-08-13","production",TRUE,12,"crossed",1,0.2,0.05,"exact","precomputed_exact_table","exact",202812100,202812141,,25000,"certified","bounds-met",TRUE,31,31,26,26,26,0,26,0,TRUE,0.810056737234808,0.189943262765192,0.189943262765196,TRUE,TRUE,TRUE,0.189943262765192,0.210650987799858,0.0634592357307943,10,10,24,0,0,,,,,0,55,40,31,0,0,31,1,,
"regional-compression-exact-study-2026-08-13","production",TRUE,12,"crossed",1,0.2,0.05,"stochastic","precomputed_exact_table","iid",202812100,202812142,100,25000,"frontier_exhausted","tolerance-not-met",TRUE,364,364,26,8,2268,2260,2268,2242,FALSE,1,-3.33066907387547e-15,0,TRUE,TRUE,TRUE,-3.33066907387547e-15,-3.33066907387546e-15,3.21964677141295e-15,350,121,24,229,208,125,Inf,125,571,0,4797,280,364,4409,0,4773,88.05,,
"regional-compression-exact-study-2026-08-13","production",TRUE,12,"crossed",2,0.01,0.05,"exact","precomputed_exact_table","exact",202812200,202812211,,25000,"certified","bounds-met",TRUE,112,112,171,171,171,0,171,0,TRUE,0.990821214989991,0.00917878501000857,0.00917878501000712,TRUE,TRUE,TRUE,0.00917878501000857,0.00922116961595638,0.0043624026224852,37,37,24,0,0,,,,,0,136,94,112,0,0,112,3.2,,
"regional-compression-exact-study-2026-08-13","production",TRUE,12,"crossed",2,0.01,0.05,"stochastic","precomputed_exact_table","iid",202812200,202812212,100,25000,"frontier_exhausted","tolerance-not-met",TRUE,364,364,171,8,2268,2260,2268,2097,FALSE,0.999999999999999,1.4432899320127e-15,0,TRUE,TRUE,TRUE,1.4432899320127e-15,1.4432899320127e-15,1.4432899320127e-15,350,121,24,229,208,506,Inf,506,650,0,11590,282,364,11202,0,11566,83.33,,
"regional-compression-exact-study-2026-08-13","production",TRUE,12,"crossed",2,0.05,0.05,"exact","precomputed_exact_table","exact",202812200,202812221,,25000,"certified","bounds-met",TRUE,73,73,71,71,71,0,71,0,TRUE,0.955273560488679,0.0447264395113207,0.0447264395113196,TRUE,TRUE,TRUE,0.0447264395113207,0.0457575287471103,0.0186680099653316,24,24,24,0,0,,,,,0,97,68,73,0,0,73,1.38,,
"regional-compression-exact-study-2026-08-13","production",TRUE,12,"crossed",2,0.05,0.05,"stochastic","precomputed_exact_table","iid",202812200,202812222,100,25000,"frontier_exhausted","tolerance-not-met",TRUE,364,364,71,8,2268,2260,2268,2197,FALSE,0.999999999999999,1.4432899320127e-15,0,TRUE,TRUE,TRUE,1.4432899320127e-15,1.4432899320127e-15,1.4432899320127e-15,350,121,24,229,208,506,Inf,506,650,0,11590,282,364,11202,0,11566,91.3,,
"regional-compression-exact-study-2026-08-13","production",TRUE,12,"crossed",2,0.1,0.05,"exact","precomputed_exact_table","exact",202812200,202812231,,25000,"certified","bounds-met",TRUE,46,46,43,43,43,0,43,0,TRUE,0.900623210195135,0.0993767898048651,0.0993767898048634,TRUE,TRUE,TRUE,0.0993767898048651,0.104668299522334,0.043771323625844,15,15,24,0,0,,,,,0,70,50,46,0,0,46,0.689999999999998,,
"regional-compression-exact-study-2026-08-13","production",TRUE,12,"crossed",2,0.1,0.05,"stochastic","precomputed_exact_table","iid",202812200,202812232,100,25000,"frontier_exhausted","tolerance-not-met",TRUE,364,364,43,8,2268,2260,2268,2225,FALSE,0.999999999999999,1.4432899320127e-15,0,TRUE,TRUE,TRUE,1.4432899320127e-15,1.4432899320127e-15,1.4432899320127e-15,350,121,24,229,208,506,Inf,506,650,0,11590,282,364,11202,0,11566,97.14,,
"regional-compression-exact-study-2026-08-13","production",TRUE,12,"crossed",2,0.2,0.05,"exact","precomputed_exact_table","exact",202812200,202812241,,25000,"certified","bounds-met",TRUE,37,37,26,26,26,0,26,0,TRUE,0.853809619195972,0.146190380804028,0.146190380804027,TRUE,TRUE,TRUE,0.146190380804028,0.158047038387737,0.0549107883557556,12,12,24,0,0,,,,,0,61,44,37,0,0,37,0.759999999999991,,
"regional-compression-exact-study-2026-08-13","production",TRUE,12,"crossed",2,0.2,0.05,"stochastic","precomputed_exact_table","iid",202812200,202812242,100,25000,"frontier_exhausted","tolerance-not-met",TRUE,364,364,26,8,2268,2260,2268,2242,FALSE,0.999999999999999,1.4432899320127e-15,0,TRUE,TRUE,TRUE,1.4432899320127e-15,1.4432899320127e-15,1.4432899320127e-15,350,121,24,229,208,506,Inf,506,650,0,11590,282,364,11202,0,11566,86.53,,
"regional-compression-exact-study-2026-08-13","production",TRUE,12,"crossed",3,0.01,0.05,"exact","precomputed_exact_table","exact",202812300,202812311,,25000,"certified","bounds-met",TRUE,133,133,250,250,250,0,250,0,TRUE,0.990027861156854,0.00997213884314596,0.00997213884314231,TRUE,TRUE,TRUE,0.00997213884314596,0.0100221936668156,0.00363799853596475,44,44,24,0,0,,,,,0,157,108,133,0,0,133,4,,
"regional-compression-exact-study-2026-08-13","production",TRUE,12,"crossed",3,0.01,0.05,"stochastic","precomputed_exact_table","iid",202812300,202812312,100,25000,"frontier_exhausted","tolerance-not-met",TRUE,364,364,250,8,2268,2260,2268,2018,FALSE,0.999999999999996,3.66373598126302e-15,0,TRUE,TRUE,TRUE,3.66373598126302e-15,3.66373598126302e-15,3.5527136788005e-15,350,121,24,229,212,568,Inf,568,568,0,10044,278,364,9656,0,10020,81.47,,
"regional-compression-exact-study-2026-08-13","production",TRUE,12,"crossed",3,0.05,0.05,"exact","precomputed_exact_table","exact",202812300,202812321,,25000,"certified","bounds-met",TRUE,76,76,92,92,92,0,92,0,TRUE,0.954384101051054,0.0456158989489459,0.0456158989489424,TRUE,TRUE,TRUE,0.0456158989489459,0.0466890669173896,0.0233056179009054,25,25,24,0,0,,,,,0,100,70,76,0,0,76,1.44,,
"regional-compression-exact-study-2026-08-13","production",TRUE,12,"crossed",3,0.05,0.05,"stochastic","precomputed_exact_table","iid",202812300,202812322,100,25000,"frontier_exhausted","tolerance-not-met",TRUE,364,364,92,8,2268,2260,2268,2176,FALSE,0.999999999999996,3.66373598126302e-15,0,TRUE,TRUE,TRUE,3.66373598126302e-15,3.66373598126302e-15,3.5527136788005e-15,350,121,24,229,212,568,Inf,568,568,0,10044,278,364,9656,0,10020,94.85,,
"regional-compression-exact-study-2026-08-13","production",TRUE,12,"crossed",3,0.1,0.05,"exact","precomputed_exact_table","exact",202812300,202812331,,25000,"certified","bounds-met",TRUE,67,67,64,64,64,0,64,0,TRUE,0.920015650542894,0.0799843494571062,0.0799843494571024,TRUE,TRUE,TRUE,0.0799843494571062,0.0833645976240771,0.0209151563970087,22,22,24,0,0,,,,,0,91,64,67,0,0,67,1.66000000000003,,
"regional-compression-exact-study-2026-08-13","production",TRUE,12,"crossed",3,0.1,0.05,"stochastic","precomputed_exact_table","iid",202812300,202812332,100,25000,"frontier_exhausted","tolerance-not-met",TRUE,364,364,64,8,2268,2260,2268,2204,FALSE,0.999999999999996,3.66373598126302e-15,0,TRUE,TRUE,TRUE,3.66373598126302e-15,3.66373598126302e-15,3.5527136788005e-15,350,121,24,229,212,568,Inf,568,568,0,10044,278,364,9656,0,10020,93.53,,
"regional-compression-exact-study-2026-08-13","production",TRUE,12,"crossed",3,0.2,0.05,"exact","precomputed_exact_table","exact",202812300,202812341,,25000,"certified","bounds-met",TRUE,52,52,35,35,35,0,35,0,TRUE,0.809862564677722,0.190137435322278,0.190137435322276,TRUE,TRUE,TRUE,0.190137435322278,0.210890718949165,0.0500279534719161,17,17,24,0,0,,,,,0,76,54,52,0,0,52,0.829999999999984,,
"regional-compression-exact-study-2026-08-13","production",TRUE,12,"crossed",3,0.2,0.05,"stochastic","precomputed_exact_table","iid",202812300,202812342,100,25000,"frontier_exhausted","tolerance-not-met",TRUE,364,364,35,8,2268,2260,2268,2233,FALSE,0.999999999999996,3.66373598126302e-15,0,TRUE,TRUE,TRUE,3.66373598126302e-15,3.66373598126302e-15,3.5527136788005e-15,350,121,24,229,212,568,Inf,568,568,0,10044,278,364,9656,0,10020,87.27,,
"regional-compression-exact-study-2026-08-13","production",TRUE,12,"crossed",4,0.01,0.05,"exact","precomputed_exact_table","exact",202812400,202812411,,25000,"certified","bounds-met",TRUE,214,214,500,500,500,0,500,0,TRUE,0.990155474265341,0.00984452573465899,0.00984452573466285,TRUE,TRUE,TRUE,0.00984452573465899,0.00989330347126572,0.00400954953653222,71,71,24,0,0,,,,,0,238,162,214,0,0,214,8.84,,
"regional-compression-exact-study-2026-08-13","production",TRUE,12,"crossed",4,0.01,0.05,"stochastic","precomputed_exact_table","iid",202812400,202812412,100,25000,"frontier_exhausted","tolerance-not-met",TRUE,364,364,500,9,2268,2259,2268,1768,FALSE,1,-3.77475828372553e-15,0,TRUE,TRUE,TRUE,-3.77475828372553e-15,-3.77475828372553e-15,3.66373598126302e-15,350,121,24,229,207,16,Inf,100,341,0,3084,282,364,2696,0,3060,98.2,,
"regional-compression-exact-study-2026-08-13","production",TRUE,12,"crossed",4,0.05,0.05,"exact","precomputed_exact_table","exact",202812400,202812421,,25000,"certified","bounds-met",TRUE,157,157,253,253,253,0,253,0,TRUE,0.950404809740908,0.0495951902590922,0.049595190259095,TRUE,TRUE,TRUE,0.0495951902590922,0.05086726963224,0.0171204139565177,52,52,24,0,0,,,,,0,181,124,157,0,0,157,5.83999999999999,,
"regional-compression-exact-study-2026-08-13","production",TRUE,12,"crossed",4,0.05,0.05,"stochastic","precomputed_exact_table","iid",202812400,202812422,100,25000,"frontier_exhausted","tolerance-not-met",TRUE,364,364,253,9,2268,2259,2268,2015,FALSE,1,-3.77475828372553e-15,0,TRUE,TRUE,TRUE,-3.77475828372553e-15,-3.77475828372553e-15,3.66373598126302e-15,350,121,24,229,207,16,Inf,100,341,0,3084,283,364,2696,0,3060,107.52,,
"regional-compression-exact-study-2026-08-13","production",TRUE,12,"crossed",4,0.1,0.05,"exact","precomputed_exact_table","exact",202812400,202812431,,25000,"certified","bounds-met",TRUE,127,127,160,160,160,0,160,0,TRUE,0.90222114162322,0.0977788583767802,0.0977788583767837,TRUE,TRUE,TRUE,0.0977788583767802,0.102895620871604,0.0371674599416353,42,42,24,0,0,,,,,0,151,104,127,0,0,127,2.67000000000002,,
"regional-compression-exact-study-2026-08-13","production",TRUE,12,"crossed",4,0.1,0.05,"stochastic","precomputed_exact_table","iid",202812400,202812432,100,25000,"frontier_exhausted","tolerance-not-met",TRUE,364,364,160,9,2268,2259,2268,2108,FALSE,1,-3.77475828372553e-15,0,TRUE,TRUE,TRUE,-3.77475828372553e-15,-3.77475828372553e-15,3.66373598126302e-15,350,121,24,229,207,16,Inf,100,341,0,3084,283,364,2696,0,3060,105,,
"regional-compression-exact-study-2026-08-13","production",TRUE,12,"crossed",4,0.2,0.05,"exact","precomputed_exact_table","exact",202812400,202812441,,25000,"certified","bounds-met",TRUE,70,70,80,80,80,0,80,0,TRUE,0.801573834342592,0.198426165657408,0.198426165657412,TRUE,TRUE,TRUE,0.198426165657408,0.221178190972476,0.0613153191086598,23,23,24,0,0,,,,,0,94,66,70,0,0,70,1.19999999999999,,
"regional-compression-exact-study-2026-08-13","production",TRUE,12,"crossed",4,0.2,0.05,"stochastic","precomputed_exact_table","iid",202812400,202812442,100,25000,"frontier_exhausted","tolerance-not-met",TRUE,364,364,80,8,2268,2260,2268,2188,FALSE,1,-3.77475828372553e-15,0,TRUE,TRUE,TRUE,-3.77475828372553e-15,-3.77475828372553e-15,3.66373598126302e-15,350,121,24,229,207,16,Inf,100,341,0,3084,282,364,2696,0,3060,93.68,,
"regional-compression-exact-study-2026-08-13","production",TRUE,12,"crossed",5,0.01,0.05,"exact","precomputed_exact_table","exact",202812500,202812511,,25000,"certified","bounds-met",TRUE,136,136,249,249,249,0,249,0,TRUE,0.990298279497636,0.00970172050236351,0.00970172050236082,TRUE,TRUE,TRUE,0.00970172050236351,0.00974908881109337,0.00282539217481605,45,45,24,0,0,,,,,0,160,110,136,0,0,136,4.74,,
"regional-compression-exact-study-2026-08-13","production",TRUE,12,"crossed",5,0.01,0.05,"stochastic","precomputed_exact_table","iid",202812500,202812512,100,25000,"frontier_exhausted","tolerance-not-met",TRUE,364,364,249,7,2268,2261,2268,2019,FALSE,0.999999999999997,2.66453525910038e-15,0,TRUE,TRUE,TRUE,2.66453525910038e-15,2.66453525910038e-15,2.66453525910038e-15,350,121,24,229,207,6,Inf,100,339,0,4170,283,364,3782,0,4146,75.5,,
"regional-compression-exact-study-2026-08-13","production",TRUE,12,"crossed",5,0.05,0.05,"exact","precomputed_exact_table","exact",202812500,202812521,,25000,"certified","bounds-met",TRUE,70,70,103,103,103,0,103,0,TRUE,0.952481388724384,0.047518611275616,0.0475186112756135,TRUE,TRUE,TRUE,0.047518611275616,0.0486847115691497,0.0144815187353142,23,23,24,0,0,,,,,0,94,66,70,0,0,70,1.63,,
"regional-compression-exact-study-2026-08-13","production",TRUE,12,"crossed",5,0.05,0.05,"stochastic","precomputed_exact_table","iid",202812500,202812522,100,25000,"frontier_exhausted","tolerance-not-met",TRUE,364,364,103,7,2268,2261,2268,2165,FALSE,0.999999999999997,2.66453525910038e-15,0,TRUE,TRUE,TRUE,2.66453525910038e-15,2.66453525910038e-15,2.66453525910038e-15,350,121,24,229,207,6,Inf,100,339,0,4170,282,364,3782,0,4146,89.55,,
"regional-compression-exact-study-2026-08-13","production",TRUE,12,"crossed",5,0.1,0.05,"exact","precomputed_exact_table","exact",202812500,202812531,,25000,"certified","bounds-met",TRUE,40,40,65,65,65,0,65,0,TRUE,0.901464278969281,0.0985357210307192,0.0985357210307164,TRUE,TRUE,TRUE,0.0985357210307192,0.103734861117958,0.0292495168853621,13,13,24,0,0,,,,,0,64,46,40,0,0,40,0.870000000000005,,
"regional-compression-exact-study-2026-08-13","production",TRUE,12,"crossed",5,0.1,0.05,"stochastic","precomputed_exact_table","iid",202812500,202812532,100,25000,"frontier_exhausted","tolerance-not-met",TRUE,364,364,65,7,2268,2261,2268,2203,FALSE,0.999999999999997,2.66453525910038e-15,0,TRUE,TRUE,TRUE,2.66453525910038e-15,2.66453525910038e-15,2.66453525910038e-15,350,121,24,229,207,6,Inf,100,339,0,4170,283,364,3782,0,4146,88.31,,
"regional-compression-exact-study-2026-08-13","production",TRUE,12,"crossed",5,0.2,0.05,"exact","precomputed_exact_table","exact",202812500,202812541,,25000,"certified","bounds-met",TRUE,31,31,36,36,36,0,36,0,TRUE,0.815944768793783,0.184055231206217,0.184055231206215,TRUE,TRUE,TRUE,0.184055231206217,0.20340861161052,0.0446415221977642,10,10,24,0,0,,,,,0,55,40,31,0,0,31,0.759999999999991,,
"regional-compression-exact-study-2026-08-13","production",TRUE,12,"crossed",5,0.2,0.05,"stochastic","precomputed_exact_table","iid",202812500,202812542,100,25000,"frontier_exhausted","tolerance-not-met",TRUE,364,364,36,7,2268,2261,2268,2232,FALSE,0.999999999999997,2.66453525910038e-15,0,TRUE,TRUE,TRUE,2.66453525910038e-15,2.66453525910038e-15,2.66453525910038e-15,350,121,24,229,207,6,Inf,100,339,0,4170,281,364,3782,0,4146,78.29,,
"regional-compression-exact-study-2026-08-13","production",TRUE,12,"crossed",6,0.01,0.05,"exact","precomputed_exact_table","exact",202812600,202812611,,25000,"certified","bounds-met",TRUE,181,181,401,401,401,0,401,0,TRUE,0.990003656328419,0.00999634367158131,0.0099963436715801,TRUE,TRUE,TRUE,0.00999634367158131,0.0100466425992925,0.00367613336079657,60,60,24,0,0,,,,,0,205,140,181,0,0,181,6.23,,
"regional-compression-exact-study-2026-08-13","production",TRUE,12,"crossed",6,0.01,0.05,"stochastic","precomputed_exact_table","iid",202812600,202812612,100,25000,"frontier_exhausted","tolerance-not-met",TRUE,364,364,401,8,2268,2260,2268,1867,FALSE,0.999999999999999,1.22124532708767e-15,0,TRUE,TRUE,TRUE,1.22124532708767e-15,1.22124532708767e-15,9.99200722162641e-16,350,121,24,229,207,3,Inf,100,467,0,6287,283,364,5899,0,6263,78.08,,
"regional-compression-exact-study-2026-08-13","production",TRUE,12,"crossed",6,0.05,0.05,"exact","precomputed_exact_table","exact",202812600,202812621,,25000,"certified","bounds-met",TRUE,118,118,192,192,192,0,192,0,TRUE,0.95086014225023,0.0491398577497697,0.0491398577497683,TRUE,TRUE,TRUE,0.0491398577497697,0.0503882911315835,0.0137930752488187,39,39,24,0,0,,,,,0,142,98,118,0,0,118,3.33,,
"regional-compression-exact-study-2026-08-13","production",TRUE,12,"crossed",6,0.05,0.05,"stochastic","precomputed_exact_table","iid",202812600,202812622,100,25000,"frontier_exhausted","tolerance-not-met",TRUE,364,364,192,8,2268,2260,2268,2076,FALSE,0.999999999999999,1.22124532708767e-15,0,TRUE,TRUE,TRUE,1.22124532708767e-15,1.22124532708767e-15,9.99200722162641e-16,350,121,24,229,207,3,Inf,100,467,0,6287,286,364,5899,0,6263,83.3,,
"regional-compression-exact-study-2026-08-13","production",TRUE,12,"crossed",6,0.1,0.05,"exact","precomputed_exact_table","exact",202812600,202812631,,25000,"certified","bounds-met",TRUE,76,76,115,115,115,0,115,0,TRUE,0.90036926861582,0.0996307313841804,0.09963073138418,TRUE,TRUE,TRUE,0.0996307313841804,0.104950301345202,0.0272136347522377,25,25,24,0,0,,,,,0,100,70,76,0,0,76,1.57999999999998,,
"regional-compression-exact-study-2026-08-13","production",TRUE,12,"crossed",6,0.1,0.05,"stochastic","precomputed_exact_table","iid",202812600,202812632,100,25000,"frontier_exhausted","tolerance-not-met",TRUE,364,364,115,8,2268,2260,2268,2153,FALSE,0.999999999999999,1.22124532708767e-15,0,TRUE,TRUE,TRUE,1.22124532708767e-15,1.22124532708767e-15,9.99200722162641e-16,350,121,24,229,207,3,Inf,100,467,0,6287,283,364,5899,0,6263,85.28,,
"regional-compression-exact-study-2026-08-13","production",TRUE,12,"crossed",6,0.2,0.05,"exact","precomputed_exact_table","exact",202812600,202812641,,25000,"certified","bounds-met",TRUE,64,64,68,68,68,0,68,0,TRUE,0.801470571073746,0.198529428926254,0.198529428926252,TRUE,TRUE,TRUE,0.198529428926254,0.221307024919482,0.0518556735076021,21,21,24,0,0,,,,,0,88,62,64,0,0,64,1.06,,
"regional-compression-exact-study-2026-08-13","production",TRUE,12,"crossed",6,0.2,0.05,"stochastic","precomputed_exact_table","iid",202812600,202812642,100,25000,"frontier_exhausted","tolerance-not-met",TRUE,364,364,68,8,2268,2260,2268,2200,FALSE,0.999999999999999,1.22124532708767e-15,0,TRUE,TRUE,TRUE,1.22124532708767e-15,1.22124532708767e-15,9.99200722162641e-16,350,121,24,229,207,3,Inf,100,467,0,6287,283,364,5899,0,6263,78.67,,
"regional-compression-exact-study-2026-08-13","production",TRUE,12,"crossed",7,0.01,0.05,"exact","precomputed_exact_table","exact",202812700,202812711,,25000,"certified","bounds-met",TRUE,151,151,348,348,348,0,348,0,TRUE,0.990122453137837,0.00987754686216302,0.00987754686216367,TRUE,TRUE,TRUE,0.00987754686216302,0.00992665346426432,0.00359722678240856,50,50,24,0,0,,,,,0,175,120,151,0,0,151,4.58,,
"regional-compression-exact-study-2026-08-13","production",TRUE,12,"crossed",7,0.01,0.05,"stochastic","precomputed_exact_table","iid",202812700,202812712,100,25000,"frontier_exhausted","tolerance-not-met",TRUE,364,364,348,7,2268,2261,2268,1920,FALSE,1,-6.66133814775094e-16,0,TRUE,TRUE,TRUE,-6.66133814775094e-16,-6.66133814775094e-16,6.66133814775094e-16,350,121,24,229,208,17,Inf,100,2047,0,10276,289,364,9888,0,10252,78.45,,
"regional-compression-exact-study-2026-08-13","production",TRUE,12,"crossed",7,0.05,0.05,"exact","precomputed_exact_table","exact",202812700,202812721,,25000,"certified","bounds-met",TRUE,82,82,134,134,134,0,134,0,TRUE,0.950990617469118,0.0490093825308821,0.0490093825308827,TRUE,TRUE,TRUE,0.0490093825308821,0.0502510824484883,0.0173873014995527,27,27,24,0,0,,,,,0,106,74,82,0,0,82,1.94,,
"regional-compression-exact-study-2026-08-13","production",TRUE,12,"crossed",7,0.05,0.05,"stochastic","precomputed_exact_table","iid",202812700,202812722,100,25000,"frontier_exhausted","tolerance-not-met",TRUE,364,364,134,7,2268,2261,2268,2134,FALSE,1,-6.66133814775094e-16,0,TRUE,TRUE,TRUE,-6.66133814775094e-16,-6.66133814775094e-16,6.66133814775094e-16,350,121,24,229,208,17,Inf,100,2047,0,10276,290,364,9888,0,10252,84.47,,
"regional-compression-exact-study-2026-08-13","production",TRUE,12,"crossed",7,0.1,0.05,"exact","precomputed_exact_table","exact",202812700,202812731,,25000,"certified","bounds-met",TRUE,55,55,83,83,83,0,83,0,TRUE,0.90613485314236,0.0938651468576399,0.093865146857641,TRUE,TRUE,TRUE,0.0938651468576399,0.0985671394874141,0.0317419322749001,18,18,24,0,0,,,,,0,79,56,55,0,0,55,1.25,,
"regional-compression-exact-study-2026-08-13","production",TRUE,12,"crossed",7,0.1,0.05,"stochastic","precomputed_exact_table","iid",202812700,202812732,100,25000,"frontier_exhausted","tolerance-not-met",TRUE,364,364,83,7,2268,2261,2268,2185,FALSE,1,-6.66133814775094e-16,0,TRUE,TRUE,TRUE,-6.66133814775094e-16,-6.66133814775094e-16,6.66133814775094e-16,350,121,24,229,208,17,Inf,100,2047,0,10276,289,364,9888,0,10252,85.4,,
"regional-compression-exact-study-2026-08-13","production",TRUE,12,"crossed",7,0.2,0.05,"exact","precomputed_exact_table","exact",202812700,202812741,,25000,"certified","bounds-met",TRUE,34,34,45,45,45,0,45,0,TRUE,0.801833935080829,0.198166064919171,0.198166064919171,TRUE,TRUE,TRUE,0.198166064919171,0.220853756046465,0.083573828282234,11,11,24,0,0,,,,,0,58,42,34,0,0,34,0.470000000000027,,
"regional-compression-exact-study-2026-08-13","production",TRUE,12,"crossed",7,0.2,0.05,"stochastic","precomputed_exact_table","iid",202812700,202812742,100,25000,"frontier_exhausted","tolerance-not-met",TRUE,364,364,45,7,2268,2261,2268,2223,FALSE,1,-6.66133814775094e-16,0,TRUE,TRUE,TRUE,-6.66133814775094e-16,-6.66133814775094e-16,6.66133814775094e-16,350,121,24,229,208,17,Inf,100,2047,0,10276,288,364,9888,0,10252,76.69,,
"regional-compression-exact-study-2026-08-13","production",TRUE,12,"crossed",8,0.01,0.05,"exact","precomputed_exact_table","exact",202812800,202812811,,25000,"certified","bounds-met",TRUE,145,145,323,323,323,0,323,0,TRUE,0.990689962672987,0.00931003732701285,0.00931003732701514,TRUE,TRUE,TRUE,0.00931003732701285,0.00935364660490886,0.00333300943647712,48,48,24,0,0,,,,,0,169,116,145,0,0,145,4.48,,
"regional-compression-exact-study-2026-08-13","production",TRUE,12,"crossed",8,0.01,0.05,"stochastic","precomputed_exact_table","iid",202812800,202812812,100,25000,"frontier_exhausted","tolerance-not-met",TRUE,364,364,323,8,2268,2260,2268,1945,FALSE,1,-2.44249065417534e-15,0,TRUE,TRUE,TRUE,-2.44249065417534e-15,-2.44249065417534e-15,2.33146835171283e-15,350,121,24,229,208,215,Inf,215,1234,0,8979,282,364,8591,0,8955,87.44,,
"regional-compression-exact-study-2026-08-13","production",TRUE,12,"crossed",8,0.05,0.05,"exact","precomputed_exact_table","exact",202812800,202812821,,25000,"certified","bounds-met",TRUE,97,97,158,158,158,0,158,0,TRUE,0.950152625144462,0.0498473748555381,0.0498473748555407,TRUE,TRUE,TRUE,0.0498473748555381,0.0511326492448705,0.0217108856622658,32,32,24,0,0,,,,,0,121,84,97,0,0,97,2.27,,
"regional-compression-exact-study-2026-08-13","production",TRUE,12,"crossed",8,0.05,0.05,"stochastic","precomputed_exact_table","iid",202812800,202812822,100,25000,"frontier_exhausted","tolerance-not-met",TRUE,364,364,158,8,2268,2260,2268,2110,FALSE,1,-2.44249065417534e-15,0,TRUE,TRUE,TRUE,-2.44249065417534e-15,-2.44249065417534e-15,2.33146835171283e-15,350,121,24,229,208,215,Inf,215,1234,0,8979,282,364,8591,0,8955,93.89,,
"regional-compression-exact-study-2026-08-13","production",TRUE,12,"crossed",8,0.1,0.05,"exact","precomputed_exact_table","exact",202812800,202812831,,25000,"certified","bounds-met",TRUE,64,64,96,96,96,0,96,0,TRUE,0.905090923904881,0.0949090760951189,0.0949090760951214,TRUE,TRUE,TRUE,0.0949090760951189,0.0997198719256394,0.0470360072586711,21,21,24,0,0,,,,,0,88,62,64,0,0,64,2.12,,
"regional-compression-exact-study-2026-08-13","production",TRUE,12,"crossed",8,0.1,0.05,"stochastic","precomputed_exact_table","iid",202812800,202812832,100,25000,"frontier_exhausted","tolerance-not-met",TRUE,364,364,96,8,2268,2260,2268,2172,FALSE,1,-2.44249065417534e-15,0,TRUE,TRUE,TRUE,-2.44249065417534e-15,-2.44249065417534e-15,2.33146835171283e-15,350,121,24,229,208,215,Inf,215,1234,0,8979,282,364,8591,0,8955,91.92,,
"regional-compression-exact-study-2026-08-13","production",TRUE,12,"crossed",8,0.2,0.05,"exact","precomputed_exact_table","exact",202812800,202812841,,25000,"certified","bounds-met",TRUE,46,46,59,59,59,0,59,0,TRUE,0.809896983434978,0.190103016565022,0.190103016565024,TRUE,TRUE,TRUE,0.190103016565022,0.210848220348307,0.079932986863906,15,15,24,0,0,,,,,0,70,50,46,0,0,46,0.879999999999995,,
"regional-compression-exact-study-2026-08-13","production",TRUE,12,"crossed",8,0.2,0.05,"stochastic","precomputed_exact_table","iid",202812800,202812842,100,25000,"frontier_exhausted","tolerance-not-met",TRUE,364,364,59,8,2268,2260,2268,2209,FALSE,1,-2.44249065417534e-15,0,TRUE,TRUE,TRUE,-2.44249065417534e-15,-2.44249065417534e-15,2.33146835171283e-15,350,121,24,229,208,215,Inf,215,1234,0,8979,282,364,8591,0,8955,86.96,,
"regional-compression-exact-study-2026-08-13","production",TRUE,12,"crossed",9,0.01,0.05,"exact","precomputed_exact_table","exact",202812900,202812911,,25000,"certified","bounds-met",TRUE,139,139,264,264,264,0,264,0,TRUE,0.990065341947154,0.00993465805284566,0.0099346580528481,TRUE,TRUE,TRUE,0.00993465805284566,0.00998433606471285,0.00388483427356678,46,46,24,0,0,,,,,0,163,112,139,0,0,139,4.34,,
"regional-compression-exact-study-2026-08-13","production",TRUE,12,"crossed",9,0.01,0.05,"stochastic","precomputed_exact_table","iid",202812900,202812912,100,25000,"frontier_exhausted","tolerance-not-met",TRUE,364,364,264,8,2268,2260,2268,2004,FALSE,1,-2.44249065417534e-15,0,TRUE,TRUE,TRUE,-2.44249065417534e-15,-2.44249065417534e-15,2.22044604925031e-15,350,121,24,229,207,135,Inf,135,2384,0,8854,283,364,8466,0,8830,84.87,,
"regional-compression-exact-study-2026-08-13","production",TRUE,12,"crossed",9,0.05,0.05,"exact","precomputed_exact_table","exact",202812900,202812921,,25000,"certified","bounds-met",TRUE,91,91,109,109,109,0,109,0,TRUE,0.954648840465662,0.0453511595343377,0.0453511595343403,TRUE,TRUE,TRUE,0.0453511595343377,0.0464117124406302,0.0156359165320046,30,30,24,0,0,,,,,0,115,80,91,0,0,91,1.66,,
"regional-compression-exact-study-2026-08-13","production",TRUE,12,"crossed",9,0.05,0.05,"stochastic","precomputed_exact_table","iid",202812900,202812922,100,25000,"frontier_exhausted","tolerance-not-met",TRUE,364,364,109,8,2268,2260,2268,2159,FALSE,1,-2.44249065417534e-15,0,TRUE,TRUE,TRUE,-2.44249065417534e-15,-2.44249065417534e-15,2.22044604925031e-15,350,121,24,229,207,135,Inf,135,2384,0,8854,282,364,8466,0,8830,93.8,,
"regional-compression-exact-study-2026-08-13","production",TRUE,12,"crossed",9,0.1,0.05,"exact","precomputed_exact_table","exact",202812900,202812931,,25000,"certified","bounds-met",TRUE,73,73,72,72,72,0,72,0,TRUE,0.906152570463258,0.0938474295367415,0.093847429536744,TRUE,TRUE,TRUE,0.0938474295367415,0.0985475870470361,0.0306863552209706,24,24,24,0,0,,,,,0,97,68,73,0,0,73,2.69,,
"regional-compression-exact-study-2026-08-13","production",TRUE,12,"crossed",9,0.1,0.05,"stochastic","precomputed_exact_table","iid",202812900,202812932,100,25000,"frontier_exhausted","tolerance-not-met",TRUE,364,364,72,8,2268,2260,2268,2196,FALSE,1,-2.44249065417534e-15,0,TRUE,TRUE,TRUE,-2.44249065417534e-15,-2.44249065417534e-15,2.22044604925031e-15,350,121,24,229,207,135,Inf,135,2384,0,8854,283,364,8466,0,8830,90.81,,
"regional-compression-exact-study-2026-08-13","production",TRUE,12,"crossed",9,0.2,0.05,"exact","precomputed_exact_table","exact",202812900,202812941,,25000,"certified","bounds-met",TRUE,43,43,35,35,35,0,35,0,TRUE,0.803080149024988,0.196919850975012,0.196919850975014,TRUE,TRUE,TRUE,0.196919850975012,0.219300758029973,0.058430737675551,14,14,24,0,0,,,,,0,67,48,43,0,0,43,0.860000000000014,,
"regional-compression-exact-study-2026-08-13","production",TRUE,12,"crossed",9,0.2,0.05,"stochastic","precomputed_exact_table","iid",202812900,202812942,100,25000,"frontier_exhausted","tolerance-not-met",TRUE,364,364,35,8,2268,2260,2268,2233,FALSE,1,-2.44249065417534e-15,0,TRUE,TRUE,TRUE,-2.44249065417534e-15,-2.44249065417534e-15,2.22044604925031e-15,350,121,24,229,207,135,Inf,135,2384,0,8854,283,364,8466,0,8830,85.34,,
"regional-compression-exact-study-2026-08-13","production",TRUE,12,"crossed",10,0.01,0.05,"exact","precomputed_exact_table","exact",202813000,202813011,,25000,"certified","bounds-met",TRUE,109,109,214,214,214,0,214,0,TRUE,0.990057468707085,0.00994253129291478,0.00994253129291412,TRUE,TRUE,TRUE,0.00994253129291478,0.00999228833921502,0.00420587015752547,36,36,24,0,0,,,,,0,133,92,109,0,0,109,2.53,,
"regional-compression-exact-study-2026-08-13","production",TRUE,12,"crossed",10,0.01,0.05,"stochastic","precomputed_exact_table","iid",202813000,202813012,100,25000,"frontier_exhausted","tolerance-not-met",TRUE,364,364,214,8,2268,2260,2268,2054,FALSE,0.999999999999999,6.66133814775094e-16,0,TRUE,TRUE,TRUE,6.66133814775094e-16,6.66133814775094e-16,6.66133814775094e-16,350,121,24,229,225,332,Inf,332,332,0,1716,265,364,1328,0,1692,88.47,,
"regional-compression-exact-study-2026-08-13","production",TRUE,12,"crossed",10,0.05,0.05,"exact","precomputed_exact_table","exact",202813000,202813021,,25000,"certified","bounds-met",TRUE,79,79,102,102,102,0,102,0,TRUE,0.952223255551726,0.0477767444482741,0.0477767444482738,TRUE,TRUE,TRUE,0.0477767444482741,0.0489557595502781,0.0134405592825892,26,26,24,0,0,,,,,0,103,72,79,0,0,79,1.39,,
"regional-compression-exact-study-2026-08-13","production",TRUE,12,"crossed",10,0.05,0.05,"stochastic","precomputed_exact_table","iid",202813000,202813022,100,25000,"frontier_exhausted","tolerance-not-met",TRUE,364,364,102,8,2268,2260,2268,2166,FALSE,0.999999999999999,6.66133814775094e-16,0,TRUE,TRUE,TRUE,6.66133814775094e-16,6.66133814775094e-16,6.66133814775094e-16,350,121,24,229,225,332,Inf,332,332,0,1716,265,364,1328,0,1692,91.7,,
"regional-compression-exact-study-2026-08-13","production",TRUE,12,"crossed",10,0.1,0.05,"exact","precomputed_exact_table","exact",202813000,202813031,,25000,"certified","bounds-met",TRUE,55,55,65,65,65,0,65,0,TRUE,0.910653304073888,0.0893466959261123,0.0893466959261124,TRUE,TRUE,TRUE,0.0893466959261123,0.0935930204853539,0.0266093913149123,18,18,24,0,0,,,,,0,79,56,55,0,0,55,1.28,,
"regional-compression-exact-study-2026-08-13","production",TRUE,12,"crossed",10,0.1,0.05,"stochastic","precomputed_exact_table","iid",202813000,202813032,100,25000,"frontier_exhausted","tolerance-not-met",TRUE,364,364,65,8,2268,2260,2268,2203,FALSE,0.999999999999999,6.66133814775094e-16,0,TRUE,TRUE,TRUE,6.66133814775094e-16,6.66133814775094e-16,6.66133814775094e-16,350,121,24,229,225,332,Inf,332,332,0,1716,265,364,1328,0,1692,90.38,,
"regional-compression-exact-study-2026-08-13","production",TRUE,12,"crossed",10,0.2,0.05,"exact","precomputed_exact_table","exact",202813000,202813041,,25000,"certified","bounds-met",TRUE,43,43,36,36,36,0,36,0,TRUE,0.8193465555746,0.1806534444254,0.180653444425399,TRUE,TRUE,TRUE,0.1806534444254,0.199248139849841,0.0802437464157962,14,14,24,0,0,,,,,0,67,48,43,0,0,43,0.829999999999984,,
"regional-compression-exact-study-2026-08-13","production",TRUE,12,"crossed",10,0.2,0.05,"stochastic","precomputed_exact_table","iid",202813000,202813042,100,25000,"frontier_exhausted","tolerance-not-met",TRUE,364,364,36,8,2268,2260,2268,2232,FALSE,0.999999999999999,6.66133814775094e-16,0,TRUE,TRUE,TRUE,6.66133814775094e-16,6.66133814775094e-16,6.66133814775094e-16,350,121,24,229,225,332,Inf,332,332,0,1716,265,364,1328,0,1692,84.27,,
"regional-compression-exact-study-2026-08-13","production",TRUE,12,"crossed",11,0.01,0.05,"exact","precomputed_exact_table","exact",202813100,202813111,,25000,"certified","bounds-met",TRUE,121,121,210,210,210,0,210,0,TRUE,0.990075391354916,0.00992460864508382,0.0099246086450831,TRUE,TRUE,TRUE,0.00992460864508382,0.00997418586923138,0.0037759912163228,40,40,24,0,0,,,,,0,145,100,121,0,0,121,3.95,,
"regional-compression-exact-study-2026-08-13","production",TRUE,12,"crossed",11,0.01,0.05,"stochastic","precomputed_exact_table","iid",202813100,202813112,100,25000,"frontier_exhausted","tolerance-not-met",TRUE,364,364,210,8,2268,2260,2268,2058,FALSE,0.999999999999999,7.7715611723761e-16,0,TRUE,TRUE,TRUE,7.7715611723761e-16,7.7715611723761e-16,7.7715611723761e-16,350,121,24,229,208,542,Inf,542,1506,0,15626,283,364,15238,0,15602,91.97,,
"regional-compression-exact-study-2026-08-13","production",TRUE,12,"crossed",11,0.05,0.05,"exact","precomputed_exact_table","exact",202813100,202813121,,25000,"certified","bounds-met",TRUE,70,70,91,91,91,0,91,0,TRUE,0.950966005360931,0.0490339946390689,0.0490339946390681,TRUE,TRUE,TRUE,0.0490339946390689,0.0502769632786742,0.0142390916120554,23,23,24,0,0,,,,,0,94,66,70,0,0,70,1.19,,
"regional-compression-exact-study-2026-08-13","production",TRUE,12,"crossed",11,0.05,0.05,"stochastic","precomputed_exact_table","iid",202813100,202813122,100,25000,"frontier_exhausted","tolerance-not-met",TRUE,364,364,91,8,2268,2260,2268,2177,FALSE,0.999999999999999,7.7715611723761e-16,0,TRUE,TRUE,TRUE,7.7715611723761e-16,7.7715611723761e-16,7.7715611723761e-16,350,121,24,229,208,542,Inf,542,1506,0,15626,282,364,15238,0,15602,94.74,,
"regional-compression-exact-study-2026-08-13","production",TRUE,12,"crossed",11,0.1,0.05,"exact","precomputed_exact_table","exact",202813100,202813131,,25000,"certified","bounds-met",TRUE,46,46,55,55,55,0,55,0,TRUE,0.903803587595238,0.0961964124047624,0.0961964124047617,TRUE,TRUE,TRUE,0.0961964124047624,0.101143212555835,0.032312278751246,15,15,24,0,0,,,,,0,70,50,46,0,0,46,1.06,,
"regional-compression-exact-study-2026-08-13","production",TRUE,12,"crossed",11,0.1,0.05,"stochastic","precomputed_exact_table","iid",202813100,202813132,100,25000,"frontier_exhausted","tolerance-not-met",TRUE,364,364,55,8,2268,2260,2268,2213,FALSE,0.999999999999999,7.7715611723761e-16,0,TRUE,TRUE,TRUE,7.7715611723761e-16,7.7715611723761e-16,7.7715611723761e-16,350,121,24,229,208,542,Inf,542,1506,0,15626,282,364,15238,0,15602,92.24,,
"regional-compression-exact-study-2026-08-13","production",TRUE,12,"crossed",11,0.2,0.05,"exact","precomputed_exact_table","exact",202813100,202813141,,25000,"certified","bounds-met",TRUE,37,37,26,26,26,0,26,0,TRUE,0.809697489134619,0.190302510865381,0.190302510865381,TRUE,TRUE,TRUE,0.190302510865381,0.211094571277192,0.0797094434313684,12,12,24,0,0,,,,,0,61,44,37,0,0,37,0.509999999999991,,
"regional-compression-exact-study-2026-08-13","production",TRUE,12,"crossed",11,0.2,0.05,"stochastic","precomputed_exact_table","iid",202813100,202813142,100,25000,"frontier_exhausted","tolerance-not-met",TRUE,364,364,26,8,2268,2260,2268,2242,FALSE,0.999999999999999,7.7715611723761e-16,0,TRUE,TRUE,TRUE,7.7715611723761e-16,7.7715611723761e-16,7.7715611723761e-16,350,121,24,229,208,542,Inf,542,1506,0,15626,282,364,15238,0,15602,82.05,,
"regional-compression-exact-study-2026-08-13","production",TRUE,12,"crossed",12,0.01,0.05,"exact","precomputed_exact_table","exact",202813200,202813211,,25000,"certified","bounds-met",TRUE,124,124,169,169,169,0,169,0,TRUE,0.990159357841253,0.00984064215874725,0.00984064215874593,TRUE,TRUE,TRUE,0.00984064215874725,0.00988938129096511,0.0043238205221262,41,41,24,0,0,,,,,0,148,102,124,0,0,124,3.79,,
"regional-compression-exact-study-2026-08-13","production",TRUE,12,"crossed",12,0.01,0.05,"stochastic","precomputed_exact_table","iid",202813200,202813212,100,25000,"frontier_exhausted","tolerance-not-met",TRUE,364,364,169,9,2268,2259,2268,2099,FALSE,0.999999999999999,1.4432899320127e-15,0,TRUE,TRUE,TRUE,1.4432899320127e-15,1.4432899320127e-15,1.4432899320127e-15,350,121,24,229,229,4784,Inf,,,0,388,261,364,0,0,364,101.71,,
"regional-compression-exact-study-2026-08-13","production",TRUE,12,"crossed",12,0.05,0.05,"exact","precomputed_exact_table","exact",202813200,202813221,,25000,"certified","bounds-met",TRUE,79,79,72,72,72,0,72,0,TRUE,0.950878788276582,0.0491212117234178,0.0491212117234164,TRUE,TRUE,TRUE,0.0491212117234178,0.0503686816825122,0.0204895788669551,26,26,24,0,0,,,,,0,103,72,79,0,0,79,1.47,,
"regional-compression-exact-study-2026-08-13","production",TRUE,12,"crossed",12,0.05,0.05,"stochastic","precomputed_exact_table","iid",202813200,202813222,100,25000,"frontier_exhausted","tolerance-not-met",TRUE,364,364,72,9,2268,2259,2268,2196,FALSE,0.999999999999999,1.4432899320127e-15,0,TRUE,TRUE,TRUE,1.4432899320127e-15,1.4432899320127e-15,1.4432899320127e-15,350,121,24,229,229,4784,Inf,,,0,388,261,364,0,0,364,105.98,,
"regional-compression-exact-study-2026-08-13","production",TRUE,12,"crossed",12,0.1,0.05,"exact","precomputed_exact_table","exact",202813200,202813231,,25000,"certified","bounds-met",TRUE,64,64,46,46,46,0,46,0,TRUE,0.919084952829984,0.0809150471700155,0.0809150471700142,TRUE,TRUE,TRUE,0.0809150471700155,0.0843767203874022,0.0249090895144243,21,21,24,0,0,,,,,0,88,62,64,0,0,64,1.28,,
"regional-compression-exact-study-2026-08-13","production",TRUE,12,"crossed",12,0.1,0.05,"stochastic","precomputed_exact_table","iid",202813200,202813232,100,25000,"frontier_exhausted","tolerance-not-met",TRUE,364,364,46,9,2268,2259,2268,2222,FALSE,0.999999999999999,1.4432899320127e-15,0,TRUE,TRUE,TRUE,1.4432899320127e-15,1.4432899320127e-15,1.4432899320127e-15,350,121,24,229,229,4784,Inf,,,0,388,261,364,0,0,364,100.75,,
"regional-compression-exact-study-2026-08-13","production",TRUE,12,"crossed",12,0.2,0.05,"exact","precomputed_exact_table","exact",202813200,202813241,,25000,"certified","bounds-met",TRUE,19,19,19,19,19,0,19,0,TRUE,0.819365018463998,0.180634981536002,0.180634981536001,TRUE,TRUE,TRUE,0.180634981536002,0.19922560642823,0.0724844479658943,6,6,24,0,0,,,,,0,43,32,19,0,0,19,0.240000000000009,,
"regional-compression-exact-study-2026-08-13","production",TRUE,12,"crossed",12,0.2,0.05,"stochastic","precomputed_exact_table","iid",202813200,202813242,100,25000,"frontier_exhausted","tolerance-not-met",TRUE,364,364,19,8,2268,2260,2268,2249,FALSE,0.999999999999999,1.4432899320127e-15,0,TRUE,TRUE,TRUE,1.4432899320127e-15,1.4432899320127e-15,1.4432899320127e-15,350,121,24,229,229,4784,Inf,,,0,388,261,364,0,0,364,88.62,,
"regional-compression-exact-study-2026-08-13","production",TRUE,12,"crossed",13,0.01,0.05,"exact","precomputed_exact_table","exact",202813300,202813311,,25000,"certified","bounds-met",TRUE,163,163,317,317,317,0,317,0,TRUE,0.990163918591724,0.00983608140827563,0.0098360814082748,TRUE,TRUE,TRUE,0.00983608140827563,0.00988477522434366,0.00328627277075363,54,54,24,0,0,,,,,0,187,128,163,0,0,163,5.14,,
"regional-compression-exact-study-2026-08-13","production",TRUE,12,"crossed",13,0.01,0.05,"stochastic","precomputed_exact_table","iid",202813300,202813312,100,25000,"frontier_exhausted","tolerance-not-met",TRUE,364,364,317,8,2268,2260,2268,1951,FALSE,0.999999999999999,7.7715611723761e-16,0,TRUE,TRUE,TRUE,7.7715611723761e-16,7.7715611723761e-16,6.66133814775094e-16,350,121,24,229,208,316,Inf,316,347,0,7551,282,364,7163,0,7527,95.39,,
"regional-compression-exact-study-2026-08-13","production",TRUE,12,"crossed",13,0.05,0.05,"exact","precomputed_exact_table","exact",202813300,202813321,,25000,"certified","bounds-met",TRUE,109,109,144,144,144,0,144,0,TRUE,0.951842428627251,0.0481575713727491,0.0481575713727485,TRUE,TRUE,TRUE,0.0481575713727491,0.0493557740379267,0.0129982235323731,36,36,24,0,0,,,,,0,133,92,109,0,0,109,2.20999999999999,,
"regional-compression-exact-study-2026-08-13","production",TRUE,12,"crossed",13,0.05,0.05,"stochastic","precomputed_exact_table","iid",202813300,202813322,100,25000,"frontier_exhausted","tolerance-not-met",TRUE,364,364,144,8,2268,2260,2268,2124,FALSE,0.999999999999999,7.7715611723761e-16,0,TRUE,TRUE,TRUE,7.7715611723761e-16,7.7715611723761e-16,6.66133814775094e-16,350,121,24,229,208,316,Inf,316,347,0,7551,282,364,7163,0,7527,98.53,,
"regional-compression-exact-study-2026-08-13","production",TRUE,12,"crossed",13,0.1,0.05,"exact","precomputed_exact_table","exact",202813300,202813331,,25000,"certified","bounds-met",TRUE,58,58,82,82,82,0,82,0,TRUE,0.901138276675744,0.0988617233242558,0.0988617233242551,TRUE,TRUE,TRUE,0.0988617233242558,0.104096562920799,0.0286982551606386,19,19,24,0,0,,,,,0,82,58,58,0,0,58,0.969999999999999,,
"regional-compression-exact-study-2026-08-13","production",TRUE,12,"crossed",13,0.1,0.05,"stochastic","precomputed_exact_table","iid",202813300,202813332,100,25000,"frontier_exhausted","tolerance-not-met",TRUE,364,364,82,8,2268,2260,2268,2186,FALSE,0.999999999999999,7.7715611723761e-16,0,TRUE,TRUE,TRUE,7.7715611723761e-16,7.7715611723761e-16,6.66133814775094e-16,350,121,24,229,208,316,Inf,316,347,0,7551,282,364,7163,0,7527,91.71,,
"regional-compression-exact-study-2026-08-13","production",TRUE,12,"crossed",13,0.2,0.05,"exact","precomputed_exact_table","exact",202813300,202813341,,25000,"certified","bounds-met",TRUE,55,55,52,52,52,0,52,0,TRUE,0.809856768636598,0.190143231363402,0.190143231363401,TRUE,TRUE,TRUE,0.190143231363402,0.210897875795423,0.0423871103599114,18,18,24,0,0,,,,,0,79,56,55,0,0,55,0.770000000000039,,
"regional-compression-exact-study-2026-08-13","production",TRUE,12,"crossed",13,0.2,0.05,"stochastic","precomputed_exact_table","iid",202813300,202813342,100,25000,"frontier_exhausted","tolerance-not-met",TRUE,364,364,52,8,2268,2260,2268,2216,FALSE,0.999999999999999,7.7715611723761e-16,0,TRUE,TRUE,TRUE,7.7715611723761e-16,7.7715611723761e-16,6.66133814775094e-16,350,121,24,229,208,316,Inf,316,347,0,7551,282,364,7163,0,7527,86.19,,
"regional-compression-exact-study-2026-08-13","production",TRUE,12,"crossed",14,0.01,0.05,"exact","precomputed_exact_table","exact",202813400,202813411,,25000,"certified","bounds-met",TRUE,151,151,330,330,330,0,330,0,TRUE,0.990155601561737,0.00984439843826346,0.00984439843826292,TRUE,TRUE,TRUE,0.00984439843826346,0.00989317490924626,0.00291871074345041,50,50,24,0,0,,,,,0,175,120,151,0,0,151,4.84,,
"regional-compression-exact-study-2026-08-13","production",TRUE,12,"crossed",14,0.01,0.05,"stochastic","precomputed_exact_table","iid",202813400,202813412,100,25000,"frontier_exhausted","tolerance-not-met",TRUE,364,364,330,8,2268,2260,2268,1938,FALSE,0.999999999999999,5.55111512312578e-16,0,TRUE,TRUE,TRUE,5.55111512312578e-16,5.55111512312578e-16,4.44089209850063e-16,350,121,24,229,207,1,Inf,100,680,0,4892,284,364,4504,0,4868,81.4,,
"regional-compression-exact-study-2026-08-13","production",TRUE,12,"crossed",14,0.05,0.05,"exact","precomputed_exact_table","exact",202813400,202813421,,25000,"certified","bounds-met",TRUE,97,97,151,151,151,0,151,0,TRUE,0.950485278453312,0.0495147215466885,0.049514721546688,TRUE,TRUE,TRUE,0.0495147215466885,0.0507826053868409,0.0145187822278633,32,32,24,0,0,,,,,0,121,84,97,0,0,97,2.07000000000001,,
"regional-compression-exact-study-2026-08-13","production",TRUE,12,"crossed",14,0.05,0.05,"stochastic","precomputed_exact_table","iid",202813400,202813422,100,25000,"frontier_exhausted","tolerance-not-met",TRUE,364,364,151,8,2268,2260,2268,2117,FALSE,0.999999999999999,5.55111512312578e-16,0,TRUE,TRUE,TRUE,5.55111512312578e-16,5.55111512312578e-16,4.44089209850063e-16,350,121,24,229,207,1,Inf,100,680,0,4892,284,364,4504,0,4868,87.54,,
"regional-compression-exact-study-2026-08-13","production",TRUE,12,"crossed",14,0.1,0.05,"exact","precomputed_exact_table","exact",202813400,202813431,,25000,"certified","bounds-met",TRUE,76,76,97,97,97,0,97,0,TRUE,0.902073724716449,0.0979262752835512,0.0979262752835505,TRUE,TRUE,TRUE,0.0979262752835512,0.103059027540712,0.0334662070008543,25,25,24,0,0,,,,,0,100,70,76,0,0,76,1.93000000000001,,
"regional-compression-exact-study-2026-08-13","production",TRUE,12,"crossed",14,0.1,0.05,"stochastic","precomputed_exact_table","iid",202813400,202813432,100,25000,"frontier_exhausted","tolerance-not-met",TRUE,364,364,97,8,2268,2260,2268,2171,FALSE,0.999999999999999,5.55111512312578e-16,0,TRUE,TRUE,TRUE,5.55111512312578e-16,5.55111512312578e-16,4.44089209850063e-16,350,121,24,229,207,1,Inf,100,680,0,4892,285,364,4504,0,4868,83.23,,
"regional-compression-exact-study-2026-08-13","production",TRUE,12,"crossed",14,0.2,0.05,"exact","precomputed_exact_table","exact",202813400,202813441,,25000,"certified","bounds-met",TRUE,52,52,52,52,52,0,52,0,TRUE,0.804534089850159,0.195465910149841,0.195465910149841,TRUE,TRUE,TRUE,0.195465910149841,0.217491939488271,0.0384868556170474,17,17,24,0,0,,,,,0,76,54,52,0,0,52,0.889999999999986,,
"regional-compression-exact-study-2026-08-13","production",TRUE,12,"crossed",14,0.2,0.05,"stochastic","precomputed_exact_table","iid",202813400,202813442,100,25000,"frontier_exhausted","tolerance-not-met",TRUE,364,364,52,8,2268,2260,2268,2216,FALSE,0.999999999999999,5.55111512312578e-16,0,TRUE,TRUE,TRUE,5.55111512312578e-16,5.55111512312578e-16,4.44089209850063e-16,350,121,24,229,207,1,Inf,100,680,0,4892,284,364,4504,0,4868,77.21,,
"regional-compression-exact-study-2026-08-13","production",TRUE,12,"crossed",15,0.01,0.05,"exact","precomputed_exact_table","exact",202813500,202813511,,25000,"certified","bounds-met",TRUE,124,124,251,251,251,0,251,0,TRUE,0.990030980127688,0.00996901987231247,0.00996901987230977,TRUE,TRUE,TRUE,0.00996901987231247,0.0100190432848487,0.00488647440188431,41,41,24,0,0,,,,,0,148,102,124,0,0,124,3.56,,
"regional-compression-exact-study-2026-08-13","production",TRUE,12,"crossed",15,0.01,0.05,"stochastic","precomputed_exact_table","iid",202813500,202813512,100,25000,"budget_exhausted","budget-exhausted",TRUE,361,361,251,8,Inf,Inf,Inf,Inf,FALSE,0,1,1,TRUE,FALSE,TRUE,1,Inf,,343,120,24,223,208,972,Inf,972,1766,0,23699,275,361,23314,0,23675,86.93,,
"regional-compression-exact-study-2026-08-13","production",TRUE,12,"crossed",15,0.05,0.05,"exact","precomputed_exact_table","exact",202813500,202813521,,25000,"certified","bounds-met",TRUE,64,64,104,104,104,0,104,0,TRUE,0.951423143850188,0.0485768561498121,0.0485768561498094,TRUE,TRUE,TRUE,0.0485768561498121,0.0497963691812519,0.0197967605936308,21,21,24,0,0,,,,,0,88,62,64,0,0,64,1.41,,
"regional-compression-exact-study-2026-08-13","production",TRUE,12,"crossed",15,0.05,0.05,"stochastic","precomputed_exact_table","iid",202813500,202813522,100,25000,"budget_exhausted","budget-exhausted",TRUE,361,361,104,8,Inf,Inf,Inf,Inf,FALSE,0,1,1,TRUE,FALSE,TRUE,1,Inf,,343,120,24,223,208,972,Inf,972,1766,0,23699,275,361,23314,0,23675,90.86,,
"regional-compression-exact-study-2026-08-13","production",TRUE,12,"crossed",15,0.1,0.05,"exact","precomputed_exact_table","exact",202813500,202813531,,25000,"certified","bounds-met",TRUE,64,64,64,64,64,0,64,0,TRUE,0.903330032415114,0.0966699675848861,0.0966699675848839,TRUE,TRUE,TRUE,0.0966699675848861,0.101667307936187,0.0348851493700844,21,21,24,0,0,,,,,0,88,62,64,0,0,64,1.30000000000001,,
"regional-compression-exact-study-2026-08-13","production",TRUE,12,"crossed",15,0.1,0.05,"stochastic","precomputed_exact_table","iid",202813500,202813532,100,25000,"budget_exhausted","budget-exhausted",TRUE,361,361,64,8,Inf,Inf,Inf,Inf,FALSE,0,1,1,TRUE,FALSE,TRUE,1,Inf,,343,120,24,223,208,972,Inf,972,1766,0,23699,275,361,23314,0,23675,85.26,,
"regional-compression-exact-study-2026-08-13","production",TRUE,12,"crossed",15,0.2,0.05,"exact","precomputed_exact_table","exact",202813500,202813541,,25000,"certified","bounds-met",TRUE,22,22,28,28,28,0,28,0,TRUE,0.804050390669213,0.195949609330787,0.195949609330785,TRUE,TRUE,TRUE,0.195949609330787,0.218093336805456,0.101098099280174,7,7,24,0,0,,,,,0,46,34,22,0,0,22,0.379999999999995,,
"regional-compression-exact-study-2026-08-13","production",TRUE,12,"crossed",15,0.2,0.05,"stochastic","precomputed_exact_table","iid",202813500,202813542,100,25000,"budget_exhausted","budget-exhausted",TRUE,361,361,28,8,Inf,Inf,Inf,Inf,FALSE,0,1,1,TRUE,FALSE,TRUE,1,Inf,,343,120,24,223,208,972,Inf,972,1766,0,23699,275,361,23314,0,23675,76.7,,
"regional-compression-exact-study-2026-08-13","production",TRUE,12,"crossed",16,0.01,0.05,"exact","precomputed_exact_table","exact",202813600,202813611,,25000,"certified","bounds-met",TRUE,115,115,212,212,212,0,212,0,TRUE,0.990001627379531,0.00999837262046877,0.00999837262046615,TRUE,TRUE,TRUE,0.00999837262046877,0.0100486920371442,0.00460242177139646,38,38,24,0,0,,,,,0,139,96,115,0,0,115,3.47,,
"regional-compression-exact-study-2026-08-13","production",TRUE,12,"crossed",16,0.01,0.05,"stochastic","precomputed_exact_table","iid",202813600,202813612,100,25000,"frontier_exhausted","tolerance-not-met",TRUE,364,364,212,8,2268,2260,2268,2056,FALSE,0.999999999999997,2.66453525910038e-15,0,TRUE,TRUE,TRUE,2.66453525910038e-15,2.66453525910038e-15,2.55351295663786e-15,350,121,24,229,208,307,Inf,307,410,0,8586,282,364,8198,0,8562,90.43,,
"regional-compression-exact-study-2026-08-13","production",TRUE,12,"crossed",16,0.05,0.05,"exact","precomputed_exact_table","exact",202813600,202813621,,25000,"certified","bounds-met",TRUE,79,79,85,85,85,0,85,0,TRUE,0.950419945712866,0.0495800542871335,0.049580054287131,TRUE,TRUE,TRUE,0.0495800542871335,0.0508513439432299,0.018183928177015,26,26,24,0,0,,,,,0,103,72,79,0,0,79,1.95,,
"regional-compression-exact-study-2026-08-13","production",TRUE,12,"crossed",16,0.05,0.05,"stochastic","precomputed_exact_table","iid",202813600,202813622,100,25000,"frontier_exhausted","tolerance-not-met",TRUE,364,364,85,8,2268,2260,2268,2183,FALSE,0.999999999999997,2.66453525910038e-15,0,TRUE,TRUE,TRUE,2.66453525910038e-15,2.66453525910038e-15,2.55351295663786e-15,350,121,24,229,208,307,Inf,307,410,0,8586,285,364,8198,0,8562,91.25,,
"regional-compression-exact-study-2026-08-13","production",TRUE,12,"crossed",16,0.1,0.05,"exact","precomputed_exact_table","exact",202813600,202813631,,25000,"certified","bounds-met",TRUE,40,40,43,43,43,0,43,0,TRUE,0.901391355430434,0.0986086445695664,0.0986086445695641,TRUE,TRUE,TRUE,0.0986086445695664,0.103815758930846,0.0268423444210487,13,13,24,0,0,,,,,0,64,46,40,0,0,40,0.890000000000015,,
"regional-compression-exact-study-2026-08-13","production",TRUE,12,"crossed",16,0.1,0.05,"stochastic","precomputed_exact_table","iid",202813600,202813632,100,25000,"frontier_exhausted","tolerance-not-met",TRUE,364,364,43,8,2268,2260,2268,2225,FALSE,0.999999999999997,2.66453525910038e-15,0,TRUE,TRUE,TRUE,2.66453525910038e-15,2.66453525910038e-15,2.55351295663786e-15,350,121,24,229,208,307,Inf,307,410,0,8586,282,364,8198,0,8562,84.18,,
"regional-compression-exact-study-2026-08-13","production",TRUE,12,"crossed",16,0.2,0.05,"exact","precomputed_exact_table","exact",202813600,202813641,,25000,"certified","bounds-met",TRUE,34,34,26,26,26,0,26,0,TRUE,0.808146177856095,0.191853822143905,0.191853822143904,TRUE,TRUE,TRUE,0.191853822143905,0.213012323635623,0.0687046291806323,11,11,24,0,0,,,,,0,58,42,34,0,0,34,0.610000000000014,,
"regional-compression-exact-study-2026-08-13","production",TRUE,12,"crossed",16,0.2,0.05,"stochastic","precomputed_exact_table","iid",202813600,202813642,100,25000,"frontier_exhausted","tolerance-not-met",TRUE,364,364,26,8,2268,2260,2268,2242,FALSE,0.999999999999997,2.66453525910038e-15,0,TRUE,TRUE,TRUE,2.66453525910038e-15,2.66453525910038e-15,2.55351295663786e-15,350,121,24,229,208,307,Inf,307,410,0,8586,284,364,8198,0,8562,76.81,,
"regional-compression-exact-study-2026-08-13","production",TRUE,12,"crossed",17,0.01,0.05,"exact","precomputed_exact_table","exact",202813700,202813711,,25000,"certified","bounds-met",TRUE,157,157,307,307,307,0,307,0,TRUE,0.990448127238762,0.00955187276123848,0.00955187276123655,TRUE,TRUE,TRUE,0.00955187276123848,0.00959778449379028,0.00307470955206929,52,52,24,0,0,,,,,0,181,124,157,0,0,157,4.74,,
"regional-compression-exact-study-2026-08-13","production",TRUE,12,"crossed",17,0.01,0.05,"stochastic","precomputed_exact_table","iid",202813700,202813712,100,25000,"frontier_exhausted","tolerance-not-met",TRUE,364,364,307,8,2268,2260,2268,1961,FALSE,0.999999999999998,1.99840144432528e-15,0,TRUE,TRUE,TRUE,1.99840144432528e-15,1.99840144432528e-15,1.77635683940025e-15,350,121,24,229,208,358,Inf,358,554,0,11238,282,364,10850,0,11214,86.03,,
"regional-compression-exact-study-2026-08-13","production",TRUE,12,"crossed",17,0.05,0.05,"exact","precomputed_exact_table","exact",202813700,202813721,,25000,"certified","bounds-met",TRUE,106,106,144,144,144,0,144,0,TRUE,0.951547942902008,0.0484520570979921,0.0484520570979899,TRUE,TRUE,TRUE,0.0484520570979921,0.0496652068605337,0.0137671706453876,35,35,24,0,0,,,,,0,130,90,106,0,0,106,2.54000000000001,,
"regional-compression-exact-study-2026-08-13","production",TRUE,12,"crossed",17,0.05,0.05,"stochastic","precomputed_exact_table","iid",202813700,202813722,100,25000,"frontier_exhausted","tolerance-not-met",TRUE,364,364,144,8,2268,2260,2268,2124,FALSE,0.999999999999998,1.99840144432528e-15,0,TRUE,TRUE,TRUE,1.99840144432528e-15,1.99840144432528e-15,1.77635683940025e-15,350,121,24,229,208,358,Inf,358,554,0,11238,282,364,10850,0,11214,91.47,,
"regional-compression-exact-study-2026-08-13","production",TRUE,12,"crossed",17,0.1,0.05,"exact","precomputed_exact_table","exact",202813700,202813731,,25000,"certified","bounds-met",TRUE,76,76,90,90,90,0,90,0,TRUE,0.901465194639958,0.0985348053600417,0.0985348053600395,TRUE,TRUE,TRUE,0.0985348053600417,0.103733845359227,0.0305893872287723,25,25,24,0,0,,,,,0,100,70,76,0,0,76,1.70999999999998,,
"regional-compression-exact-study-2026-08-13","production",TRUE,12,"crossed",17,0.1,0.05,"stochastic","precomputed_exact_table","iid",202813700,202813732,100,25000,"frontier_exhausted","tolerance-not-met",TRUE,364,364,90,8,2268,2260,2268,2178,FALSE,0.999999999999998,1.99840144432528e-15,0,TRUE,TRUE,TRUE,1.99840144432528e-15,1.99840144432528e-15,1.77635683940025e-15,350,121,24,229,208,358,Inf,358,554,0,11238,282,364,10850,0,11214,95.25,,
"regional-compression-exact-study-2026-08-13","production",TRUE,12,"crossed",17,0.2,0.05,"exact","precomputed_exact_table","exact",202813700,202813741,,25000,"certified","bounds-met",TRUE,58,58,52,52,52,0,52,0,TRUE,0.809972727108748,0.190027272891252,0.190027272891249,TRUE,TRUE,TRUE,0.190027272891252,0.210754702118621,0.0477451797725781,19,19,24,0,0,,,,,0,82,58,58,0,0,58,1.23000000000002,,
"regional-compression-exact-study-2026-08-13","production",TRUE,12,"crossed",17,0.2,0.05,"stochastic","precomputed_exact_table","iid",202813700,202813742,100,25000,"frontier_exhausted","tolerance-not-met",TRUE,364,364,52,8,2268,2260,2268,2216,FALSE,0.999999999999998,1.99840144432528e-15,0,TRUE,TRUE,TRUE,1.99840144432528e-15,1.99840144432528e-15,1.77635683940025e-15,350,121,24,229,208,358,Inf,358,554,0,11238,282,364,10850,0,11214,90.28,,
"regional-compression-exact-study-2026-08-13","production",TRUE,12,"crossed",18,0.01,0.05,"exact","precomputed_exact_table","exact",202813800,202813811,,25000,"certified","bounds-met",TRUE,145,145,270,270,270,0,270,0,TRUE,0.990543861429303,0.00945613857069727,0.00945613857069572,TRUE,TRUE,TRUE,0.00945613857069727,0.00950113171461362,0.0051215157572527,48,48,24,0,0,,,,,0,169,116,145,0,0,145,4.27,,
"regional-compression-exact-study-2026-08-13","production",TRUE,12,"crossed",18,0.01,0.05,"stochastic","precomputed_exact_table","iid",202813800,202813812,100,25000,"frontier_exhausted","tolerance-not-met",TRUE,364,364,270,8,2268,2260,2268,1998,FALSE,0.999999999999998,1.55431223447522e-15,0,TRUE,TRUE,TRUE,1.55431223447522e-15,1.55431223447522e-15,1.55431223447522e-15,350,121,24,229,207,5,Inf,100,337,0,3181,283,364,2793,0,3157,82.45,,
"regional-compression-exact-study-2026-08-13","production",TRUE,12,"crossed",18,0.05,0.05,"exact","precomputed_exact_table","exact",202813800,202813821,,25000,"certified","bounds-met",TRUE,94,94,119,119,119,0,119,0,TRUE,0.950657079288887,0.0493429207111133,0.0493429207111123,TRUE,TRUE,TRUE,0.0493429207111133,0.0506018710664012,0.0169116599307906,31,31,24,0,0,,,,,0,118,82,94,0,0,94,1.61,,
"regional-compression-exact-study-2026-08-13","production",TRUE,12,"crossed",18,0.05,0.05,"stochastic","precomputed_exact_table","iid",202813800,202813822,100,25000,"frontier_exhausted","tolerance-not-met",TRUE,364,364,119,8,2268,2260,2268,2149,FALSE,0.999999999999998,1.55431223447522e-15,0,TRUE,TRUE,TRUE,1.55431223447522e-15,1.55431223447522e-15,1.55431223447522e-15,350,121,24,229,207,5,Inf,100,337,0,3181,282,364,2793,0,3157,86.16,,
"regional-compression-exact-study-2026-08-13","production",TRUE,12,"crossed",18,0.1,0.05,"exact","precomputed_exact_table","exact",202813800,202813831,,25000,"certified","bounds-met",TRUE,58,58,64,64,64,0,64,0,TRUE,0.911111890372585,0.0888881096274154,0.0888881096274139,TRUE,TRUE,TRUE,0.0888881096274154,0.0930895677793947,0.0283023392025209,19,19,24,0,0,,,,,0,82,58,58,0,0,58,1.04999999999998,,
"regional-compression-exact-study-2026-08-13","production",TRUE,12,"crossed",18,0.1,0.05,"stochastic","precomputed_exact_table","iid",202813800,202813832,100,25000,"frontier_exhausted","tolerance-not-met",TRUE,364,364,64,8,2268,2260,2268,2204,FALSE,0.999999999999998,1.55431223447522e-15,0,TRUE,TRUE,TRUE,1.55431223447522e-15,1.55431223447522e-15,1.55431223447522e-15,350,121,24,229,207,5,Inf,100,337,0,3181,282,364,2793,0,3157,89.49,,
"regional-compression-exact-study-2026-08-13","production",TRUE,12,"crossed",18,0.2,0.05,"exact","precomputed_exact_table","exact",202813800,202813841,,25000,"certified","bounds-met",TRUE,73,73,45,45,45,0,45,0,TRUE,0.817564394856138,0.182435605143862,0.18243560514386,TRUE,TRUE,TRUE,0.182435605143862,0.201425608846735,0.0584135771166839,24,24,24,0,0,,,,,0,97,68,73,0,0,73,1.77000000000004,,
"regional-compression-exact-study-2026-08-13","production",TRUE,12,"crossed",18,0.2,0.05,"stochastic","precomputed_exact_table","iid",202813800,202813842,100,25000,"frontier_exhausted","tolerance-not-met",TRUE,364,364,45,8,2268,2260,2268,2223,FALSE,0.999999999999998,1.55431223447522e-15,0,TRUE,TRUE,TRUE,1.55431223447522e-15,1.55431223447522e-15,1.55431223447522e-15,350,121,24,229,207,5,Inf,100,337,0,3181,281,364,2793,0,3157,90.48,,
"regional-compression-exact-study-2026-08-13","production",TRUE,12,"crossed",19,0.01,0.05,"exact","precomputed_exact_table","exact",202813900,202813911,,25000,"certified","bounds-met",TRUE,151,151,282,282,282,0,282,0,TRUE,0.990082731523084,0.0099172684769161,0.00991726847691448,TRUE,TRUE,TRUE,0.0099172684769161,0.00996677215001072,0.0041976747316911,50,50,24,0,0,,,,,0,175,119,151,0,0,151,4.71,,
"regional-compression-exact-study-2026-08-13","production",TRUE,12,"crossed",19,0.01,0.05,"stochastic","precomputed_exact_table","iid",202813900,202813912,100,25000,"frontier_exhausted","tolerance-not-met",TRUE,364,364,282,8,2268,2260,2268,1986,FALSE,0.999999999999998,1.55431223447522e-15,0,TRUE,TRUE,TRUE,1.55431223447522e-15,1.55431223447522e-15,1.55431223447522e-15,350,121,24,229,208,98,Inf,100,1216,0,21460,281,364,21072,0,21436,80.48,,
"regional-compression-exact-study-2026-08-13","production",TRUE,12,"crossed",19,0.05,0.05,"exact","precomputed_exact_table","exact",202813900,202813921,,25000,"certified","bounds-met",TRUE,97,97,114,114,114,0,114,0,TRUE,0.952955417408958,0.0470445825910421,0.0470445825910408,TRUE,TRUE,TRUE,0.0470445825910421,0.0481871577349555,0.0165733938975111,32,32,24,0,0,,,,,0,121,84,97,0,0,97,1.85000000000001,,
"regional-compression-exact-study-2026-08-13","production",TRUE,12,"crossed",19,0.05,0.05,"stochastic","precomputed_exact_table","iid",202813900,202813922,100,25000,"frontier_exhausted","tolerance-not-met",TRUE,364,364,114,8,2268,2260,2268,2154,FALSE,0.999999999999998,1.55431223447522e-15,0,TRUE,TRUE,TRUE,1.55431223447522e-15,1.55431223447522e-15,1.55431223447522e-15,350,121,24,229,208,98,Inf,100,1216,0,21460,282,364,21072,0,21436,83.94,,
"regional-compression-exact-study-2026-08-13","production",TRUE,12,"crossed",19,0.1,0.05,"exact","precomputed_exact_table","exact",202813900,202813931,,25000,"certified","bounds-met",TRUE,64,64,70,70,70,0,70,0,TRUE,0.905780418213801,0.0942195817861992,0.0942195817861974,TRUE,TRUE,TRUE,0.0942195817861992,0.0989583663164863,0.0262111772281557,21,21,24,0,0,,,,,0,88,62,64,0,0,64,1.66,,
"regional-compression-exact-study-2026-08-13","production",TRUE,12,"crossed",19,0.1,0.05,"stochastic","precomputed_exact_table","iid",202813900,202813932,100,25000,"frontier_exhausted","tolerance-not-met",TRUE,364,364,70,8,2268,2260,2268,2198,FALSE,0.999999999999998,1.55431223447522e-15,0,TRUE,TRUE,TRUE,1.55431223447522e-15,1.55431223447522e-15,1.55431223447522e-15,350,121,24,229,208,98,Inf,100,1216,0,21460,282,364,21072,0,21436,88.22,,
"regional-compression-exact-study-2026-08-13","production",TRUE,12,"crossed",19,0.2,0.05,"exact","precomputed_exact_table","exact",202813900,202813941,,25000,"certified","bounds-met",TRUE,40,40,34,34,34,0,34,0,TRUE,0.80202548949575,0.19797451050425,0.197974510504248,TRUE,TRUE,TRUE,0.19797451050425,0.220614889207019,0.0659500087573368,13,13,24,0,0,,,,,0,64,46,40,0,0,40,0.560000000000002,,
"regional-compression-exact-study-2026-08-13","production",TRUE,12,"crossed",19,0.2,0.05,"stochastic","precomputed_exact_table","iid",202813900,202813942,100,25000,"frontier_exhausted","tolerance-not-met",TRUE,364,364,34,8,2268,2260,2268,2234,FALSE,0.999999999999998,1.55431223447522e-15,0,TRUE,TRUE,TRUE,1.55431223447522e-15,1.55431223447522e-15,1.55431223447522e-15,350,121,24,229,208,98,Inf,100,1216,0,21460,282,364,21072,0,21436,87.17,,
"regional-compression-exact-study-2026-08-13","production",TRUE,12,"crossed",20,0.01,0.05,"exact","precomputed_exact_table","exact",202814000,202814011,,25000,"certified","bounds-met",TRUE,145,145,340,340,340,0,340,0,TRUE,0.990083689657588,0.00991631034241158,0.00991631034241025,TRUE,TRUE,TRUE,0.00991631034241158,0.00996580441871878,0.0051880533042899,48,48,24,0,0,,,,,0,169,116,145,0,0,145,3.83,,
"regional-compression-exact-study-2026-08-13","production",TRUE,12,"crossed",20,0.01,0.05,"stochastic","precomputed_exact_table","iid",202814000,202814012,100,25000,"frontier_exhausted","tolerance-not-met",TRUE,364,364,340,8,2268,2260,2268,1928,FALSE,0.999999999999999,1.33226762955019e-15,0,TRUE,TRUE,TRUE,1.33226762955019e-15,1.33226762955019e-15,1.33226762955019e-15,350,121,24,229,207,128,Inf,128,1701,0,6307,283,364,5919,0,6283,82.28,,
"regional-compression-exact-study-2026-08-13","production",TRUE,12,"crossed",20,0.05,0.05,"exact","precomputed_exact_table","exact",202814000,202814021,,25000,"certified","bounds-met",TRUE,85,85,168,168,168,0,168,0,TRUE,0.950590713935702,0.049409286064298,0.0494092860642964,TRUE,TRUE,TRUE,0.049409286064298,0.0506716834848015,0.0214154580096513,28,28,24,0,0,,,,,0,109,76,85,0,0,85,1.7,,
"regional-compression-exact-study-2026-08-13","production",TRUE,12,"crossed",20,0.05,0.05,"stochastic","precomputed_exact_table","iid",202814000,202814022,100,25000,"frontier_exhausted","tolerance-not-met",TRUE,364,364,168,8,2268,2260,2268,2100,FALSE,0.999999999999999,1.33226762955019e-15,0,TRUE,TRUE,TRUE,1.33226762955019e-15,1.33226762955019e-15,1.33226762955019e-15,350,121,24,229,207,128,Inf,128,1701,0,6307,283,364,5919,0,6283,85.41,,
"regional-compression-exact-study-2026-08-13","production",TRUE,12,"crossed",20,0.1,0.05,"exact","precomputed_exact_table","exact",202814000,202814031,,25000,"certified","bounds-met",TRUE,76,76,112,112,112,0,112,0,TRUE,0.902903470282582,0.097096529717418,0.0970965297174169,TRUE,TRUE,TRUE,0.097096529717418,0.102139630191117,0.0403277670592802,25,25,24,0,0,,,,,0,100,70,76,0,0,76,1.35999999999999,,
"regional-compression-exact-study-2026-08-13","production",TRUE,12,"crossed",20,0.1,0.05,"stochastic","precomputed_exact_table","iid",202814000,202814032,100,25000,"frontier_exhausted","tolerance-not-met",TRUE,364,364,112,8,2268,2260,2268,2156,FALSE,0.999999999999999,1.33226762955019e-15,0,TRUE,TRUE,TRUE,1.33226762955019e-15,1.33226762955019e-15,1.33226762955019e-15,350,121,24,229,207,128,Inf,128,1701,0,6307,282,364,5919,0,6283,90.17,,
"regional-compression-exact-study-2026-08-13","production",TRUE,12,"crossed",20,0.2,0.05,"exact","precomputed_exact_table","exact",202814000,202814041,,25000,"certified","bounds-met",TRUE,64,64,68,68,68,0,68,0,TRUE,0.819309234404612,0.180690765595388,0.180690765595387,TRUE,TRUE,TRUE,0.180690765595388,0.199293690807185,0.071014765834405,21,21,24,0,0,,,,,0,88,62,64,0,0,64,1.28000000000003,,
"regional-compression-exact-study-2026-08-13","production",TRUE,12,"crossed",20,0.2,0.05,"stochastic","precomputed_exact_table","iid",202814000,202814042,100,25000,"frontier_exhausted","tolerance-not-met",TRUE,364,364,68,8,2268,2260,2268,2200,FALSE,0.999999999999999,1.33226762955019e-15,0,TRUE,TRUE,TRUE,1.33226762955019e-15,1.33226762955019e-15,1.33226762955019e-15,350,121,24,229,207,128,Inf,128,1701,0,6307,283,364,5919,0,6283,85.39,,
"regional-compression-exact-study-2026-08-13","production",TRUE,12,"crossed",21,0.01,0.05,"exact","precomputed_exact_table","exact",202814100,202814111,,25000,"certified","bounds-met",TRUE,154,154,269,269,269,0,269,0,TRUE,0.990119533407871,0.00988046659212949,0.00988046659213017,TRUE,TRUE,TRUE,0.00988046659212949,0.00992960232605627,0.00410438252338423,51,51,24,0,0,,,,,0,178,122,154,0,0,154,5.47,,
"regional-compression-exact-study-2026-08-13","production",TRUE,12,"crossed",21,0.01,0.05,"stochastic","precomputed_exact_table","iid",202814100,202814112,100,25000,"uninformative_evidence","uninformative-evidence",TRUE,364,364,269,8,Inf,Inf,Inf,Inf,FALSE,0,1,1,TRUE,FALSE,TRUE,1,Inf,,350,121,24,229,208,156,Inf,156,1389,0,8596,282,364,8208,0,8572,110.14,,
"regional-compression-exact-study-2026-08-13","production",TRUE,12,"crossed",21,0.05,0.05,"exact","precomputed_exact_table","exact",202814100,202814121,,25000,"certified","bounds-met",TRUE,94,94,133,133,133,0,133,0,TRUE,0.950334783038155,0.0496652169618454,0.0496652169618463,TRUE,TRUE,TRUE,0.0496652169618454,0.0509409532689159,0.0123868594525612,31,31,24,0,0,,,,,0,118,82,94,0,0,94,2.22,,
"regional-compression-exact-study-2026-08-13","production",TRUE,12,"crossed",21,0.05,0.05,"stochastic","precomputed_exact_table","iid",202814100,202814122,100,25000,"uninformative_evidence","uninformative-evidence",TRUE,364,364,133,8,Inf,Inf,Inf,Inf,FALSE,0,1,1,TRUE,FALSE,TRUE,1,Inf,,350,121,24,229,208,156,Inf,156,1389,0,8596,282,364,8208,0,8572,115.67,,
"regional-compression-exact-study-2026-08-13","production",TRUE,12,"crossed",21,0.1,0.05,"exact","precomputed_exact_table","exact",202814100,202814131,,25000,"certified","bounds-met",TRUE,67,67,80,80,80,0,80,0,TRUE,0.904428264085762,0.0955717359142383,0.0955717359142391,TRUE,TRUE,TRUE,0.0955717359142383,0.100452287313263,0.0243365570689945,22,22,24,0,0,,,,,0,91,64,67,0,0,67,1.33000000000001,,
"regional-compression-exact-study-2026-08-13","production",TRUE,12,"crossed",21,0.1,0.05,"stochastic","precomputed_exact_table","iid",202814100,202814132,100,25000,"frontier_exhausted","tolerance-not-met",TRUE,364,364,80,8,2268,2260,2268,2188,FALSE,1,-6.66133814775094e-16,0,TRUE,TRUE,TRUE,-6.66133814775094e-16,-6.66133814775094e-16,6.66133814775094e-16,350,121,24,229,208,156,Inf,156,1389,0,8596,282,364,8208,0,8572,98.49,,
"regional-compression-exact-study-2026-08-13","production",TRUE,12,"crossed",21,0.2,0.05,"exact","precomputed_exact_table","exact",202814100,202814141,,25000,"certified","bounds-met",TRUE,52,52,43,43,43,0,43,0,TRUE,0.819333260346698,0.180666739653302,0.180666739653303,TRUE,TRUE,TRUE,0.180666739653302,0.199264366604786,0.0705475441600416,17,17,24,0,0,,,,,0,76,54,52,0,0,52,1.48000000000002,,
"regional-compression-exact-study-2026-08-13","production",TRUE,12,"crossed",21,0.2,0.05,"stochastic","precomputed_exact_table","iid",202814100,202814142,100,25000,"frontier_exhausted","tolerance-not-met",TRUE,364,364,43,8,2268,2260,2268,2225,FALSE,1,-6.66133814775094e-16,0,TRUE,TRUE,TRUE,-6.66133814775094e-16,-6.66133814775094e-16,6.66133814775094e-16,350,121,24,229,208,156,Inf,156,1389,0,8596,282,364,8208,0,8572,87.31,,
"regional-compression-exact-study-2026-08-13","production",TRUE,12,"crossed",22,0.01,0.05,"exact","precomputed_exact_table","exact",202814200,202814211,,25000,"certified","bounds-met",TRUE,160,160,354,354,354,0,354,0,TRUE,0.990109875278613,0.00989012472138717,0.00989012472138904,TRUE,TRUE,TRUE,0.00989012472138717,0.00993935688198337,0.00264549322113466,53,53,24,0,0,,,,,0,184,126,160,0,0,160,5.08,,
"regional-compression-exact-study-2026-08-13","production",TRUE,12,"crossed",22,0.01,0.05,"stochastic","precomputed_exact_table","iid",202814200,202814212,100,25000,"frontier_exhausted","tolerance-not-met",TRUE,364,364,354,7,2268,2261,2268,1914,FALSE,1,-1.77635683940025e-15,0,TRUE,TRUE,TRUE,-1.77635683940025e-15,-1.77635683940025e-15,1.66533453693773e-15,350,121,24,229,207,16,Inf,100,264,0,2752,284,364,2364,0,2728,77,,
"regional-compression-exact-study-2026-08-13","production",TRUE,12,"crossed",22,0.05,0.05,"exact","precomputed_exact_table","exact",202814200,202814221,,25000,"certified","bounds-met",TRUE,97,97,142,142,142,0,142,0,TRUE,0.950231558233178,0.0497684417668218,0.0497684417668232,TRUE,TRUE,TRUE,0.0497684417668218,0.0510495785800522,0.0175555429540909,32,32,24,0,0,,,,,0,121,84,97,0,0,97,1.94,,
"regional-compression-exact-study-2026-08-13","production",TRUE,12,"crossed",22,0.05,0.05,"stochastic","precomputed_exact_table","iid",202814200,202814222,100,25000,"frontier_exhausted","tolerance-not-met",TRUE,364,364,142,7,2268,2261,2268,2126,FALSE,1,-1.77635683940025e-15,0,TRUE,TRUE,TRUE,-1.77635683940025e-15,-1.77635683940025e-15,1.66533453693773e-15,350,121,24,229,207,16,Inf,100,264,0,2752,285,364,2364,0,2728,77.29,,
"regional-compression-exact-study-2026-08-13","production",TRUE,12,"crossed",22,0.1,0.05,"exact","precomputed_exact_table","exact",202814200,202814231,,25000,"certified","bounds-met",TRUE,73,73,90,90,90,0,90,0,TRUE,0.90096068612826,0.0990393138717403,0.0990393138717415,TRUE,TRUE,TRUE,0.0990393138717403,0.104293655923708,0.0260888803575098,24,24,24,0,0,,,,,0,97,68,73,0,0,73,1.78,,
"regional-compression-exact-study-2026-08-13","production",TRUE,12,"crossed",22,0.1,0.05,"stochastic","precomputed_exact_table","iid",202814200,202814232,100,25000,"frontier_exhausted","tolerance-not-met",TRUE,364,364,90,7,2268,2261,2268,2178,FALSE,1,-1.77635683940025e-15,0,TRUE,TRUE,TRUE,-1.77635683940025e-15,-1.77635683940025e-15,1.66533453693773e-15,350,121,24,229,207,16,Inf,100,264,0,2752,285,364,2364,0,2728,83.33,,
"regional-compression-exact-study-2026-08-13","production",TRUE,12,"crossed",22,0.2,0.05,"exact","precomputed_exact_table","exact",202814200,202814241,,25000,"certified","bounds-met",TRUE,52,52,46,46,46,0,46,0,TRUE,0.814025947814954,0.185974052185046,0.185974052185048,TRUE,TRUE,TRUE,0.185974052185046,0.205763036565108,0.039026304920639,17,17,24,0,0,,,,,0,76,54,52,0,0,52,0.960000000000036,,
"regional-compression-exact-study-2026-08-13","production",TRUE,12,"crossed",22,0.2,0.05,"stochastic","precomputed_exact_table","iid",202814200,202814242,100,25000,"frontier_exhausted","tolerance-not-met",TRUE,364,364,46,7,1812,1805,1812,1766,FALSE,0.996154619374073,0.00384538062592654,0.185934058236324,TRUE,TRUE,TRUE,0.00384538062592654,0.00385279311065764,0.00370621020335427,350,121,24,229,207,16,Inf,100,264,0,2752,285,364,2364,0,2728,78.98,,
"regional-compression-exact-study-2026-08-13","production",TRUE,12,"crossed",23,0.01,0.05,"exact","precomputed_exact_table","exact",202814300,202814311,,25000,"certified","bounds-met",TRUE,115,115,266,266,266,0,266,0,TRUE,0.990261283083449,0.00973871691655115,0.009738716916551,TRUE,TRUE,TRUE,0.00973871691655115,0.00978644836835277,0.00466718479289735,38,38,24,0,0,,,,,0,139,96,115,0,0,115,2.96,,
"regional-compression-exact-study-2026-08-13","production",TRUE,12,"crossed",23,0.01,0.05,"stochastic","precomputed_exact_table","iid",202814300,202814312,100,25000,"frontier_exhausted","tolerance-not-met",TRUE,364,364,266,7,2268,2261,2268,2002,FALSE,1,1.11022302462516e-16,0,TRUE,TRUE,TRUE,1.11022302462516e-16,1.11022302462516e-16,2.22044604925031e-16,350,121,24,229,207,69,Inf,100,696,0,3303,283,364,2915,0,3279,71.36,,
"regional-compression-exact-study-2026-08-13","production",TRUE,12,"crossed",23,0.05,0.05,"exact","precomputed_exact_table","exact",202814300,202814321,,25000,"certified","bounds-met",TRUE,70,70,143,143,143,0,143,0,TRUE,0.952215483727168,0.0477845162728318,0.0477845162728316,TRUE,TRUE,TRUE,0.0477845162728318,0.0489639213508101,0.0175197895258409,23,23,24,0,0,,,,,0,94,66,70,0,0,70,1.25999999999999,,
"regional-compression-exact-study-2026-08-13","production",TRUE,12,"crossed",23,0.05,0.05,"stochastic","precomputed_exact_table","iid",202814300,202814322,100,25000,"frontier_exhausted","tolerance-not-met",TRUE,364,364,143,7,2268,2261,2268,2125,FALSE,1,1.11022302462516e-16,0,TRUE,TRUE,TRUE,1.11022302462516e-16,1.11022302462516e-16,2.22044604925031e-16,350,121,24,229,207,69,Inf,100,696,0,3303,283,364,2915,0,3279,78.65,,
"regional-compression-exact-study-2026-08-13","production",TRUE,12,"crossed",23,0.1,0.05,"exact","precomputed_exact_table","exact",202814300,202814331,,25000,"certified","bounds-met",TRUE,61,61,94,94,94,0,94,0,TRUE,0.906977970772576,0.0930220292274236,0.0930220292274234,TRUE,TRUE,TRUE,0.0930220292274236,0.097637117174554,0.0242414918251707,20,20,24,0,0,,,,,0,85,60,61,0,0,61,1.22999999999999,,
"regional-compression-exact-study-2026-08-13","production",TRUE,12,"crossed",23,0.1,0.05,"stochastic","precomputed_exact_table","iid",202814300,202814332,100,25000,"frontier_exhausted","tolerance-not-met",TRUE,364,364,94,7,2268,2261,2268,2174,FALSE,1,1.11022302462516e-16,0,TRUE,TRUE,TRUE,1.11022302462516e-16,1.11022302462516e-16,2.22044604925031e-16,350,121,24,229,207,69,Inf,100,696,0,3303,283,364,2915,0,3279,80.61,,
"regional-compression-exact-study-2026-08-13","production",TRUE,12,"crossed",23,0.2,0.05,"exact","precomputed_exact_table","exact",202814300,202814341,,25000,"certified","bounds-met",TRUE,40,40,46,46,46,0,46,0,TRUE,0.812759011948731,0.187240988051269,0.187240988051269,TRUE,TRUE,TRUE,0.187240988051269,0.207320631642148,0.100872987123055,13,13,24,0,0,,,,,0,64,46,40,0,0,40,0.54000000000002,,
"regional-compression-exact-study-2026-08-13","production",TRUE,12,"crossed",23,0.2,0.05,"stochastic","precomputed_exact_table","iid",202814300,202814342,100,25000,"frontier_exhausted","tolerance-not-met",TRUE,364,364,46,7,2268,2261,2268,2222,FALSE,1,1.11022302462516e-16,0,TRUE,TRUE,TRUE,1.11022302462516e-16,1.11022302462516e-16,2.22044604925031e-16,350,121,24,229,207,69,Inf,100,696,0,3303,283,364,2915,0,3279,77.1,,
"regional-compression-exact-study-2026-08-13","production",TRUE,12,"crossed",24,0.01,0.05,"exact","precomputed_exact_table","exact",202814400,202814411,,25000,"certified","bounds-met",TRUE,127,127,198,198,198,0,198,0,TRUE,0.990191297339695,0.00980870266030531,0.00980870266030465,TRUE,TRUE,TRUE,0.00980870266030531,0.00985712488388776,0.00458616274729408,42,42,24,0,0,,,,,0,151,104,127,0,0,127,3.78,,
"regional-compression-exact-study-2026-08-13","production",TRUE,12,"crossed",24,0.01,0.05,"stochastic","precomputed_exact_table","iid",202814400,202814412,100,25000,"frontier_exhausted","tolerance-not-met",TRUE,364,364,198,8,2268,2260,2268,2070,FALSE,0.999999999999999,5.55111512312578e-16,0,TRUE,TRUE,TRUE,5.55111512312578e-16,5.55111512312578e-16,5.55111512312578e-16,350,121,24,229,207,16,Inf,100,1028,0,9160,282,364,8772,0,9136,79.49,,
"regional-compression-exact-study-2026-08-13","production",TRUE,12,"crossed",24,0.05,0.05,"exact","precomputed_exact_table","exact",202814400,202814421,,25000,"certified","bounds-met",TRUE,52,52,74,74,74,0,74,0,TRUE,0.953465780170762,0.0465342198292382,0.0465342198292377,TRUE,TRUE,TRUE,0.0465342198292382,0.0476517432372109,0.0190943938624877,17,17,24,0,0,,,,,0,76,54,52,0,0,52,0.890000000000001,,
"regional-compression-exact-study-2026-08-13","production",TRUE,12,"crossed",24,0.05,0.05,"stochastic","precomputed_exact_table","iid",202814400,202814422,100,25000,"frontier_exhausted","tolerance-not-met",TRUE,364,364,74,8,2268,2260,2268,2194,FALSE,0.999999999999999,5.55111512312578e-16,0,TRUE,TRUE,TRUE,5.55111512312578e-16,5.55111512312578e-16,5.55111512312578e-16,350,121,24,229,207,16,Inf,100,1028,0,9160,283,364,8772,0,9136,81.53,,
"regional-compression-exact-study-2026-08-13","production",TRUE,12,"crossed",24,0.1,0.05,"exact","precomputed_exact_table","exact",202814400,202814431,,25000,"certified","bounds-met",TRUE,40,40,47,47,47,0,47,0,TRUE,0.902710076688339,0.0972899233116612,0.0972899233116598,TRUE,TRUE,TRUE,0.0972899233116612,0.102353843908451,0.0493623277277045,13,13,24,0,0,,,,,0,64,46,40,0,0,40,0.659999999999997,,
"regional-compression-exact-study-2026-08-13","production",TRUE,12,"crossed",24,0.1,0.05,"stochastic","precomputed_exact_table","iid",202814400,202814432,100,25000,"frontier_exhausted","tolerance-not-met",TRUE,364,364,47,8,2268,2260,2268,2221,FALSE,0.999999999999999,5.55111512312578e-16,0,TRUE,TRUE,TRUE,5.55111512312578e-16,5.55111512312578e-16,5.55111512312578e-16,350,121,24,229,207,16,Inf,100,1028,0,9160,282,364,8772,0,9136,85.06,,
"regional-compression-exact-study-2026-08-13","production",TRUE,12,"crossed",24,0.2,0.05,"exact","precomputed_exact_table","exact",202814400,202814441,,25000,"certified","bounds-met",TRUE,34,34,28,28,28,0,28,0,TRUE,0.824767930474795,0.175232069525205,0.175232069525203,TRUE,TRUE,TRUE,0.175232069525205,0.192653228612896,0.0512085070515079,11,11,24,0,0,,,,,0,58,42,34,0,0,34,0.67999999999995,,
"regional-compression-exact-study-2026-08-13","production",TRUE,12,"crossed",24,0.2,0.05,"stochastic","precomputed_exact_table","iid",202814400,202814442,100,25000,"frontier_exhausted","tolerance-not-met",TRUE,364,364,28,8,2268,2260,2268,2240,FALSE,0.999999999999999,5.55111512312578e-16,0,TRUE,TRUE,TRUE,5.55111512312578e-16,5.55111512312578e-16,5.55111512312578e-16,350,121,24,229,207,16,Inf,100,1028,0,9160,283,364,8772,0,9136,82.55,,
"regional-compression-exact-study-2026-08-13","production",TRUE,12,"crossed",25,0.01,0.05,"exact","precomputed_exact_table","exact",202814500,202814511,,25000,"certified","bounds-met",TRUE,130,130,267,267,267,0,267,0,TRUE,0.990215659943071,0.00978434005692908,0.009784340056931,TRUE,TRUE,TRUE,0.00978434005692908,0.00983252125049021,0.00503980981374132,43,43,24,0,0,,,,,0,154,106,130,0,0,130,3.72,,
"regional-compression-exact-study-2026-08-13","production",TRUE,12,"crossed",25,0.01,0.05,"stochastic","precomputed_exact_table","iid",202814500,202814512,100,25000,"frontier_exhausted","tolerance-not-met",TRUE,364,364,267,9,2268,2259,2268,2001,FALSE,1,-1.99840144432528e-15,0,TRUE,TRUE,TRUE,-1.99840144432528e-15,-1.99840144432528e-15,1.88737914186277e-15,350,121,24,229,207,3,Inf,100,100,0,2588,283,364,2200,0,2564,77.69,,
"regional-compression-exact-study-2026-08-13","production",TRUE,12,"crossed",25,0.05,0.05,"exact","precomputed_exact_table","exact",202814500,202814521,,25000,"certified","bounds-met",TRUE,82,82,109,109,109,0,109,0,TRUE,0.953221438074309,0.0467785619256909,0.0467785619256929,TRUE,TRUE,TRUE,0.0467785619256909,0.047908043374383,0.0209161802717378,27,27,24,0,0,,,,,0,106,74,82,0,0,82,1.52,,
"regional-compression-exact-study-2026-08-13","production",TRUE,12,"crossed",25,0.05,0.05,"stochastic","precomputed_exact_table","iid",202814500,202814522,100,25000,"frontier_exhausted","tolerance-not-met",TRUE,364,364,109,8,2268,2260,2268,2159,FALSE,1,-1.99840144432528e-15,0,TRUE,TRUE,TRUE,-1.99840144432528e-15,-1.99840144432528e-15,1.88737914186277e-15,350,121,24,229,207,3,Inf,100,100,0,2588,282,364,2200,0,2564,80.66,,
"regional-compression-exact-study-2026-08-13","production",TRUE,12,"crossed",25,0.1,0.05,"exact","precomputed_exact_table","exact",202814500,202814531,,25000,"certified","bounds-met",TRUE,64,64,72,72,72,0,72,0,TRUE,0.902583705556765,0.0974162944432345,0.0974162944432369,TRUE,TRUE,TRUE,0.0974162944432345,0.102493844536629,0.0391079594130601,21,21,24,0,0,,,,,0,88,62,64,0,0,64,1.74000000000001,,
"regional-compression-exact-study-2026-08-13","production",TRUE,12,"crossed",25,0.1,0.05,"stochastic","precomputed_exact_table","iid",202814500,202814532,100,25000,"frontier_exhausted","tolerance-not-met",TRUE,364,364,72,8,2268,2260,2268,2196,FALSE,1,-1.99840144432528e-15,0,TRUE,TRUE,TRUE,-1.99840144432528e-15,-1.99840144432528e-15,1.88737914186277e-15,350,121,24,229,207,3,Inf,100,100,0,2588,282,364,2200,0,2564,83.62,,
"regional-compression-exact-study-2026-08-13","production",TRUE,12,"crossed",25,0.2,0.05,"exact","precomputed_exact_table","exact",202814500,202814541,,25000,"certified","bounds-met",TRUE,49,49,36,36,36,0,36,0,TRUE,0.818205729699303,0.181794270300697,0.181794270300697,TRUE,TRUE,TRUE,0.181794270300697,0.200641470701161,0.0629410920093117,16,16,24,0,0,,,,,0,73,52,49,0,0,49,1.29000000000002,,
"regional-compression-exact-study-2026-08-13","production",TRUE,12,"crossed",25,0.2,0.05,"stochastic","precomputed_exact_table","iid",202814500,202814542,100,25000,"frontier_exhausted","tolerance-not-met",TRUE,364,364,36,8,2268,2260,2268,2232,FALSE,1,-1.99840144432528e-15,0,TRUE,TRUE,TRUE,-1.99840144432528e-15,-1.99840144432528e-15,1.88737914186277e-15,350,121,24,229,207,3,Inf,100,100,0,2588,283,364,2200,0,2564,78.07,,
"regional-compression-exact-study-2026-08-13","production",TRUE,12,"crossed",26,0.01,0.05,"exact","precomputed_exact_table","exact",202814600,202814611,,25000,"certified","bounds-met",TRUE,151,151,267,267,267,0,267,0,TRUE,0.990134898591693,0.00986510140830688,0.00986510140830814,TRUE,TRUE,TRUE,0.00986510140830688,0.00991408393248559,0.00352639263461035,50,50,24,0,0,,,,,0,175,120,151,0,0,151,4.24,,
"regional-compression-exact-study-2026-08-13","production",TRUE,12,"crossed",26,0.01,0.05,"stochastic","precomputed_exact_table","iid",202814600,202814612,100,25000,"budget_exhausted","budget-exhausted",TRUE,364,364,267,8,Inf,Inf,Inf,Inf,FALSE,0,1,1,TRUE,FALSE,TRUE,1,Inf,,343,121,24,222,208,1258,Inf,1258,1919,0,24610,275,364,24222,0,24586,77.23,,
"regional-compression-exact-study-2026-08-13","production",TRUE,12,"crossed",26,0.05,0.05,"exact","precomputed_exact_table","exact",202814600,202814621,,25000,"certified","bounds-met",TRUE,103,103,117,117,117,0,117,0,TRUE,0.950230429360609,0.0497695706393912,0.0497695706393926,TRUE,TRUE,TRUE,0.0497695706393912,0.051050766578104,0.0213034311185476,34,34,24,0,0,,,,,0,127,88,103,0,0,103,2,,
"regional-compression-exact-study-2026-08-13","production",TRUE,12,"crossed",26,0.05,0.05,"stochastic","precomputed_exact_table","iid",202814600,202814622,100,25000,"budget_exhausted","budget-exhausted",TRUE,364,364,117,8,Inf,Inf,Inf,Inf,FALSE,0,1,1,TRUE,FALSE,TRUE,1,Inf,,343,121,24,222,208,1258,Inf,1258,1919,0,24610,275,364,24222,0,24586,81.84,,
"regional-compression-exact-study-2026-08-13","production",TRUE,12,"crossed",26,0.1,0.05,"exact","precomputed_exact_table","exact",202814600,202814631,,25000,"certified","bounds-met",TRUE,58,58,64,64,64,0,64,0,TRUE,0.903035204622394,0.0969647953776057,0.0969647953776073,TRUE,TRUE,TRUE,0.0969647953776057,0.101993740032302,0.0382779988086253,19,19,24,0,0,,,,,0,82,58,58,0,0,58,0.939999999999998,,
"regional-compression-exact-study-2026-08-13","production",TRUE,12,"crossed",26,0.1,0.05,"stochastic","precomputed_exact_table","iid",202814600,202814632,100,25000,"budget_exhausted","budget-exhausted",TRUE,364,364,64,8,Inf,Inf,Inf,Inf,FALSE,0,1,1,TRUE,FALSE,TRUE,1,Inf,,343,121,24,222,208,1258,Inf,1258,1919,0,24610,275,364,24222,0,24586,82.3,,
"regional-compression-exact-study-2026-08-13","production",TRUE,12,"crossed",26,0.2,0.05,"exact","precomputed_exact_table","exact",202814600,202814641,,25000,"certified","bounds-met",TRUE,46,46,37,37,37,0,37,0,TRUE,0.81133171021871,0.18866828978129,0.188668289781291,TRUE,TRUE,TRUE,0.18866828978129,0.209078294656899,0.0588037501336745,15,15,24,0,0,,,,,0,70,50,46,0,0,46,0.799999999999955,,
"regional-compression-exact-study-2026-08-13","production",TRUE,12,"crossed",26,0.2,0.05,"stochastic","precomputed_exact_table","iid",202814600,202814642,100,25000,"budget_exhausted","budget-exhausted",TRUE,364,364,37,8,Inf,Inf,Inf,Inf,FALSE,0,1,1,TRUE,FALSE,TRUE,1,Inf,,343,121,24,222,208,1258,Inf,1258,1919,0,24610,275,364,24222,0,24586,77.84,,
"regional-compression-exact-study-2026-08-13","production",TRUE,12,"crossed",27,0.01,0.05,"exact","precomputed_exact_table","exact",202814700,202814711,,25000,"certified","bounds-met",TRUE,136,136,266,266,266,0,266,0,TRUE,0.990260674459594,0.0097393255404058,0.00973932554040571,TRUE,TRUE,TRUE,0.0097393255404058,0.00978706297790287,0.00489201750183094,45,45,24,0,0,,,,,0,160,110,136,0,0,136,4.45,,
"regional-compression-exact-study-2026-08-13","production",TRUE,12,"crossed",27,0.01,0.05,"stochastic","precomputed_exact_table","iid",202814700,202814712,100,25000,"budget_exhausted","budget-exhausted",TRUE,364,364,266,8,Inf,Inf,Inf,Inf,FALSE,0,1,1,TRUE,FALSE,TRUE,1,Inf,,340,121,24,219,207,461,Inf,461,2436,0,23695,273,364,23307,0,23671,72.39,,
"regional-compression-exact-study-2026-08-13","production",TRUE,12,"crossed",27,0.05,0.05,"exact","precomputed_exact_table","exact",202814700,202814721,,25000,"certified","bounds-met",TRUE,79,79,125,125,125,0,125,0,TRUE,0.950976493194145,0.0490235068058554,0.0490235068058555,TRUE,TRUE,TRUE,0.0490235068058554,0.0502659347294709,0.0152500621184788,26,26,24,0,0,,,,,0,103,72,79,0,0,79,1.48999999999999,,
"regional-compression-exact-study-2026-08-13","production",TRUE,12,"crossed",27,0.05,0.05,"stochastic","precomputed_exact_table","iid",202814700,202814722,100,25000,"budget_exhausted","budget-exhausted",TRUE,364,364,125,7,Inf,Inf,Inf,Inf,FALSE,0,1,1,TRUE,FALSE,TRUE,1,Inf,,340,121,24,219,207,461,Inf,461,2436,0,23695,273,364,23307,0,23671,78.1,,
"regional-compression-exact-study-2026-08-13","production",TRUE,12,"crossed",27,0.1,0.05,"exact","precomputed_exact_table","exact",202814700,202814731,,25000,"certified","bounds-met",TRUE,67,67,86,86,86,0,86,0,TRUE,0.903336857869416,0.0966631421305837,0.0966631421305833,TRUE,TRUE,TRUE,0.0966631421305837,0.101659752083651,0.0235620624623513,22,22,24,0,0,,,,,0,91,64,67,0,0,67,1.41,,
"regional-compression-exact-study-2026-08-13","production",TRUE,12,"crossed",27,0.1,0.05,"stochastic","precomputed_exact_table","iid",202814700,202814732,100,25000,"budget_exhausted","budget-exhausted",TRUE,364,364,86,7,Inf,Inf,Inf,Inf,FALSE,0,1,1,TRUE,FALSE,TRUE,1,Inf,,340,121,24,219,207,461,Inf,461,2436,0,23695,273,364,23307,0,23671,77.36,,
"regional-compression-exact-study-2026-08-13","production",TRUE,12,"crossed",27,0.2,0.05,"exact","precomputed_exact_table","exact",202814700,202814741,,25000,"certified","bounds-met",TRUE,61,61,50,50,50,0,50,0,TRUE,0.821773303903331,0.178226696096669,0.178226696096668,TRUE,TRUE,TRUE,0.178226696096669,0.196290707967591,0.0838393459432867,20,20,24,0,0,,,,,0,85,60,61,0,0,61,1.15000000000001,,
"regional-compression-exact-study-2026-08-13","production",TRUE,12,"crossed",27,0.2,0.05,"stochastic","precomputed_exact_table","iid",202814700,202814742,100,25000,"budget_exhausted","budget-exhausted",TRUE,364,364,50,7,Inf,Inf,Inf,Inf,FALSE,0,1,1,TRUE,FALSE,TRUE,1,Inf,,340,121,24,219,207,461,Inf,461,2436,0,23695,273,364,23307,0,23671,77.56,,
"regional-compression-exact-study-2026-08-13","production",TRUE,12,"crossed",28,0.01,0.05,"exact","precomputed_exact_table","exact",202814800,202814811,,25000,"certified","bounds-met",TRUE,166,166,362,362,362,0,362,0,TRUE,0.990022713555175,0.00997728644482465,0.00997728644482427,TRUE,TRUE,TRUE,0.00997728644482465,0.0100273931316621,0.00358676983708306,55,55,24,0,0,,,,,0,190,130,166,0,0,166,5.55,,
"regional-compression-exact-study-2026-08-13","production",TRUE,12,"crossed",28,0.01,0.05,"stochastic","precomputed_exact_table","iid",202814800,202814812,100,25000,"frontier_exhausted","tolerance-not-met",TRUE,364,364,362,8,2268,2260,2268,1906,FALSE,1,3.33066907387547e-16,0,TRUE,TRUE,TRUE,3.33066907387547e-16,3.33066907387547e-16,3.33066907387547e-16,350,121,24,229,207,1,Inf,100,1507,0,23154,282,364,22766,0,23130,79.24,,
"regional-compression-exact-study-2026-08-13","production",TRUE,12,"crossed",28,0.05,0.05,"exact","precomputed_exact_table","exact",202814800,202814821,,25000,"certified","bounds-met",TRUE,115,115,156,156,156,0,156,0,TRUE,0.951031577962496,0.0489684220375042,0.0489684220375038,TRUE,TRUE,TRUE,0.0489684220375042,0.0502080119801388,0.0200056756518402,38,38,24,0,0,,,,,0,139,96,115,0,0,115,2.80000000000001,,
"regional-compression-exact-study-2026-08-13","production",TRUE,12,"crossed",28,0.05,0.05,"stochastic","precomputed_exact_table","iid",202814800,202814822,100,25000,"frontier_exhausted","tolerance-not-met",TRUE,364,364,156,8,2268,2260,2268,2112,FALSE,1,3.33066907387547e-16,0,TRUE,TRUE,TRUE,3.33066907387547e-16,3.33066907387547e-16,3.33066907387547e-16,350,121,24,229,207,1,Inf,100,1507,0,23154,281,364,22766,0,23130,82.69,,
"regional-compression-exact-study-2026-08-13","production",TRUE,12,"crossed",28,0.1,0.05,"exact","precomputed_exact_table","exact",202814800,202814831,,25000,"certified","bounds-met",TRUE,94,94,100,100,100,0,100,0,TRUE,0.900719957728235,0.0992800422717653,0.0992800422717651,TRUE,TRUE,TRUE,0.0992800422717653,0.104560882418346,0.0285393893314619,31,31,24,0,0,,,,,0,118,82,94,0,0,94,1.99000000000001,,
"regional-compression-exact-study-2026-08-13","production",TRUE,12,"crossed",28,0.1,0.05,"stochastic","precomputed_exact_table","iid",202814800,202814832,100,25000,"frontier_exhausted","tolerance-not-met",TRUE,364,364,100,8,2268,2260,2268,2168,FALSE,1,3.33066907387547e-16,0,TRUE,TRUE,TRUE,3.33066907387547e-16,3.33066907387547e-16,3.33066907387547e-16,350,121,24,229,207,1,Inf,100,1507,0,23154,281,364,22766,0,23130,85.41,,
"regional-compression-exact-study-2026-08-13","production",TRUE,12,"crossed",28,0.2,0.05,"exact","precomputed_exact_table","exact",202814800,202814841,,25000,"certified","bounds-met",TRUE,64,64,55,55,55,0,55,0,TRUE,0.801256294024032,0.198743705975968,0.198743705975968,TRUE,TRUE,TRUE,0.198743705975968,0.221574415521907,0.0725190537977086,21,21,24,0,0,,,,,0,88,62,64,0,0,64,1.43000000000001,,
"regional-compression-exact-study-2026-08-13","production",TRUE,12,"crossed",28,0.2,0.05,"stochastic","precomputed_exact_table","iid",202814800,202814842,100,25000,"frontier_exhausted","tolerance-not-met",TRUE,364,364,55,8,2268,2260,2268,2213,FALSE,1,3.33066907387547e-16,0,TRUE,TRUE,TRUE,3.33066907387547e-16,3.33066907387547e-16,3.33066907387547e-16,350,121,24,229,207,1,Inf,100,1507,0,23154,282,364,22766,0,23130,78.5,,
"regional-compression-exact-study-2026-08-13","production",TRUE,12,"crossed",29,0.01,0.05,"exact","precomputed_exact_table","exact",202814900,202814911,,25000,"certified","bounds-met",TRUE,97,97,174,174,174,0,174,0,TRUE,0.990216775510792,0.00978322448920754,0.00978322448921032,TRUE,TRUE,TRUE,0.00978322448920754,0.00983139466045709,0.00327965447813473,32,32,24,0,0,,,,,0,121,84,97,0,0,97,2.46,,
"regional-compression-exact-study-2026-08-13","production",TRUE,12,"crossed",29,0.01,0.05,"stochastic","precomputed_exact_table","iid",202814900,202814912,100,25000,"frontier_exhausted","tolerance-not-met",TRUE,364,364,174,8,2268,2260,2268,2094,FALSE,1,-2.88657986402541e-15,0,TRUE,TRUE,TRUE,-2.88657986402541e-15,-2.8865798640254e-15,2.88657986402541e-15,350,121,24,229,225,366,Inf,366,366,0,1852,265,364,1464,0,1828,87.67,,
"regional-compression-exact-study-2026-08-13","production",TRUE,12,"crossed",29,0.05,0.05,"exact","precomputed_exact_table","exact",202814900,202814921,,25000,"certified","bounds-met",TRUE,76,76,82,82,82,0,82,0,TRUE,0.954262205916533,0.0457377940834667,0.0457377940834695,TRUE,TRUE,TRUE,0.0457377940834667,0.0468167963287965,0.0140395521943537,25,25,24,0,0,,,,,0,100,70,76,0,0,76,1.72,,
"regional-compression-exact-study-2026-08-13","production",TRUE,12,"crossed",29,0.05,0.05,"stochastic","precomputed_exact_table","iid",202814900,202814922,100,25000,"frontier_exhausted","tolerance-not-met",TRUE,364,364,82,8,2268,2260,2268,2186,FALSE,1,-2.88657986402541e-15,0,TRUE,TRUE,TRUE,-2.88657986402541e-15,-2.8865798640254e-15,2.88657986402541e-15,350,121,24,229,225,366,Inf,366,366,0,1852,265,364,1464,0,1828,92.54,,
"regional-compression-exact-study-2026-08-13","production",TRUE,12,"crossed",29,0.1,0.05,"exact","precomputed_exact_table","exact",202814900,202814931,,25000,"certified","bounds-met",TRUE,52,52,54,54,54,0,54,0,TRUE,0.913917581791697,0.0860824182083025,0.0860824182083047,TRUE,TRUE,TRUE,0.0860824182083025,0.0900148846882479,0.0308468452074903,17,17,24,0,0,,,,,0,76,54,52,0,0,52,0.810000000000002,,
"regional-compression-exact-study-2026-08-13","production",TRUE,12,"crossed",29,0.1,0.05,"stochastic","precomputed_exact_table","iid",202814900,202814932,100,25000,"frontier_exhausted","tolerance-not-met",TRUE,364,364,54,8,2268,2260,2268,2214,FALSE,1,-2.88657986402541e-15,0,TRUE,TRUE,TRUE,-2.88657986402541e-15,-2.8865798640254e-15,2.88657986402541e-15,350,121,24,229,225,366,Inf,366,366,0,1852,265,364,1464,0,1828,89.93,,
"regional-compression-exact-study-2026-08-13","production",TRUE,12,"crossed",29,0.2,0.05,"exact","precomputed_exact_table","exact",202814900,202814941,,25000,"certified","bounds-met",TRUE,19,19,18,18,18,0,18,0,TRUE,0.802689121389541,0.197310878610459,0.197310878610461,TRUE,TRUE,TRUE,0.197310878610459,0.219787786459749,0.0538924407889013,6,6,24,0,0,,,,,0,43,32,19,0,0,19,0.269999999999982,,
"regional-compression-exact-study-2026-08-13","production",TRUE,12,"crossed",29,0.2,0.05,"stochastic","precomputed_exact_table","iid",202814900,202814942,100,25000,"frontier_exhausted","tolerance-not-met",TRUE,364,364,18,8,2268,2260,2268,2250,FALSE,1,-2.88657986402541e-15,0,TRUE,TRUE,TRUE,-2.88657986402541e-15,-2.8865798640254e-15,2.88657986402541e-15,350,121,24,229,225,366,Inf,366,366,0,1852,265,364,1464,0,1828,79.69,,
"regional-compression-exact-study-2026-08-13","production",TRUE,12,"crossed",30,0.01,0.05,"exact","precomputed_exact_table","exact",202815000,202815011,,25000,"certified","bounds-met",TRUE,172,172,346,346,346,0,346,0,TRUE,0.990077469776357,0.00992253022364287,0.00992253022364507,TRUE,TRUE,TRUE,0.00992253022364287,0.00997208661570226,0.00298686157213872,57,57,24,0,0,,,,,0,196,134,172,0,0,172,5.56,,
"regional-compression-exact-study-2026-08-13","production",TRUE,12,"crossed",30,0.01,0.05,"stochastic","precomputed_exact_table","iid",202815000,202815012,100,25000,"frontier_exhausted","tolerance-not-met",TRUE,364,364,346,9,2268,2259,2268,1922,FALSE,1,-2.22044604925031e-15,0,TRUE,TRUE,TRUE,-2.22044604925031e-15,-2.22044604925031e-15,1.99840144432528e-15,350,121,24,229,208,950,Inf,950,1086,0,20882,282,364,20494,0,20858,95.61,,
"regional-compression-exact-study-2026-08-13","production",TRUE,12,"crossed",30,0.05,0.05,"exact","precomputed_exact_table","exact",202815000,202815021,,25000,"certified","bounds-met",TRUE,130,130,170,170,170,0,170,0,TRUE,0.951966578618379,0.0480334213816209,0.0480334213816231,TRUE,TRUE,TRUE,0.0480334213816209,0.0492253513003184,0.011757686067526,43,43,24,0,0,,,,,0,154,106,130,0,0,130,3.28,,
"regional-compression-exact-study-2026-08-13","production",TRUE,12,"crossed",30,0.05,0.05,"stochastic","precomputed_exact_table","iid",202815000,202815022,100,25000,"frontier_exhausted","tolerance-not-met",TRUE,364,364,170,9,2268,2259,2268,2098,FALSE,1,-2.22044604925031e-15,0,TRUE,TRUE,TRUE,-2.22044604925031e-15,-2.22044604925031e-15,1.99840144432528e-15,350,121,24,229,208,950,Inf,950,1086,0,20882,282,364,20494,0,20858,100.31,,
"regional-compression-exact-study-2026-08-13","production",TRUE,12,"crossed",30,0.1,0.05,"exact","precomputed_exact_table","exact",202815000,202815031,,25000,"certified","bounds-met",TRUE,94,94,116,116,116,0,116,0,TRUE,0.902865893729402,0.0971341062705976,0.0971341062705994,TRUE,TRUE,TRUE,0.0971341062705976,0.102181248521712,0.0259812274443672,31,31,24,0,0,,,,,0,118,82,94,0,0,94,2.31,,
"regional-compression-exact-study-2026-08-13","production",TRUE,12,"crossed",30,0.1,0.05,"stochastic","precomputed_exact_table","iid",202815000,202815032,100,25000,"frontier_exhausted","tolerance-not-met",TRUE,364,364,116,9,2268,2259,2268,2152,FALSE,1,-2.22044604925031e-15,0,TRUE,TRUE,TRUE,-2.22044604925031e-15,-2.22044604925031e-15,1.99840144432528e-15,350,121,24,229,208,950,Inf,950,1086,0,20882,282,364,20494,0,20858,94.63,,
"regional-compression-exact-study-2026-08-13","production",TRUE,12,"crossed",30,0.2,0.05,"exact","precomputed_exact_table","exact",202815000,202815041,,25000,"certified","bounds-met",TRUE,82,82,69,69,69,0,69,0,TRUE,0.801698738792816,0.198301261207184,0.198301261207186,TRUE,TRUE,TRUE,0.198301261207184,0.221022379100471,0.0466662401113969,27,27,24,0,0,,,,,0,106,74,82,0,0,82,1.51999999999998,,
"regional-compression-exact-study-2026-08-13","production",TRUE,12,"crossed",30,0.2,0.05,"stochastic","precomputed_exact_table","iid",202815000,202815042,100,25000,"frontier_exhausted","tolerance-not-met",TRUE,364,364,69,9,2268,2259,2268,2199,FALSE,1,-2.22044604925031e-15,0,TRUE,TRUE,TRUE,-2.22044604925031e-15,-2.22044604925031e-15,1.99840144432528e-15,350,121,24,229,208,950,Inf,950,1086,0,20882,282,364,20494,0,20858,94.77,,
"regional-compression-exact-study-2026-08-13","production",TRUE,12,"crossed",31,0.01,0.05,"exact","precomputed_exact_table","exact",202815100,202815111,,25000,"certified","bounds-met",TRUE,148,148,303,303,303,0,303,0,TRUE,0.990190689516976,0.00980931048302414,0.00980931048302461,TRUE,TRUE,TRUE,0.00980931048302414,0.00985773872780561,0.00389554800593098,49,49,24,0,0,,,,,0,172,118,148,0,0,148,3.92,,
"regional-compression-exact-study-2026-08-13","production",TRUE,12,"crossed",31,0.01,0.05,"stochastic","precomputed_exact_table","iid",202815100,202815112,100,25000,"frontier_exhausted","tolerance-not-met",TRUE,364,364,303,8,2268,2260,2268,1965,FALSE,1,-4.44089209850063e-16,0,TRUE,TRUE,TRUE,-4.44089209850063e-16,-4.44089209850063e-16,4.44089209850063e-16,350,121,24,229,207,76,Inf,100,1396,0,6553,283,364,6165,0,6529,76.75,,
"regional-compression-exact-study-2026-08-13","production",TRUE,12,"crossed",31,0.05,0.05,"exact","precomputed_exact_table","exact",202815100,202815121,,25000,"certified","bounds-met",TRUE,91,91,133,133,133,0,133,0,TRUE,0.95359400414162,0.0464059958583799,0.0464059958583804,TRUE,TRUE,TRUE,0.0464059958583799,0.0475172702939856,0.0197866990064584,30,30,24,0,0,,,,,0,115,80,91,0,0,91,1.78,,
"regional-compression-exact-study-2026-08-13","production",TRUE,12,"crossed",31,0.05,0.05,"stochastic","precomputed_exact_table","iid",202815100,202815122,100,25000,"frontier_exhausted","tolerance-not-met",TRUE,364,364,133,7,2268,2261,2268,2135,FALSE,1,-4.44089209850063e-16,0,TRUE,TRUE,TRUE,-4.44089209850063e-16,-4.44089209850063e-16,4.44089209850063e-16,350,121,24,229,207,76,Inf,100,1396,0,6553,284,364,6165,0,6529,82.17,,
"regional-compression-exact-study-2026-08-13","production",TRUE,12,"crossed",31,0.1,0.05,"exact","precomputed_exact_table","exact",202815100,202815131,,25000,"certified","bounds-met",TRUE,79,79,80,80,80,0,80,0,TRUE,0.902840960739341,0.0971590392606586,0.0971590392606591,TRUE,TRUE,TRUE,0.0971590392606586,0.102208864288912,0.0268777503194008,26,26,24,0,0,,,,,0,103,72,79,0,0,79,1.71000000000001,,
"regional-compression-exact-study-2026-08-13","production",TRUE,12,"crossed",31,0.1,0.05,"stochastic","precomputed_exact_table","iid",202815100,202815132,100,25000,"frontier_exhausted","tolerance-not-met",TRUE,364,364,80,7,2268,2261,2268,2188,FALSE,1,-4.44089209850063e-16,0,TRUE,TRUE,TRUE,-4.44089209850063e-16,-4.44089209850063e-16,4.44089209850063e-16,350,121,24,229,207,76,Inf,100,1396,0,6553,283,364,6165,0,6529,78.36,,
"regional-compression-exact-study-2026-08-13","production",TRUE,12,"crossed",31,0.2,0.05,"exact","precomputed_exact_table","exact",202815100,202815141,,25000,"certified","bounds-met",TRUE,55,55,43,43,43,0,43,0,TRUE,0.816937240255083,0.183062759744917,0.183062759744918,TRUE,TRUE,TRUE,0.183062759744917,0.202193004385975,0.055853130268778,18,18,24,0,0,,,,,0,79,56,55,0,0,55,1.05000000000001,,
"regional-compression-exact-study-2026-08-13","production",TRUE,12,"crossed",31,0.2,0.05,"stochastic","precomputed_exact_table","iid",202815100,202815142,100,25000,"frontier_exhausted","tolerance-not-met",TRUE,364,364,43,7,2268,2261,2268,2225,FALSE,1,-4.44089209850063e-16,0,TRUE,TRUE,TRUE,-4.44089209850063e-16,-4.44089209850063e-16,4.44089209850063e-16,350,121,24,229,207,76,Inf,100,1396,0,6553,286,364,6165,0,6529,72.82,,
"regional-compression-exact-study-2026-08-13","production",TRUE,12,"crossed",32,0.01,0.05,"exact","precomputed_exact_table","exact",202815200,202815211,,25000,"certified","bounds-met",TRUE,160,160,298,298,298,0,298,0,TRUE,0.990043456449767,0.00995654355023345,0.00995654355023399,TRUE,TRUE,TRUE,0.00995654355023345,0.0100064414130719,0.00461824951441044,53,53,24,0,0,,,,,0,184,126,160,0,0,160,4.83,,
"regional-compression-exact-study-2026-08-13","production",TRUE,12,"crossed",32,0.01,0.05,"stochastic","precomputed_exact_table","iid",202815200,202815212,100,25000,"frontier_exhausted","tolerance-not-met",TRUE,364,364,298,8,2268,2260,2268,1970,FALSE,1,-6.66133814775094e-16,0,TRUE,TRUE,TRUE,-6.66133814775094e-16,-6.66133814775094e-16,6.66133814775094e-16,350,121,24,229,212,40,Inf,100,100,0,2088,278,364,1700,0,2064,83.79,,
"regional-compression-exact-study-2026-08-13","production",TRUE,12,"crossed",32,0.05,0.05,"exact","precomputed_exact_table","exact",202815200,202815221,,25000,"certified","bounds-met",TRUE,118,118,140,140,140,0,140,0,TRUE,0.952752910908941,0.0472470890910593,0.0472470890910601,TRUE,TRUE,TRUE,0.0472470890910593,0.0483996839623644,0.0147871808302362,39,39,24,0,0,,,,,0,142,98,118,0,0,118,2.78,,
"regional-compression-exact-study-2026-08-13","production",TRUE,12,"crossed",32,0.05,0.05,"stochastic","precomputed_exact_table","iid",202815200,202815222,100,25000,"frontier_exhausted","tolerance-not-met",TRUE,364,364,140,8,2268,2260,2268,2128,FALSE,1,-6.66133814775094e-16,0,TRUE,TRUE,TRUE,-6.66133814775094e-16,-6.66133814775094e-16,6.66133814775094e-16,350,121,24,229,212,40,Inf,100,100,0,2088,279,364,1700,0,2064,87.59,,
"regional-compression-exact-study-2026-08-13","production",TRUE,12,"crossed",32,0.1,0.05,"exact","precomputed_exact_table","exact",202815200,202815231,,25000,"certified","bounds-met",TRUE,85,85,83,83,83,0,83,0,TRUE,0.902274639644046,0.0977253603559538,0.0977253603559545,TRUE,TRUE,TRUE,0.0977253603559538,0.102836326722626,0.0300827086778347,28,28,24,0,0,,,,,0,109,76,85,0,0,85,1.59,,
"regional-compression-exact-study-2026-08-13","production",TRUE,12,"crossed",32,0.1,0.05,"stochastic","precomputed_exact_table","iid",202815200,202815232,100,25000,"frontier_exhausted","tolerance-not-met",TRUE,364,364,83,8,2268,2260,2268,2185,FALSE,1,-6.66133814775094e-16,0,TRUE,TRUE,TRUE,-6.66133814775094e-16,-6.66133814775094e-16,6.66133814775094e-16,350,121,24,229,212,40,Inf,100,100,0,2088,279,364,1700,0,2064,87.31,,
"regional-compression-exact-study-2026-08-13","production",TRUE,12,"crossed",32,0.2,0.05,"exact","precomputed_exact_table","exact",202815200,202815241,,25000,"certified","bounds-met",TRUE,46,46,36,36,36,0,36,0,TRUE,0.821229503742229,0.178770496257771,0.178770496257771,TRUE,TRUE,TRUE,0.178770496257771,0.196952666886259,0.0718322247325623,15,15,24,0,0,,,,,0,70,50,46,0,0,46,0.769999999999982,,
"regional-compression-exact-study-2026-08-13","production",TRUE,12,"crossed",32,0.2,0.05,"stochastic","precomputed_exact_table","iid",202815200,202815242,100,25000,"frontier_exhausted","tolerance-not-met",TRUE,364,364,36,8,2268,2260,2268,2232,FALSE,1,-6.66133814775094e-16,0,TRUE,TRUE,TRUE,-6.66133814775094e-16,-6.66133814775094e-16,6.66133814775094e-16,350,121,24,229,212,40,Inf,100,100,0,2088,279,364,1700,0,2064,80.59,,
"regional-compression-exact-study-2026-08-13","production",TRUE,12,"crossed",33,0.01,0.05,"exact","precomputed_exact_table","exact",202815300,202815311,,25000,"certified","bounds-met",TRUE,142,142,265,265,265,0,265,0,TRUE,0.990079066611537,0.00992093338846345,0.00992093338846162,TRUE,TRUE,TRUE,0.00992093338846345,0.00997047377838352,0.00480958793490879,47,47,24,0,0,,,,,0,166,114,142,0,0,142,4.72,,
"regional-compression-exact-study-2026-08-13","production",TRUE,12,"crossed",33,0.01,0.05,"stochastic","precomputed_exact_table","iid",202815300,202815312,100,25000,"frontier_exhausted","tolerance-not-met",TRUE,364,364,265,8,2268,2260,2268,2003,FALSE,0.999999999999998,1.88737914186277e-15,0,TRUE,TRUE,TRUE,1.88737914186277e-15,1.88737914186277e-15,1.77635683940025e-15,350,121,24,229,208,447,Inf,447,1653,0,14599,283,364,14211,0,14575,74.13,,
"regional-compression-exact-study-2026-08-13","production",TRUE,12,"crossed",33,0.05,0.05,"exact","precomputed_exact_table","exact",202815300,202815321,,25000,"certified","bounds-met",TRUE,76,76,99,99,99,0,99,0,TRUE,0.950031970401906,0.0499680295980939,0.0499680295980922,TRUE,TRUE,TRUE,0.0499680295980939,0.0512596418991638,0.017766404269027,25,25,24,0,0,,,,,0,100,70,76,0,0,76,1.58000000000001,,
"regional-compression-exact-study-2026-08-13","production",TRUE,12,"crossed",33,0.05,0.05,"stochastic","precomputed_exact_table","iid",202815300,202815322,100,25000,"frontier_exhausted","tolerance-not-met",TRUE,364,364,99,8,2268,2260,2268,2169,FALSE,0.999999999999998,1.88737914186277e-15,0,TRUE,TRUE,TRUE,1.88737914186277e-15,1.88737914186277e-15,1.77635683940025e-15,350,121,24,229,208,447,Inf,447,1653,0,14599,284,364,14211,0,14575,82.8,,
"regional-compression-exact-study-2026-08-13","production",TRUE,12,"crossed",33,0.1,0.05,"exact","precomputed_exact_table","exact",202815300,202815331,,25000,"certified","bounds-met",TRUE,76,76,64,64,64,0,64,0,TRUE,0.906210543407693,0.0937894565923066,0.0937894565923049,TRUE,TRUE,TRUE,0.0937894565923066,0.0984836120698244,0.0317465454720132,25,25,24,0,0,,,,,0,100,70,76,0,0,76,1.55000000000001,,
"regional-compression-exact-study-2026-08-13","production",TRUE,12,"crossed",33,0.1,0.05,"stochastic","precomputed_exact_table","iid",202815300,202815332,100,25000,"frontier_exhausted","tolerance-not-met",TRUE,364,364,64,8,2268,2260,2268,2204,FALSE,0.999999999999998,1.88737914186277e-15,0,TRUE,TRUE,TRUE,1.88737914186277e-15,1.88737914186277e-15,1.77635683940025e-15,350,121,24,229,208,447,Inf,447,1653,0,14599,286,364,14211,0,14575,91.52,,
"regional-compression-exact-study-2026-08-13","production",TRUE,12,"crossed",33,0.2,0.05,"exact","precomputed_exact_table","exact",202815300,202815341,,25000,"certified","bounds-met",TRUE,61,61,35,35,35,0,35,0,TRUE,0.801364503296941,0.198635496703059,0.198635496703057,TRUE,TRUE,TRUE,0.198635496703059,0.221439375126507,0.0787737370160712,20,20,24,0,0,,,,,0,85,60,61,0,0,61,1.19,,
"regional-compression-exact-study-2026-08-13","production",TRUE,12,"crossed",33,0.2,0.05,"stochastic","precomputed_exact_table","iid",202815300,202815342,100,25000,"frontier_exhausted","tolerance-not-met",TRUE,364,364,35,8,2268,2260,2268,2233,FALSE,0.999999999999998,1.88737914186277e-15,0,TRUE,TRUE,TRUE,1.88737914186277e-15,1.88737914186277e-15,1.77635683940025e-15,350,121,24,229,208,447,Inf,447,1653,0,14599,284,364,14211,0,14575,89.17,,
"regional-compression-exact-study-2026-08-13","production",TRUE,12,"crossed",34,0.01,0.05,"exact","precomputed_exact_table","exact",202815400,202815411,,25000,"certified","bounds-met",TRUE,124,124,229,229,229,0,229,0,TRUE,0.990226610341072,0.00977338965892804,0.00977338965892787,TRUE,TRUE,TRUE,0.00977338965892804,0.00982146271254094,0.0030211646973205,41,41,24,0,0,,,,,0,148,102,124,0,0,124,4.08,,
"regional-compression-exact-study-2026-08-13","production",TRUE,12,"crossed",34,0.01,0.05,"stochastic","precomputed_exact_table","iid",202815400,202815412,100,25000,"frontier_exhausted","tolerance-not-met",TRUE,364,364,229,8,2268,2260,2268,2039,FALSE,1,2.22044604925031e-16,0,TRUE,TRUE,TRUE,2.22044604925031e-16,2.22044604925031e-16,2.22044604925031e-16,350,121,24,229,225,90,Inf,100,100,0,788,265,364,400,0,764,75.69,,
"regional-compression-exact-study-2026-08-13","production",TRUE,12,"crossed",34,0.05,0.05,"exact","precomputed_exact_table","exact",202815400,202815421,,25000,"certified","bounds-met",TRUE,55,55,93,93,93,0,93,0,TRUE,0.952489838691787,0.0475101613082133,0.047510161308213,TRUE,TRUE,TRUE,0.0475101613082133,0.0486758400783039,0.0166808356969519,18,18,24,0,0,,,,,0,79,56,55,0,0,55,1.41,,
"regional-compression-exact-study-2026-08-13","production",TRUE,12,"crossed",34,0.05,0.05,"stochastic","precomputed_exact_table","iid",202815400,202815422,100,25000,"frontier_exhausted","tolerance-not-met",TRUE,364,364,93,8,2268,2260,2268,2175,FALSE,1,2.22044604925031e-16,0,TRUE,TRUE,TRUE,2.22044604925031e-16,2.22044604925031e-16,2.22044604925031e-16,350,121,24,229,225,90,Inf,100,100,0,788,265,364,400,0,764,82.47,,
"regional-compression-exact-study-2026-08-13","production",TRUE,12,"crossed",34,0.1,0.05,"exact","precomputed_exact_table","exact",202815400,202815431,,25000,"certified","bounds-met",TRUE,37,37,56,56,56,0,56,0,TRUE,0.901696861440648,0.0983031385593517,0.0983031385593517,TRUE,TRUE,TRUE,0.0983031385593517,0.103476889195821,0.0287131458173921,12,12,24,0,0,,,,,0,61,44,37,0,0,37,0.700000000000017,,
"regional-compression-exact-study-2026-08-13","production",TRUE,12,"crossed",34,0.1,0.05,"stochastic","precomputed_exact_table","iid",202815400,202815432,100,25000,"frontier_exhausted","tolerance-not-met",TRUE,364,364,56,7,2268,2261,2268,2212,FALSE,1,2.22044604925031e-16,0,TRUE,TRUE,TRUE,2.22044604925031e-16,2.22044604925031e-16,2.22044604925031e-16,350,121,24,229,225,90,Inf,100,100,0,788,266,364,400,0,764,88.11,,
"regional-compression-exact-study-2026-08-13","production",TRUE,12,"crossed",34,0.2,0.05,"exact","precomputed_exact_table","exact",202815400,202815441,,25000,"certified","bounds-met",TRUE,46,46,36,36,36,0,36,0,TRUE,0.809192296589895,0.190807703410105,0.190807703410105,TRUE,TRUE,TRUE,0.190807703410105,0.211718693518963,0.0706582154417251,15,15,24,0,0,,,,,0,70,50,46,0,0,46,0.870000000000005,,
"regional-compression-exact-study-2026-08-13","production",TRUE,12,"crossed",34,0.2,0.05,"stochastic","precomputed_exact_table","iid",202815400,202815442,100,25000,"frontier_exhausted","tolerance-not-met",TRUE,364,364,36,7,1584,1577,1584,1548,FALSE,0.999839098205135,0.000160901794864721,0.189690013964747,TRUE,TRUE,TRUE,0.000160901794864721,0.000160914740947233,0.00016088962323213,350,121,24,229,225,90,Inf,100,100,0,788,265,364,400,0,764,87.75,,
"regional-compression-exact-study-2026-08-13","production",TRUE,12,"crossed",35,0.01,0.05,"exact","precomputed_exact_table","exact",202815500,202815511,,25000,"certified","bounds-met",TRUE,118,118,276,276,276,0,276,0,TRUE,0.990345458369157,0.00965454163084256,0.00965454163084187,TRUE,TRUE,TRUE,0.00965454163084256,0.00970144887400839,0.00378451208214772,39,39,24,0,0,,,,,0,142,98,118,0,0,118,3.77,,
"regional-compression-exact-study-2026-08-13","production",TRUE,12,"crossed",35,0.01,0.05,"stochastic","precomputed_exact_table","iid",202815500,202815512,100,25000,"frontier_exhausted","tolerance-not-met",TRUE,364,364,276,7,2268,2261,2268,1992,FALSE,0.999999999999999,7.7715611723761e-16,0,TRUE,TRUE,TRUE,7.7715611723761e-16,7.7715611723761e-16,7.7715611723761e-16,350,121,24,229,208,8,Inf,100,2319,0,11364,288,364,10976,0,11340,68.78,,
"regional-compression-exact-study-2026-08-13","production",TRUE,12,"crossed",35,0.05,0.05,"exact","precomputed_exact_table","exact",202815500,202815521,,25000,"certified","bounds-met",TRUE,73,73,119,119,119,0,119,0,TRUE,0.951491558049206,0.0485084419507935,0.0485084419507927,TRUE,TRUE,TRUE,0.0485084419507935,0.0497244645404608,0.0146946262496318,24,24,24,0,0,,,,,0,97,68,73,0,0,73,1.31,,
"regional-compression-exact-study-2026-08-13","production",TRUE,12,"crossed",35,0.05,0.05,"stochastic","precomputed_exact_table","iid",202815500,202815522,100,25000,"frontier_exhausted","tolerance-not-met",TRUE,364,364,119,7,2268,2261,2268,2149,FALSE,0.999999999999999,7.7715611723761e-16,0,TRUE,TRUE,TRUE,7.7715611723761e-16,7.7715611723761e-16,7.7715611723761e-16,350,121,24,229,208,8,Inf,100,2319,0,11364,287,364,10976,0,11340,78.47,,
"regional-compression-exact-study-2026-08-13","production",TRUE,12,"crossed",35,0.1,0.05,"exact","precomputed_exact_table","exact",202815500,202815531,,25000,"certified","bounds-met",TRUE,43,43,73,73,73,0,73,0,TRUE,0.907900831006589,0.0920991689934106,0.0920991689934099,TRUE,TRUE,TRUE,0.0920991689934106,0.0966201232985449,0.0362501554335308,14,14,24,0,0,,,,,0,67,48,43,0,0,43,0.590000000000003,,
"regional-compression-exact-study-2026-08-13","production",TRUE,12,"crossed",35,0.1,0.05,"stochastic","precomputed_exact_table","iid",202815500,202815532,100,25000,"frontier_exhausted","tolerance-not-met",TRUE,364,364,73,7,2268,2261,2268,2195,FALSE,0.999999999999999,7.7715611723761e-16,0,TRUE,TRUE,TRUE,7.7715611723761e-16,7.7715611723761e-16,7.7715611723761e-16,350,121,24,229,208,8,Inf,100,2319,0,11364,290,364,10976,0,11340,82.47,,
"regional-compression-exact-study-2026-08-13","production",TRUE,12,"crossed",35,0.2,0.05,"exact","precomputed_exact_table","exact",202815500,202815541,,25000,"certified","bounds-met",TRUE,31,31,45,45,45,0,45,0,TRUE,0.801937070890253,0.198062929109747,0.198062929109747,TRUE,TRUE,TRUE,0.198062929109747,0.220725139418303,0.0605011461705243,10,10,24,0,0,,,,,0,55,40,31,0,0,31,0.840000000000003,,
"regional-compression-exact-study-2026-08-13","production",TRUE,12,"crossed",35,0.2,0.05,"stochastic","precomputed_exact_table","iid",202815500,202815542,100,25000,"frontier_exhausted","tolerance-not-met",TRUE,364,364,45,7,2268,2261,2268,2223,FALSE,0.999999999999999,7.7715611723761e-16,0,TRUE,TRUE,TRUE,7.7715611723761e-16,7.7715611723761e-16,7.7715611723761e-16,350,121,24,229,208,8,Inf,100,2319,0,11364,288,364,10976,0,11340,85.89,,
"regional-compression-exact-study-2026-08-13","production",TRUE,12,"crossed",36,0.01,0.05,"exact","precomputed_exact_table","exact",202815600,202815611,,25000,"certified","bounds-met",TRUE,172,172,333,333,333,0,333,0,TRUE,0.990338832850482,0.00966116714951804,0.00966116714951478,TRUE,TRUE,TRUE,0.00966116714951804,0.00970813900499481,0.00294047041059442,57,57,24,0,0,,,,,0,196,134,172,0,0,172,5.1,,
"regional-compression-exact-study-2026-08-13","production",TRUE,12,"crossed",36,0.01,0.05,"stochastic","precomputed_exact_table","iid",202815600,202815612,100,25000,"budget_exhausted","budget-exhausted",TRUE,364,364,333,8,Inf,Inf,Inf,Inf,FALSE,0,1,1,TRUE,FALSE,TRUE,1,Inf,,338,121,24,217,204,50,Inf,100,2377,0,24458,273,364,24070,0,24434,82.28,,
"regional-compression-exact-study-2026-08-13","production",TRUE,12,"crossed",36,0.05,0.05,"exact","precomputed_exact_table","exact",202815600,202815621,,25000,"certified","bounds-met",TRUE,127,127,161,161,161,0,161,0,TRUE,0.950571689121682,0.0494283108783178,0.0494283108783147,TRUE,TRUE,TRUE,0.0494283108783178,0.0506916973605123,0.015538215577013,42,42,24,0,0,,,,,0,151,104,127,0,0,127,4.11,,
"regional-compression-exact-study-2026-08-13","production",TRUE,12,"crossed",36,0.05,0.05,"stochastic","precomputed_exact_table","iid",202815600,202815622,100,25000,"budget_exhausted","budget-exhausted",TRUE,364,364,161,8,Inf,Inf,Inf,Inf,FALSE,0,1,1,TRUE,FALSE,TRUE,1,Inf,,338,121,24,217,204,50,Inf,100,2377,0,24458,274,364,24070,0,24434,86.89,,
"regional-compression-exact-study-2026-08-13","production",TRUE,12,"crossed",36,0.1,0.05,"exact","precomputed_exact_table","exact",202815600,202815631,,25000,"certified","bounds-met",TRUE,64,64,98,98,98,0,98,0,TRUE,0.901597446533985,0.0984025534660148,0.0984025534660125,TRUE,TRUE,TRUE,0.0984025534660148,0.103587148410109,0.0298341438755563,21,21,24,0,0,,,,,0,88,62,64,0,0,64,1.44000000000003,,
"regional-compression-exact-study-2026-08-13","production",TRUE,12,"crossed",36,0.1,0.05,"stochastic","precomputed_exact_table","iid",202815600,202815632,100,25000,"budget_exhausted","budget-exhausted",TRUE,364,364,98,8,Inf,Inf,Inf,Inf,FALSE,0,1,1,TRUE,FALSE,TRUE,1,Inf,,338,121,24,217,204,50,Inf,100,2377,0,24458,272,364,24070,0,24434,94.78,,
"regional-compression-exact-study-2026-08-13","production",TRUE,12,"crossed",36,0.2,0.05,"exact","precomputed_exact_table","exact",202815600,202815641,,25000,"certified","bounds-met",TRUE,61,61,60,60,60,0,60,0,TRUE,0.811713552168346,0.188286447831654,0.188286447831653,TRUE,TRUE,TRUE,0.188286447831654,0.208607769323405,0.0437809167625452,20,20,24,0,0,,,,,0,85,60,61,0,0,61,1.61000000000001,,
"regional-compression-exact-study-2026-08-13","production",TRUE,12,"crossed",36,0.2,0.05,"stochastic","precomputed_exact_table","iid",202815600,202815642,100,25000,"budget_exhausted","budget-exhausted",TRUE,364,364,60,8,Inf,Inf,Inf,Inf,FALSE,0,1,1,TRUE,FALSE,TRUE,1,Inf,,338,121,24,217,204,50,Inf,100,2377,0,24458,273,364,24070,0,24434,94.29,,
"regional-compression-exact-study-2026-08-13","production",TRUE,12,"crossed",37,0.01,0.05,"exact","precomputed_exact_table","exact",202815700,202815711,,25000,"certified","bounds-met",TRUE,121,121,249,249,249,0,249,0,TRUE,0.99017566305862,0.00982433694137985,0.00982433694138283,TRUE,TRUE,TRUE,0.00982433694137985,0.0098729141607112,0.00447540637330189,40,40,24,0,0,,,,,0,145,100,121,0,0,121,2.83,,
"regional-compression-exact-study-2026-08-13","production",TRUE,12,"crossed",37,0.01,0.05,"stochastic","precomputed_exact_table","iid",202815700,202815712,100,25000,"frontier_exhausted","tolerance-not-met",TRUE,364,364,249,8,2268,2260,2268,2019,FALSE,1,-3.10862446895044e-15,0,TRUE,TRUE,TRUE,-3.10862446895044e-15,-3.10862446895043e-15,2.99760216648792e-15,350,121,24,229,225,621,Inf,621,621,0,2872,265,364,2484,0,2848,90.52,,
"regional-compression-exact-study-2026-08-13","production",TRUE,12,"crossed",37,0.05,0.05,"exact","precomputed_exact_table","exact",202815700,202815721,,25000,"certified","bounds-met",TRUE,76,76,99,99,99,0,99,0,TRUE,0.951499656179287,0.0485003438207133,0.0485003438207164,TRUE,TRUE,TRUE,0.0485003438207133,0.0497159535919922,0.0206871275163498,25,25,24,0,0,,,,,0,100,70,76,0,0,76,1.55,,
"regional-compression-exact-study-2026-08-13","production",TRUE,12,"crossed",37,0.05,0.05,"stochastic","precomputed_exact_table","iid",202815700,202815722,100,25000,"frontier_exhausted","tolerance-not-met",TRUE,364,364,99,8,2268,2260,2268,2169,FALSE,1,-3.10862446895044e-15,0,TRUE,TRUE,TRUE,-3.10862446895044e-15,-3.10862446895043e-15,2.99760216648792e-15,350,121,24,229,225,621,Inf,621,621,0,2872,265,364,2484,0,2848,103.36,,
"regional-compression-exact-study-2026-08-13","production",TRUE,12,"crossed",37,0.1,0.05,"exact","precomputed_exact_table","exact",202815700,202815731,,25000,"certified","bounds-met",TRUE,55,55,64,64,64,0,64,0,TRUE,0.91301094287788,0.08698905712212,0.0869890571221227,TRUE,TRUE,TRUE,0.08698905712212,0.0910074128315258,0.0277624644858793,18,18,24,0,0,,,,,0,79,56,55,0,0,55,1.00999999999999,,
"regional-compression-exact-study-2026-08-13","production",TRUE,12,"crossed",37,0.1,0.05,"stochastic","precomputed_exact_table","iid",202815700,202815732,100,25000,"frontier_exhausted","tolerance-not-met",TRUE,364,364,64,8,2268,2260,2268,2204,FALSE,1,-3.10862446895044e-15,0,TRUE,TRUE,TRUE,-3.10862446895044e-15,-3.10862446895043e-15,2.99760216648792e-15,350,121,24,229,225,621,Inf,621,621,0,2872,265,364,2484,0,2848,105.83,,
"regional-compression-exact-study-2026-08-13","production",TRUE,12,"crossed",37,0.2,0.05,"exact","precomputed_exact_table","exact",202815700,202815741,,25000,"certified","bounds-met",TRUE,37,37,36,36,36,0,36,0,TRUE,0.803271853780939,0.196728146219061,0.196728146219064,TRUE,TRUE,TRUE,0.196728146219061,0.219062074657306,0.051428704729621,12,12,24,0,0,,,,,0,61,44,37,0,0,37,1.18000000000001,,
"regional-compression-exact-study-2026-08-13","production",TRUE,12,"crossed",37,0.2,0.05,"stochastic","precomputed_exact_table","iid",202815700,202815742,100,25000,"frontier_exhausted","tolerance-not-met",TRUE,364,364,36,8,2268,2260,2268,2232,FALSE,1,-3.10862446895044e-15,0,TRUE,TRUE,TRUE,-3.10862446895044e-15,-3.10862446895043e-15,2.99760216648792e-15,350,121,24,229,225,621,Inf,621,621,0,2872,265,364,2484,0,2848,96.86,,
"regional-compression-exact-study-2026-08-13","production",TRUE,12,"crossed",38,0.01,0.05,"exact","precomputed_exact_table","exact",202815800,202815811,,25000,"certified","bounds-met",TRUE,199,199,439,439,439,0,439,0,TRUE,0.99011463555606,0.00988536444394017,0.00988536444393697,TRUE,TRUE,TRUE,0.00988536444394017,0.00993454906608071,0.00426986629261694,66,66,24,0,0,,,,,0,223,152,199,0,0,199,6.66,,
"regional-compression-exact-study-2026-08-13","production",TRUE,12,"crossed",38,0.01,0.05,"stochastic","precomputed_exact_table","iid",202815800,202815812,100,25000,"frontier_exhausted","tolerance-not-met",TRUE,364,364,439,8,2268,2260,2268,1829,FALSE,0.999999999999997,3.21964677141295e-15,0,TRUE,TRUE,TRUE,3.21964677141295e-15,3.21964677141296e-15,3.10862446895044e-15,350,121,24,229,208,636,Inf,636,989,0,15156,286,364,14768,0,15132,85.55,,
"regional-compression-exact-study-2026-08-13","production",TRUE,12,"crossed",38,0.05,0.05,"exact","precomputed_exact_table","exact",202815800,202815821,,25000,"certified","bounds-met",TRUE,94,94,178,178,178,0,178,0,TRUE,0.950975517376814,0.0490244826231863,0.049024482623183,TRUE,TRUE,TRUE,0.0490244826231863,0.0502669608513977,0.0161774070872285,31,31,24,0,0,,,,,0,118,82,94,0,0,94,1.94000000000001,,
"regional-compression-exact-study-2026-08-13","production",TRUE,12,"crossed",38,0.05,0.05,"stochastic","precomputed_exact_table","iid",202815800,202815822,100,25000,"frontier_exhausted","tolerance-not-met",TRUE,364,364,178,8,2268,2260,2268,2090,FALSE,0.999999999999997,3.21964677141295e-15,0,TRUE,TRUE,TRUE,3.21964677141295e-15,3.21964677141296e-15,3.10862446895044e-15,350,121,24,229,208,636,Inf,636,989,0,15156,284,364,14768,0,15132,92.39,,
"regional-compression-exact-study-2026-08-13","production",TRUE,12,"crossed",38,0.1,0.05,"exact","precomputed_exact_table","exact",202815800,202815831,,25000,"certified","bounds-met",TRUE,73,73,122,122,122,0,122,0,TRUE,0.900618558352744,0.0993814416472558,0.0993814416472534,TRUE,TRUE,TRUE,0.0993814416472558,0.104673464672811,0.0266311165165649,24,24,24,0,0,,,,,0,97,68,73,0,0,73,1.55000000000001,,
"regional-compression-exact-study-2026-08-13","production",TRUE,12,"crossed",38,0.1,0.05,"stochastic","precomputed_exact_table","iid",202815800,202815832,100,25000,"frontier_exhausted","tolerance-not-met",TRUE,364,364,122,8,2268,2260,2268,2146,FALSE,0.999999999999997,3.21964677141295e-15,0,TRUE,TRUE,TRUE,3.21964677141295e-15,3.21964677141296e-15,3.10862446895044e-15,350,121,24,229,208,636,Inf,636,989,0,15156,285,364,14768,0,15132,97.33,,
"regional-compression-exact-study-2026-08-13","production",TRUE,12,"crossed",38,0.2,0.05,"exact","precomputed_exact_table","exact",202815800,202815841,,25000,"certified","bounds-met",TRUE,49,49,73,73,73,0,73,0,TRUE,0.805965031594703,0.194034968405297,0.194034968405295,TRUE,TRUE,TRUE,0.194034968405297,0.215714922534905,0.0897082485574874,16,16,24,0,0,,,,,0,73,52,49,0,0,49,1.17000000000002,,
"regional-compression-exact-study-2026-08-13","production",TRUE,12,"crossed",38,0.2,0.05,"stochastic","precomputed_exact_table","iid",202815800,202815842,100,25000,"frontier_exhausted","tolerance-not-met",TRUE,364,364,73,8,2268,2260,2268,2195,FALSE,0.999999999999997,3.21964677141295e-15,0,TRUE,TRUE,TRUE,3.21964677141295e-15,3.21964677141296e-15,3.10862446895044e-15,350,121,24,229,208,636,Inf,636,989,0,15156,282,364,14768,0,15132,93.63,,
"regional-compression-exact-study-2026-08-13","production",TRUE,12,"crossed",39,0.01,0.05,"exact","precomputed_exact_table","exact",202815900,202815911,,25000,"certified","bounds-met",TRUE,133,133,225,225,225,0,225,0,TRUE,0.990224881288444,0.00977511871155645,0.00977511871155681,TRUE,TRUE,TRUE,0.00977511871155645,0.0098232088321866,0.00489474152578702,44,44,24,0,0,,,,,0,157,108,133,0,0,133,3.28,,
"regional-compression-exact-study-2026-08-13","production",TRUE,12,"crossed",39,0.01,0.05,"stochastic","precomputed_exact_table","iid",202815900,202815912,100,25000,"frontier_exhausted","tolerance-not-met",TRUE,364,364,225,9,2268,2259,2268,2043,FALSE,1,-2.22044604925031e-16,0,TRUE,TRUE,TRUE,-2.22044604925031e-16,-2.22044604925031e-16,2.22044604925031e-16,350,121,24,229,208,278,Inf,278,302,0,6322,282,364,5934,0,6298,81.49,,
"regional-compression-exact-study-2026-08-13","production",TRUE,12,"crossed",39,0.05,0.05,"exact","precomputed_exact_table","exact",202815900,202815921,,25000,"certified","bounds-met",TRUE,91,91,98,98,98,0,98,0,TRUE,0.951397541577573,0.0486024584224271,0.0486024584224272,TRUE,TRUE,TRUE,0.0486024584224271,0.0498232789923681,0.0216970044889797,30,30,24,0,0,,,,,0,115,80,91,0,0,91,1.66999999999999,,
"regional-compression-exact-study-2026-08-13","production",TRUE,12,"crossed",39,0.05,0.05,"stochastic","precomputed_exact_table","iid",202815900,202815922,100,25000,"frontier_exhausted","tolerance-not-met",TRUE,364,364,98,9,2268,2259,2268,2170,FALSE,1,-2.22044604925031e-16,0,TRUE,TRUE,TRUE,-2.22044604925031e-16,-2.22044604925031e-16,2.22044604925031e-16,350,121,24,229,208,278,Inf,278,302,0,6322,283,364,5934,0,6298,89.08,,
"regional-compression-exact-study-2026-08-13","production",TRUE,12,"crossed",39,0.1,0.05,"exact","precomputed_exact_table","exact",202815900,202815931,,25000,"certified","bounds-met",TRUE,70,70,62,62,62,0,62,0,TRUE,0.903241265707183,0.0967587342928173,0.0967587342928177,TRUE,TRUE,TRUE,0.0967587342928173,0.101765578852032,0.0314216882475251,23,23,24,0,0,,,,,0,94,66,70,0,0,70,1.45000000000002,,
"regional-compression-exact-study-2026-08-13","production",TRUE,12,"crossed",39,0.1,0.05,"stochastic","precomputed_exact_table","iid",202815900,202815932,100,25000,"frontier_exhausted","tolerance-not-met",TRUE,364,364,62,8,2268,2260,2268,2206,FALSE,1,-2.22044604925031e-16,0,TRUE,TRUE,TRUE,-2.22044604925031e-16,-2.22044604925031e-16,2.22044604925031e-16,350,121,24,229,208,278,Inf,278,302,0,6322,281,364,5934,0,6298,97.25,,
"regional-compression-exact-study-2026-08-13","production",TRUE,12,"crossed",39,0.2,0.05,"exact","precomputed_exact_table","exact",202815900,202815941,,25000,"certified","bounds-met",TRUE,40,40,34,34,34,0,34,0,TRUE,0.820776641761891,0.179223358238109,0.17922335823811,TRUE,TRUE,TRUE,0.179223358238109,0.197504262862999,0.0787728085697299,13,13,24,0,0,,,,,0,64,46,40,0,0,40,1.06,,
"regional-compression-exact-study-2026-08-13","production",TRUE,12,"crossed",39,0.2,0.05,"stochastic","precomputed_exact_table","iid",202815900,202815942,100,25000,"frontier_exhausted","tolerance-not-met",TRUE,364,364,34,8,2268,2260,2268,2234,FALSE,1,-2.22044604925031e-16,0,TRUE,TRUE,TRUE,-2.22044604925031e-16,-2.22044604925031e-16,2.22044604925031e-16,350,121,24,229,208,278,Inf,278,302,0,6322,282,364,5934,0,6298,91.08,,
"regional-compression-exact-study-2026-08-13","production",TRUE,12,"crossed",40,0.01,0.05,"exact","precomputed_exact_table","exact",202816000,202816011,,25000,"certified","bounds-met",TRUE,139,139,241,241,241,0,241,0,TRUE,0.990071594325057,0.00992840567494313,0.00992840567494663,TRUE,TRUE,TRUE,0.00992840567494313,0.00997802096822834,0.00518038932828681,46,46,24,0,0,,,,,0,163,112,139,0,0,139,3.8,,
"regional-compression-exact-study-2026-08-13","production",TRUE,12,"crossed",40,0.01,0.05,"stochastic","precomputed_exact_table","iid",202816000,202816012,100,25000,"frontier_exhausted","tolerance-not-met",TRUE,364,364,241,8,2268,2260,2268,2027,FALSE,1,-3.5527136788005e-15,0,TRUE,TRUE,TRUE,-3.5527136788005e-15,-3.55271367880049e-15,3.21964677141295e-15,350,121,24,229,225,427,Inf,427,427,0,2096,265,364,1708,0,2072,82.44,,
"regional-compression-exact-study-2026-08-13","production",TRUE,12,"crossed",40,0.05,0.05,"exact","precomputed_exact_table","exact",202816000,202816021,,25000,"certified","bounds-met",TRUE,106,106,125,125,125,0,125,0,TRUE,0.953447673963607,0.0465523260363934,0.0465523260363964,TRUE,TRUE,TRUE,0.0465523260363934,0.0476707333042393,0.0129294996789117,35,35,24,0,0,,,,,0,130,90,106,0,0,106,2.55,,
"regional-compression-exact-study-2026-08-13","production",TRUE,12,"crossed",40,0.05,0.05,"stochastic","precomputed_exact_table","iid",202816000,202816022,100,25000,"frontier_exhausted","tolerance-not-met",TRUE,364,364,125,7,2268,2261,2268,2143,FALSE,1,-3.5527136788005e-15,0,TRUE,TRUE,TRUE,-3.5527136788005e-15,-3.55271367880049e-15,3.21964677141295e-15,350,121,24,229,225,427,Inf,427,427,0,2096,265,364,1708,0,2072,87.58,,
"regional-compression-exact-study-2026-08-13","production",TRUE,12,"crossed",40,0.1,0.05,"exact","precomputed_exact_table","exact",202816000,202816031,,25000,"certified","bounds-met",TRUE,58,58,72,72,72,0,72,0,TRUE,0.905941904796249,0.0940580952037509,0.0940580952037544,TRUE,TRUE,TRUE,0.0940580952037509,0.0987800977365555,0.0337907726105747,19,19,24,0,0,,,,,0,82,58,58,0,0,58,1.55000000000001,,
"regional-compression-exact-study-2026-08-13","production",TRUE,12,"crossed",40,0.1,0.05,"stochastic","precomputed_exact_table","iid",202816000,202816032,100,25000,"frontier_exhausted","tolerance-not-met",TRUE,364,364,72,7,2268,2261,2268,2196,FALSE,1,-3.5527136788005e-15,0,TRUE,TRUE,TRUE,-3.5527136788005e-15,-3.55271367880049e-15,3.21964677141295e-15,350,121,24,229,225,427,Inf,427,427,0,2096,265,364,1708,0,2072,94.17,,
"regional-compression-exact-study-2026-08-13","production",TRUE,12,"crossed",40,0.2,0.05,"exact","precomputed_exact_table","exact",202816000,202816041,,25000,"certified","bounds-met",TRUE,55,55,42,42,42,0,42,0,TRUE,0.800872871984423,0.199127128015577,0.19912712801558,TRUE,TRUE,TRUE,0.199127128015577,0.222053056139736,0.106199678530081,18,18,24,0,0,,,,,0,79,56,55,0,0,55,1.17999999999995,,
"regional-compression-exact-study-2026-08-13","production",TRUE,12,"crossed",40,0.2,0.05,"stochastic","precomputed_exact_table","iid",202816000,202816042,100,25000,"frontier_exhausted","tolerance-not-met",TRUE,364,364,42,7,2268,2261,2268,2226,FALSE,1,-3.5527136788005e-15,0,TRUE,TRUE,TRUE,-3.5527136788005e-15,-3.55271367880049e-15,3.21964677141295e-15,350,121,24,229,225,427,Inf,427,427,0,2096,265,364,1708,0,2072,86.92,,
"regional-compression-exact-study-2026-08-13","production",TRUE,12,"crossed",41,0.01,0.05,"exact","precomputed_exact_table","exact",202816100,202816111,,25000,"certified","bounds-met",TRUE,88,88,177,177,177,0,177,0,TRUE,0.990079803108519,0.0099201968914806,0.00992019689147828,TRUE,TRUE,TRUE,0.0099201968914806,0.00996972990172382,0.00418338116181927,29,29,24,0,0,,,,,0,112,78,88,0,0,88,2.68,,
"regional-compression-exact-study-2026-08-13","production",TRUE,12,"crossed",41,0.01,0.05,"stochastic","precomputed_exact_table","iid",202816100,202816112,100,25000,"frontier_exhausted","tolerance-not-met",TRUE,364,364,177,8,2268,2260,2268,2091,FALSE,0.999999999999998,2.33146835171283e-15,0,TRUE,TRUE,TRUE,2.33146835171283e-15,2.33146835171283e-15,2.33146835171283e-15,350,121,24,229,208,403,Inf,403,437,0,9429,282,364,9041,0,9405,76.37,,
"regional-compression-exact-study-2026-08-13","production",TRUE,12,"crossed",41,0.05,0.05,"exact","precomputed_exact_table","exact",202816100,202816121,,25000,"certified","bounds-met",TRUE,61,61,75,75,75,0,75,0,TRUE,0.952798569149817,0.0472014308501831,0.047201430850181,TRUE,TRUE,TRUE,0.0472014308501831,0.0483517626741045,0.0157676290197707,20,20,24,0,0,,,,,0,85,60,61,0,0,61,0.969999999999999,,
"regional-compression-exact-study-2026-08-13","production",TRUE,12,"crossed",41,0.05,0.05,"stochastic","precomputed_exact_table","iid",202816100,202816122,100,25000,"frontier_exhausted","tolerance-not-met",TRUE,364,364,75,8,2268,2260,2268,2193,FALSE,0.999999999999998,2.33146835171283e-15,0,TRUE,TRUE,TRUE,2.33146835171283e-15,2.33146835171283e-15,2.33146835171283e-15,350,121,24,229,208,403,Inf,403,437,0,9429,284,364,9041,0,9405,83.09,,
"regional-compression-exact-study-2026-08-13","production",TRUE,12,"crossed",41,0.1,0.05,"exact","precomputed_exact_table","exact",202816100,202816131,,25000,"certified","bounds-met",TRUE,43,43,47,47,47,0,47,0,TRUE,0.910105493768625,0.0898945062313745,0.0898945062313727,TRUE,TRUE,TRUE,0.0898945062313745,0.0941947589720123,0.0345241478910048,14,14,24,0,0,,,,,0,67,48,43,0,0,43,0.789999999999992,,
"regional-compression-exact-study-2026-08-13","production",TRUE,12,"crossed",41,0.1,0.05,"stochastic","precomputed_exact_table","iid",202816100,202816132,100,25000,"frontier_exhausted","tolerance-not-met",TRUE,364,364,47,8,2268,2260,2268,2221,FALSE,0.999999999999998,2.33146835171283e-15,0,TRUE,TRUE,TRUE,2.33146835171283e-15,2.33146835171283e-15,2.33146835171283e-15,350,121,24,229,208,403,Inf,403,437,0,9429,284,364,9041,0,9405,88.66,,
"regional-compression-exact-study-2026-08-13","production",TRUE,12,"crossed",41,0.2,0.05,"exact","precomputed_exact_table","exact",202816100,202816141,,25000,"certified","bounds-met",TRUE,37,37,28,28,28,0,28,0,TRUE,0.846132184795077,0.153867815204923,0.153867815204921,TRUE,TRUE,TRUE,0.153867815204923,0.167079684778482,0.0514187928805757,12,12,24,0,0,,,,,0,61,44,37,0,0,37,0.680000000000007,,
"regional-compression-exact-study-2026-08-13","production",TRUE,12,"crossed",41,0.2,0.05,"stochastic","precomputed_exact_table","iid",202816100,202816142,100,25000,"frontier_exhausted","tolerance-not-met",TRUE,364,364,28,8,2268,2260,2268,2240,FALSE,0.999999999999998,2.33146835171283e-15,0,TRUE,TRUE,TRUE,2.33146835171283e-15,2.33146835171283e-15,2.33146835171283e-15,350,121,24,229,208,403,Inf,403,437,0,9429,284,364,9041,0,9405,88.33,,
"regional-compression-exact-study-2026-08-13","production",TRUE,12,"crossed",42,0.01,0.05,"exact","precomputed_exact_table","exact",202816200,202816211,,25000,"certified","bounds-met",TRUE,139,139,276,276,276,0,276,0,TRUE,0.990077401028667,0.00992259897133274,0.00992259897133204,TRUE,TRUE,TRUE,0.00992259897133274,0.00997215605238208,0.00374150292689874,46,46,24,0,0,,,,,0,163,112,139,0,0,139,3.55,,
"regional-compression-exact-study-2026-08-13","production",TRUE,12,"crossed",42,0.01,0.05,"stochastic","precomputed_exact_table","iid",202816200,202816212,100,25000,"frontier_exhausted","tolerance-not-met",TRUE,364,364,276,9,2268,2259,2268,1992,FALSE,0.999999999999999,6.66133814775094e-16,0,TRUE,TRUE,TRUE,6.66133814775094e-16,6.66133814775094e-16,6.66133814775094e-16,350,121,24,229,208,13,Inf,100,1530,0,8208,285,364,7820,0,8184,86.58,,
"regional-compression-exact-study-2026-08-13","production",TRUE,12,"crossed",42,0.05,0.05,"exact","precomputed_exact_table","exact",202816200,202816221,,25000,"certified","bounds-met",TRUE,100,100,129,129,129,0,129,0,TRUE,0.950197818631074,0.0498021813689264,0.0498021813689258,TRUE,TRUE,TRUE,0.0498021813689264,0.0510850859264644,0.0171441674227599,33,33,24,0,0,,,,,0,124,86,100,0,0,100,2.45,,
"regional-compression-exact-study-2026-08-13","production",TRUE,12,"crossed",42,0.05,0.05,"stochastic","precomputed_exact_table","iid",202816200,202816222,100,25000,"frontier_exhausted","tolerance-not-met",TRUE,364,364,129,9,2268,2259,2268,2139,FALSE,0.999999999999999,6.66133814775094e-16,0,TRUE,TRUE,TRUE,6.66133814775094e-16,6.66133814775094e-16,6.66133814775094e-16,350,121,24,229,208,13,Inf,100,1530,0,8208,284,364,7820,0,8184,94.37,,
"regional-compression-exact-study-2026-08-13","production",TRUE,12,"crossed",42,0.1,0.05,"exact","precomputed_exact_table","exact",202816200,202816231,,25000,"certified","bounds-met",TRUE,61,61,75,75,75,0,75,0,TRUE,0.900591212311608,0.0994087876883917,0.0994087876883908,TRUE,TRUE,TRUE,0.0994087876883917,0.104703828755422,0.0226464501463227,20,20,24,0,0,,,,,0,85,60,61,0,0,61,1.78,,
"regional-compression-exact-study-2026-08-13","production",TRUE,12,"crossed",42,0.1,0.05,"stochastic","precomputed_exact_table","iid",202816200,202816232,100,25000,"frontier_exhausted","tolerance-not-met",TRUE,364,364,75,9,2268,2259,2268,2193,FALSE,0.999999999999999,6.66133814775094e-16,0,TRUE,TRUE,TRUE,6.66133814775094e-16,6.66133814775094e-16,6.66133814775094e-16,350,121,24,229,208,13,Inf,100,1530,0,8208,286,364,7820,0,8184,99.81,,
"regional-compression-exact-study-2026-08-13","production",TRUE,12,"crossed",42,0.2,0.05,"exact","precomputed_exact_table","exact",202816200,202816241,,25000,"certified","bounds-met",TRUE,31,31,36,36,36,0,36,0,TRUE,0.813717086973684,0.186282913026316,0.186282913026316,TRUE,TRUE,TRUE,0.186282913026316,0.206142532392613,0.049911657680429,10,10,24,0,0,,,,,0,55,40,31,0,0,31,0.449999999999989,,
"regional-compression-exact-study-2026-08-13","production",TRUE,12,"crossed",42,0.2,0.05,"stochastic","precomputed_exact_table","iid",202816200,202816242,100,25000,"frontier_exhausted","tolerance-not-met",TRUE,364,364,36,9,2268,2259,2268,2232,FALSE,0.999999999999999,6.66133814775094e-16,0,TRUE,TRUE,TRUE,6.66133814775094e-16,6.66133814775094e-16,6.66133814775094e-16,350,121,24,229,208,13,Inf,100,1530,0,8208,285,364,7820,0,8184,92.53,,
"regional-compression-exact-study-2026-08-13","production",TRUE,12,"crossed",43,0.01,0.05,"exact","precomputed_exact_table","exact",202816300,202816311,,25000,"certified","bounds-met",TRUE,172,172,388,388,388,0,388,0,TRUE,0.990105043415069,0.00989495658493067,0.00989495658493329,TRUE,TRUE,TRUE,0.00989495658493067,0.00994423702251548,0.00334278127210588,57,57,24,0,0,,,,,0,196,133,172,0,0,172,6.05,,
"regional-compression-exact-study-2026-08-13","production",TRUE,12,"crossed",43,0.01,0.05,"stochastic","precomputed_exact_table","iid",202816300,202816312,100,25000,"frontier_exhausted","tolerance-not-met",TRUE,364,364,388,7,2268,2261,2268,1880,FALSE,1,-2.66453525910038e-15,0,TRUE,TRUE,TRUE,-2.66453525910038e-15,-2.66453525910037e-15,2.44249065417534e-15,350,121,24,229,208,109,Inf,109,439,0,3997,287,364,3609,0,3973,82.06,,
"regional-compression-exact-study-2026-08-13","production",TRUE,12,"crossed",43,0.05,0.05,"exact","precomputed_exact_table","exact",202816300,202816321,,25000,"certified","bounds-met",TRUE,112,112,166,166,166,0,166,0,TRUE,0.950343462272359,0.0496565377276408,0.0496565377276432,TRUE,TRUE,TRUE,0.0496565377276408,0.050931820493049,0.0187346821243759,37,37,24,0,0,,,,,0,136,93,112,0,0,112,3.05999999999999,,
"regional-compression-exact-study-2026-08-13","production",TRUE,12,"crossed",43,0.05,0.05,"stochastic","precomputed_exact_table","iid",202816300,202816322,100,25000,"frontier_exhausted","tolerance-not-met",TRUE,364,364,166,7,2268,2261,2268,2102,FALSE,1,-2.66453525910038e-15,0,TRUE,TRUE,TRUE,-2.66453525910038e-15,-2.66453525910037e-15,2.44249065417534e-15,350,121,24,229,208,109,Inf,109,439,0,3997,288,364,3609,0,3973,86.65,,
"regional-compression-exact-study-2026-08-13","production",TRUE,12,"crossed",43,0.1,0.05,"exact","precomputed_exact_table","exact",202816300,202816331,,25000,"certified","bounds-met",TRUE,82,82,106,106,106,0,106,0,TRUE,0.902834903509123,0.097165096490877,0.0971650964908795,TRUE,TRUE,TRUE,0.097165096490877,0.102215573389187,0.0290419147560636,27,27,24,0,0,,,,,0,106,73,82,0,0,82,1.89000000000001,,
"regional-compression-exact-study-2026-08-13","production",TRUE,12,"crossed",43,0.1,0.05,"stochastic","precomputed_exact_table","iid",202816300,202816332,100,25000,"frontier_exhausted","tolerance-not-met",TRUE,364,364,106,7,1860,1853,1860,1754,FALSE,0.996639590051046,0.00336040994895448,0.087710256199228,TRUE,TRUE,TRUE,0.00336040994895448,0.00336606880741298,0.00312995337142274,350,121,24,229,208,109,Inf,109,439,0,3997,281,364,3609,0,3973,87.41,,
"regional-compression-exact-study-2026-08-13","production",TRUE,12,"crossed",43,0.2,0.05,"exact","precomputed_exact_table","exact",202816300,202816341,,25000,"certified","bounds-met",TRUE,64,64,60,60,60,0,60,0,TRUE,0.800859857188869,0.199140142811131,0.199140142811133,TRUE,TRUE,TRUE,0.199140142811131,0.222069307035178,0.0583206867737204,21,21,24,0,0,,,,,0,88,62,64,0,0,64,1.56,,
"regional-compression-exact-study-2026-08-13","production",TRUE,12,"crossed",43,0.2,0.05,"stochastic","precomputed_exact_table","iid",202816300,202816342,100,25000,"frontier_exhausted","tolerance-not-met",TRUE,364,364,60,7,1825,1818,1825,1765,FALSE,0.994766212755665,0.00523378724433543,0.183389856553535,TRUE,TRUE,TRUE,0.00523378724433543,0.00524753148606093,0.00488403515010005,350,121,24,229,208,109,Inf,109,439,0,3997,287,364,3609,0,3973,83.06,,
"regional-compression-exact-study-2026-08-13","production",TRUE,12,"crossed",44,0.01,0.05,"exact","precomputed_exact_table","exact",202816400,202816411,,25000,"certified","bounds-met",TRUE,115,115,185,185,185,0,185,0,TRUE,0.990449979513816,0.00955002048618359,0.00955002048618668,TRUE,TRUE,TRUE,0.00955002048618359,0.00959591435716026,0.00331043709287752,38,38,24,0,0,,,,,0,139,96,115,0,0,115,3.51,,
"regional-compression-exact-study-2026-08-13","production",TRUE,12,"crossed",44,0.01,0.05,"stochastic","precomputed_exact_table","iid",202816400,202816412,100,25000,"frontier_exhausted","tolerance-not-met",TRUE,364,364,185,8,2268,2260,2268,2083,FALSE,1,-3.33066907387547e-15,0,TRUE,TRUE,TRUE,-3.33066907387547e-15,-3.33066907387546e-15,3.33066907387547e-15,350,121,24,229,207,169,Inf,169,2389,0,8043,283,364,7655,0,8019,84.47,,
"regional-compression-exact-study-2026-08-13","production",TRUE,12,"crossed",44,0.05,0.05,"exact","precomputed_exact_table","exact",202816400,202816421,,25000,"certified","bounds-met",TRUE,58,58,73,73,73,0,73,0,TRUE,0.953727057482755,0.0462729425172452,0.046272942517248,TRUE,TRUE,TRUE,0.0462729425172452,0.047377751736751,0.0231967751522715,19,19,24,0,0,,,,,0,82,58,58,0,0,58,1.06999999999999,,
"regional-compression-exact-study-2026-08-13","production",TRUE,12,"crossed",44,0.05,0.05,"stochastic","precomputed_exact_table","iid",202816400,202816422,100,25000,"frontier_exhausted","tolerance-not-met",TRUE,364,364,73,8,2268,2260,2268,2195,FALSE,1,-3.33066907387547e-15,0,TRUE,TRUE,TRUE,-3.33066907387547e-15,-3.33066907387546e-15,3.33066907387547e-15,350,121,24,229,207,169,Inf,169,2389,0,8043,282,364,7655,0,8019,90.87,,
"regional-compression-exact-study-2026-08-13","production",TRUE,12,"crossed",44,0.1,0.05,"exact","precomputed_exact_table","exact",202816400,202816431,,25000,"certified","bounds-met",TRUE,28,28,38,38,38,0,38,0,TRUE,0.901563538719901,0.0984364612800988,0.0984364612801012,TRUE,TRUE,TRUE,0.0984364612800988,0.103624757713289,0.0215438340033856,9,9,24,0,0,,,,,0,52,38,28,0,0,28,0.840000000000003,,
"regional-compression-exact-study-2026-08-13","production",TRUE,12,"crossed",44,0.1,0.05,"stochastic","precomputed_exact_table","iid",202816400,202816432,100,25000,"frontier_exhausted","tolerance-not-met",TRUE,364,364,38,8,2268,2260,2268,2230,FALSE,1,-3.33066907387547e-15,0,TRUE,TRUE,TRUE,-3.33066907387547e-15,-3.33066907387546e-15,3.33066907387547e-15,350,121,24,229,207,169,Inf,169,2389,0,8043,283,364,7655,0,8019,90.47,,
"regional-compression-exact-study-2026-08-13","production",TRUE,12,"crossed",44,0.2,0.05,"exact","precomputed_exact_table","exact",202816400,202816441,,25000,"certified","bounds-met",TRUE,19,19,18,18,18,0,18,0,TRUE,0.803094804812035,0.196905195187965,0.196905195187968,TRUE,TRUE,TRUE,0.196905195187965,0.219282508726543,0.0652677705500133,6,6,24,0,0,,,,,0,43,32,19,0,0,19,0.269999999999982,,
"regional-compression-exact-study-2026-08-13","production",TRUE,12,"crossed",44,0.2,0.05,"stochastic","precomputed_exact_table","iid",202816400,202816442,100,25000,"frontier_exhausted","tolerance-not-met",TRUE,364,364,18,8,2268,2260,2268,2250,FALSE,1,-3.33066907387547e-15,0,TRUE,TRUE,TRUE,-3.33066907387547e-15,-3.33066907387546e-15,3.33066907387547e-15,350,121,24,229,207,169,Inf,169,2389,0,8043,283,364,7655,0,8019,83.62,,
"regional-compression-exact-study-2026-08-13","production",TRUE,12,"crossed",45,0.01,0.05,"exact","precomputed_exact_table","exact",202816500,202816511,,25000,"certified","bounds-met",TRUE,127,127,236,236,236,0,236,0,TRUE,0.99013294503917,0.00986705496083029,0.00986705496082692,TRUE,TRUE,TRUE,0.00986705496083029,0.00991605695096357,0.00282779146882365,42,42,24,0,0,,,,,0,151,104,127,0,0,127,3.82,,
"regional-compression-exact-study-2026-08-13","production",TRUE,12,"crossed",45,0.01,0.05,"stochastic","precomputed_exact_table","iid",202816500,202816512,100,25000,"frontier_exhausted","tolerance-not-met",TRUE,364,364,236,8,2268,2260,2268,2032,FALSE,0.999999999999997,3.33066907387547e-15,0,TRUE,TRUE,TRUE,3.33066907387547e-15,3.33066907387548e-15,3.33066907387547e-15,350,121,24,229,212,660,Inf,660,660,0,11608,278,364,11220,0,11584,90.33,,
"regional-compression-exact-study-2026-08-13","production",TRUE,12,"crossed",45,0.05,0.05,"exact","precomputed_exact_table","exact",202816500,202816521,,25000,"certified","bounds-met",TRUE,91,91,102,102,102,0,102,0,TRUE,0.953231741826629,0.0467682581733712,0.0467682581733679,TRUE,TRUE,TRUE,0.0467682581733712,0.0478972340322723,0.0116800637766017,30,30,24,0,0,,,,,0,115,80,91,0,0,91,1.86,,
"regional-compression-exact-study-2026-08-13","production",TRUE,12,"crossed",45,0.05,0.05,"stochastic","precomputed_exact_table","iid",202816500,202816522,100,25000,"frontier_exhausted","tolerance-not-met",TRUE,364,364,102,8,2268,2260,2268,2166,FALSE,0.999999999999997,3.33066907387547e-15,0,TRUE,TRUE,TRUE,3.33066907387547e-15,3.33066907387548e-15,3.33066907387547e-15,350,121,24,229,212,660,Inf,660,660,0,11608,278,364,11220,0,11584,93.6,,
"regional-compression-exact-study-2026-08-13","production",TRUE,12,"crossed",45,0.1,0.05,"exact","precomputed_exact_table","exact",202816500,202816531,,25000,"certified","bounds-met",TRUE,37,37,56,56,56,0,56,0,TRUE,0.903397707359535,0.096602292640465,0.0966022926404626,TRUE,TRUE,TRUE,0.096602292640465,0.101592393555937,0.0194587615606088,12,12,24,0,0,,,,,0,61,44,37,0,0,37,0.539999999999992,,
"regional-compression-exact-study-2026-08-13","production",TRUE,12,"crossed",45,0.1,0.05,"stochastic","precomputed_exact_table","iid",202816500,202816532,100,25000,"frontier_exhausted","tolerance-not-met",TRUE,364,364,56,8,2268,2260,2268,2212,FALSE,0.999999999999997,3.33066907387547e-15,0,TRUE,TRUE,TRUE,3.33066907387547e-15,3.33066907387548e-15,3.33066907387547e-15,350,121,24,229,212,660,Inf,660,660,0,11608,278,364,11220,0,11584,92.08,,
"regional-compression-exact-study-2026-08-13","production",TRUE,12,"crossed",45,0.2,0.05,"exact","precomputed_exact_table","exact",202816500,202816541,,25000,"certified","bounds-met",TRUE,31,31,36,36,36,0,36,0,TRUE,0.838411782932062,0.161588217067938,0.161588217067936,TRUE,TRUE,TRUE,0.161588217067938,0.176245911444386,0.0265481485035948,10,10,24,0,0,,,,,0,55,40,31,0,0,31,0.639999999999986,,
"regional-compression-exact-study-2026-08-13","production",TRUE,12,"crossed",45,0.2,0.05,"stochastic","precomputed_exact_table","iid",202816500,202816542,100,25000,"frontier_exhausted","tolerance-not-met",TRUE,364,364,36,8,2268,2260,2268,2232,FALSE,0.999999999999997,3.33066907387547e-15,0,TRUE,TRUE,TRUE,3.33066907387547e-15,3.33066907387548e-15,3.33066907387547e-15,350,121,24,229,212,660,Inf,660,660,0,11608,278,364,11220,0,11584,87.07,,
"regional-compression-exact-study-2026-08-13","production",TRUE,12,"crossed",46,0.01,0.05,"exact","precomputed_exact_table","exact",202816600,202816611,,25000,"certified","bounds-met",TRUE,154,154,285,285,285,0,285,0,TRUE,0.990136412010467,0.00986358798953324,0.00986358798953055,TRUE,TRUE,TRUE,0.00986358798953324,0.00991255543609671,0.00366267666461972,51,51,24,0,0,,,,,0,178,122,154,0,0,154,4.94,,
"regional-compression-exact-study-2026-08-13","production",TRUE,12,"crossed",46,0.01,0.05,"stochastic","precomputed_exact_table","iid",202816600,202816612,100,25000,"frontier_exhausted","tolerance-not-met",TRUE,364,364,285,8,2268,2260,2268,1983,FALSE,0.999999999999997,2.66453525910038e-15,0,TRUE,TRUE,TRUE,2.66453525910038e-15,2.66453525910038e-15,2.22044604925031e-15,350,121,24,229,225,365,Inf,365,365,0,1848,265,364,1460,0,1824,96.88,,
"regional-compression-exact-study-2026-08-13","production",TRUE,12,"crossed",46,0.05,0.05,"exact","precomputed_exact_table","exact",202816600,202816621,,25000,"certified","bounds-met",TRUE,103,103,134,134,134,0,134,0,TRUE,0.9529550072328,0.0470449927672004,0.0470449927671979,TRUE,TRUE,TRUE,0.0470449927672004,0.048187588160387,0.0158128047478039,34,34,24,0,0,,,,,0,127,88,103,0,0,103,3.19999999999999,,
"regional-compression-exact-study-2026-08-13","production",TRUE,12,"crossed",46,0.05,0.05,"stochastic","precomputed_exact_table","iid",202816600,202816622,100,25000,"frontier_exhausted","tolerance-not-met",TRUE,364,364,134,8,2268,2260,2268,2134,FALSE,0.999999999999997,2.66453525910038e-15,0,TRUE,TRUE,TRUE,2.66453525910038e-15,2.66453525910038e-15,2.22044604925031e-15,350,121,24,229,225,365,Inf,365,365,0,1848,265,364,1460,0,1824,103.03,,
"regional-compression-exact-study-2026-08-13","production",TRUE,12,"crossed",46,0.1,0.05,"exact","precomputed_exact_table","exact",202816600,202816631,,25000,"certified","bounds-met",TRUE,64,64,80,80,80,0,80,0,TRUE,0.907862895089872,0.0921371049101284,0.0921371049101259,TRUE,TRUE,TRUE,0.0921371049101284,0.0966619083790353,0.0261748413097287,21,21,24,0,0,,,,,0,88,62,64,0,0,64,1.63,,
"regional-compression-exact-study-2026-08-13","production",TRUE,12,"crossed",46,0.1,0.05,"stochastic","precomputed_exact_table","iid",202816600,202816632,100,25000,"frontier_exhausted","tolerance-not-met",TRUE,364,364,80,8,2268,2260,2268,2188,FALSE,0.999999999999997,2.66453525910038e-15,0,TRUE,TRUE,TRUE,2.66453525910038e-15,2.66453525910038e-15,2.22044604925031e-15,350,121,24,229,225,365,Inf,365,365,0,1848,265,364,1460,0,1824,95.45,,
"regional-compression-exact-study-2026-08-13","production",TRUE,12,"crossed",46,0.2,0.05,"exact","precomputed_exact_table","exact",202816600,202816641,,25000,"certified","bounds-met",TRUE,49,49,43,43,43,0,43,0,TRUE,0.800521946913407,0.199478053086593,0.199478053086591,TRUE,TRUE,TRUE,0.199478053086593,0.222491330414751,0.0946372958089401,16,16,24,0,0,,,,,0,73,52,49,0,0,49,1,,
"regional-compression-exact-study-2026-08-13","production",TRUE,12,"crossed",46,0.2,0.05,"stochastic","precomputed_exact_table","iid",202816600,202816642,100,25000,"frontier_exhausted","tolerance-not-met",TRUE,364,364,43,8,2268,2260,2268,2225,FALSE,0.999999999999997,2.66453525910038e-15,0,TRUE,TRUE,TRUE,2.66453525910038e-15,2.66453525910038e-15,2.22044604925031e-15,350,121,24,229,225,365,Inf,365,365,0,1848,265,364,1460,0,1824,92.6799999999999,,
"regional-compression-exact-study-2026-08-13","production",TRUE,12,"crossed",47,0.01,0.05,"exact","precomputed_exact_table","exact",202816700,202816711,,25000,"certified","bounds-met",TRUE,100,100,217,217,217,0,217,0,TRUE,0.99030042242944,0.00969957757055984,0.00969957757055869,TRUE,TRUE,TRUE,0.00969957757055984,0.00974692488782958,0.00426664202799322,33,33,24,0,0,,,,,0,124,86,100,0,0,100,2.94,,
"regional-compression-exact-study-2026-08-13","production",TRUE,12,"crossed",47,0.01,0.05,"stochastic","precomputed_exact_table","iid",202816700,202816712,100,25000,"frontier_exhausted","tolerance-not-met",TRUE,364,364,217,8,2268,2260,2268,2051,FALSE,0.999999999999999,1.22124532708767e-15,0,TRUE,TRUE,TRUE,1.22124532708767e-15,1.22124532708767e-15,1.22124532708767e-15,350,121,24,229,208,349,Inf,349,521,0,8405,282,364,8017,0,8381,86.41,,
"regional-compression-exact-study-2026-08-13","production",TRUE,12,"crossed",47,0.05,0.05,"exact","precomputed_exact_table","exact",202816700,202816721,,25000,"certified","bounds-met",TRUE,61,61,93,93,93,0,93,0,TRUE,0.954496959232861,0.0455030407671388,0.045503040767138,TRUE,TRUE,TRUE,0.0455030407671388,0.046570821538684,0.0165760022025123,20,20,24,0,0,,,,,0,85,60,61,0,0,61,1.36,,
"regional-compression-exact-study-2026-08-13","production",TRUE,12,"crossed",47,0.05,0.05,"stochastic","precomputed_exact_table","iid",202816700,202816722,100,25000,"frontier_exhausted","tolerance-not-met",TRUE,364,364,93,8,2268,2260,2268,2175,FALSE,0.999999999999999,1.22124532708767e-15,0,TRUE,TRUE,TRUE,1.22124532708767e-15,1.22124532708767e-15,1.22124532708767e-15,350,121,24,229,208,349,Inf,349,521,0,8405,282,364,8017,0,8381,98.82,,
"regional-compression-exact-study-2026-08-13","production",TRUE,12,"crossed",47,0.1,0.05,"exact","precomputed_exact_table","exact",202816700,202816731,,25000,"certified","bounds-met",TRUE,49,49,56,56,56,0,56,0,TRUE,0.90558863181507,0.0944113681849301,0.0944113681849289,TRUE,TRUE,TRUE,0.0944113681849301,0.0991701248197516,0.0389292094719709,16,16,24,0,0,,,,,0,73,52,49,0,0,49,0.889999999999986,,
"regional-compression-exact-study-2026-08-13","production",TRUE,12,"crossed",47,0.1,0.05,"stochastic","precomputed_exact_table","iid",202816700,202816732,100,25000,"frontier_exhausted","tolerance-not-met",TRUE,364,364,56,8,2268,2260,2268,2212,FALSE,0.999999999999999,1.22124532708767e-15,0,TRUE,TRUE,TRUE,1.22124532708767e-15,1.22124532708767e-15,1.22124532708767e-15,350,121,24,229,208,349,Inf,349,521,0,8405,282,364,8017,0,8381,88.39,,
"regional-compression-exact-study-2026-08-13","production",TRUE,12,"crossed",47,0.2,0.05,"exact","precomputed_exact_table","exact",202816700,202816741,,25000,"certified","bounds-met",TRUE,25,25,28,28,28,0,28,0,TRUE,0.801105691829587,0.198894308170413,0.198894308170412,TRUE,TRUE,TRUE,0.198894308170413,0.221762390768722,0.062293764771809,8,8,24,0,0,,,,,0,49,36,25,0,0,25,0.28000000000003,,
"regional-compression-exact-study-2026-08-13","production",TRUE,12,"crossed",47,0.2,0.05,"stochastic","precomputed_exact_table","iid",202816700,202816742,100,25000,"frontier_exhausted","tolerance-not-met",TRUE,364,364,28,8,2268,2260,2268,2240,FALSE,0.999999999999999,1.22124532708767e-15,0,TRUE,TRUE,TRUE,1.22124532708767e-15,1.22124532708767e-15,1.22124532708767e-15,350,121,24,229,208,349,Inf,349,521,0,8405,282,364,8017,0,8381,87.36,,
"regional-compression-exact-study-2026-08-13","production",TRUE,12,"crossed",48,0.01,0.05,"exact","precomputed_exact_table","exact",202816800,202816811,,25000,"certified","bounds-met",TRUE,133,133,290,290,290,0,290,0,TRUE,0.990004235576494,0.00999576442350592,0.0099957644235074,TRUE,TRUE,TRUE,0.00999576442350592,0.0100460575025586,0.00365244774899713,44,44,24,0,0,,,,,0,157,108,133,0,0,133,5.36,,
"regional-compression-exact-study-2026-08-13","production",TRUE,12,"crossed",48,0.01,0.05,"stochastic","precomputed_exact_table","iid",202816800,202816812,100,25000,"frontier_exhausted","tolerance-not-met",TRUE,364,364,290,8,2268,2260,2268,1978,FALSE,1,-1.55431223447522e-15,0,TRUE,TRUE,TRUE,-1.55431223447522e-15,-1.55431223447522e-15,1.4432899320127e-15,350,121,24,229,207,70,Inf,100,620,0,3108,281,364,2720,0,3084,88.08,,
"regional-compression-exact-study-2026-08-13","production",TRUE,12,"crossed",48,0.05,0.05,"exact","precomputed_exact_table","exact",202816800,202816821,,25000,"certified","bounds-met",TRUE,94,94,125,125,125,0,125,0,TRUE,0.953249420174494,0.0467505798255062,0.0467505798255081,TRUE,TRUE,TRUE,0.0467505798255062,0.0478786885063916,0.0201034043054983,31,31,24,0,0,,,,,0,118,82,94,0,0,94,2.61,,
"regional-compression-exact-study-2026-08-13","production",TRUE,12,"crossed",48,0.05,0.05,"stochastic","precomputed_exact_table","iid",202816800,202816822,100,25000,"frontier_exhausted","tolerance-not-met",TRUE,364,364,125,8,2268,2260,2268,2143,FALSE,1,-1.55431223447522e-15,0,TRUE,TRUE,TRUE,-1.55431223447522e-15,-1.55431223447522e-15,1.4432899320127e-15,350,121,24,229,207,70,Inf,100,620,0,3108,282,364,2720,0,3084,89.61,,
"regional-compression-exact-study-2026-08-13","production",TRUE,12,"crossed",48,0.1,0.05,"exact","precomputed_exact_table","exact",202816800,202816831,,25000,"certified","bounds-met",TRUE,91,91,80,80,80,0,80,0,TRUE,0.907684229803975,0.0923157701960248,0.0923157701960259,TRUE,TRUE,TRUE,0.0923157701960248,0.0968587253980191,0.0301349915739582,30,30,24,0,0,,,,,0,115,80,91,0,0,91,2.32999999999998,,
"regional-compression-exact-study-2026-08-13","production",TRUE,12,"crossed",48,0.1,0.05,"stochastic","precomputed_exact_table","iid",202816800,202816832,100,25000,"frontier_exhausted","tolerance-not-met",TRUE,364,364,80,8,2268,2260,2268,2188,FALSE,1,-1.55431223447522e-15,0,TRUE,TRUE,TRUE,-1.55431223447522e-15,-1.55431223447522e-15,1.4432899320127e-15,350,121,24,229,207,70,Inf,100,620,0,3108,281,364,2720,0,3084,86.26,,
"regional-compression-exact-study-2026-08-13","production",TRUE,12,"crossed",48,0.2,0.05,"exact","precomputed_exact_table","exact",202816800,202816841,,25000,"certified","bounds-met",TRUE,52,52,43,43,43,0,43,0,TRUE,0.808469908171819,0.191530091828181,0.191530091828183,TRUE,TRUE,TRUE,0.191530091828181,0.212611819987479,0.0725506728046071,17,17,24,0,0,,,,,0,76,54,52,0,0,52,1.01999999999998,,
"regional-compression-exact-study-2026-08-13","production",TRUE,12,"crossed",48,0.2,0.05,"stochastic","precomputed_exact_table","iid",202816800,202816842,100,25000,"frontier_exhausted","tolerance-not-met",TRUE,364,364,43,8,2268,2260,2268,2225,FALSE,1,-1.55431223447522e-15,0,TRUE,TRUE,TRUE,-1.55431223447522e-15,-1.55431223447522e-15,1.4432899320127e-15,350,121,24,229,207,70,Inf,100,620,0,3108,281,364,2720,0,3084,84.43,,
"regional-compression-exact-study-2026-08-13","production",TRUE,12,"crossed",49,0.01,0.05,"exact","precomputed_exact_table","exact",202816900,202816911,,25000,"certified","bounds-met",TRUE,118,118,221,221,221,0,221,0,TRUE,0.990057135067475,0.00994286493252527,0.00994286493252496,TRUE,TRUE,TRUE,0.00994286493252527,0.00999262532941736,0.00410064623139111,39,39,24,0,0,,,,,0,142,98,118,0,0,118,3.33,,
"regional-compression-exact-study-2026-08-13","production",TRUE,12,"crossed",49,0.01,0.05,"stochastic","precomputed_exact_table","iid",202816900,202816912,100,25000,"frontier_exhausted","tolerance-not-met",TRUE,364,364,221,9,2268,2259,2268,2047,FALSE,1,3.33066907387547e-16,0,TRUE,TRUE,TRUE,3.33066907387547e-16,3.33066907387547e-16,4.44089209850063e-16,350,121,24,229,207,167,Inf,167,2207,0,6414,283,364,6026,0,6390,97.81,,
"regional-compression-exact-study-2026-08-13","production",TRUE,12,"crossed",49,0.05,0.05,"exact","precomputed_exact_table","exact",202816900,202816921,,25000,"certified","bounds-met",TRUE,61,61,83,83,83,0,83,0,TRUE,0.950231717715715,0.0497682822842854,0.0497682822842851,TRUE,TRUE,TRUE,0.0497682822842854,0.0510494107446213,0.0225790790384053,20,20,24,0,0,,,,,0,85,60,61,0,0,61,1.73999999999999,,
"regional-compression-exact-study-2026-08-13","production",TRUE,12,"crossed",49,0.05,0.05,"stochastic","precomputed_exact_table","iid",202816900,202816922,100,25000,"frontier_exhausted","tolerance-not-met",TRUE,364,364,83,9,2268,2259,2268,2185,FALSE,1,3.33066907387547e-16,0,TRUE,TRUE,TRUE,3.33066907387547e-16,3.33066907387547e-16,4.44089209850063e-16,350,121,24,229,207,167,Inf,167,2207,0,6414,283,364,6026,0,6390,107.29,,
"regional-compression-exact-study-2026-08-13","production",TRUE,12,"crossed",49,0.1,0.05,"exact","precomputed_exact_table","exact",202816900,202816931,,25000,"certified","bounds-met",TRUE,46,46,55,55,55,0,55,0,TRUE,0.917111504815103,0.0828884951848974,0.0828884951848969,TRUE,TRUE,TRUE,0.0828884951848974,0.0865262167187972,0.0288159253400643,15,15,24,0,0,,,,,0,70,50,46,0,0,46,1.46000000000001,,
"regional-compression-exact-study-2026-08-13","production",TRUE,12,"crossed",49,0.1,0.05,"stochastic","precomputed_exact_table","iid",202816900,202816932,100,25000,"frontier_exhausted","tolerance-not-met",TRUE,364,364,55,8,2268,2260,2268,2213,FALSE,1,3.33066907387547e-16,0,TRUE,TRUE,TRUE,3.33066907387547e-16,3.33066907387547e-16,4.44089209850063e-16,350,121,24,229,207,167,Inf,167,2207,0,6414,283,364,6026,0,6390,114.89,,
"regional-compression-exact-study-2026-08-13","production",TRUE,12,"crossed",49,0.2,0.05,"exact","precomputed_exact_table","exact",202816900,202816941,,25000,"certified","bounds-met",TRUE,46,46,36,36,36,0,36,0,TRUE,0.819952971688689,0.180047028311311,0.180047028311311,TRUE,TRUE,TRUE,0.180047028311311,0.198508291967663,0.0771393232624678,15,15,24,0,0,,,,,0,70,50,46,0,0,46,1.10999999999996,,
"regional-compression-exact-study-2026-08-13","production",TRUE,12,"crossed",49,0.2,0.05,"stochastic","precomputed_exact_table","iid",202816900,202816942,100,25000,"frontier_exhausted","tolerance-not-met",TRUE,364,364,36,8,2268,2260,2268,2232,FALSE,1,3.33066907387547e-16,0,TRUE,TRUE,TRUE,3.33066907387547e-16,3.33066907387547e-16,4.44089209850063e-16,350,121,24,229,207,167,Inf,167,2207,0,6414,283,364,6026,0,6390,99.65,,
"regional-compression-exact-study-2026-08-13","production",TRUE,12,"crossed",50,0.01,0.05,"exact","precomputed_exact_table","exact",202817000,202817011,,25000,"certified","bounds-met",TRUE,103,103,170,170,170,0,170,0,TRUE,0.99026001604992,0.00973998395007969,0.00973998395007715,TRUE,TRUE,TRUE,0.00973998395007969,0.00978772786333128,0.00437050761219826,34,34,24,0,0,,,,,0,127,88,103,0,0,103,3.79,,
"regional-compression-exact-study-2026-08-13","production",TRUE,12,"crossed",50,0.01,0.05,"stochastic","precomputed_exact_table","iid",202817000,202817012,100,25000,"frontier_exhausted","tolerance-not-met",TRUE,364,364,170,7,2268,2261,2268,2098,FALSE,0.999999999999997,2.55351295663786e-15,0,TRUE,TRUE,TRUE,2.55351295663786e-15,2.55351295663786e-15,2.55351295663786e-15,350,121,24,229,208,192,Inf,192,417,0,5320,281,364,4932,0,5296,77.76,,
"regional-compression-exact-study-2026-08-13","production",TRUE,12,"crossed",50,0.05,0.05,"exact","precomputed_exact_table","exact",202817000,202817021,,25000,"certified","bounds-met",TRUE,49,49,66,66,66,0,66,0,TRUE,0.950641170630911,0.0493588293690886,0.0493588293690862,TRUE,TRUE,TRUE,0.0493588293690886,0.0506186055876436,0.0161321880298604,16,16,24,0,0,,,,,0,73,52,49,0,0,49,1,,
"regional-compression-exact-study-2026-08-13","production",TRUE,12,"crossed",50,0.05,0.05,"stochastic","precomputed_exact_table","iid",202817000,202817022,100,25000,"frontier_exhausted","tolerance-not-met",TRUE,364,364,66,7,2268,2261,2268,2202,FALSE,0.999999999999997,2.55351295663786e-15,0,TRUE,TRUE,TRUE,2.55351295663786e-15,2.55351295663786e-15,2.55351295663786e-15,350,121,24,229,208,192,Inf,192,417,0,5320,281,364,4932,0,5296,79.48,,
"regional-compression-exact-study-2026-08-13","production",TRUE,12,"crossed",50,0.1,0.05,"exact","precomputed_exact_table","exact",202817000,202817031,,25000,"certified","bounds-met",TRUE,58,58,47,47,47,0,47,0,TRUE,0.915111070392596,0.0848889296074037,0.0848889296074012,TRUE,TRUE,TRUE,0.0848889296074037,0.0887098326663832,0.0329156101439874,19,19,24,0,0,,,,,0,82,58,58,0,0,58,1.22,,
"regional-compression-exact-study-2026-08-13","production",TRUE,12,"crossed",50,0.1,0.05,"stochastic","precomputed_exact_table","iid",202817000,202817032,100,25000,"frontier_exhausted","tolerance-not-met",TRUE,364,364,47,7,2268,2261,2268,2221,FALSE,0.999999999999997,2.55351295663786e-15,0,TRUE,TRUE,TRUE,2.55351295663786e-15,2.55351295663786e-15,2.55351295663786e-15,350,121,24,229,208,192,Inf,192,417,0,5320,281,364,4932,0,5296,89.06,,
"regional-compression-exact-study-2026-08-13","production",TRUE,12,"crossed",50,0.2,0.05,"exact","precomputed_exact_table","exact",202817000,202817041,,25000,"certified","bounds-met",TRUE,28,28,28,28,28,0,28,0,TRUE,0.854168874563452,0.145831125436548,0.145831125436545,TRUE,TRUE,TRUE,0.145831125436548,0.15762635935215,0.04816307232155,9,9,24,0,0,,,,,0,52,38,28,0,0,28,0.5,,
"regional-compression-exact-study-2026-08-13","production",TRUE,12,"crossed",50,0.2,0.05,"stochastic","precomputed_exact_table","iid",202817000,202817042,100,25000,"frontier_exhausted","tolerance-not-met",TRUE,364,364,28,7,2268,2261,2268,2240,FALSE,0.999999999999997,2.55351295663786e-15,0,TRUE,TRUE,TRUE,2.55351295663786e-15,2.55351295663786e-15,2.55351295663786e-15,350,121,24,229,208,192,Inf,192,417,0,5320,282,364,4932,0,5296,107.15,,
"regional-compression-exact-study-2026-08-13","production",TRUE,12,"crossed",51,0.01,0.05,"exact","precomputed_exact_table","exact",202817100,202817111,,25000,"certified","bounds-met",TRUE,166,166,363,363,363,0,363,0,TRUE,0.990004894324933,0.00999510567506678,0.00999510567506802,TRUE,TRUE,TRUE,0.00999510567506678,0.010045392103163,0.00360338289341264,55,55,24,0,0,,,,,0,190,130,166,0,0,166,7.07,,
"regional-compression-exact-study-2026-08-13","production",TRUE,12,"crossed",51,0.01,0.05,"stochastic","precomputed_exact_table","iid",202817100,202817112,100,25000,"frontier_exhausted","tolerance-not-met",TRUE,364,364,363,8,2268,2260,2268,1905,FALSE,1,-1.33226762955019e-15,0,TRUE,TRUE,TRUE,-1.33226762955019e-15,-1.33226762955019e-15,1.22124532708767e-15,350,121,24,229,207,9,Inf,100,806,0,8360,283,364,7972,0,8336,88.58,,
"regional-compression-exact-study-2026-08-13","production",TRUE,12,"crossed",51,0.05,0.05,"exact","precomputed_exact_table","exact",202817100,202817121,,25000,"certified","bounds-met",TRUE,112,112,163,163,163,0,163,0,TRUE,0.950395620053839,0.0496043799461611,0.0496043799461622,TRUE,TRUE,TRUE,0.0496043799461611,0.0508769389135858,0.0168681847888255,37,37,24,0,0,,,,,0,136,94,112,0,0,112,2.45999999999999,,
"regional-compression-exact-study-2026-08-13","production",TRUE,12,"crossed",51,0.05,0.05,"stochastic","precomputed_exact_table","iid",202817100,202817122,100,25000,"frontier_exhausted","tolerance-not-met",TRUE,364,364,163,8,2268,2260,2268,2105,FALSE,1,-1.33226762955019e-15,0,TRUE,TRUE,TRUE,-1.33226762955019e-15,-1.33226762955019e-15,1.22124532708767e-15,350,121,24,229,207,9,Inf,100,806,0,8360,283,364,7972,0,8336,97.2,,
"regional-compression-exact-study-2026-08-13","production",TRUE,12,"crossed",51,0.1,0.05,"exact","precomputed_exact_table","exact",202817100,202817131,,25000,"certified","bounds-met",TRUE,79,79,94,94,94,0,94,0,TRUE,0.901768155632019,0.0982318443679806,0.0982318443679819,TRUE,TRUE,TRUE,0.0982318443679806,0.103397825625712,0.028861751950738,26,26,24,0,0,,,,,0,103,72,79,0,0,79,2.54999999999998,,
"regional-compression-exact-study-2026-08-13","production",TRUE,12,"crossed",51,0.1,0.05,"stochastic","precomputed_exact_table","iid",202817100,202817132,100,25000,"frontier_exhausted","tolerance-not-met",TRUE,364,364,94,8,2268,2260,2268,2174,FALSE,1,-1.33226762955019e-15,0,TRUE,TRUE,TRUE,-1.33226762955019e-15,-1.33226762955019e-15,1.22124532708767e-15,350,121,24,229,207,9,Inf,100,806,0,8360,281,364,7972,0,8336,108.14,,
"regional-compression-exact-study-2026-08-13","production",TRUE,12,"crossed",51,0.2,0.05,"exact","precomputed_exact_table","exact",202817100,202817141,,25000,"certified","bounds-met",TRUE,43,43,56,56,56,0,56,0,TRUE,0.820520721845134,0.179479278154866,0.179479278154866,TRUE,TRUE,TRUE,0.179479278154866,0.197816113627529,0.0527024634861855,14,14,24,0,0,,,,,0,67,48,43,0,0,43,0.889999999999986,,
"regional-compression-exact-study-2026-08-13","production",TRUE,12,"crossed",51,0.2,0.05,"stochastic","precomputed_exact_table","iid",202817100,202817142,100,25000,"frontier_exhausted","tolerance-not-met",TRUE,364,364,56,8,2268,2260,2268,2212,FALSE,1,-1.33226762955019e-15,0,TRUE,TRUE,TRUE,-1.33226762955019e-15,-1.33226762955019e-15,1.22124532708767e-15,350,121,24,229,207,9,Inf,100,806,0,8360,283,364,7972,0,8336,93.11,,
"regional-compression-exact-study-2026-08-13","production",TRUE,12,"crossed",52,0.01,0.05,"exact","precomputed_exact_table","exact",202817200,202817211,,25000,"certified","bounds-met",TRUE,100,100,167,167,167,0,167,0,TRUE,0.990057860849475,0.00994213915052478,0.00994213915052182,TRUE,TRUE,TRUE,0.00994213915052478,0.00999189225886136,0.00387093643161704,33,33,24,0,0,,,,,0,124,86,100,0,0,100,3.24,,
"regional-compression-exact-study-2026-08-13","production",TRUE,12,"crossed",52,0.01,0.05,"stochastic","precomputed_exact_table","iid",202817200,202817212,100,25000,"frontier_exhausted","tolerance-not-met",FALSE,363,364,167,9,2268,2259,2268,2101,FALSE,0.999999999999997,2.88657986402541e-15,0,TRUE,TRUE,TRUE,2.88657986402541e-15,2.88657986402541e-15,2.99760216648792e-15,350,121,24,229,208,384,Inf,384,388,0,8520,282,364,8132,0,8496,95.43,,
"regional-compression-exact-study-2026-08-13","production",TRUE,12,"crossed",52,0.05,0.05,"exact","precomputed_exact_table","exact",202817200,202817221,,25000,"certified","bounds-met",TRUE,55,55,75,75,75,0,75,0,TRUE,0.952097223558558,0.0479027764414421,0.0479027764414393,TRUE,TRUE,TRUE,0.0479027764414421,0.049088123818514,0.0152170278269744,18,18,24,0,0,,,,,0,79,56,55,0,0,55,0.989999999999995,,
"regional-compression-exact-study-2026-08-13","production",TRUE,12,"crossed",52,0.05,0.05,"stochastic","precomputed_exact_table","iid",202817200,202817222,100,25000,"frontier_exhausted","tolerance-not-met",FALSE,363,364,75,9,2268,2259,2268,2193,FALSE,0.999999999999997,2.88657986402541e-15,0,TRUE,TRUE,TRUE,2.88657986402541e-15,2.88657986402541e-15,2.99760216648792e-15,350,121,24,229,208,384,Inf,384,388,0,8520,282,364,8132,0,8496,99.07,,
"regional-compression-exact-study-2026-08-13","production",TRUE,12,"crossed",52,0.1,0.05,"exact","precomputed_exact_table","exact",202817200,202817231,,25000,"certified","bounds-met",TRUE,64,64,54,54,54,0,54,0,TRUE,0.900352635601581,0.0996473643984189,0.0996473643984165,TRUE,TRUE,TRUE,0.0996473643984189,0.104968775063103,0.0356110589876695,21,21,24,0,0,,,,,0,88,62,64,0,0,64,1.09,,
"regional-compression-exact-study-2026-08-13","production",TRUE,12,"crossed",52,0.1,0.05,"stochastic","precomputed_exact_table","iid",202817200,202817232,100,25000,"frontier_exhausted","tolerance-not-met",FALSE,363,364,54,9,2268,2259,2268,2214,FALSE,0.999999999999997,2.88657986402541e-15,0,TRUE,TRUE,TRUE,2.88657986402541e-15,2.88657986402541e-15,2.99760216648792e-15,350,121,24,229,208,384,Inf,384,388,0,8520,282,364,8132,0,8496,115.22,,
"regional-compression-exact-study-2026-08-13","production",TRUE,12,"crossed",52,0.2,0.05,"exact","precomputed_exact_table","exact",202817200,202817241,,25000,"certified","bounds-met",TRUE,28,28,27,27,27,0,27,0,TRUE,0.825271687025696,0.174728312974304,0.174728312974302,TRUE,TRUE,TRUE,0.174728312974304,0.192042629253694,0.0673492745328108,9,9,24,0,0,,,,,0,52,38,28,0,0,28,0.609999999999957,,
"regional-compression-exact-study-2026-08-13","production",TRUE,12,"crossed",52,0.2,0.05,"stochastic","precomputed_exact_table","iid",202817200,202817242,100,25000,"frontier_exhausted","tolerance-not-met",FALSE,363,364,27,9,2268,2259,2268,2241,FALSE,0.999999999999997,2.88657986402541e-15,0,TRUE,TRUE,TRUE,2.88657986402541e-15,2.88657986402541e-15,2.99760216648792e-15,350,121,24,229,208,384,Inf,384,388,0,8520,282,364,8132,0,8496,98.21,,
"regional-compression-exact-study-2026-08-13","production",TRUE,12,"crossed",53,0.01,0.05,"exact","precomputed_exact_table","exact",202817300,202817311,,25000,"certified","bounds-met",TRUE,154,154,297,297,297,0,297,0,TRUE,0.990173278292356,0.00982672170764376,0.00982672170764601,TRUE,TRUE,TRUE,0.00982672170764376,0.00987532259107831,0.00279879739981672,51,51,24,0,0,,,,,0,178,122,154,0,0,154,5.16,,
"regional-compression-exact-study-2026-08-13","production",TRUE,12,"crossed",53,0.01,0.05,"stochastic","precomputed_exact_table","iid",202817300,202817312,100,25000,"frontier_exhausted","tolerance-not-met",TRUE,364,364,297,7,2268,2261,2268,1971,FALSE,1,-2.22044604925031e-15,0,TRUE,TRUE,TRUE,-2.22044604925031e-15,-2.22044604925031e-15,2.22044604925031e-15,350,121,24,229,207,25,Inf,100,785,0,3885,282,364,3497,0,3861,80.49,,
"regional-compression-exact-study-2026-08-13","production",TRUE,12,"crossed",53,0.05,0.05,"exact","precomputed_exact_table","exact",202817300,202817321,,25000,"certified","bounds-met",TRUE,112,112,138,138,138,0,138,0,TRUE,0.950506983095856,0.0494930169041436,0.049493016904146,TRUE,TRUE,TRUE,0.0494930169041436,0.0507597703201394,0.0131586940340759,37,37,24,0,0,,,,,0,136,94,112,0,0,112,2.77999999999999,,
"regional-compression-exact-study-2026-08-13","production",TRUE,12,"crossed",53,0.05,0.05,"stochastic","precomputed_exact_table","iid",202817300,202817322,100,25000,"frontier_exhausted","tolerance-not-met",TRUE,364,364,138,7,2268,2261,2268,2130,FALSE,1,-2.22044604925031e-15,0,TRUE,TRUE,TRUE,-2.22044604925031e-15,-2.22044604925031e-15,2.22044604925031e-15,350,121,24,229,207,25,Inf,100,785,0,3885,281,364,3497,0,3861,86.69,,
"regional-compression-exact-study-2026-08-13","production",TRUE,12,"crossed",53,0.1,0.05,"exact","precomputed_exact_table","exact",202817300,202817331,,25000,"certified","bounds-met",TRUE,70,70,84,84,84,0,84,0,TRUE,0.903234386767459,0.0967656132325414,0.0967656132325434,TRUE,TRUE,TRUE,0.0967656132325414,0.101773194719663,0.0304108943227981,23,23,24,0,0,,,,,0,94,66,70,0,0,70,1.17000000000002,,
"regional-compression-exact-study-2026-08-13","production",TRUE,12,"crossed",53,0.1,0.05,"stochastic","precomputed_exact_table","iid",202817300,202817332,100,25000,"frontier_exhausted","tolerance-not-met",TRUE,364,364,84,7,2268,2261,2268,2184,FALSE,1,-2.22044604925031e-15,0,TRUE,TRUE,TRUE,-2.22044604925031e-15,-2.22044604925031e-15,2.22044604925031e-15,350,121,24,229,207,25,Inf,100,785,0,3885,281,364,3497,0,3861,103.16,,
"regional-compression-exact-study-2026-08-13","production",TRUE,12,"crossed",53,0.2,0.05,"exact","precomputed_exact_table","exact",202817300,202817341,,25000,"certified","bounds-met",TRUE,55,55,45,45,45,0,45,0,TRUE,0.800298762758084,0.199701237241916,0.199701237241919,TRUE,TRUE,TRUE,0.199701237241916,0.222770167582987,0.0466314035107223,18,18,24,0,0,,,,,0,79,56,55,0,0,55,0.920000000000016,,
"regional-compression-exact-study-2026-08-13","production",TRUE,12,"crossed",53,0.2,0.05,"stochastic","precomputed_exact_table","iid",202817300,202817342,100,25000,"frontier_exhausted","tolerance-not-met",TRUE,364,364,45,7,2268,2261,2268,2223,FALSE,1,-2.22044604925031e-15,0,TRUE,TRUE,TRUE,-2.22044604925031e-15,-2.22044604925031e-15,2.22044604925031e-15,350,121,24,229,207,25,Inf,100,785,0,3885,284,364,3497,0,3861,87.32,,
"regional-compression-exact-study-2026-08-13","production",TRUE,12,"crossed",54,0.01,0.05,"exact","precomputed_exact_table","exact",202817400,202817411,,25000,"certified","bounds-met",TRUE,181,181,327,327,327,0,327,0,TRUE,0.99013470098662,0.00986529901337996,0.00986529901338331,TRUE,TRUE,TRUE,0.00986529901337996,0.00991428350639525,0.00321554317753742,60,60,24,0,0,,,,,0,205,140,181,0,0,181,5.84,,
"regional-compression-exact-study-2026-08-13","production",TRUE,12,"crossed",54,0.01,0.05,"stochastic","precomputed_exact_table","iid",202817400,202817412,100,25000,"frontier_exhausted","tolerance-not-met",TRUE,364,364,327,7,2268,2261,2268,1941,FALSE,1,-3.33066907387547e-15,0,TRUE,TRUE,TRUE,-3.33066907387547e-15,-3.33066907387546e-15,3.10862446895044e-15,350,121,24,229,225,126,Inf,126,126,0,892,265,364,504,0,868,84.12,,
"regional-compression-exact-study-2026-08-13","production",TRUE,12,"crossed",54,0.05,0.05,"exact","precomputed_exact_table","exact",202817400,202817421,,25000,"certified","bounds-met",TRUE,91,91,127,127,127,0,127,0,TRUE,0.950186901038088,0.0498130989619118,0.0498130989619152,TRUE,TRUE,TRUE,0.0498130989619118,0.0510965758030904,0.0181203933096109,30,30,24,0,0,,,,,0,115,80,91,0,0,91,1.97999999999999,,
"regional-compression-exact-study-2026-08-13","production",TRUE,12,"crossed",54,0.05,0.05,"stochastic","precomputed_exact_table","iid",202817400,202817422,100,25000,"frontier_exhausted","tolerance-not-met",TRUE,364,364,127,7,2268,2261,2268,2141,FALSE,1,-3.33066907387547e-15,0,TRUE,TRUE,TRUE,-3.33066907387547e-15,-3.33066907387546e-15,3.10862446895044e-15,350,121,24,229,225,126,Inf,126,126,0,892,265,364,504,0,868,93.44,,
"regional-compression-exact-study-2026-08-13","production",TRUE,12,"crossed",54,0.1,0.05,"exact","precomputed_exact_table","exact",202817400,202817431,,25000,"certified","bounds-met",TRUE,85,85,81,81,81,0,81,0,TRUE,0.901425735216828,0.0985742647831716,0.0985742647831744,TRUE,TRUE,TRUE,0.0985742647831716,0.103777618859313,0.0271282789362604,28,28,24,0,0,,,,,0,109,76,85,0,0,85,1.86000000000001,,
"regional-compression-exact-study-2026-08-13","production",TRUE,12,"crossed",54,0.1,0.05,"stochastic","precomputed_exact_table","iid",202817400,202817432,100,25000,"frontier_exhausted","tolerance-not-met",TRUE,364,364,81,7,2268,2261,2268,2187,FALSE,1,-3.33066907387547e-15,0,TRUE,TRUE,TRUE,-3.33066907387547e-15,-3.33066907387546e-15,3.10862446895044e-15,350,121,24,229,225,126,Inf,126,126,0,892,265,364,504,0,868,108.12,,
"regional-compression-exact-study-2026-08-13","production",TRUE,12,"crossed",54,0.2,0.05,"exact","precomputed_exact_table","exact",202817400,202817441,,25000,"certified","bounds-met",TRUE,55,55,45,45,45,0,45,0,TRUE,0.820363150958631,0.179636849041369,0.179636849041372,TRUE,TRUE,TRUE,0.179636849041369,0.198008169737773,0.0667236096139244,18,18,24,0,0,,,,,0,79,56,55,0,0,55,1.15999999999997,,
"regional-compression-exact-study-2026-08-13","production",TRUE,12,"crossed",54,0.2,0.05,"stochastic","precomputed_exact_table","iid",202817400,202817442,100,25000,"frontier_exhausted","tolerance-not-met",TRUE,364,364,45,7,2268,2261,2268,2223,FALSE,1,-3.33066907387547e-15,0,TRUE,TRUE,TRUE,-3.33066907387547e-15,-3.33066907387546e-15,3.10862446895044e-15,350,121,24,229,225,126,Inf,126,126,0,892,265,364,504,0,868,87.47,,
"regional-compression-exact-study-2026-08-13","production",TRUE,12,"crossed",55,0.01,0.05,"exact","precomputed_exact_table","exact",202817500,202817511,,25000,"certified","bounds-met",TRUE,139,139,242,242,242,0,242,0,TRUE,0.990140777070915,0.00985922292908492,0.00985922292908475,TRUE,TRUE,TRUE,0.00985922292908492,0.00990814690129926,0.00374514923163183,46,46,24,0,0,,,,,0,163,112,139,0,0,139,4.35,,
"regional-compression-exact-study-2026-08-13","production",TRUE,12,"crossed",55,0.01,0.05,"stochastic","precomputed_exact_table","iid",202817500,202817512,100,25000,"frontier_exhausted","tolerance-not-met",TRUE,364,364,242,8,2268,2260,2268,2026,FALSE,1,2.22044604925031e-16,0,TRUE,TRUE,TRUE,2.22044604925031e-16,2.22044604925031e-16,2.22044604925031e-16,350,121,24,229,208,421,Inf,421,454,0,9361,282,364,8973,0,9337,90.41,,
"regional-compression-exact-study-2026-08-13","production",TRUE,12,"crossed",55,0.05,0.05,"exact","precomputed_exact_table","exact",202817500,202817521,,25000,"certified","bounds-met",TRUE,82,82,98,98,98,0,98,0,TRUE,0.951762370520177,0.0482376294798235,0.0482376294798232,TRUE,TRUE,TRUE,0.0482376294798235,0.0494398861468659,0.0219620012907874,27,27,24,0,0,,,,,0,106,74,82,0,0,82,1.38,,
"regional-compression-exact-study-2026-08-13","production",TRUE,12,"crossed",55,0.05,0.05,"stochastic","precomputed_exact_table","iid",202817500,202817522,100,25000,"frontier_exhausted","tolerance-not-met",TRUE,364,364,98,8,2268,2260,2268,2170,FALSE,1,2.22044604925031e-16,0,TRUE,TRUE,TRUE,2.22044604925031e-16,2.22044604925031e-16,2.22044604925031e-16,350,121,24,229,208,421,Inf,421,454,0,9361,283,364,8973,0,9337,100.14,,
"regional-compression-exact-study-2026-08-13","production",TRUE,12,"crossed",55,0.1,0.05,"exact","precomputed_exact_table","exact",202817500,202817531,,25000,"certified","bounds-met",TRUE,46,46,55,55,55,0,55,0,TRUE,0.905051380846832,0.0949486191531678,0.0949486191531673,TRUE,TRUE,TRUE,0.0949486191531678,0.0997635624774279,0.0296975880037007,15,15,24,0,0,,,,,0,70,50,46,0,0,46,0.969999999999999,,
"regional-compression-exact-study-2026-08-13","production",TRUE,12,"crossed",55,0.1,0.05,"stochastic","precomputed_exact_table","iid",202817500,202817532,100,25000,"frontier_exhausted","tolerance-not-met",TRUE,364,364,55,8,2268,2260,2268,2213,FALSE,1,2.22044604925031e-16,0,TRUE,TRUE,TRUE,2.22044604925031e-16,2.22044604925031e-16,2.22044604925031e-16,350,121,24,229,208,421,Inf,421,454,0,9361,283,364,8973,0,9337,112.6,,
"regional-compression-exact-study-2026-08-13","production",TRUE,12,"crossed",55,0.2,0.05,"exact","precomputed_exact_table","exact",202817500,202817541,,25000,"certified","bounds-met",TRUE,40,40,35,35,35,0,35,0,TRUE,0.828404076206239,0.171595923793761,0.171595923793761,TRUE,TRUE,TRUE,0.171595923793761,0.188254228895509,0.0596800607617966,13,13,24,0,0,,,,,0,64,46,40,0,0,40,0.660000000000025,,
"regional-compression-exact-study-2026-08-13","production",TRUE,12,"crossed",55,0.2,0.05,"stochastic","precomputed_exact_table","iid",202817500,202817542,100,25000,"frontier_exhausted","tolerance-not-met",TRUE,364,364,35,8,2268,2260,2268,2233,FALSE,1,2.22044604925031e-16,0,TRUE,TRUE,TRUE,2.22044604925031e-16,2.22044604925031e-16,2.22044604925031e-16,350,121,24,229,208,421,Inf,421,454,0,9361,282,364,8973,0,9337,90.58,,
"regional-compression-exact-study-2026-08-13","production",TRUE,12,"crossed",56,0.01,0.05,"exact","precomputed_exact_table","exact",202817600,202817611,,25000,"certified","bounds-met",TRUE,127,127,248,248,248,0,248,0,TRUE,0.990087189193169,0.00991281080683104,0.00991281080683054,TRUE,TRUE,TRUE,0.00991281080683104,0.00996226983933685,0.0036865789017124,42,42,24,0,0,,,,,0,151,104,127,0,0,127,4.73,,
"regional-compression-exact-study-2026-08-13","production",TRUE,12,"crossed",56,0.01,0.05,"stochastic","precomputed_exact_table","iid",202817600,202817612,100,25000,"frontier_exhausted","tolerance-not-met",TRUE,364,364,248,8,2268,2260,2268,2020,FALSE,1,4.44089209850063e-16,0,TRUE,TRUE,TRUE,4.44089209850063e-16,4.44089209850063e-16,4.44089209850063e-16,350,121,24,229,207,4,Inf,100,402,0,3446,283,364,3058,0,3422,86.94,,
"regional-compression-exact-study-2026-08-13","production",TRUE,12,"crossed",56,0.05,0.05,"exact","precomputed_exact_table","exact",202817600,202817621,,25000,"certified","bounds-met",TRUE,70,70,100,100,100,0,100,0,TRUE,0.950526055907482,0.0494739440925179,0.0494739440925173,TRUE,TRUE,TRUE,0.0494739440925179,0.0507397045861568,0.0157007219950978,23,23,24,0,0,,,,,0,94,66,70,0,0,70,1.92,,
"regional-compression-exact-study-2026-08-13","production",TRUE,12,"crossed",56,0.05,0.05,"stochastic","precomputed_exact_table","iid",202817600,202817622,100,25000,"frontier_exhausted","tolerance-not-met",TRUE,364,364,100,8,2268,2260,2268,2168,FALSE,1,4.44089209850063e-16,0,TRUE,TRUE,TRUE,4.44089209850063e-16,4.44089209850063e-16,4.44089209850063e-16,350,121,24,229,207,4,Inf,100,402,0,3446,283,364,3058,0,3422,94.63,,
"regional-compression-exact-study-2026-08-13","production",TRUE,12,"crossed",56,0.1,0.05,"exact","precomputed_exact_table","exact",202817600,202817631,,25000,"certified","bounds-met",TRUE,58,58,65,65,65,0,65,0,TRUE,0.903283912057552,0.0967160879424481,0.0967160879424475,TRUE,TRUE,TRUE,0.0967160879424481,0.10171836517253,0.0241772182982147,19,19,24,0,0,,,,,0,82,58,58,0,0,58,1.16999999999999,,
"regional-compression-exact-study-2026-08-13","production",TRUE,12,"crossed",56,0.1,0.05,"stochastic","precomputed_exact_table","iid",202817600,202817632,100,25000,"frontier_exhausted","tolerance-not-met",TRUE,364,364,65,8,2268,2260,2268,2203,FALSE,1,4.44089209850063e-16,0,TRUE,TRUE,TRUE,4.44089209850063e-16,4.44089209850063e-16,4.44089209850063e-16,350,121,24,229,207,4,Inf,100,402,0,3446,283,364,3058,0,3422,103.98,,
"regional-compression-exact-study-2026-08-13","production",TRUE,12,"crossed",56,0.2,0.05,"exact","precomputed_exact_table","exact",202817600,202817641,,25000,"certified","bounds-met",TRUE,49,49,35,35,35,0,35,0,TRUE,0.802605856987733,0.197394143012267,0.197394143012267,TRUE,TRUE,TRUE,0.197394143012267,0.219891523658214,0.0625702891122855,16,16,24,0,0,,,,,0,73,52,49,0,0,49,0.95999999999998,,
"regional-compression-exact-study-2026-08-13","production",TRUE,12,"crossed",56,0.2,0.05,"stochastic","precomputed_exact_table","iid",202817600,202817642,100,25000,"frontier_exhausted","tolerance-not-met",TRUE,364,364,35,8,2268,2260,2268,2233,FALSE,1,4.44089209850063e-16,0,TRUE,TRUE,TRUE,4.44089209850063e-16,4.44089209850063e-16,4.44089209850063e-16,350,121,24,229,207,4,Inf,100,402,0,3446,283,364,3058,0,3422,88.54,,
"regional-compression-exact-study-2026-08-13","production",TRUE,12,"crossed",57,0.01,0.05,"exact","precomputed_exact_table","exact",202817700,202817711,,25000,"certified","bounds-met",TRUE,187,187,486,486,486,0,486,0,TRUE,0.990066299980704,0.00993370001929561,0.00993370001929346,TRUE,TRUE,TRUE,0.00993370001929561,0.009983368418391,0.00350610650496203,62,62,24,0,0,,,,,0,211,144,187,0,0,187,6.33,,
"regional-compression-exact-study-2026-08-13","production",TRUE,12,"crossed",57,0.01,0.05,"stochastic","precomputed_exact_table","iid",202817700,202817712,100,25000,"frontier_exhausted","tolerance-not-met",TRUE,364,364,486,7,2268,2261,2268,1782,FALSE,0.999999999999998,2.1094237467878e-15,0,TRUE,TRUE,TRUE,2.1094237467878e-15,2.1094237467878e-15,1.4432899320127e-15,350,121,24,229,212,415,Inf,415,415,0,7443,284,364,7055,0,7419,78.67,,
"regional-compression-exact-study-2026-08-13","production",TRUE,12,"crossed",57,0.05,0.05,"exact","precomputed_exact_table","exact",202817700,202817721,,25000,"certified","bounds-met",TRUE,121,121,257,257,257,0,257,0,TRUE,0.950498782309069,0.0495012176909314,0.0495012176909295,TRUE,TRUE,TRUE,0.0495012176909314,0.0507683981601355,0.0135996626144859,40,40,24,0,0,,,,,0,145,100,121,0,0,121,3.37,,
"regional-compression-exact-study-2026-08-13","production",TRUE,12,"crossed",57,0.05,0.05,"stochastic","precomputed_exact_table","iid",202817700,202817722,100,25000,"frontier_exhausted","tolerance-not-met",TRUE,364,364,257,7,2268,2261,2268,2011,FALSE,0.999999999999998,2.1094237467878e-15,0,TRUE,TRUE,TRUE,2.1094237467878e-15,2.1094237467878e-15,1.4432899320127e-15,350,121,24,229,212,415,Inf,415,415,0,7443,283,364,7055,0,7419,89.56,,
"regional-compression-exact-study-2026-08-13","production",TRUE,12,"crossed",57,0.1,0.05,"exact","precomputed_exact_table","exact",202817700,202817731,,25000,"certified","bounds-met",TRUE,115,115,184,184,184,0,184,0,TRUE,0.901281280236115,0.0987187197638847,0.0987187197638829,TRUE,TRUE,TRUE,0.0987187197638847,0.103937883372385,0.0384642531834667,38,38,24,0,0,,,,,0,139,96,115,0,0,115,2.89000000000001,,
"regional-compression-exact-study-2026-08-13","production",TRUE,12,"crossed",57,0.1,0.05,"stochastic","precomputed_exact_table","iid",202817700,202817732,100,25000,"frontier_exhausted","tolerance-not-met",TRUE,364,364,184,7,2268,2261,2268,2084,FALSE,0.999999999999998,2.1094237467878e-15,0,TRUE,TRUE,TRUE,2.1094237467878e-15,2.1094237467878e-15,1.4432899320127e-15,350,121,24,229,212,415,Inf,415,415,0,7443,283,364,7055,0,7419,103.33,,
"regional-compression-exact-study-2026-08-13","production",TRUE,12,"crossed",57,0.2,0.05,"exact","precomputed_exact_table","exact",202817700,202817741,,25000,"certified","bounds-met",TRUE,103,103,107,107,107,0,107,0,TRUE,0.807621743233782,0.192378256766218,0.192378256766217,TRUE,TRUE,TRUE,0.192378256766218,0.213661469634728,0.0704660670657876,34,34,24,0,0,,,,,0,127,88,103,0,0,103,2.24000000000001,,
"regional-compression-exact-study-2026-08-13","production",TRUE,12,"crossed",57,0.2,0.05,"stochastic","precomputed_exact_table","iid",202817700,202817742,100,25000,"frontier_exhausted","tolerance-not-met",TRUE,364,364,107,7,2268,2261,2268,2161,FALSE,0.999999999999998,2.1094237467878e-15,0,TRUE,TRUE,TRUE,2.1094237467878e-15,2.1094237467878e-15,1.4432899320127e-15,350,121,24,229,212,415,Inf,415,415,0,7443,285,364,7055,0,7419,79.97,,
"regional-compression-exact-study-2026-08-13","production",TRUE,12,"crossed",58,0.01,0.05,"exact","precomputed_exact_table","exact",202817800,202817811,,25000,"certified","bounds-met",TRUE,193,193,421,421,421,0,421,0,TRUE,0.990114053197133,0.00988594680286703,0.00988594680286747,TRUE,TRUE,TRUE,0.00988594680286703,0.00993513723948732,0.00341786388373226,64,64,24,0,0,,,,,0,217,148,193,0,0,193,9.16,,
"regional-compression-exact-study-2026-08-13","production",TRUE,12,"crossed",58,0.01,0.05,"stochastic","precomputed_exact_table","iid",202817800,202817812,100,25000,"frontier_exhausted","tolerance-not-met",TRUE,364,364,421,8,2268,2260,2268,1847,FALSE,1,-4.44089209850063e-16,0,TRUE,TRUE,TRUE,-4.44089209850063e-16,-4.44089209850063e-16,3.33066907387547e-16,350,121,24,229,207,3,Inf,100,160,0,2648,281,364,2260,0,2624,86.45,,
"regional-compression-exact-study-2026-08-13","production",TRUE,12,"crossed",58,0.05,0.05,"exact","precomputed_exact_table","exact",202817800,202817821,,25000,"certified","bounds-met",TRUE,115,115,203,203,203,0,203,0,TRUE,0.950805578520338,0.0491944214796619,0.0491944214796625,TRUE,TRUE,TRUE,0.0491944214796619,0.0504456763274265,0.0147643387242096,38,38,24,0,0,,,,,0,139,96,115,0,0,115,3.12,,
"regional-compression-exact-study-2026-08-13","production",TRUE,12,"crossed",58,0.05,0.05,"stochastic","precomputed_exact_table","iid",202817800,202817822,100,25000,"frontier_exhausted","tolerance-not-met",TRUE,364,364,203,8,2268,2260,2268,2065,FALSE,1,-4.44089209850063e-16,0,TRUE,TRUE,TRUE,-4.44089209850063e-16,-4.44089209850063e-16,3.33066907387547e-16,350,121,24,229,207,3,Inf,100,160,0,2648,282,364,2260,0,2624,92.89,,
"regional-compression-exact-study-2026-08-13","production",TRUE,12,"crossed",58,0.1,0.05,"exact","precomputed_exact_table","exact",202817800,202817831,,25000,"certified","bounds-met",TRUE,94,94,133,133,133,0,133,0,TRUE,0.900051224125841,0.0999487758741587,0.0999487758741593,TRUE,TRUE,TRUE,0.0999487758741587,0.105303601582084,0.0304098723965607,31,31,24,0,0,,,,,0,118,82,94,0,0,94,2.99000000000001,,
"regional-compression-exact-study-2026-08-13","production",TRUE,12,"crossed",58,0.1,0.05,"stochastic","precomputed_exact_table","iid",202817800,202817832,100,25000,"frontier_exhausted","tolerance-not-met",TRUE,364,364,133,8,2268,2260,2268,2135,FALSE,1,-4.44089209850063e-16,0,TRUE,TRUE,TRUE,-4.44089209850063e-16,-4.44089209850063e-16,3.33066907387547e-16,350,121,24,229,207,3,Inf,100,160,0,2648,283,364,2260,0,2624,101.91,,
"regional-compression-exact-study-2026-08-13","production",TRUE,12,"crossed",58,0.2,0.05,"exact","precomputed_exact_table","exact",202817800,202817841,,25000,"certified","bounds-met",TRUE,73,73,76,76,76,0,76,0,TRUE,0.801818465021145,0.198181534978855,0.198181534978856,TRUE,TRUE,TRUE,0.198181534978855,0.220873049578758,0.0528978451049138,24,24,24,0,0,,,,,0,97,68,73,0,0,73,1.75,,
"regional-compression-exact-study-2026-08-13","production",TRUE,12,"crossed",58,0.2,0.05,"stochastic","precomputed_exact_table","iid",202817800,202817842,100,25000,"frontier_exhausted","tolerance-not-met",TRUE,364,364,76,8,2268,2260,2268,2192,FALSE,1,-4.44089209850063e-16,0,TRUE,TRUE,TRUE,-4.44089209850063e-16,-4.44089209850063e-16,3.33066907387547e-16,350,121,24,229,207,3,Inf,100,160,0,2648,282,364,2260,0,2624,85.59,,
"regional-compression-exact-study-2026-08-13","production",TRUE,12,"crossed",59,0.01,0.05,"exact","precomputed_exact_table","exact",202817900,202817911,,25000,"certified","bounds-met",TRUE,175,175,373,373,373,0,373,0,TRUE,0.990109230031102,0.00989076996889782,0.00989076996889552,TRUE,TRUE,TRUE,0.00989076996889782,0.00994000857502977,0.00276366500965292,58,58,24,0,0,,,,,0,199,136,175,0,0,175,5.85,,
"regional-compression-exact-study-2026-08-13","production",TRUE,12,"crossed",59,0.01,0.05,"stochastic","precomputed_exact_table","iid",202817900,202817912,100,25000,"frontier_exhausted","tolerance-not-met",TRUE,364,364,373,7,2268,2261,2268,1895,FALSE,0.999999999999998,2.33146835171283e-15,0,TRUE,TRUE,TRUE,2.33146835171283e-15,2.33146835171283e-15,1.88737914186277e-15,350,121,24,229,208,124,Inf,124,663,0,12155,283,364,11767,0,12131,83.48,,
"regional-compression-exact-study-2026-08-13","production",TRUE,12,"crossed",59,0.05,0.05,"exact","precomputed_exact_table","exact",202817900,202817921,,25000,"certified","bounds-met",TRUE,106,106,169,169,169,0,169,0,TRUE,0.950088026770933,0.0499119732290669,0.0499119732290647,TRUE,TRUE,TRUE,0.0499119732290669,0.0512006389213239,0.0114211599641295,35,35,24,0,0,,,,,0,130,90,106,0,0,106,2.33,,
"regional-compression-exact-study-2026-08-13","production",TRUE,12,"crossed",59,0.05,0.05,"stochastic","precomputed_exact_table","iid",202817900,202817922,100,25000,"frontier_exhausted","tolerance-not-met",TRUE,364,364,169,7,2268,2261,2268,2099,FALSE,0.999999999999998,2.33146835171283e-15,0,TRUE,TRUE,TRUE,2.33146835171283e-15,2.33146835171283e-15,1.88737914186277e-15,350,121,24,229,208,124,Inf,124,663,0,12155,282,364,11767,0,12131,90.29,,
"regional-compression-exact-study-2026-08-13","production",TRUE,12,"crossed",59,0.1,0.05,"exact","precomputed_exact_table","exact",202817900,202817931,,25000,"certified","bounds-met",TRUE,97,97,106,106,106,0,106,0,TRUE,0.902098312606424,0.0979016873935762,0.0979016873935742,TRUE,TRUE,TRUE,0.0979016873935762,0.103031770838505,0.0228357482559628,32,32,24,0,0,,,,,0,121,84,97,0,0,97,2.41,,
"regional-compression-exact-study-2026-08-13","production",TRUE,12,"crossed",59,0.1,0.05,"stochastic","precomputed_exact_table","iid",202817900,202817932,100,25000,"frontier_exhausted","tolerance-not-met",TRUE,364,364,106,7,2268,2261,2268,2162,FALSE,0.999999999999998,2.33146835171283e-15,0,TRUE,TRUE,TRUE,2.33146835171283e-15,2.33146835171283e-15,1.88737914186277e-15,350,121,24,229,208,124,Inf,124,663,0,12155,282,364,11767,0,12131,106.17,,
"regional-compression-exact-study-2026-08-13","production",TRUE,12,"crossed",59,0.2,0.05,"exact","precomputed_exact_table","exact",202817900,202817941,,25000,"certified","bounds-met",TRUE,64,64,60,60,60,0,60,0,TRUE,0.81906198454581,0.18093801545419,0.180938015454188,TRUE,TRUE,TRUE,0.18093801545419,0.19959551478678,0.0397727101094869,21,21,24,0,0,,,,,0,88,62,64,0,0,64,1.17000000000002,,
"regional-compression-exact-study-2026-08-13","production",TRUE,12,"crossed",59,0.2,0.05,"stochastic","precomputed_exact_table","iid",202817900,202817942,100,25000,"frontier_exhausted","tolerance-not-met",TRUE,364,364,60,7,2268,2261,2268,2208,FALSE,0.999999999999998,2.33146835171283e-15,0,TRUE,TRUE,TRUE,2.33146835171283e-15,2.33146835171283e-15,1.88737914186277e-15,350,121,24,229,208,124,Inf,124,663,0,12155,283,364,11767,0,12131,83.35,,
"regional-compression-exact-study-2026-08-13","production",TRUE,12,"crossed",60,0.01,0.05,"exact","precomputed_exact_table","exact",202818000,202818011,,25000,"certified","bounds-met",TRUE,196,196,483,483,483,0,483,0,TRUE,0.990060738555564,0.00993926144443635,0.00993926144443572,TRUE,TRUE,TRUE,0.00993926144443635,0.00998898565913619,0.00348607796099704,65,65,24,0,0,,,,,0,220,150,196,0,0,196,7.84,,
"regional-compression-exact-study-2026-08-13","production",TRUE,12,"crossed",60,0.01,0.05,"stochastic","precomputed_exact_table","iid",202818000,202818012,100,25000,"frontier_exhausted","tolerance-not-met",TRUE,364,364,483,7,2268,2261,2268,1785,FALSE,0.999999999999999,5.55111512312578e-16,0,TRUE,TRUE,TRUE,5.55111512312578e-16,5.55111512312578e-16,5.55111512312578e-16,350,121,24,229,208,254,Inf,254,572,0,11128,293,364,10740,0,11104,81.88,,
"regional-compression-exact-study-2026-08-13","production",TRUE,12,"crossed",60,0.05,0.05,"exact","precomputed_exact_table","exact",202818000,202818021,,25000,"certified","bounds-met",TRUE,124,124,215,215,215,0,215,0,TRUE,0.950297702377921,0.0497022976220794,0.0497022976220794,TRUE,TRUE,TRUE,0.0497022976220794,0.0509799725538363,0.015982468739592,41,41,24,0,0,,,,,0,148,102,124,0,0,124,3.11,,
"regional-compression-exact-study-2026-08-13","production",TRUE,12,"crossed",60,0.05,0.05,"stochastic","precomputed_exact_table","iid",202818000,202818022,100,25000,"frontier_exhausted","tolerance-not-met",TRUE,364,364,215,7,2268,2261,2268,2053,FALSE,0.999999999999999,5.55111512312578e-16,0,TRUE,TRUE,TRUE,5.55111512312578e-16,5.55111512312578e-16,5.55111512312578e-16,350,121,24,229,208,254,Inf,254,572,0,11128,296,364,10740,0,11104,85.09,,
"regional-compression-exact-study-2026-08-13","production",TRUE,12,"crossed",60,0.1,0.05,"exact","precomputed_exact_table","exact",202818000,202818031,,25000,"certified","bounds-met",TRUE,70,70,128,128,128,0,128,0,TRUE,0.90363843272079,0.09636156727921,0.0963615672792092,TRUE,TRUE,TRUE,0.09636156727921,0.101325962401253,0.0250304172247855,23,23,24,0,0,,,,,0,94,66,70,0,0,70,1.09,,
"regional-compression-exact-study-2026-08-13","production",TRUE,12,"crossed",60,0.1,0.05,"stochastic","precomputed_exact_table","iid",202818000,202818032,100,25000,"frontier_exhausted","tolerance-not-met",TRUE,364,364,128,7,2268,2261,2268,2140,FALSE,0.999999999999999,5.55111512312578e-16,0,TRUE,TRUE,TRUE,5.55111512312578e-16,5.55111512312578e-16,5.55111512312578e-16,350,121,24,229,208,254,Inf,254,572,0,11128,295,364,10740,0,11104,102.06,,
"regional-compression-exact-study-2026-08-13","production",TRUE,12,"crossed",60,0.2,0.05,"exact","precomputed_exact_table","exact",202818000,202818041,,25000,"certified","bounds-met",TRUE,70,70,80,80,80,0,80,0,TRUE,0.808996620407474,0.191003379592526,0.191003379592525,TRUE,TRUE,TRUE,0.191003379592526,0.211960539426223,0.0613094472285224,23,23,24,0,0,,,,,0,94,66,70,0,0,70,1.78000000000003,,
"regional-compression-exact-study-2026-08-13","production",TRUE,12,"crossed",60,0.2,0.05,"stochastic","precomputed_exact_table","iid",202818000,202818042,100,25000,"frontier_exhausted","tolerance-not-met",TRUE,364,364,80,7,2268,2261,2268,2188,FALSE,0.999999999999999,5.55111512312578e-16,0,TRUE,TRUE,TRUE,5.55111512312578e-16,5.55111512312578e-16,5.55111512312578e-16,350,121,24,229,208,254,Inf,254,572,0,11128,290,364,10740,0,11104,83.87,,
"regional-compression-exact-study-2026-08-13","production",TRUE,12,"crossed",61,0.01,0.05,"exact","precomputed_exact_table","exact",202818100,202818111,,25000,"certified","bounds-met",TRUE,172,172,405,405,405,0,405,0,TRUE,0.990085325717904,0.00991467428209636,0.00991467428209729,TRUE,TRUE,TRUE,0.00991467428209636,0.00996415197359665,0.00304287913222949,57,57,24,0,0,,,,,0,196,134,172,0,0,172,7.06,,
"regional-compression-exact-study-2026-08-13","production",TRUE,12,"crossed",61,0.01,0.05,"stochastic","precomputed_exact_table","iid",202818100,202818112,100,25000,"frontier_exhausted","tolerance-not-met",TRUE,364,364,405,7,2268,2261,2268,1863,FALSE,1,-8.88178419700125e-16,0,TRUE,TRUE,TRUE,-8.88178419700125e-16,-8.88178419700125e-16,7.7715611723761e-16,350,121,24,229,208,241,Inf,241,1064,0,8741,290,364,8353,0,8717,82.87,,
"regional-compression-exact-study-2026-08-13","production",TRUE,12,"crossed",61,0.05,0.05,"exact","precomputed_exact_table","exact",202818100,202818121,,25000,"certified","bounds-met",TRUE,112,112,194,194,194,0,194,0,TRUE,0.950294354711172,0.0497056452888285,0.0497056452888293,TRUE,TRUE,TRUE,0.0497056452888285,0.0509834953158478,0.0108980943422176,37,37,24,0,0,,,,,0,136,94,112,0,0,112,2.61,,
"regional-compression-exact-study-2026-08-13","production",TRUE,12,"crossed",61,0.05,0.05,"stochastic","precomputed_exact_table","iid",202818100,202818122,100,25000,"frontier_exhausted","tolerance-not-met",TRUE,364,364,194,7,2268,2261,2268,2074,FALSE,1,-8.88178419700125e-16,0,TRUE,TRUE,TRUE,-8.88178419700125e-16,-8.88178419700125e-16,7.7715611723761e-16,350,121,24,229,208,241,Inf,241,1064,0,8741,289,364,8353,0,8717,92.49,,
"regional-compression-exact-study-2026-08-13","production",TRUE,12,"crossed",61,0.1,0.05,"exact","precomputed_exact_table","exact",202818100,202818131,,25000,"certified","bounds-met",TRUE,94,94,124,124,124,0,124,0,TRUE,0.903989925935539,0.0960100740644613,0.0960100740644622,TRUE,TRUE,TRUE,0.0960100740644613,0.10093706252867,0.0283640424087503,31,31,24,0,0,,,,,0,118,82,94,0,0,94,4.56999999999999,,
"regional-compression-exact-study-2026-08-13","production",TRUE,12,"crossed",61,0.1,0.05,"stochastic","precomputed_exact_table","iid",202818100,202818132,100,25000,"frontier_exhausted","tolerance-not-met",TRUE,364,364,124,7,2268,2261,2268,2144,FALSE,1,-8.88178419700125e-16,0,TRUE,TRUE,TRUE,-8.88178419700125e-16,-8.88178419700125e-16,7.7715611723761e-16,350,121,24,229,208,241,Inf,241,1064,0,8741,288,364,8353,0,8717,86.08,,
"regional-compression-exact-study-2026-08-13","production",TRUE,12,"crossed",61,0.2,0.05,"exact","precomputed_exact_table","exact",202818100,202818141,,25000,"certified","bounds-met",TRUE,61,61,70,70,70,0,70,0,TRUE,0.80493642737457,0.19506357262543,0.19506357262543,TRUE,TRUE,TRUE,0.19506357262543,0.216991976887546,0.0474606068303464,20,20,24,0,0,,,,,0,85,60,61,0,0,61,0.990000000000009,,
"regional-compression-exact-study-2026-08-13","production",TRUE,12,"crossed",61,0.2,0.05,"stochastic","precomputed_exact_table","iid",202818100,202818142,100,25000,"frontier_exhausted","tolerance-not-met",TRUE,364,364,70,7,2268,2261,2268,2198,FALSE,1,-8.88178419700125e-16,0,TRUE,TRUE,TRUE,-8.88178419700125e-16,-8.88178419700125e-16,7.7715611723761e-16,350,121,24,229,208,241,Inf,241,1064,0,8741,286,364,8353,0,8717,75.89,,
"regional-compression-exact-study-2026-08-13","production",TRUE,12,"crossed",62,0.01,0.05,"exact","precomputed_exact_table","exact",202818200,202818211,,25000,"certified","bounds-met",TRUE,154,154,349,349,349,0,349,0,TRUE,0.990138626586713,0.00986137341328719,0.00986137341329076,TRUE,TRUE,TRUE,0.00986137341328719,0.00991031880108098,0.00498968439389819,51,51,24,0,0,,,,,0,178,122,154,0,0,154,5.81,,
"regional-compression-exact-study-2026-08-13","production",TRUE,12,"crossed",62,0.01,0.05,"stochastic","precomputed_exact_table","iid",202818200,202818212,100,25000,"frontier_exhausted","tolerance-not-met",TRUE,364,364,349,7,2268,2261,2268,1919,FALSE,1,-3.5527136788005e-15,0,TRUE,TRUE,TRUE,-3.5527136788005e-15,-3.55271367880049e-15,3.44169137633799e-15,350,121,24,229,207,9,Inf,100,1928,0,20260,293,364,19872,0,20236,87.5,,
"regional-compression-exact-study-2026-08-13","production",TRUE,12,"crossed",62,0.05,0.05,"exact","precomputed_exact_table","exact",202818200,202818221,,25000,"certified","bounds-met",TRUE,106,106,181,181,181,0,181,0,TRUE,0.9507643454533,0.0492356545467004,0.0492356545467036,TRUE,TRUE,TRUE,0.0492356545467004,0.0504890437224669,0.0185540679871403,35,35,24,0,0,,,,,0,130,90,106,0,0,106,2.16999999999999,,
"regional-compression-exact-study-2026-08-13","production",TRUE,12,"crossed",62,0.05,0.05,"stochastic","precomputed_exact_table","iid",202818200,202818222,100,25000,"frontier_exhausted","tolerance-not-met",TRUE,364,364,181,7,2268,2261,2268,2087,FALSE,1,-3.5527136788005e-15,0,TRUE,TRUE,TRUE,-3.5527136788005e-15,-3.55271367880049e-15,3.44169137633799e-15,350,121,24,229,207,9,Inf,100,1928,0,20260,289,364,19872,0,20236,100.52,,
"regional-compression-exact-study-2026-08-13","production",TRUE,12,"crossed",62,0.1,0.05,"exact","precomputed_exact_table","exact",202818200,202818231,,25000,"certified","bounds-met",TRUE,82,82,114,114,114,0,114,0,TRUE,0.90266482455475,0.0973351754452497,0.0973351754452531,TRUE,TRUE,TRUE,0.0973351754452497,0.102403974364532,0.0329570669948333,27,27,24,0,0,,,,,0,106,74,82,0,0,82,1.67000000000002,,
"regional-compression-exact-study-2026-08-13","production",TRUE,12,"crossed",62,0.1,0.05,"stochastic","precomputed_exact_table","iid",202818200,202818232,100,25000,"frontier_exhausted","tolerance-not-met",TRUE,364,364,114,7,2268,2261,2268,2154,FALSE,1,-3.5527136788005e-15,0,TRUE,TRUE,TRUE,-3.5527136788005e-15,-3.55271367880049e-15,3.44169137633799e-15,350,121,24,229,207,9,Inf,100,1928,0,20260,289,364,19872,0,20236,86.34,,
"regional-compression-exact-study-2026-08-13","production",TRUE,12,"crossed",62,0.2,0.05,"exact","precomputed_exact_table","exact",202818200,202818241,,25000,"certified","bounds-met",TRUE,37,37,49,49,49,0,49,0,TRUE,0.800163891633344,0.199836108366656,0.199836108366659,TRUE,TRUE,TRUE,0.199836108366656,0.222938707754404,0.0928264834368394,12,12,24,0,0,,,,,0,61,44,37,0,0,37,0.699999999999989,,
"regional-compression-exact-study-2026-08-13","production",TRUE,12,"crossed",62,0.2,0.05,"stochastic","precomputed_exact_table","iid",202818200,202818242,100,25000,"frontier_exhausted","tolerance-not-met",TRUE,364,364,49,7,1826,1819,1826,1777,FALSE,0.962949936320807,0.0370500636791931,0.153336742053234,TRUE,TRUE,TRUE,0.0370500636791931,0.0377538557412011,0.0194074276110384,350,121,24,229,207,9,Inf,100,1928,0,20260,292,364,19872,0,20236,74.97,,
"regional-compression-exact-study-2026-08-13","production",TRUE,12,"crossed",63,0.01,0.05,"exact","precomputed_exact_table","exact",202818300,202818311,,25000,"certified","bounds-met",TRUE,142,142,274,274,274,0,274,0,TRUE,0.990261140097843,0.00973885990215717,0.00973885990215551,TRUE,TRUE,TRUE,0.00973885990215717,0.00978659276016005,0.00478698378948099,47,47,24,0,0,,,,,0,166,114,142,0,0,142,4.88,,
"regional-compression-exact-study-2026-08-13","production",TRUE,12,"crossed",63,0.01,0.05,"stochastic","precomputed_exact_table","iid",202818300,202818312,100,25000,"frontier_exhausted","tolerance-not-met",TRUE,364,364,274,8,2268,2260,2268,1994,FALSE,0.999999999999998,1.66533453693773e-15,0,TRUE,TRUE,TRUE,1.66533453693773e-15,1.66533453693774e-15,1.66533453693773e-15,350,121,24,229,207,38,Inf,100,305,0,2793,281,364,2405,0,2769,94.12,,
"regional-compression-exact-study-2026-08-13","production",TRUE,12,"crossed",63,0.05,0.05,"exact","precomputed_exact_table","exact",202818300,202818321,,25000,"certified","bounds-met",TRUE,76,76,112,112,112,0,112,0,TRUE,0.95016589082434,0.0498341091756604,0.0498341091756587,TRUE,TRUE,TRUE,0.0498341091756604,0.051118687711826,0.0166598833247858,25,25,24,0,0,,,,,0,100,70,76,0,0,76,1.83999999999999,,
"regional-compression-exact-study-2026-08-13","production",TRUE,12,"crossed",63,0.05,0.05,"stochastic","precomputed_exact_table","iid",202818300,202818322,100,25000,"frontier_exhausted","tolerance-not-met",TRUE,364,364,112,8,2268,2260,2268,2156,FALSE,0.999999999999998,1.66533453693773e-15,0,TRUE,TRUE,TRUE,1.66533453693773e-15,1.66533453693774e-15,1.66533453693773e-15,350,121,24,229,207,38,Inf,100,305,0,2793,282,364,2405,0,2769,104.11,,
"regional-compression-exact-study-2026-08-13","production",TRUE,12,"crossed",63,0.1,0.05,"exact","precomputed_exact_table","exact",202818300,202818331,,25000,"certified","bounds-met",TRUE,49,49,65,65,65,0,65,0,TRUE,0.900881668856039,0.0991183311439605,0.0991183311439589,TRUE,TRUE,TRUE,0.0991183311439605,0.104381363121902,0.041075300794998,16,16,24,0,0,,,,,0,73,52,49,0,0,49,1.08000000000001,,
"regional-compression-exact-study-2026-08-13","production",TRUE,12,"crossed",63,0.1,0.05,"stochastic","precomputed_exact_table","iid",202818300,202818332,100,25000,"frontier_exhausted","tolerance-not-met",TRUE,364,364,65,7,2268,2261,2268,2203,FALSE,0.999999999999998,1.66533453693773e-15,0,TRUE,TRUE,TRUE,1.66533453693773e-15,1.66533453693774e-15,1.66533453693773e-15,350,121,24,229,207,38,Inf,100,305,0,2793,282,364,2405,0,2769,87.89,,
"regional-compression-exact-study-2026-08-13","production",TRUE,12,"crossed",63,0.2,0.05,"exact","precomputed_exact_table","exact",202818300,202818341,,25000,"certified","bounds-met",TRUE,40,40,38,38,38,0,38,0,TRUE,0.836978998350051,0.163021001649949,0.163021001649947,TRUE,TRUE,TRUE,0.163021001649949,0.177956300384461,0.0416668511070644,13,13,24,0,0,,,,,0,64,46,40,0,0,40,0.689999999999998,,
"regional-compression-exact-study-2026-08-13","production",TRUE,12,"crossed",63,0.2,0.05,"stochastic","precomputed_exact_table","iid",202818300,202818342,100,25000,"frontier_exhausted","tolerance-not-met",TRUE,364,364,38,7,2268,2261,2268,2230,FALSE,0.999999999999998,1.66533453693773e-15,0,TRUE,TRUE,TRUE,1.66533453693773e-15,1.66533453693774e-15,1.66533453693773e-15,350,121,24,229,207,38,Inf,100,305,0,2793,283,364,2405,0,2769,82.53,,
"regional-compression-exact-study-2026-08-13","production",TRUE,12,"crossed",64,0.01,0.05,"exact","precomputed_exact_table","exact",202818400,202818411,,25000,"certified","bounds-met",TRUE,94,94,249,249,249,0,249,0,TRUE,0.990155591327024,0.00984440867297609,0.00984440867297352,TRUE,TRUE,TRUE,0.00984440867297609,0.00989318524571526,0.00525538727531696,31,31,24,0,0,,,,,0,118,82,94,0,0,94,3.33,,
"regional-compression-exact-study-2026-08-13","production",TRUE,12,"crossed",64,0.01,0.05,"stochastic","precomputed_exact_table","iid",202818400,202818412,100,25000,"frontier_exhausted","tolerance-not-met",TRUE,364,364,249,8,2268,2260,2268,2019,FALSE,0.999999999999997,2.55351295663786e-15,0,TRUE,TRUE,TRUE,2.55351295663786e-15,2.55351295663786e-15,2.44249065417534e-15,350,121,24,229,208,180,Inf,180,608,0,5880,285,364,5492,0,5856,88.48,,
"regional-compression-exact-study-2026-08-13","production",TRUE,12,"crossed",64,0.05,0.05,"exact","precomputed_exact_table","exact",202818400,202818421,,25000,"certified","bounds-met",TRUE,73,73,117,117,117,0,117,0,TRUE,0.950670070997728,0.049329929002272,0.0493299290022696,TRUE,TRUE,TRUE,0.049329929002272,0.0505882051290694,0.0198310218917166,24,24,24,0,0,,,,,0,97,68,73,0,0,73,1.69999999999999,,
"regional-compression-exact-study-2026-08-13","production",TRUE,12,"crossed",64,0.05,0.05,"stochastic","precomputed_exact_table","iid",202818400,202818422,100,25000,"frontier_exhausted","tolerance-not-met",TRUE,364,364,117,7,2268,2261,2268,2151,FALSE,0.999999999999997,2.55351295663786e-15,0,TRUE,TRUE,TRUE,2.55351295663786e-15,2.55351295663786e-15,2.44249065417534e-15,350,121,24,229,208,180,Inf,180,608,0,5880,284,364,5492,0,5856,98.4,,
"regional-compression-exact-study-2026-08-13","production",TRUE,12,"crossed",64,0.1,0.05,"exact","precomputed_exact_table","exact",202818400,202818431,,25000,"certified","bounds-met",TRUE,58,58,65,65,65,0,65,0,TRUE,0.904972472712228,0.095027527287772,0.0950275272877693,TRUE,TRUE,TRUE,0.095027527287772,0.0998507526373797,0.0252390610622957,19,19,24,0,0,,,,,0,82,58,58,0,0,58,1.72,,
"regional-compression-exact-study-2026-08-13","production",TRUE,12,"crossed",64,0.1,0.05,"stochastic","precomputed_exact_table","iid",202818400,202818432,100,25000,"frontier_exhausted","tolerance-not-met",TRUE,364,364,65,7,2268,2261,2268,2203,FALSE,0.999999999999997,2.55351295663786e-15,0,TRUE,TRUE,TRUE,2.55351295663786e-15,2.55351295663786e-15,2.44249065417534e-15,350,121,24,229,208,180,Inf,180,608,0,5880,283,364,5492,0,5856,84.24,,
"regional-compression-exact-study-2026-08-13","production",TRUE,12,"crossed",64,0.2,0.05,"exact","precomputed_exact_table","exact",202818400,202818441,,25000,"certified","bounds-met",TRUE,28,28,37,37,37,0,37,0,TRUE,0.842490017703603,0.157509982296397,0.157509982296396,TRUE,TRUE,TRUE,0.157509982296397,0.171393465248837,0.0865238572134632,9,9,24,0,0,,,,,0,52,38,28,0,0,28,0.379999999999995,,
"regional-compression-exact-study-2026-08-13","production",TRUE,12,"crossed",64,0.2,0.05,"stochastic","precomputed_exact_table","iid",202818400,202818442,100,25000,"frontier_exhausted","tolerance-not-met",TRUE,364,364,37,7,2268,2261,2268,2231,FALSE,0.999999999999997,2.55351295663786e-15,0,TRUE,TRUE,TRUE,2.55351295663786e-15,2.55351295663786e-15,2.44249065417534e-15,350,121,24,229,208,180,Inf,180,608,0,5880,285,364,5492,0,5856,75.43,,
"regional-compression-exact-study-2026-08-13","production",TRUE,12,"crossed",65,0.01,0.05,"exact","precomputed_exact_table","exact",202818500,202818511,,25000,"certified","bounds-met",TRUE,133,133,223,223,223,0,223,0,TRUE,0.990128216366886,0.0098717836331137,0.00987178363311078,TRUE,TRUE,TRUE,0.0098717836331137,0.00992083275768601,0.00384573428490996,44,44,24,0,0,,,,,0,157,108,133,0,0,133,4.8,,
"regional-compression-exact-study-2026-08-13","production",TRUE,12,"crossed",65,0.01,0.05,"stochastic","precomputed_exact_table","iid",202818500,202818512,100,25000,"frontier_exhausted","tolerance-not-met",TRUE,364,364,223,9,2268,2259,2268,2045,FALSE,0.999999999999997,2.99760216648792e-15,0,TRUE,TRUE,TRUE,2.99760216648792e-15,2.99760216648793e-15,2.99760216648792e-15,350,121,24,229,208,695,Inf,695,956,0,19420,285,364,19032,0,19396,92.01,,
"regional-compression-exact-study-2026-08-13","production",TRUE,12,"crossed",65,0.05,0.05,"exact","precomputed_exact_table","exact",202818500,202818521,,25000,"certified","bounds-met",TRUE,64,64,82,82,82,0,82,0,TRUE,0.953206883040758,0.0467931169592423,0.0467931169592392,TRUE,TRUE,TRUE,0.0467931169592423,0.0479233128008707,0.0226425452675937,21,21,24,0,0,,,,,0,88,62,64,0,0,64,1.36,,
"regional-compression-exact-study-2026-08-13","production",TRUE,12,"crossed",65,0.05,0.05,"stochastic","precomputed_exact_table","iid",202818500,202818522,100,25000,"frontier_exhausted","tolerance-not-met",TRUE,364,364,82,9,2268,2259,2268,2186,FALSE,0.999999999999997,2.99760216648792e-15,0,TRUE,TRUE,TRUE,2.99760216648792e-15,2.99760216648793e-15,2.99760216648792e-15,350,121,24,229,208,695,Inf,695,956,0,19420,284,364,19032,0,19396,99.03,,
"regional-compression-exact-study-2026-08-13","production",TRUE,12,"crossed",65,0.1,0.05,"exact","precomputed_exact_table","exact",202818500,202818531,,25000,"certified","bounds-met",TRUE,55,55,55,55,55,0,55,0,TRUE,0.903985220274396,0.096014779725604,0.0960147797256014,TRUE,TRUE,TRUE,0.096014779725604,0.100942267977598,0.0397703318078599,18,18,24,0,0,,,,,0,79,56,55,0,0,55,1.09999999999999,,
"regional-compression-exact-study-2026-08-13","production",TRUE,12,"crossed",65,0.1,0.05,"stochastic","precomputed_exact_table","iid",202818500,202818532,100,25000,"frontier_exhausted","tolerance-not-met",TRUE,364,364,55,9,2268,2259,2268,2213,FALSE,0.999999999999997,2.99760216648792e-15,0,TRUE,TRUE,TRUE,2.99760216648792e-15,2.99760216648793e-15,2.99760216648792e-15,350,121,24,229,208,695,Inf,695,956,0,19420,283,364,19032,0,19396,94.94,,
"regional-compression-exact-study-2026-08-13","production",TRUE,12,"crossed",65,0.2,0.05,"exact","precomputed_exact_table","exact",202818500,202818541,,25000,"certified","bounds-met",TRUE,31,31,28,28,28,0,28,0,TRUE,0.802573353848139,0.197426646151861,0.197426646151859,TRUE,TRUE,TRUE,0.197426646151861,0.219932021490953,0.0721822611190597,10,10,24,0,0,,,,,0,55,40,31,0,0,31,0.53000000000003,,
"regional-compression-exact-study-2026-08-13","production",TRUE,12,"crossed",65,0.2,0.05,"stochastic","precomputed_exact_table","iid",202818500,202818542,100,25000,"frontier_exhausted","tolerance-not-met",TRUE,364,364,28,9,2268,2259,2268,2240,FALSE,0.999999999999997,2.99760216648792e-15,0,TRUE,TRUE,TRUE,2.99760216648792e-15,2.99760216648793e-15,2.99760216648792e-15,350,121,24,229,208,695,Inf,695,956,0,19420,282,364,19032,0,19396,101.31,,
"regional-compression-exact-study-2026-08-13","production",TRUE,12,"crossed",66,0.01,0.05,"exact","precomputed_exact_table","exact",202818600,202818611,,25000,"certified","bounds-met",TRUE,109,109,206,206,206,0,206,0,TRUE,0.99016712335856,0.00983287664144028,0.00983287664144238,TRUE,TRUE,TRUE,0.00983287664144028,0.0098815386272622,0.00399823639674546,36,36,24,0,0,,,,,0,133,92,109,0,0,109,3.93,,
"regional-compression-exact-study-2026-08-13","production",TRUE,12,"crossed",66,0.01,0.05,"stochastic","precomputed_exact_table","iid",202818600,202818612,100,25000,"frontier_exhausted","tolerance-not-met",TRUE,364,364,206,9,2268,2259,2268,2062,FALSE,1,-2.22044604925031e-15,0,TRUE,TRUE,TRUE,-2.22044604925031e-15,-2.22044604925031e-15,2.22044604925031e-15,350,121,24,229,225,103,Inf,103,103,0,800,264,364,412,0,776,94.83,,
"regional-compression-exact-study-2026-08-13","production",TRUE,12,"crossed",66,0.05,0.05,"exact","precomputed_exact_table","exact",202818600,202818621,,25000,"certified","bounds-met",TRUE,61,61,93,93,93,0,93,0,TRUE,0.951481267903359,0.048518732096641,0.0485187320966427,TRUE,TRUE,TRUE,0.048518732096641,0.0497352793515892,0.0172077507108532,20,20,24,0,0,,,,,0,85,60,61,0,0,61,1.08000000000001,,
"regional-compression-exact-study-2026-08-13","production",TRUE,12,"crossed",66,0.05,0.05,"stochastic","precomputed_exact_table","iid",202818600,202818622,100,25000,"frontier_exhausted","tolerance-not-met",TRUE,364,364,93,9,2268,2259,2268,2175,FALSE,1,-2.22044604925031e-15,0,TRUE,TRUE,TRUE,-2.22044604925031e-15,-2.22044604925031e-15,2.22044604925031e-15,350,121,24,229,225,103,Inf,103,103,0,800,265,364,412,0,776,101.13,,
"regional-compression-exact-study-2026-08-13","production",TRUE,12,"crossed",66,0.1,0.05,"exact","precomputed_exact_table","exact",202818600,202818631,,25000,"certified","bounds-met",TRUE,37,37,56,56,56,0,56,0,TRUE,0.901944374898029,0.0980556251019712,0.0980556251019733,TRUE,TRUE,TRUE,0.0980556251019712,0.103202429448564,0.026808685940244,12,12,24,0,0,,,,,0,61,44,37,0,0,37,0.870000000000005,,
"regional-compression-exact-study-2026-08-13","production",TRUE,12,"crossed",66,0.1,0.05,"stochastic","precomputed_exact_table","iid",202818600,202818632,100,25000,"frontier_exhausted","tolerance-not-met",TRUE,364,364,56,9,2268,2259,2268,2212,FALSE,1,-2.22044604925031e-15,0,TRUE,TRUE,TRUE,-2.22044604925031e-15,-2.22044604925031e-15,2.22044604925031e-15,350,121,24,229,225,103,Inf,103,103,0,800,265,364,412,0,776,99.5,,
"regional-compression-exact-study-2026-08-13","production",TRUE,12,"crossed",66,0.2,0.05,"exact","precomputed_exact_table","exact",202818600,202818641,,25000,"certified","bounds-met",TRUE,34,34,36,36,36,0,36,0,TRUE,0.819624956575847,0.180375043424153,0.180375043424154,TRUE,TRUE,TRUE,0.180375043424153,0.198908413378868,0.0425985517863369,11,11,24,0,0,,,,,0,58,42,34,0,0,34,0.689999999999998,,
"regional-compression-exact-study-2026-08-13","production",TRUE,12,"crossed",66,0.2,0.05,"stochastic","precomputed_exact_table","iid",202818600,202818642,100,25000,"frontier_exhausted","tolerance-not-met",TRUE,364,364,36,9,2268,2259,2268,2232,FALSE,1,-2.22044604925031e-15,0,TRUE,TRUE,TRUE,-2.22044604925031e-15,-2.22044604925031e-15,2.22044604925031e-15,350,121,24,229,225,103,Inf,103,103,0,800,265,364,412,0,776,97.07,,
"regional-compression-exact-study-2026-08-13","production",TRUE,12,"crossed",67,0.01,0.05,"exact","precomputed_exact_table","exact",202818700,202818711,,25000,"certified","bounds-met",TRUE,133,133,263,263,263,0,263,0,TRUE,0.990177109649295,0.00982289035070461,0.00982289035070541,TRUE,TRUE,TRUE,0.00982289035070461,0.00987145321830217,0.00322150718668865,44,44,24,0,0,,,,,0,157,108,133,0,0,133,5.11,,
"regional-compression-exact-study-2026-08-13","production",TRUE,12,"crossed",67,0.01,0.05,"stochastic","precomputed_exact_table","iid",202818700,202818712,100,25000,"frontier_exhausted","tolerance-not-met",TRUE,364,364,263,7,2268,2261,2268,2005,FALSE,1,-8.88178419700125e-16,0,TRUE,TRUE,TRUE,-8.88178419700125e-16,-8.88178419700125e-16,7.7715611723761e-16,350,121,24,229,208,265,Inf,265,921,0,8577,281,364,8189,0,8553,76.56,,
"regional-compression-exact-study-2026-08-13","production",TRUE,12,"crossed",67,0.05,0.05,"exact","precomputed_exact_table","exact",202818700,202818721,,25000,"certified","bounds-met",TRUE,79,79,109,109,109,0,109,0,TRUE,0.951271728400159,0.0487282715998409,0.0487282715998412,TRUE,TRUE,TRUE,0.0487282715998409,0.049955528122138,0.0193050554786038,26,26,24,0,0,,,,,0,103,72,79,0,0,79,2.54000000000001,,
"regional-compression-exact-study-2026-08-13","production",TRUE,12,"crossed",67,0.05,0.05,"stochastic","precomputed_exact_table","iid",202818700,202818722,100,25000,"frontier_exhausted","tolerance-not-met",TRUE,364,364,109,7,2268,2261,2268,2159,FALSE,1,-8.88178419700125e-16,0,TRUE,TRUE,TRUE,-8.88178419700125e-16,-8.88178419700125e-16,7.7715611723761e-16,350,121,24,229,208,265,Inf,265,921,0,8577,281,364,8189,0,8553,83.58,,
"regional-compression-exact-study-2026-08-13","production",TRUE,12,"crossed",67,0.1,0.05,"exact","precomputed_exact_table","exact",202818700,202818731,,25000,"certified","bounds-met",TRUE,76,76,71,71,71,0,71,0,TRUE,0.900198187587834,0.0998018124121662,0.0998018124121672,TRUE,TRUE,TRUE,0.0998018124121662,0.105140331469218,0.0312164502738142,25,25,24,0,0,,,,,0,100,70,76,0,0,76,1.54999999999998,,
"regional-compression-exact-study-2026-08-13","production",TRUE,12,"crossed",67,0.1,0.05,"stochastic","precomputed_exact_table","iid",202818700,202818732,100,25000,"frontier_exhausted","tolerance-not-met",TRUE,364,364,71,7,2268,2261,2268,2197,FALSE,1,-8.88178419700125e-16,0,TRUE,TRUE,TRUE,-8.88178419700125e-16,-8.88178419700125e-16,7.7715611723761e-16,350,121,24,229,208,265,Inf,265,921,0,8577,283,364,8189,0,8553,84.58,,
"regional-compression-exact-study-2026-08-13","production",TRUE,12,"crossed",67,0.2,0.05,"exact","precomputed_exact_table","exact",202818700,202818741,,25000,"certified","bounds-met",TRUE,40,40,35,35,35,0,35,0,TRUE,0.808220399044568,0.191779600955432,0.191779600955433,TRUE,TRUE,TRUE,0.191779600955432,0.21292048656155,0.0601333802812766,13,13,24,0,0,,,,,0,64,46,40,0,0,40,0.539999999999964,,
"regional-compression-exact-study-2026-08-13","production",TRUE,12,"crossed",67,0.2,0.05,"stochastic","precomputed_exact_table","iid",202818700,202818742,100,25000,"frontier_exhausted","tolerance-not-met",TRUE,364,364,35,7,2268,2261,2268,2233,FALSE,1,-8.88178419700125e-16,0,TRUE,TRUE,TRUE,-8.88178419700125e-16,-8.88178419700125e-16,7.7715611723761e-16,350,121,24,229,208,265,Inf,265,921,0,8577,283,364,8189,0,8553,81.29,,
"regional-compression-exact-study-2026-08-13","production",TRUE,12,"crossed",68,0.01,0.05,"exact","precomputed_exact_table","exact",202818800,202818811,,25000,"certified","bounds-met",TRUE,193,193,363,363,363,0,363,0,TRUE,0.990169100835039,0.00983089916496116,0.00983089916495779,TRUE,TRUE,TRUE,0.00983089916496116,0.00987954151540315,0.00270443400262948,64,64,24,0,0,,,,,0,217,147,193,0,0,193,8.26,,
"regional-compression-exact-study-2026-08-13","production",TRUE,12,"crossed",68,0.01,0.05,"stochastic","precomputed_exact_table","iid",202818800,202818812,100,25000,"budget_exhausted","budget-exhausted",TRUE,364,364,363,7,Inf,Inf,Inf,Inf,FALSE,0,1,1,TRUE,FALSE,TRUE,1,Inf,,337,121,24,216,203,392,Inf,392,2139,0,22954,279,364,22566,0,22930,74.76,,
"regional-compression-exact-study-2026-08-13","production",TRUE,12,"crossed",68,0.05,0.05,"exact","precomputed_exact_table","exact",202818800,202818821,,25000,"certified","bounds-met",TRUE,109,109,162,162,162,0,162,0,TRUE,0.950740867572027,0.0492591324279729,0.0492591324279695,TRUE,TRUE,TRUE,0.0492591324279729,0.0505137377186893,0.0116701076800511,36,36,24,0,0,,,,,0,133,92,109,0,0,109,2.55,,
"regional-compression-exact-study-2026-08-13","production",TRUE,12,"crossed",68,0.05,0.05,"stochastic","precomputed_exact_table","iid",202818800,202818822,100,25000,"budget_exhausted","budget-exhausted",TRUE,364,364,162,7,Inf,Inf,Inf,Inf,FALSE,0,1,1,TRUE,FALSE,TRUE,1,Inf,,337,121,24,216,203,392,Inf,392,2139,0,22954,279,364,22566,0,22930,78.58,,
"regional-compression-exact-study-2026-08-13","production",TRUE,12,"crossed",68,0.1,0.05,"exact","precomputed_exact_table","exact",202818800,202818831,,25000,"certified","bounds-met",TRUE,97,97,110,110,110,0,110,0,TRUE,0.901369828720824,0.0986301712791763,0.0986301712791738,TRUE,TRUE,TRUE,0.0986301712791763,0.103839640862407,0.0373485571587627,32,32,24,0,0,,,,,0,121,84,97,0,0,97,2.09,,
"regional-compression-exact-study-2026-08-13","production",TRUE,12,"crossed",68,0.1,0.05,"stochastic","precomputed_exact_table","iid",202818800,202818832,100,25000,"budget_exhausted","budget-exhausted",TRUE,364,364,110,7,Inf,Inf,Inf,Inf,FALSE,0,1,1,TRUE,FALSE,TRUE,1,Inf,,337,121,24,216,203,392,Inf,392,2139,0,22954,279,364,22566,0,22930,78.24,,
"regional-compression-exact-study-2026-08-13","production",TRUE,12,"crossed",68,0.2,0.05,"exact","precomputed_exact_table","exact",202818800,202818841,,25000,"certified","bounds-met",TRUE,91,91,63,63,63,0,63,0,TRUE,0.804682484299586,0.195317515700414,0.195317515700412,TRUE,TRUE,TRUE,0.195317515700414,0.217307508812834,0.0644033767519809,30,30,24,0,0,,,,,0,115,80,91,0,0,91,1.76999999999998,,
"regional-compression-exact-study-2026-08-13","production",TRUE,12,"crossed",68,0.2,0.05,"stochastic","precomputed_exact_table","iid",202818800,202818842,100,25000,"budget_exhausted","budget-exhausted",TRUE,364,364,63,7,Inf,Inf,Inf,Inf,FALSE,0,1,1,TRUE,FALSE,TRUE,1,Inf,,337,121,24,216,203,392,Inf,392,2139,0,22954,278,364,22566,0,22930,79.17,,
"regional-compression-exact-study-2026-08-13","production",TRUE,12,"crossed",69,0.01,0.05,"exact","precomputed_exact_table","exact",202818900,202818911,,25000,"certified","bounds-met",TRUE,169,169,331,331,331,0,331,0,TRUE,0.990036678853745,0.00996332114625542,0.0099633211462543,TRUE,TRUE,TRUE,0.00996332114625542,0.0100132871925948,0.00336178047276764,56,56,24,0,0,,,,,0,193,131,169,0,0,169,6.73,,
"regional-compression-exact-study-2026-08-13","production",TRUE,12,"crossed",69,0.01,0.05,"stochastic","precomputed_exact_table","iid",202818900,202818912,100,25000,"frontier_exhausted","tolerance-not-met",TRUE,364,364,331,8,2268,2260,2268,1937,FALSE,0.999999999999999,1.11022302462516e-15,0,TRUE,TRUE,TRUE,1.11022302462516e-15,1.11022302462516e-15,9.99200722162641e-16,350,121,24,229,229,9864,Inf,,,0,388,261,364,0,0,364,89.8,,
"regional-compression-exact-study-2026-08-13","production",TRUE,12,"crossed",69,0.05,0.05,"exact","precomputed_exact_table","exact",202818900,202818921,,25000,"certified","bounds-met",TRUE,97,97,143,143,143,0,143,0,TRUE,0.950748930589488,0.0492510694105125,0.0492510694105114,TRUE,TRUE,TRUE,0.0492510694105125,0.0505052569816712,0.0121237678480232,32,32,24,0,0,,,,,0,121,84,97,0,0,97,1.96000000000001,,
"regional-compression-exact-study-2026-08-13","production",TRUE,12,"crossed",69,0.05,0.05,"stochastic","precomputed_exact_table","iid",202818900,202818922,100,25000,"frontier_exhausted","tolerance-not-met",TRUE,364,364,143,8,2268,2260,2268,2125,FALSE,0.999999999999999,1.11022302462516e-15,0,TRUE,TRUE,TRUE,1.11022302462516e-15,1.11022302462516e-15,9.99200722162641e-16,350,121,24,229,229,9864,Inf,,,0,388,261,364,0,0,364,92.5,,
"regional-compression-exact-study-2026-08-13","production",TRUE,12,"crossed",69,0.1,0.05,"exact","precomputed_exact_table","exact",202818900,202818931,,25000,"certified","bounds-met",TRUE,64,64,82,82,82,0,82,0,TRUE,0.902485787389058,0.0975142126109416,0.0975142126109403,TRUE,TRUE,TRUE,0.0975142126109416,0.102602336944468,0.0266784400640315,21,21,24,0,0,,,,,0,88,62,64,0,0,64,1.14999999999998,,
"regional-compression-exact-study-2026-08-13","production",TRUE,12,"crossed",69,0.1,0.05,"stochastic","precomputed_exact_table","iid",202818900,202818932,100,25000,"frontier_exhausted","tolerance-not-met",TRUE,364,364,82,7,2268,2261,2268,2186,FALSE,0.999999999999999,1.11022302462516e-15,0,TRUE,TRUE,TRUE,1.11022302462516e-15,1.11022302462516e-15,9.99200722162641e-16,350,121,24,229,229,9864,Inf,,,0,388,261,364,0,0,364,90.95,,
"regional-compression-exact-study-2026-08-13","production",TRUE,12,"crossed",69,0.2,0.05,"exact","precomputed_exact_table","exact",202818900,202818941,,25000,"certified","bounds-met",TRUE,46,46,44,44,44,0,44,0,TRUE,0.810848885959493,0.189151114040507,0.189151114040505,TRUE,TRUE,TRUE,0.189151114040507,0.209673572734583,0.0342538080254133,15,15,24,0,0,,,,,0,70,50,46,0,0,46,0.860000000000014,,
"regional-compression-exact-study-2026-08-13","production",TRUE,12,"crossed",69,0.2,0.05,"stochastic","precomputed_exact_table","iid",202818900,202818942,100,25000,"frontier_exhausted","tolerance-not-met",TRUE,364,364,44,7,2268,2261,2268,2224,FALSE,0.999999999999999,1.11022302462516e-15,0,TRUE,TRUE,TRUE,1.11022302462516e-15,1.11022302462516e-15,9.99200722162641e-16,350,121,24,229,229,9864,Inf,,,0,388,261,364,0,0,364,88.66,,
"regional-compression-exact-study-2026-08-13","production",TRUE,12,"crossed",70,0.01,0.05,"exact","precomputed_exact_table","exact",202819000,202819011,,25000,"certified","bounds-met",TRUE,178,178,437,437,437,0,437,0,TRUE,0.99016863984827,0.00983136015172992,0.00983136015172802,TRUE,TRUE,TRUE,0.00983136015172992,0.00988000707918986,0.00545848741412522,59,59,24,0,0,,,,,0,202,138,178,0,0,178,6.28,,
"regional-compression-exact-study-2026-08-13","production",TRUE,12,"crossed",70,0.01,0.05,"stochastic","precomputed_exact_table","iid",202819000,202819012,100,25000,"budget_exhausted","budget-exhausted",TRUE,358,358,437,9,Inf,Inf,Inf,Inf,FALSE,0,1,1,TRUE,FALSE,TRUE,1,Inf,,327,119,24,208,197,2085,Inf,2085,2085,0,23317,281,358,22935,0,23293,77.74,,
"regional-compression-exact-study-2026-08-13","production",TRUE,12,"crossed",70,0.05,0.05,"exact","precomputed_exact_table","exact",202819000,202819021,,25000,"certified","bounds-met",TRUE,124,124,231,231,231,0,231,0,TRUE,0.95084321289463,0.0491567871053697,0.0491567871053677,TRUE,TRUE,TRUE,0.0491567871053697,0.0504060955441957,0.0184230372366644,41,41,24,0,0,,,,,0,148,102,124,0,0,124,3.10000000000001,,
"regional-compression-exact-study-2026-08-13","production",TRUE,12,"crossed",70,0.05,0.05,"stochastic","precomputed_exact_table","iid",202819000,202819022,100,25000,"budget_exhausted","budget-exhausted",TRUE,358,358,231,8,Inf,Inf,Inf,Inf,FALSE,0,1,1,TRUE,FALSE,TRUE,1,Inf,,327,119,24,208,197,2085,Inf,2085,2085,0,23317,280,358,22935,0,23293,83.5,,
"regional-compression-exact-study-2026-08-13","production",TRUE,12,"crossed",70,0.1,0.05,"exact","precomputed_exact_table","exact",202819000,202819031,,25000,"certified","bounds-met",TRUE,103,103,169,169,169,0,169,0,TRUE,0.900033447945464,0.0999665520545355,0.0999665520545338,TRUE,TRUE,TRUE,0.0999665520545355,0.105323351964555,0.0309152333086428,34,34,24,0,0,,,,,0,127,88,103,0,0,103,2.63999999999999,,
"regional-compression-exact-study-2026-08-13","production",TRUE,12,"crossed",70,0.1,0.05,"stochastic","precomputed_exact_table","iid",202819000,202819032,100,25000,"budget_exhausted","budget-exhausted",TRUE,358,358,169,8,Inf,Inf,Inf,Inf,FALSE,0,1,1,TRUE,FALSE,TRUE,1,Inf,,327,119,24,208,197,2085,Inf,2085,2085,0,23317,282,358,22935,0,23293,79.72,,
"regional-compression-exact-study-2026-08-13","production",TRUE,12,"crossed",70,0.2,0.05,"exact","precomputed_exact_table","exact",202819000,202819041,,25000,"certified","bounds-met",TRUE,76,76,98,98,98,0,98,0,TRUE,0.801167538543513,0.198832461456487,0.198832461456487,TRUE,TRUE,TRUE,0.198832461456487,0.22168519205781,0.110714544222588,25,25,24,0,0,,,,,0,100,70,76,0,0,76,1.52999999999997,,
"regional-compression-exact-study-2026-08-13","production",TRUE,12,"crossed",70,0.2,0.05,"stochastic","precomputed_exact_table","iid",202819000,202819042,100,25000,"budget_exhausted","budget-exhausted",TRUE,358,358,98,8,Inf,Inf,Inf,Inf,FALSE,0,1,1,TRUE,FALSE,TRUE,1,Inf,,327,119,24,208,197,2085,Inf,2085,2085,0,23317,280,358,22935,0,23293,84.56,,
"regional-compression-exact-study-2026-08-13","production",TRUE,12,"crossed",71,0.01,0.05,"exact","precomputed_exact_table","exact",202819100,202819111,,25000,"certified","bounds-met",TRUE,145,145,295,295,295,0,295,0,TRUE,0.990027070237889,0.00997292976211062,0.00997292976211174,TRUE,TRUE,TRUE,0.00997292976211062,0.0100229925526972,0.00379736231583477,48,48,24,0,0,,,,,0,169,116,145,0,0,145,3.94,,
"regional-compression-exact-study-2026-08-13","production",TRUE,12,"crossed",71,0.01,0.05,"stochastic","precomputed_exact_table","iid",202819100,202819112,100,25000,"frontier_exhausted","tolerance-not-met",TRUE,364,364,295,7,2268,2261,2268,1973,FALSE,1,-1.11022302462516e-15,0,TRUE,TRUE,TRUE,-1.11022302462516e-15,-1.11022302462516e-15,1.11022302462516e-15,350,121,24,229,207,38,Inf,100,856,0,5418,282,364,5030,0,5394,77.56,,
"regional-compression-exact-study-2026-08-13","production",TRUE,12,"crossed",71,0.05,0.05,"exact","precomputed_exact_table","exact",202819100,202819121,,25000,"certified","bounds-met",TRUE,82,82,125,125,125,0,125,0,TRUE,0.950050682409976,0.0499493175900239,0.0499493175900249,TRUE,TRUE,TRUE,0.0499493175900239,0.0512399459053681,0.0164045331472072,27,27,24,0,0,,,,,0,106,74,82,0,0,82,2.09999999999999,,
"regional-compression-exact-study-2026-08-13","production",TRUE,12,"crossed",71,0.05,0.05,"stochastic","precomputed_exact_table","iid",202819100,202819122,100,25000,"frontier_exhausted","tolerance-not-met",TRUE,364,364,125,7,2268,2261,2268,2143,FALSE,1,-1.11022302462516e-15,0,TRUE,TRUE,TRUE,-1.11022302462516e-15,-1.11022302462516e-15,1.11022302462516e-15,350,121,24,229,207,38,Inf,100,856,0,5418,283,364,5030,0,5394,83.22,,
"regional-compression-exact-study-2026-08-13","production",TRUE,12,"crossed",71,0.1,0.05,"exact","precomputed_exact_table","exact",202819100,202819131,,25000,"certified","bounds-met",TRUE,73,73,81,81,81,0,81,0,TRUE,0.91458148240193,0.0854185175980696,0.0854185175980706,TRUE,TRUE,TRUE,0.0854185175980696,0.0892887146262469,0.0219972710390052,24,24,24,0,0,,,,,0,97,68,73,0,0,73,1.34999999999999,,
"regional-compression-exact-study-2026-08-13","production",TRUE,12,"crossed",71,0.1,0.05,"stochastic","precomputed_exact_table","iid",202819100,202819132,100,25000,"frontier_exhausted","tolerance-not-met",TRUE,364,364,81,7,2268,2261,2268,2187,FALSE,1,-1.11022302462516e-15,0,TRUE,TRUE,TRUE,-1.11022302462516e-15,-1.11022302462516e-15,1.11022302462516e-15,350,121,24,229,207,38,Inf,100,856,0,5418,283,364,5030,0,5394,83.38,,
"regional-compression-exact-study-2026-08-13","production",TRUE,12,"crossed",71,0.2,0.05,"exact","precomputed_exact_table","exact",202819100,202819141,,25000,"certified","bounds-met",TRUE,58,58,52,52,52,0,52,0,TRUE,0.839358543452844,0.160641456547156,0.160641456547157,TRUE,TRUE,TRUE,0.160641456547156,0.175117317611982,0.0570251572810049,19,19,24,0,0,,,,,0,82,58,58,0,0,58,1,,
"regional-compression-exact-study-2026-08-13","production",TRUE,12,"crossed",71,0.2,0.05,"stochastic","precomputed_exact_table","iid",202819100,202819142,100,25000,"frontier_exhausted","tolerance-not-met",TRUE,364,364,52,7,2268,2261,2268,2216,FALSE,1,-1.11022302462516e-15,0,TRUE,TRUE,TRUE,-1.11022302462516e-15,-1.11022302462516e-15,1.11022302462516e-15,350,121,24,229,207,38,Inf,100,856,0,5418,283,364,5030,0,5394,81.79,,
"regional-compression-exact-study-2026-08-13","production",TRUE,12,"crossed",72,0.01,0.05,"exact","precomputed_exact_table","exact",202819200,202819211,,25000,"certified","bounds-met",TRUE,142,142,251,251,251,0,251,0,TRUE,0.990027684868598,0.00997231513140184,0.00997231513140147,TRUE,TRUE,TRUE,0.00997231513140184,0.0100223717307657,0.00254226122164987,47,47,24,0,0,,,,,0,166,114,142,0,0,142,4.26,,
"regional-compression-exact-study-2026-08-13","production",TRUE,12,"crossed",72,0.01,0.05,"stochastic","precomputed_exact_table","iid",202819200,202819212,100,25000,"frontier_exhausted","tolerance-not-met",TRUE,364,364,251,7,2268,2261,2268,2017,FALSE,1,3.33066907387547e-16,0,TRUE,TRUE,TRUE,3.33066907387547e-16,3.33066907387547e-16,3.33066907387547e-16,350,121,24,229,225,495,Inf,495,495,0,2368,265,364,1980,0,2344,86.44,,
"regional-compression-exact-study-2026-08-13","production",TRUE,12,"crossed",72,0.05,0.05,"exact","precomputed_exact_table","exact",202819200,202819221,,25000,"certified","bounds-met",TRUE,79,79,110,110,110,0,110,0,TRUE,0.951917036007528,0.0480829639924716,0.0480829639924712,TRUE,TRUE,TRUE,0.0480829639924716,0.0492773950392121,0.0148426839131687,26,26,24,0,0,,,,,0,103,72,79,0,0,79,1.94,,
"regional-compression-exact-study-2026-08-13","production",TRUE,12,"crossed",72,0.05,0.05,"stochastic","precomputed_exact_table","iid",202819200,202819222,100,25000,"frontier_exhausted","tolerance-not-met",TRUE,364,364,110,7,2268,2261,2268,2158,FALSE,1,3.33066907387547e-16,0,TRUE,TRUE,TRUE,3.33066907387547e-16,3.33066907387547e-16,3.33066907387547e-16,350,121,24,229,225,495,Inf,495,495,0,2368,266,364,1980,0,2344,87.27,,
"regional-compression-exact-study-2026-08-13","production",TRUE,12,"crossed",72,0.1,0.05,"exact","precomputed_exact_table","exact",202819200,202819231,,25000,"certified","bounds-met",TRUE,46,46,64,64,64,0,64,0,TRUE,0.90328447589229,0.0967155241077096,0.0967155241077094,TRUE,TRUE,TRUE,0.0967155241077096,0.101717740967278,0.0233653486588147,15,15,24,0,0,,,,,0,70,50,46,0,0,46,0.569999999999993,,
"regional-compression-exact-study-2026-08-13","production",TRUE,12,"crossed",72,0.1,0.05,"stochastic","precomputed_exact_table","iid",202819200,202819232,100,25000,"frontier_exhausted","tolerance-not-met",TRUE,364,364,64,7,2268,2261,2268,2204,FALSE,1,3.33066907387547e-16,0,TRUE,TRUE,TRUE,3.33066907387547e-16,3.33066907387547e-16,3.33066907387547e-16,350,121,24,229,225,495,Inf,495,495,0,2368,266,364,1980,0,2344,87.94,,
"regional-compression-exact-study-2026-08-13","production",TRUE,12,"crossed",72,0.2,0.05,"exact","precomputed_exact_table","exact",202819200,202819241,,25000,"certified","bounds-met",TRUE,31,31,36,36,36,0,36,0,TRUE,0.824371221748294,0.175628778251706,0.175628778251706,TRUE,TRUE,TRUE,0.175628778251706,0.193134338692198,0.0244534472555593,10,10,24,0,0,,,,,0,55,40,31,0,0,31,0.45999999999998,,
"regional-compression-exact-study-2026-08-13","production",TRUE,12,"crossed",72,0.2,0.05,"stochastic","precomputed_exact_table","iid",202819200,202819242,100,25000,"frontier_exhausted","tolerance-not-met",TRUE,364,364,36,7,2268,2261,2268,2232,FALSE,1,3.33066907387547e-16,0,TRUE,TRUE,TRUE,3.33066907387547e-16,3.33066907387547e-16,3.33066907387547e-16,350,121,24,229,225,495,Inf,495,495,0,2368,266,364,1980,0,2344,88.85,,
"regional-compression-exact-study-2026-08-13","production",TRUE,12,"crossed",73,0.01,0.05,"exact","precomputed_exact_table","exact",202819300,202819311,,25000,"certified","bounds-met",TRUE,112,112,186,186,186,0,186,0,TRUE,0.990055149135015,0.00994485086498531,0.00994485086498833,TRUE,TRUE,TRUE,0.00994485086498531,0.00999463120804948,0.0038684619913544,37,37,24,0,0,,,,,0,136,94,112,0,0,112,3.5,,
"regional-compression-exact-study-2026-08-13","production",TRUE,12,"crossed",73,0.01,0.05,"stochastic","precomputed_exact_table","iid",202819300,202819312,100,25000,"frontier_exhausted","tolerance-not-met",TRUE,364,364,186,8,2268,2260,2268,2082,FALSE,1,-3.10862446895044e-15,0,TRUE,TRUE,TRUE,-3.10862446895044e-15,-3.10862446895043e-15,3.10862446895044e-15,350,121,24,229,208,294,Inf,294,428,0,7098,282,364,6710,0,7074,82.83,,
"regional-compression-exact-study-2026-08-13","production",TRUE,12,"crossed",73,0.05,0.05,"exact","precomputed_exact_table","exact",202819300,202819321,,25000,"certified","bounds-met",TRUE,61,61,74,74,74,0,74,0,TRUE,0.952164517852205,0.0478354821477947,0.0478354821477977,TRUE,TRUE,TRUE,0.0478354821477947,0.0490174462512321,0.0150630394167122,20,20,24,0,0,,,,,0,85,60,61,0,0,61,0.859999999999999,,
"regional-compression-exact-study-2026-08-13","production",TRUE,12,"crossed",73,0.05,0.05,"stochastic","precomputed_exact_table","iid",202819300,202819322,100,25000,"frontier_exhausted","tolerance-not-met",TRUE,364,364,74,8,2268,2260,2268,2194,FALSE,1,-3.10862446895044e-15,0,TRUE,TRUE,TRUE,-3.10862446895044e-15,-3.10862446895043e-15,3.10862446895044e-15,350,121,24,229,208,294,Inf,294,428,0,7098,282,364,6710,0,7074,90.17,,
"regional-compression-exact-study-2026-08-13","production",TRUE,12,"crossed",73,0.1,0.05,"exact","precomputed_exact_table","exact",202819300,202819331,,25000,"certified","bounds-met",TRUE,55,55,48,48,48,0,48,0,TRUE,0.923880570943492,0.0761194290565085,0.0761194290565108,TRUE,TRUE,TRUE,0.0761194290565085,0.0791724679199002,0.0188722018109283,18,18,24,0,0,,,,,0,79,56,55,0,0,55,0.879999999999995,,
"regional-compression-exact-study-2026-08-13","production",TRUE,12,"crossed",73,0.1,0.05,"stochastic","precomputed_exact_table","iid",202819300,202819332,100,25000,"frontier_exhausted","tolerance-not-met",TRUE,364,364,48,8,2268,2260,2268,2220,FALSE,1,-3.10862446895044e-15,0,TRUE,TRUE,TRUE,-3.10862446895044e-15,-3.10862446895043e-15,3.10862446895044e-15,350,121,24,229,208,294,Inf,294,428,0,7098,282,364,6710,0,7074,87.23,,
"regional-compression-exact-study-2026-08-13","production",TRUE,12,"crossed",73,0.2,0.05,"exact","precomputed_exact_table","exact",202819300,202819341,,25000,"certified","bounds-met",TRUE,28,28,28,28,28,0,28,0,TRUE,0.85399359897269,0.14600640102731,0.146006401027312,TRUE,TRUE,TRUE,0.14600640102731,0.157831580569795,0.0517841705161641,9,9,24,0,0,,,,,0,52,38,28,0,0,28,0.480000000000018,,
"regional-compression-exact-study-2026-08-13","production",TRUE,12,"crossed",73,0.2,0.05,"stochastic","precomputed_exact_table","iid",202819300,202819342,100,25000,"frontier_exhausted","tolerance-not-met",TRUE,364,364,28,8,2268,2260,2268,2240,FALSE,1,-3.10862446895044e-15,0,TRUE,TRUE,TRUE,-3.10862446895044e-15,-3.10862446895043e-15,3.10862446895044e-15,350,121,24,229,208,294,Inf,294,428,0,7098,282,364,6710,0,7074,86.77,,
"regional-compression-exact-study-2026-08-13","production",TRUE,12,"crossed",74,0.01,0.05,"exact","precomputed_exact_table","exact",202819400,202819411,,25000,"certified","bounds-met",TRUE,112,112,234,234,234,0,234,0,TRUE,0.990053283969119,0.00994671603088082,0.00994671603087916,TRUE,TRUE,TRUE,0.00994671603088082,0.00999651511083412,0.00487995214766973,37,37,24,0,0,,,,,0,136,94,112,0,0,112,3.29,,
"regional-compression-exact-study-2026-08-13","production",TRUE,12,"crossed",74,0.01,0.05,"stochastic","precomputed_exact_table","iid",202819400,202819412,100,25000,"frontier_exhausted","tolerance-not-met",TRUE,364,364,234,7,2268,2261,2268,2034,FALSE,0.999999999999998,1.66533453693773e-15,0,TRUE,TRUE,TRUE,1.66533453693773e-15,1.66533453693774e-15,1.66533453693773e-15,350,121,24,229,212,56,Inf,100,100,0,2088,278,364,1700,0,2064,80.73,,
"regional-compression-exact-study-2026-08-13","production",TRUE,12,"crossed",74,0.05,0.05,"exact","precomputed_exact_table","exact",202819400,202819421,,25000,"certified","bounds-met",TRUE,58,58,93,93,93,0,93,0,TRUE,0.950429716261965,0.049570283738035,0.0495702837380334,TRUE,TRUE,TRUE,0.049570283738035,0.050841063751909,0.0160936731647115,19,19,24,0,0,,,,,0,82,58,58,0,0,58,1.18000000000001,,
"regional-compression-exact-study-2026-08-13","production",TRUE,12,"crossed",74,0.05,0.05,"stochastic","precomputed_exact_table","iid",202819400,202819422,100,25000,"frontier_exhausted","tolerance-not-met",TRUE,364,364,93,7,2268,2261,2268,2175,FALSE,0.999999999999998,1.66533453693773e-15,0,TRUE,TRUE,TRUE,1.66533453693773e-15,1.66533453693774e-15,1.66533453693773e-15,350,121,24,229,212,56,Inf,100,100,0,2088,278,364,1700,0,2064,82,,
"regional-compression-exact-study-2026-08-13","production",TRUE,12,"crossed",74,0.1,0.05,"exact","precomputed_exact_table","exact",202819400,202819431,,25000,"certified","bounds-met",TRUE,40,40,57,57,57,0,57,0,TRUE,0.903070586331444,0.0969294136685563,0.0969294136685553,TRUE,TRUE,TRUE,0.0969294136685563,0.101954559925321,0.0245511273346695,13,13,24,0,0,,,,,0,64,46,40,0,0,40,0.889999999999986,,
"regional-compression-exact-study-2026-08-13","production",TRUE,12,"crossed",74,0.1,0.05,"stochastic","precomputed_exact_table","iid",202819400,202819432,100,25000,"frontier_exhausted","tolerance-not-met",TRUE,364,364,57,7,2268,2261,2268,2211,FALSE,0.999999999999998,1.66533453693773e-15,0,TRUE,TRUE,TRUE,1.66533453693773e-15,1.66533453693774e-15,1.66533453693773e-15,350,121,24,229,212,56,Inf,100,100,0,2088,278,364,1700,0,2064,86.83,,
"regional-compression-exact-study-2026-08-13","production",TRUE,12,"crossed",74,0.2,0.05,"exact","precomputed_exact_table","exact",202819400,202819441,,25000,"certified","bounds-met",TRUE,28,28,28,28,28,0,28,0,TRUE,0.813634787278027,0.186365212721973,0.186365212721971,TRUE,TRUE,TRUE,0.186365212721973,0.206243677937137,0.101724441642788,9,9,24,0,0,,,,,0,52,38,28,0,0,28,0.5,,
"regional-compression-exact-study-2026-08-13","production",TRUE,12,"crossed",74,0.2,0.05,"stochastic","precomputed_exact_table","iid",202819400,202819442,100,25000,"frontier_exhausted","tolerance-not-met",TRUE,364,364,28,7,2268,2261,2268,2240,FALSE,0.999999999999998,1.66533453693773e-15,0,TRUE,TRUE,TRUE,1.66533453693773e-15,1.66533453693774e-15,1.66533453693773e-15,350,121,24,229,212,56,Inf,100,100,0,2088,277,364,1700,0,2064,81.03,,
"regional-compression-exact-study-2026-08-13","production",TRUE,12,"crossed",75,0.01,0.05,"exact","precomputed_exact_table","exact",202819500,202819511,,25000,"certified","bounds-met",TRUE,133,133,280,280,280,0,280,0,TRUE,0.990031401328855,0.00996859867114508,0.00996859867114281,TRUE,TRUE,TRUE,0.00996859867114508,0.010018617842528,0.00427822383872162,44,44,24,0,0,,,,,0,157,108,133,0,0,133,3.75,,
"regional-compression-exact-study-2026-08-13","production",TRUE,12,"crossed",75,0.01,0.05,"stochastic","precomputed_exact_table","iid",202819500,202819512,100,25000,"frontier_exhausted","tolerance-not-met",TRUE,364,364,280,8,2268,2260,2268,1988,FALSE,0.999999999999998,2.33146835171283e-15,0,TRUE,TRUE,TRUE,2.33146835171283e-15,2.33146835171283e-15,2.22044604925031e-15,350,121,24,229,207,6,Inf,100,100,0,2588,284,364,2200,0,2564,82.18,,
"regional-compression-exact-study-2026-08-13","production",TRUE,12,"crossed",75,0.05,0.05,"exact","precomputed_exact_table","exact",202819500,202819521,,25000,"certified","bounds-met",TRUE,64,64,112,112,112,0,112,0,TRUE,0.950968646815054,0.049031353184946,0.0490313531849437,TRUE,TRUE,TRUE,0.049031353184946,0.0502741856289586,0.015408479042417,21,21,24,0,0,,,,,0,88,62,64,0,0,64,1.14999999999999,,
"regional-compression-exact-study-2026-08-13","production",TRUE,12,"crossed",75,0.05,0.05,"stochastic","precomputed_exact_table","iid",202819500,202819522,100,25000,"frontier_exhausted","tolerance-not-met",TRUE,364,364,112,8,2268,2260,2268,2156,FALSE,0.999999999999998,2.33146835171283e-15,0,TRUE,TRUE,TRUE,2.33146835171283e-15,2.33146835171283e-15,2.22044604925031e-15,350,121,24,229,207,6,Inf,100,100,0,2588,283,364,2200,0,2564,85.7,,
"regional-compression-exact-study-2026-08-13","production",TRUE,12,"crossed",75,0.1,0.05,"exact","precomputed_exact_table","exact",202819500,202819531,,25000,"certified","bounds-met",TRUE,70,70,82,82,82,0,82,0,TRUE,0.900713356640603,0.099286643359397,0.0992866433593951,TRUE,TRUE,TRUE,0.099286643359397,0.104568211124415,0.0345362659736418,23,23,24,0,0,,,,,0,94,66,70,0,0,70,1.83000000000001,,
"regional-compression-exact-study-2026-08-13","production",TRUE,12,"crossed",75,0.1,0.05,"stochastic","precomputed_exact_table","iid",202819500,202819532,100,25000,"frontier_exhausted","tolerance-not-met",TRUE,364,364,82,8,2268,2260,2268,2186,FALSE,0.999999999999998,2.33146835171283e-15,0,TRUE,TRUE,TRUE,2.33146835171283e-15,2.33146835171283e-15,2.22044604925031e-15,350,121,24,229,207,6,Inf,100,100,0,2588,282,364,2200,0,2564,87.47,,
"regional-compression-exact-study-2026-08-13","production",TRUE,12,"crossed",75,0.2,0.05,"exact","precomputed_exact_table","exact",202819500,202819541,,25000,"certified","bounds-met",TRUE,37,37,46,46,46,0,46,0,TRUE,0.816719447690594,0.183280552309406,0.183280552309406,TRUE,TRUE,TRUE,0.183280552309406,0.202459636374674,0.0585835220688575,12,12,24,0,0,,,,,0,61,44,37,0,0,37,0.650000000000034,,
"regional-compression-exact-study-2026-08-13","production",TRUE,12,"crossed",75,0.2,0.05,"stochastic","precomputed_exact_table","iid",202819500,202819542,100,25000,"frontier_exhausted","tolerance-not-met",TRUE,364,364,46,8,2268,2260,2268,2222,FALSE,0.999999999999998,2.33146835171283e-15,0,TRUE,TRUE,TRUE,2.33146835171283e-15,2.33146835171283e-15,2.22044604925031e-15,350,121,24,229,207,6,Inf,100,100,0,2588,283,364,2200,0,2564,84.71,,
"regional-compression-exact-study-2026-08-13","production",TRUE,12,"crossed",76,0.01,0.05,"exact","precomputed_exact_table","exact",202819600,202819611,,25000,"certified","bounds-met",TRUE,187,187,396,396,396,0,396,0,TRUE,0.990082391066453,0.00991760893354698,0.00991760893354757,TRUE,TRUE,TRUE,0.00991760893354698,0.00996711601692061,0.00385114678860901,62,62,24,0,0,,,,,0,211,144,187,0,0,187,6.77,,
"regional-compression-exact-study-2026-08-13","production",TRUE,12,"crossed",76,0.01,0.05,"stochastic","precomputed_exact_table","iid",202819600,202819612,100,25000,"frontier_exhausted","tolerance-not-met",TRUE,364,364,396,8,2268,2260,2268,1872,FALSE,1,-6.66133814775094e-16,0,TRUE,TRUE,TRUE,-6.66133814775094e-16,-6.66133814775094e-16,6.66133814775094e-16,350,121,24,229,207,1,Inf,100,409,0,7929,282,364,7541,0,7905,90.58,,
"regional-compression-exact-study-2026-08-13","production",TRUE,12,"crossed",76,0.05,0.05,"exact","precomputed_exact_table","exact",202819600,202819621,,25000,"certified","bounds-met",TRUE,115,115,183,183,183,0,183,0,TRUE,0.950267880299444,0.0497321197005556,0.0497321197005562,TRUE,TRUE,TRUE,0.0497321197005556,0.0510113548736577,0.0183348848181344,38,38,24,0,0,,,,,0,139,96,115,0,0,115,4.31,,
"regional-compression-exact-study-2026-08-13","production",TRUE,12,"crossed",76,0.05,0.05,"stochastic","precomputed_exact_table","iid",202819600,202819622,100,25000,"frontier_exhausted","tolerance-not-met",TRUE,364,364,183,8,2268,2260,2268,2085,FALSE,1,-6.66133814775094e-16,0,TRUE,TRUE,TRUE,-6.66133814775094e-16,-6.66133814775094e-16,6.66133814775094e-16,350,121,24,229,207,1,Inf,100,409,0,7929,283,364,7541,0,7905,96.58,,
"regional-compression-exact-study-2026-08-13","production",TRUE,12,"crossed",76,0.1,0.05,"exact","precomputed_exact_table","exact",202819600,202819631,,25000,"certified","bounds-met",TRUE,97,97,116,116,116,0,116,0,TRUE,0.901837575450429,0.098162424549571,0.0981624245495721,TRUE,TRUE,TRUE,0.098162424549571,0.103320846697061,0.0325037538052477,32,32,24,0,0,,,,,0,121,84,97,0,0,97,2.21000000000001,,
"regional-compression-exact-study-2026-08-13","production",TRUE,12,"crossed",76,0.1,0.05,"stochastic","precomputed_exact_table","iid",202819600,202819632,100,25000,"frontier_exhausted","tolerance-not-met",TRUE,364,364,116,8,2268,2260,2268,2152,FALSE,1,-6.66133814775094e-16,0,TRUE,TRUE,TRUE,-6.66133814775094e-16,-6.66133814775094e-16,6.66133814775094e-16,350,121,24,229,207,1,Inf,100,409,0,7929,283,364,7541,0,7905,95.98,,
"regional-compression-exact-study-2026-08-13","production",TRUE,12,"crossed",76,0.2,0.05,"exact","precomputed_exact_table","exact",202819600,202819641,,25000,"certified","bounds-met",TRUE,67,67,63,63,63,0,63,0,TRUE,0.80281192199066,0.19718807800934,0.197188078009342,TRUE,TRUE,TRUE,0.19718807800934,0.219634811658688,0.0632786364122473,22,22,24,0,0,,,,,0,91,64,67,0,0,67,1.28000000000003,,
"regional-compression-exact-study-2026-08-13","production",TRUE,12,"crossed",76,0.2,0.05,"stochastic","precomputed_exact_table","iid",202819600,202819642,100,25000,"frontier_exhausted","tolerance-not-met",TRUE,364,364,63,8,2268,2260,2268,2205,FALSE,1,-6.66133814775094e-16,0,TRUE,TRUE,TRUE,-6.66133814775094e-16,-6.66133814775094e-16,6.66133814775094e-16,350,121,24,229,207,1,Inf,100,409,0,7929,282,364,7541,0,7905,90.31,,
"regional-compression-exact-study-2026-08-13","production",TRUE,12,"crossed",77,0.01,0.05,"exact","precomputed_exact_table","exact",202819700,202819711,,25000,"certified","bounds-met",TRUE,148,148,366,366,366,0,366,0,TRUE,0.990088611970819,0.00991138802918079,0.00991138802918068,TRUE,TRUE,TRUE,0.00991138802918079,0.00996083281778612,0.00321863653173582,49,49,24,0,0,,,,,0,172,118,148,0,0,148,5.27,,
"regional-compression-exact-study-2026-08-13","production",TRUE,12,"crossed",77,0.01,0.05,"stochastic","precomputed_exact_table","iid",202819700,202819712,100,25000,"frontier_exhausted","tolerance-not-met",TRUE,364,364,366,7,2268,2261,2268,1902,FALSE,1,1.11022302462516e-16,0,TRUE,TRUE,TRUE,1.11022302462516e-16,1.11022302462516e-16,1.11022302462516e-16,350,121,24,229,225,352,Inf,352,352,0,1796,268,364,1408,0,1772,82.86,,
"regional-compression-exact-study-2026-08-13","production",TRUE,12,"crossed",77,0.05,0.05,"exact","precomputed_exact_table","exact",202819700,202819721,,25000,"certified","bounds-met",TRUE,106,106,173,173,173,0,173,0,TRUE,0.951227903297903,0.0487720967020975,0.0487720967020973,TRUE,TRUE,TRUE,0.0487720967020975,0.0500015991978262,0.0103563108875965,35,35,24,0,0,,,,,0,130,90,106,0,0,106,2.53,,
"regional-compression-exact-study-2026-08-13","production",TRUE,12,"crossed",77,0.05,0.05,"stochastic","precomputed_exact_table","iid",202819700,202819722,100,25000,"frontier_exhausted","tolerance-not-met",TRUE,364,364,173,7,2268,2261,2268,2095,FALSE,1,1.11022302462516e-16,0,TRUE,TRUE,TRUE,1.11022302462516e-16,1.11022302462516e-16,1.11022302462516e-16,350,121,24,229,225,352,Inf,352,352,0,1796,268,364,1408,0,1772,80.03,,
"regional-compression-exact-study-2026-08-13","production",TRUE,12,"crossed",77,0.1,0.05,"exact","precomputed_exact_table","exact",202819700,202819731,,25000,"certified","bounds-met",TRUE,70,70,118,118,118,0,118,0,TRUE,0.9069609057843,0.0930390942157003,0.0930390942157,TRUE,TRUE,TRUE,0.0930390942157003,0.0976559325696015,0.0195131931425896,23,23,24,0,0,,,,,0,94,66,70,0,0,70,1.56,,
"regional-compression-exact-study-2026-08-13","production",TRUE,12,"crossed",77,0.1,0.05,"stochastic","precomputed_exact_table","iid",202819700,202819732,100,25000,"frontier_exhausted","tolerance-not-met",TRUE,364,364,118,7,2268,2261,2268,2150,FALSE,1,1.11022302462516e-16,0,TRUE,TRUE,TRUE,1.11022302462516e-16,1.11022302462516e-16,1.11022302462516e-16,350,121,24,229,225,352,Inf,352,352,0,1796,269,364,1408,0,1772,80.66,,
"regional-compression-exact-study-2026-08-13","production",TRUE,12,"crossed",77,0.2,0.05,"exact","precomputed_exact_table","exact",202819700,202819741,,25000,"certified","bounds-met",TRUE,55,55,73,73,73,0,73,0,TRUE,0.801629880348784,0.198370119651216,0.198370119651216,TRUE,TRUE,TRUE,0.198370119651216,0.221108273462054,0.077555413789882,18,18,24,0,0,,,,,0,79,56,55,0,0,55,1.05000000000001,,
"regional-compression-exact-study-2026-08-13","production",TRUE,12,"crossed",77,0.2,0.05,"stochastic","precomputed_exact_table","iid",202819700,202819742,100,25000,"frontier_exhausted","tolerance-not-met",TRUE,364,364,73,7,2268,2261,2268,2195,FALSE,1,1.11022302462516e-16,0,TRUE,TRUE,TRUE,1.11022302462516e-16,1.11022302462516e-16,1.11022302462516e-16,350,121,24,229,225,352,Inf,352,352,0,1796,268,364,1408,0,1772,80.18,,
"regional-compression-exact-study-2026-08-13","production",TRUE,12,"crossed",78,0.01,0.05,"exact","precomputed_exact_table","exact",202819800,202819811,,25000,"certified","bounds-met",TRUE,166,166,417,417,417,0,417,0,TRUE,0.990153980470416,0.00984601952958386,0.00984601952958481,TRUE,TRUE,TRUE,0.00984601952958386,0.00989481211924121,0.00370631697386712,55,55,24,0,0,,,,,0,190,129,166,0,0,166,6.01,,
"regional-compression-exact-study-2026-08-13","production",TRUE,12,"crossed",78,0.01,0.05,"stochastic","precomputed_exact_table","iid",202819800,202819812,100,25000,"frontier_exhausted","tolerance-not-met",TRUE,364,364,417,7,2268,2261,2268,1851,FALSE,1,-8.88178419700125e-16,0,TRUE,TRUE,TRUE,-8.88178419700125e-16,-8.88178419700125e-16,6.66133814775094e-16,350,121,24,229,212,397,Inf,397,397,0,7137,285,364,6749,0,7113,81.54,,
"regional-compression-exact-study-2026-08-13","production",TRUE,12,"crossed",78,0.05,0.05,"exact","precomputed_exact_table","exact",202819800,202819821,,25000,"certified","bounds-met",TRUE,106,106,205,205,205,0,205,0,TRUE,0.951895421916485,0.0481045780835149,0.0481045780835159,TRUE,TRUE,TRUE,0.0481045780835149,0.0493001011528887,0.0106047277551939,35,35,24,0,0,,,,,0,130,89,106,0,0,106,2.39,,
"regional-compression-exact-study-2026-08-13","production",TRUE,12,"crossed",78,0.05,0.05,"stochastic","precomputed_exact_table","iid",202819800,202819822,100,25000,"frontier_exhausted","tolerance-not-met",TRUE,364,364,205,7,2268,2261,2268,2063,FALSE,1,-8.88178419700125e-16,0,TRUE,TRUE,TRUE,-8.88178419700125e-16,-8.88178419700125e-16,6.66133814775094e-16,350,121,24,229,212,397,Inf,397,397,0,7137,285,364,6749,0,7113,83.81,,
"regional-compression-exact-study-2026-08-13","production",TRUE,12,"crossed",78,0.1,0.05,"exact","precomputed_exact_table","exact",202819800,202819831,,25000,"certified","bounds-met",TRUE,88,88,135,135,135,0,135,0,TRUE,0.902114406225112,0.0978855937748878,0.0978855937748887,TRUE,TRUE,TRUE,0.0978855937748878,0.103013930792793,0.0174026050908069,29,29,24,0,0,,,,,0,112,77,88,0,0,88,2.47,,
"regional-compression-exact-study-2026-08-13","production",TRUE,12,"crossed",78,0.1,0.05,"stochastic","precomputed_exact_table","iid",202819800,202819832,100,25000,"frontier_exhausted","tolerance-not-met",TRUE,364,364,135,7,2268,2261,2268,2133,FALSE,1,-8.88178419700125e-16,0,TRUE,TRUE,TRUE,-8.88178419700125e-16,-8.88178419700125e-16,6.66133814775094e-16,350,121,24,229,212,397,Inf,397,397,0,7137,284,364,6749,0,7113,83.34,,
"regional-compression-exact-study-2026-08-13","production",TRUE,12,"crossed",78,0.2,0.05,"exact","precomputed_exact_table","exact",202819800,202819841,,25000,"certified","bounds-met",TRUE,61,61,87,87,87,0,87,0,TRUE,0.800309540864513,0.199690459135487,0.199690459135488,TRUE,TRUE,TRUE,0.199690459135487,0.222756700070161,0.0654798010800027,20,20,24,0,0,,,,,0,85,59,61,0,0,61,1.15999999999997,,
"regional-compression-exact-study-2026-08-13","production",TRUE,12,"crossed",78,0.2,0.05,"stochastic","precomputed_exact_table","iid",202819800,202819842,100,25000,"frontier_exhausted","tolerance-not-met",TRUE,364,364,87,7,2268,2261,2268,2181,FALSE,1,-8.88178419700125e-16,0,TRUE,TRUE,TRUE,-8.88178419700125e-16,-8.88178419700125e-16,6.66133814775094e-16,350,121,24,229,212,397,Inf,397,397,0,7137,286,364,6749,0,7113,80.25,,
"regional-compression-exact-study-2026-08-13","production",TRUE,12,"crossed",79,0.01,0.05,"exact","precomputed_exact_table","exact",202819900,202819911,,25000,"certified","bounds-met",TRUE,154,154,286,286,286,0,286,0,TRUE,0.990378820602844,0.0096211793971559,0.00962117939715698,TRUE,TRUE,TRUE,0.0096211793971559,0.00966776197064279,0.00363217378049989,51,51,24,0,0,,,,,0,178,122,154,0,0,154,5.11,,
"regional-compression-exact-study-2026-08-13","production",TRUE,12,"crossed",79,0.01,0.05,"stochastic","precomputed_exact_table","iid",202819900,202819912,100,25000,"frontier_exhausted","tolerance-not-met",TRUE,364,364,286,8,2268,2260,2268,1982,FALSE,1,-1.11022302462516e-15,0,TRUE,TRUE,TRUE,-1.11022302462516e-15,-1.11022302462516e-15,9.99200722162641e-16,350,121,24,229,208,358,Inf,358,422,0,8162,282,364,7774,0,8138,88.97,,
"regional-compression-exact-study-2026-08-13","production",TRUE,12,"crossed",79,0.05,0.05,"exact","precomputed_exact_table","exact",202819900,202819921,,25000,"certified","bounds-met",TRUE,94,94,118,118,118,0,118,0,TRUE,0.953786908801915,0.0462130911980851,0.046213091198086,TRUE,TRUE,TRUE,0.0462130911980851,0.0473149985194875,0.0161591358121131,31,31,24,0,0,,,,,0,118,82,94,0,0,94,2.30000000000001,,
"regional-compression-exact-study-2026-08-13","production",TRUE,12,"crossed",79,0.05,0.05,"stochastic","precomputed_exact_table","iid",202819900,202819922,100,25000,"frontier_exhausted","tolerance-not-met",TRUE,364,364,118,8,2268,2260,2268,2150,FALSE,1,-1.11022302462516e-15,0,TRUE,TRUE,TRUE,-1.11022302462516e-15,-1.11022302462516e-15,9.99200722162641e-16,350,121,24,229,208,358,Inf,358,422,0,8162,282,364,7774,0,8138,93.7,,
"regional-compression-exact-study-2026-08-13","production",TRUE,12,"crossed",79,0.1,0.05,"exact","precomputed_exact_table","exact",202819900,202819931,,25000,"certified","bounds-met",TRUE,76,76,82,82,82,0,82,0,TRUE,0.900623156790896,0.0993768432091039,0.0993768432091051,TRUE,TRUE,TRUE,0.0993768432091039,0.104668358819318,0.0338249240049763,25,25,24,0,0,,,,,0,100,70,76,0,0,76,1.81999999999999,,
"regional-compression-exact-study-2026-08-13","production",TRUE,12,"crossed",79,0.1,0.05,"stochastic","precomputed_exact_table","iid",202819900,202819932,100,25000,"frontier_exhausted","tolerance-not-met",TRUE,364,364,82,8,2268,2260,2268,2186,FALSE,1,-1.11022302462516e-15,0,TRUE,TRUE,TRUE,-1.11022302462516e-15,-1.11022302462516e-15,9.99200722162641e-16,350,121,24,229,208,358,Inf,358,422,0,8162,282,364,7774,0,8138,92.02,,
"regional-compression-exact-study-2026-08-13","production",TRUE,12,"crossed",79,0.2,0.05,"exact","precomputed_exact_table","exact",202819900,202819941,,25000,"certified","bounds-met",TRUE,61,61,46,46,46,0,46,0,TRUE,0.804746972018511,0.195253027981489,0.195253027981489,TRUE,TRUE,TRUE,0.195253027981489,0.217227371446507,0.07447407494489,20,20,24,0,0,,,,,0,85,60,61,0,0,61,1.88,,
"regional-compression-exact-study-2026-08-13","production",TRUE,12,"crossed",79,0.2,0.05,"stochastic","precomputed_exact_table","iid",202819900,202819942,100,25000,"frontier_exhausted","tolerance-not-met",TRUE,364,364,46,8,2268,2260,2268,2222,FALSE,1,-1.11022302462516e-15,0,TRUE,TRUE,TRUE,-1.11022302462516e-15,-1.11022302462516e-15,9.99200722162641e-16,350,121,24,229,208,358,Inf,358,422,0,8162,282,364,7774,0,8138,84.35,,
"regional-compression-exact-study-2026-08-13","production",TRUE,12,"crossed",80,0.01,0.05,"exact","precomputed_exact_table","exact",202820000,202820011,,25000,"certified","bounds-met",TRUE,91,91,150,150,150,0,150,0,TRUE,0.990292285240274,0.00970771475972587,0.00970771475973138,TRUE,TRUE,TRUE,0.00970771475972587,0.00975514181111175,0.00454471995961704,30,30,24,0,0,,,,,0,115,80,91,0,0,91,3.67,,
"regional-compression-exact-study-2026-08-13","production",TRUE,12,"crossed",80,0.01,0.05,"stochastic","precomputed_exact_table","iid",202820000,202820012,100,25000,"frontier_exhausted","tolerance-not-met",TRUE,364,364,150,8,2268,2260,2268,2118,FALSE,1.00000000000001,-5.55111512312578e-15,0,TRUE,TRUE,TRUE,-5.55111512312578e-15,-5.55111512312577e-15,5.55111512312578e-15,350,121,24,229,225,2149,Inf,2149,2149,0,8984,270,364,8596,0,8960,85.19,,
"regional-compression-exact-study-2026-08-13","production",TRUE,12,"crossed",80,0.05,0.05,"exact","precomputed_exact_table","exact",202820000,202820021,,25000,"certified","bounds-met",TRUE,58,58,67,67,67,0,67,0,TRUE,0.95194424370001,0.0480557562999901,0.0480557562999945,TRUE,TRUE,TRUE,0.0480557562999901,0.0492488134479237,0.0200879774878179,19,19,24,0,0,,,,,0,82,58,58,0,0,58,0.900000000000006,,
"regional-compression-exact-study-2026-08-13","production",TRUE,12,"crossed",80,0.05,0.05,"stochastic","precomputed_exact_table","iid",202820000,202820022,100,25000,"frontier_exhausted","tolerance-not-met",TRUE,364,364,67,8,2268,2260,2268,2201,FALSE,1.00000000000001,-5.55111512312578e-15,0,TRUE,TRUE,TRUE,-5.55111512312578e-15,-5.55111512312577e-15,5.55111512312578e-15,350,121,24,229,225,2149,Inf,2149,2149,0,8984,268,364,8596,0,8960,79.41,,
"regional-compression-exact-study-2026-08-13","production",TRUE,12,"crossed",80,0.1,0.05,"exact","precomputed_exact_table","exact",202820000,202820031,,25000,"certified","bounds-met",TRUE,28,28,29,29,29,0,29,0,TRUE,0.90349000778158,0.0965099922184198,0.0965099922184253,TRUE,TRUE,TRUE,0.0965099922184198,0.101490228466926,0.0233498247441556,9,9,24,0,0,,,,,0,52,38,28,0,0,28,0.469999999999999,,
"regional-compression-exact-study-2026-08-13","production",TRUE,12,"crossed",80,0.1,0.05,"stochastic","precomputed_exact_table","iid",202820000,202820032,100,25000,"frontier_exhausted","tolerance-not-met",TRUE,364,364,29,8,2268,2260,2268,2239,FALSE,1.00000000000001,-5.55111512312578e-15,0,TRUE,TRUE,TRUE,-5.55111512312578e-15,-5.55111512312577e-15,5.55111512312578e-15,350,121,24,229,225,2149,Inf,2149,2149,0,8984,268,364,8596,0,8960,80,,
"regional-compression-exact-study-2026-08-13","production",TRUE,12,"crossed",80,0.2,0.05,"exact","precomputed_exact_table","exact",202820000,202820041,,25000,"certified","bounds-met",TRUE,19,19,19,19,19,0,19,0,TRUE,0.862110603108651,0.137889396891349,0.137889396891355,TRUE,TRUE,TRUE,0.137889396891349,0.148371706678626,0.0503831363565467,6,6,24,0,0,,,,,0,43,32,19,0,0,19,0.29000000000002,,
"regional-compression-exact-study-2026-08-13","production",TRUE,12,"crossed",80,0.2,0.05,"stochastic","precomputed_exact_table","iid",202820000,202820042,100,25000,"frontier_exhausted","tolerance-not-met",TRUE,364,364,19,8,2268,2260,2268,2249,FALSE,1.00000000000001,-5.55111512312578e-15,0,TRUE,TRUE,TRUE,-5.55111512312578e-15,-5.55111512312577e-15,5.55111512312578e-15,350,121,24,229,225,2149,Inf,2149,2149,0,8984,269,364,8596,0,8960,79,,
"regional-compression-exact-study-2026-08-13","production",TRUE,12,"crossed",81,0.01,0.05,"exact","precomputed_exact_table","exact",202820100,202820111,,25000,"certified","bounds-met",TRUE,178,178,383,383,383,0,383,0,TRUE,0.990223322523061,0.009776677476939,0.00977667747693888,TRUE,TRUE,TRUE,0.009776677476939,0.00982478298633973,0.00403716539724521,59,59,24,0,0,,,,,0,202,138,178,0,0,178,7.63,,
"regional-compression-exact-study-2026-08-13","production",TRUE,12,"crossed",81,0.01,0.05,"stochastic","precomputed_exact_table","iid",202820100,202820112,100,25000,"frontier_exhausted","tolerance-not-met",TRUE,364,364,383,7,2268,2261,2268,1885,FALSE,1,1.11022302462516e-16,0,TRUE,TRUE,TRUE,1.11022302462516e-16,1.11022302462516e-16,2.22044604925031e-16,350,121,24,229,212,44,Inf,100,100,0,2088,278,364,1700,0,2064,77.78,,
"regional-compression-exact-study-2026-08-13","production",TRUE,12,"crossed",81,0.05,0.05,"exact","precomputed_exact_table","exact",202820100,202820121,,25000,"certified","bounds-met",TRUE,109,109,164,164,164,0,164,0,TRUE,0.951371812210336,0.0486281877896642,0.048628187789664,TRUE,TRUE,TRUE,0.0486281877896642,0.0498503231185387,0.0182817639719189,36,36,24,0,0,,,,,0,133,92,109,0,0,109,2.75,,
"regional-compression-exact-study-2026-08-13","production",TRUE,12,"crossed",81,0.05,0.05,"stochastic","precomputed_exact_table","iid",202820100,202820122,100,25000,"frontier_exhausted","tolerance-not-met",TRUE,364,364,164,7,2268,2261,2268,2104,FALSE,1,1.11022302462516e-16,0,TRUE,TRUE,TRUE,1.11022302462516e-16,1.11022302462516e-16,2.22044604925031e-16,350,121,24,229,212,44,Inf,100,100,0,2088,278,364,1700,0,2064,84.28,,
"regional-compression-exact-study-2026-08-13","production",TRUE,12,"crossed",81,0.1,0.05,"exact","precomputed_exact_table","exact",202820100,202820131,,25000,"certified","bounds-met",TRUE,70,70,101,101,101,0,101,0,TRUE,0.900594866490114,0.0994051335098861,0.099405133509886,TRUE,TRUE,TRUE,0.0994051335098861,0.104699771230718,0.0278811514493831,23,23,24,0,0,,,,,0,94,66,70,0,0,70,1.81,,
"regional-compression-exact-study-2026-08-13","production",TRUE,12,"crossed",81,0.1,0.05,"stochastic","precomputed_exact_table","iid",202820100,202820132,100,25000,"frontier_exhausted","tolerance-not-met",TRUE,364,364,101,7,2268,2261,2268,2167,FALSE,1,1.11022302462516e-16,0,TRUE,TRUE,TRUE,1.11022302462516e-16,1.11022302462516e-16,2.22044604925031e-16,350,121,24,229,212,44,Inf,100,100,0,2088,278,364,1700,0,2064,84.31,,
"regional-compression-exact-study-2026-08-13","production",TRUE,12,"crossed",81,0.2,0.05,"exact","precomputed_exact_table","exact",202820100,202820141,,25000,"certified","bounds-met",TRUE,49,49,55,55,55,0,55,0,TRUE,0.805087195564954,0.194912804435046,0.194912804435045,TRUE,TRUE,TRUE,0.194912804435046,0.216804689957495,0.0452755969991884,16,16,24,0,0,,,,,0,73,52,49,0,0,49,1,,
"regional-compression-exact-study-2026-08-13","production",TRUE,12,"crossed",81,0.2,0.05,"stochastic","precomputed_exact_table","iid",202820100,202820142,100,25000,"frontier_exhausted","tolerance-not-met",TRUE,364,364,55,7,2268,2261,2268,2213,FALSE,1,1.11022302462516e-16,0,TRUE,TRUE,TRUE,1.11022302462516e-16,1.11022302462516e-16,2.22044604925031e-16,350,121,24,229,212,44,Inf,100,100,0,2088,278,364,1700,0,2064,83.23,,
"regional-compression-exact-study-2026-08-13","production",TRUE,12,"crossed",82,0.01,0.05,"exact","precomputed_exact_table","exact",202820200,202820211,,25000,"certified","bounds-met",TRUE,193,193,446,446,446,0,446,0,TRUE,0.990167867792868,0.0098321322071323,0.00983213220713495,TRUE,TRUE,TRUE,0.0098321322071323,0.00988078680061539,0.00463329476684513,64,64,24,0,0,,,,,0,217,148,193,0,0,193,7.94,,
"regional-compression-exact-study-2026-08-13","production",TRUE,12,"crossed",82,0.01,0.05,"stochastic","precomputed_exact_table","iid",202820200,202820212,100,25000,"frontier_exhausted","tolerance-not-met",TRUE,364,364,446,8,2268,2260,2268,1822,FALSE,1,-2.66453525910038e-15,0,TRUE,TRUE,TRUE,-2.66453525910038e-15,-2.66453525910037e-15,2.55351295663786e-15,350,121,24,229,212,284,Inf,284,284,0,5216,278,364,4828,0,5192,82.52,,
"regional-compression-exact-study-2026-08-13","production",TRUE,12,"crossed",82,0.05,0.05,"exact","precomputed_exact_table","exact",202820200,202820221,,25000,"certified","bounds-met",TRUE,109,109,197,197,197,0,197,0,TRUE,0.950149087653734,0.0498509123462662,0.0498509123462689,TRUE,TRUE,TRUE,0.0498509123462662,0.0511363723281095,0.0168593536121443,36,36,24,0,0,,,,,0,133,92,109,0,0,109,2.37,,
"regional-compression-exact-study-2026-08-13","production",TRUE,12,"crossed",82,0.05,0.05,"stochastic","precomputed_exact_table","iid",202820200,202820222,100,25000,"frontier_exhausted","tolerance-not-met",TRUE,364,364,197,8,2268,2260,2268,2071,FALSE,1,-2.66453525910038e-15,0,TRUE,TRUE,TRUE,-2.66453525910038e-15,-2.66453525910037e-15,2.55351295663786e-15,350,121,24,229,212,284,Inf,284,284,0,5216,278,364,4828,0,5192,87.03,,
"regional-compression-exact-study-2026-08-13","production",TRUE,12,"crossed",82,0.1,0.05,"exact","precomputed_exact_table","exact",202820200,202820231,,25000,"certified","bounds-met",TRUE,82,82,120,120,120,0,120,0,TRUE,0.90393338957571,0.0960666104242903,0.0960666104242931,TRUE,TRUE,TRUE,0.0960666104242903,0.100999605402433,0.0244940484954198,27,27,24,0,0,,,,,0,106,74,82,0,0,82,1.65000000000001,,
"regional-compression-exact-study-2026-08-13","production",TRUE,12,"crossed",82,0.1,0.05,"stochastic","precomputed_exact_table","iid",202820200,202820232,100,25000,"frontier_exhausted","tolerance-not-met",TRUE,364,364,120,8,2268,2260,2268,2148,FALSE,1,-2.66453525910038e-15,0,TRUE,TRUE,TRUE,-2.66453525910038e-15,-2.66453525910037e-15,2.55351295663786e-15,350,121,24,229,212,284,Inf,284,284,0,5216,278,364,4828,0,5192,88,,
"regional-compression-exact-study-2026-08-13","production",TRUE,12,"crossed",82,0.2,0.05,"exact","precomputed_exact_table","exact",202820200,202820241,,25000,"certified","bounds-met",TRUE,46,46,73,73,73,0,73,0,TRUE,0.804033619012908,0.195966380987092,0.195966380987095,TRUE,TRUE,TRUE,0.195966380987092,0.218114195984709,0.0955347325461554,15,15,24,0,0,,,,,0,70,50,46,0,0,46,0.910000000000025,,
"regional-compression-exact-study-2026-08-13","production",TRUE,12,"crossed",82,0.2,0.05,"stochastic","precomputed_exact_table","iid",202820200,202820242,100,25000,"frontier_exhausted","tolerance-not-met",TRUE,364,364,73,8,2268,2260,2268,2195,FALSE,1,-2.66453525910038e-15,0,TRUE,TRUE,TRUE,-2.66453525910038e-15,-2.66453525910037e-15,2.55351295663786e-15,350,121,24,229,212,284,Inf,284,284,0,5216,278,364,4828,0,5192,85.98,,
"regional-compression-exact-study-2026-08-13","production",TRUE,12,"crossed",83,0.01,0.05,"exact","precomputed_exact_table","exact",202820300,202820311,,25000,"certified","bounds-met",TRUE,115,115,204,204,204,0,204,0,TRUE,0.990109024245884,0.00989097575411613,0.00989097575411511,TRUE,TRUE,TRUE,0.00989097575411613,0.00994021641597646,0.00340507881923671,38,38,24,0,0,,,,,0,139,96,115,0,0,115,3.72,,
"regional-compression-exact-study-2026-08-13","production",TRUE,12,"crossed",83,0.01,0.05,"stochastic","precomputed_exact_table","iid",202820300,202820312,100,25000,"frontier_exhausted","tolerance-not-met",TRUE,364,364,204,8,2268,2260,2268,2064,FALSE,0.999999999999999,9.99200722162641e-16,0,TRUE,TRUE,TRUE,9.99200722162641e-16,9.99200722162641e-16,9.99200722162641e-16,350,121,24,229,208,53,Inf,100,1151,0,20355,282,364,19967,0,20331,80.97,,
"regional-compression-exact-study-2026-08-13","production",TRUE,12,"crossed",83,0.05,0.05,"exact","precomputed_exact_table","exact",202820300,202820321,,25000,"certified","bounds-met",TRUE,70,70,91,91,91,0,91,0,TRUE,0.954586193776875,0.0454138062231252,0.0454138062231243,TRUE,TRUE,TRUE,0.0454138062231252,0.0464773373508025,0.0229142811872679,23,23,24,0,0,,,,,0,94,66,70,0,0,70,1.44,,
"regional-compression-exact-study-2026-08-13","production",TRUE,12,"crossed",83,0.05,0.05,"stochastic","precomputed_exact_table","iid",202820300,202820322,100,25000,"frontier_exhausted","tolerance-not-met",TRUE,364,364,91,8,2268,2260,2268,2177,FALSE,0.999999999999999,9.99200722162641e-16,0,TRUE,TRUE,TRUE,9.99200722162641e-16,9.99200722162641e-16,9.99200722162641e-16,350,121,24,229,208,53,Inf,100,1151,0,20355,283,364,19967,0,20331,85.25,,
"regional-compression-exact-study-2026-08-13","production",TRUE,12,"crossed",83,0.1,0.05,"exact","precomputed_exact_table","exact",202820300,202820331,,25000,"certified","bounds-met",TRUE,52,52,56,56,56,0,56,0,TRUE,0.920154069877497,0.0798459301225025,0.0798459301225019,TRUE,TRUE,TRUE,0.0798459301225025,0.0832141557019775,0.0287547424978825,17,17,24,0,0,,,,,0,76,54,52,0,0,52,0.810000000000002,,
"regional-compression-exact-study-2026-08-13","production",TRUE,12,"crossed",83,0.1,0.05,"stochastic","precomputed_exact_table","iid",202820300,202820332,100,25000,"frontier_exhausted","tolerance-not-met",TRUE,364,364,56,7,2268,2261,2268,2212,FALSE,0.999999999999999,9.99200722162641e-16,0,TRUE,TRUE,TRUE,9.99200722162641e-16,9.99200722162641e-16,9.99200722162641e-16,350,121,24,229,208,53,Inf,100,1151,0,20355,283,364,19967,0,20331,81.93,,
"regional-compression-exact-study-2026-08-13","production",TRUE,12,"crossed",83,0.2,0.05,"exact","precomputed_exact_table","exact",202820300,202820341,,25000,"certified","bounds-met",TRUE,34,34,27,27,27,0,27,0,TRUE,0.808280917995851,0.191719082004149,0.191719082004148,TRUE,TRUE,TRUE,0.191719082004149,0.212845610097581,0.0462010510695876,11,11,24,0,0,,,,,0,58,42,34,0,0,34,0.639999999999986,,
"regional-compression-exact-study-2026-08-13","production",TRUE,12,"crossed",83,0.2,0.05,"stochastic","precomputed_exact_table","iid",202820300,202820342,100,25000,"frontier_exhausted","tolerance-not-met",TRUE,364,364,27,7,2268,2261,2268,2241,FALSE,0.999999999999999,9.99200722162641e-16,0,TRUE,TRUE,TRUE,9.99200722162641e-16,9.99200722162641e-16,9.99200722162641e-16,350,121,24,229,208,53,Inf,100,1151,0,20355,282,364,19967,0,20331,82.14,,
"regional-compression-exact-study-2026-08-13","production",TRUE,12,"crossed",84,0.01,0.05,"exact","precomputed_exact_table","exact",202820400,202820411,,25000,"certified","bounds-met",TRUE,139,139,276,276,276,0,276,0,TRUE,0.990083580073227,0.00991641992677339,0.00991641992677562,TRUE,TRUE,TRUE,0.00991641992677339,0.00996591510064296,0.00358119871226653,46,46,24,0,0,,,,,0,163,112,139,0,0,139,4.14,,
"regional-compression-exact-study-2026-08-13","production",TRUE,12,"crossed",84,0.01,0.05,"stochastic","precomputed_exact_table","iid",202820400,202820412,100,25000,"frontier_exhausted","tolerance-not-met",TRUE,364,364,276,9,1834,1825,1834,1558,FALSE,0.999742168155483,0.000257831844516665,0.00975207443269986,TRUE,TRUE,TRUE,0.000257831844516665,0.000257865088861112,0.000246732284959972,350,121,24,229,208,294,Inf,294,1323,0,24055,299,364,23667,0,24031,86.73,,
"regional-compression-exact-study-2026-08-13","production",TRUE,12,"crossed",84,0.05,0.05,"exact","precomputed_exact_table","exact",202820400,202820421,,25000,"certified","bounds-met",TRUE,73,73,101,101,101,0,101,0,TRUE,0.950542673720624,0.0494573262793764,0.0494573262793785,TRUE,TRUE,TRUE,0.0494573262793764,0.0507222219850462,0.0166662158675067,24,24,24,0,0,,,,,0,97,68,73,0,0,73,1.75,,
"regional-compression-exact-study-2026-08-13","production",TRUE,12,"crossed",84,0.05,0.05,"stochastic","precomputed_exact_table","iid",202820400,202820422,100,25000,"frontier_exhausted","tolerance-not-met",TRUE,364,364,101,8,1720,1712,1720,1619,FALSE,0.999174028206244,0.000825971793755986,0.0482538953324423,TRUE,TRUE,TRUE,0.000825971793755986,0.000826313096408544,0.000790748954839438,350,121,24,229,208,294,Inf,294,1323,0,24055,301,364,23667,0,24031,87.7,,
"regional-compression-exact-study-2026-08-13","production",TRUE,12,"crossed",84,0.1,0.05,"exact","precomputed_exact_table","exact",202820400,202820431,,25000,"certified","bounds-met",TRUE,67,67,64,64,64,0,64,0,TRUE,0.908691486609889,0.0913085133901108,0.0913085133901129,TRUE,TRUE,TRUE,0.0913085133901108,0.0957496410824105,0.0249025224020013,22,22,24,0,0,,,,,0,91,64,67,0,0,67,1.20000000000002,,
"regional-compression-exact-study-2026-08-13","production",TRUE,12,"crossed",84,0.1,0.05,"stochastic","precomputed_exact_table","iid",202820400,202820432,100,25000,"frontier_exhausted","tolerance-not-met",TRUE,364,364,64,8,1668,1660,1668,1604,FALSE,0.998647587569686,0.00135241243031448,0.0985967835122724,TRUE,TRUE,TRUE,0.00135241243031448,0.00135332776537206,0.00129474616146996,350,121,24,229,208,294,Inf,294,1323,0,24055,299,364,23667,0,24031,90.59,,
"regional-compression-exact-study-2026-08-13","production",TRUE,12,"crossed",84,0.2,0.05,"exact","precomputed_exact_table","exact",202820400,202820441,,25000,"certified","bounds-met",TRUE,40,40,37,37,37,0,37,0,TRUE,0.822210034060324,0.177789965939676,0.177789965939678,TRUE,TRUE,TRUE,0.177789965939676,0.19575940067611,0.0454081911194732,13,13,24,0,0,,,,,0,64,46,40,0,0,40,0.729999999999961,,
"regional-compression-exact-study-2026-08-13","production",TRUE,12,"crossed",84,0.2,0.05,"stochastic","precomputed_exact_table","iid",202820400,202820442,100,25000,"frontier_exhausted","tolerance-not-met",TRUE,364,364,37,8,1598,1590,1598,1561,FALSE,0.998644447053729,0.00135555294627077,0.195097141699241,TRUE,TRUE,TRUE,0.00135555294627077,0.00135647253929781,0.00129462351073739,350,121,24,229,208,294,Inf,294,1323,0,24055,299,364,23667,0,24031,88.08,,
"regional-compression-exact-study-2026-08-13","production",TRUE,12,"crossed",85,0.01,0.05,"exact","precomputed_exact_table","exact",202820500,202820511,,25000,"certified","bounds-met",TRUE,178,178,388,388,388,0,388,0,TRUE,0.990032085409396,0.00996791459060375,0.00996791459060052,TRUE,TRUE,TRUE,0.00996791459060375,0.0100179268742374,0.00437047970307977,59,59,24,0,0,,,,,0,202,138,178,0,0,178,8.57,,
"regional-compression-exact-study-2026-08-13","production",TRUE,12,"crossed",85,0.01,0.05,"stochastic","precomputed_exact_table","iid",202820500,202820512,100,25000,"frontier_exhausted","tolerance-not-met",TRUE,364,364,388,8,2268,2260,2268,1880,FALSE,0.999999999999997,3.21964677141295e-15,0,TRUE,TRUE,TRUE,3.21964677141295e-15,3.21964677141296e-15,2.99760216648792e-15,350,121,24,229,229,7034,Inf,,,0,388,261,364,0,0,364,86.95,,
"regional-compression-exact-study-2026-08-13","production",TRUE,12,"crossed",85,0.05,0.05,"exact","precomputed_exact_table","exact",202820500,202820521,,25000,"certified","bounds-met",TRUE,109,109,178,178,178,0,178,0,TRUE,0.951192051788197,0.0488079482118026,0.0488079482117993,TRUE,TRUE,TRUE,0.0488079482118026,0.050039289624289,0.0216212575943688,36,36,24,0,0,,,,,0,133,92,109,0,0,109,2.86,,
"regional-compression-exact-study-2026-08-13","production",TRUE,12,"crossed",85,0.05,0.05,"stochastic","precomputed_exact_table","iid",202820500,202820522,100,25000,"frontier_exhausted","tolerance-not-met",TRUE,364,364,178,8,2268,2260,2268,2090,FALSE,0.999999999999997,3.21964677141295e-15,0,TRUE,TRUE,TRUE,3.21964677141295e-15,3.21964677141296e-15,2.99760216648792e-15,350,121,24,229,229,7034,Inf,,,0,388,261,364,0,0,364,92.1,,
"regional-compression-exact-study-2026-08-13","production",TRUE,12,"crossed",85,0.1,0.05,"exact","precomputed_exact_table","exact",202820500,202820531,,25000,"certified","bounds-met",TRUE,91,91,114,114,114,0,114,0,TRUE,0.900031470498535,0.0999685295014645,0.0999685295014622,TRUE,TRUE,TRUE,0.0999685295014645,0.10532554904857,0.0412510373698496,30,30,24,0,0,,,,,0,115,80,91,0,0,91,1.80000000000001,,
"regional-compression-exact-study-2026-08-13","production",TRUE,12,"crossed",85,0.1,0.05,"stochastic","precomputed_exact_table","iid",202820500,202820532,100,25000,"frontier_exhausted","tolerance-not-met",TRUE,364,364,114,8,2268,2260,2268,2154,FALSE,0.999999999999997,3.21964677141295e-15,0,TRUE,TRUE,TRUE,3.21964677141295e-15,3.21964677141296e-15,2.99760216648792e-15,350,121,24,229,229,7034,Inf,,,0,388,261,364,0,0,364,86.95,,
"regional-compression-exact-study-2026-08-13","production",TRUE,12,"crossed",85,0.2,0.05,"exact","precomputed_exact_table","exact",202820500,202820541,,25000,"certified","bounds-met",TRUE,67,67,60,60,60,0,60,0,TRUE,0.806203942799337,0.193796057200663,0.193796057200661,TRUE,TRUE,TRUE,0.193796057200663,0.215418537713987,0.0658771897243338,22,22,24,0,0,,,,,0,91,64,67,0,0,67,1.06,,
"regional-compression-exact-study-2026-08-13","production",TRUE,12,"crossed",85,0.2,0.05,"stochastic","precomputed_exact_table","iid",202820500,202820542,100,25000,"frontier_exhausted","tolerance-not-met",TRUE,364,364,60,8,2268,2260,2268,2208,FALSE,0.999999999999997,3.21964677141295e-15,0,TRUE,TRUE,TRUE,3.21964677141295e-15,3.21964677141296e-15,2.99760216648792e-15,350,121,24,229,229,7034,Inf,,,0,388,261,364,0,0,364,88.14,,
"regional-compression-exact-study-2026-08-13","production",TRUE,12,"crossed",86,0.01,0.05,"exact","precomputed_exact_table","exact",202820600,202820611,,25000,"certified","bounds-met",TRUE,193,193,353,353,353,0,353,0,TRUE,0.990269536868018,0.009730463131982,0.00973046313198024,TRUE,TRUE,TRUE,0.009730463131982,0.00977811344673878,0.00374546175975552,64,64,24,0,0,,,,,0,217,148,193,0,0,193,6.7,,
"regional-compression-exact-study-2026-08-13","production",TRUE,12,"crossed",86,0.01,0.05,"stochastic","precomputed_exact_table","iid",202820600,202820612,100,25000,"frontier_exhausted","tolerance-not-met",TRUE,364,364,353,8,2268,2260,2268,1915,FALSE,0.999999999999998,1.88737914186277e-15,0,TRUE,TRUE,TRUE,1.88737914186277e-15,1.88737914186277e-15,1.88737914186277e-15,350,121,24,229,208,144,Inf,144,1231,0,7760,280,364,7372,0,7736,90.82,,
"regional-compression-exact-study-2026-08-13","production",TRUE,12,"crossed",86,0.05,0.05,"exact","precomputed_exact_table","exact",202820600,202820621,,25000,"certified","bounds-met",TRUE,112,112,164,164,164,0,164,0,TRUE,0.950396271315699,0.0496037286843012,0.0496037286842997,TRUE,TRUE,TRUE,0.0496037286843012,0.0508762536603891,0.0115680897271712,37,37,24,0,0,,,,,0,136,94,112,0,0,112,2.66,,
"regional-compression-exact-study-2026-08-13","production",TRUE,12,"crossed",86,0.05,0.05,"stochastic","precomputed_exact_table","iid",202820600,202820622,100,25000,"frontier_exhausted","tolerance-not-met",TRUE,364,364,164,8,2268,2260,2268,2104,FALSE,0.999999999999998,1.88737914186277e-15,0,TRUE,TRUE,TRUE,1.88737914186277e-15,1.88737914186277e-15,1.88737914186277e-15,350,121,24,229,208,144,Inf,144,1231,0,7760,280,364,7372,0,7736,95.41,,
"regional-compression-exact-study-2026-08-13","production",TRUE,12,"crossed",86,0.1,0.05,"exact","precomputed_exact_table","exact",202820600,202820631,,25000,"certified","bounds-met",TRUE,76,76,102,102,102,0,102,0,TRUE,0.900295522061595,0.0997044779384053,0.0997044779384035,TRUE,TRUE,TRUE,0.0997044779384053,0.105032211709249,0.0267613550572369,25,25,24,0,0,,,,,0,100,70,76,0,0,76,1.52000000000001,,
"regional-compression-exact-study-2026-08-13","production",TRUE,12,"crossed",86,0.1,0.05,"stochastic","precomputed_exact_table","iid",202820600,202820632,100,25000,"frontier_exhausted","tolerance-not-met",TRUE,364,364,102,8,2268,2260,2268,2166,FALSE,0.999999999999998,1.88737914186277e-15,0,TRUE,TRUE,TRUE,1.88737914186277e-15,1.88737914186277e-15,1.88737914186277e-15,350,121,24,229,208,144,Inf,144,1231,0,7760,280,364,7372,0,7736,91.16,,
"regional-compression-exact-study-2026-08-13","production",TRUE,12,"crossed",86,0.2,0.05,"exact","precomputed_exact_table","exact",202820600,202820641,,25000,"certified","bounds-met",TRUE,85,85,64,64,64,0,64,0,TRUE,0.811064563591322,0.188935436408678,0.188935436408676,TRUE,TRUE,TRUE,0.188935436408678,0.209407618181756,0.0518975611912266,28,28,24,0,0,,,,,0,109,76,85,0,0,85,2.21999999999997,,
"regional-compression-exact-study-2026-08-13","production",TRUE,12,"crossed",86,0.2,0.05,"stochastic","precomputed_exact_table","iid",202820600,202820642,100,25000,"frontier_exhausted","tolerance-not-met",TRUE,364,364,64,8,2268,2260,2268,2204,FALSE,0.999999999999998,1.88737914186277e-15,0,TRUE,TRUE,TRUE,1.88737914186277e-15,1.88737914186277e-15,1.88737914186277e-15,350,121,24,229,208,144,Inf,144,1231,0,7760,282,364,7372,0,7736,89.77,,
"regional-compression-exact-study-2026-08-13","production",TRUE,12,"crossed",87,0.01,0.05,"exact","precomputed_exact_table","exact",202820700,202820711,,25000,"certified","bounds-met",TRUE,145,145,252,252,252,0,252,0,TRUE,0.990001341617661,0.00999865838233915,0.00999865838233942,TRUE,TRUE,TRUE,0.00999865838233915,0.0100489806850653,0.00360156424894065,48,48,24,0,0,,,,,0,169,115,145,0,0,145,4.58,,
"regional-compression-exact-study-2026-08-13","production",TRUE,12,"crossed",87,0.01,0.05,"stochastic","precomputed_exact_table","iid",202820700,202820712,100,25000,"frontier_exhausted","tolerance-not-met",TRUE,364,364,252,8,1761,1753,1761,1509,FALSE,0.999825766610137,0.000174233389862777,0.00977888973924792,TRUE,TRUE,TRUE,0.000174233389862777,0.000174248570263162,0.000172524496581339,350,121,24,229,208,32,Inf,100,2004,0,10104,292,364,9716,0,10080,94.31,,
"regional-compression-exact-study-2026-08-13","production",TRUE,12,"crossed",87,0.05,0.05,"exact","precomputed_exact_table","exact",202820700,202820721,,25000,"certified","bounds-met",TRUE,70,70,106,106,106,0,106,0,TRUE,0.951306159190741,0.0486938408092592,0.0486938408092593,TRUE,TRUE,TRUE,0.0486938408092592,0.0499193342918512,0.0173946253682336,23,23,24,0,0,,,,,0,94,65,70,0,0,70,1.28,,
"regional-compression-exact-study-2026-08-13","production",TRUE,12,"crossed",87,0.05,0.05,"stochastic","precomputed_exact_table","iid",202820700,202820722,100,25000,"frontier_exhausted","tolerance-not-met",TRUE,364,364,106,8,1692,1684,1692,1586,FALSE,0.998359315061801,0.00164068493819935,0.0498923418103024,TRUE,TRUE,TRUE,0.00164068493819935,0.00164203233570411,0.00162703368964046,350,121,24,229,208,32,Inf,100,2004,0,10104,293,364,9716,0,10080,94.47,,
"regional-compression-exact-study-2026-08-13","production",TRUE,12,"crossed",87,0.1,0.05,"exact","precomputed_exact_table","exact",202820700,202820731,,25000,"certified","bounds-met",TRUE,43,43,61,61,61,0,61,0,TRUE,0.913370432095978,0.0866295679040221,0.0866295679040224,TRUE,TRUE,TRUE,0.0866295679040221,0.090613750009876,0.02050742676151,14,14,24,0,0,,,,,0,67,48,43,0,0,43,0.789999999999992,,
"regional-compression-exact-study-2026-08-13","production",TRUE,12,"crossed",87,0.1,0.05,"stochastic","precomputed_exact_table","iid",202820700,202820732,100,25000,"frontier_exhausted","tolerance-not-met",TRUE,364,364,61,8,1665,1657,1665,1604,FALSE,0.997360495628259,0.0026395043717411,0.097542506835617,TRUE,TRUE,TRUE,0.0026395043717411,0.00264299400536003,0.00262017422796468,350,121,24,229,208,32,Inf,100,2004,0,10104,291,364,9716,0,10080,95.3,,
"regional-compression-exact-study-2026-08-13","production",TRUE,12,"crossed",87,0.2,0.05,"exact","precomputed_exact_table","exact",202820700,202820741,,25000,"certified","bounds-met",TRUE,37,37,43,43,43,0,43,0,TRUE,0.823026844221788,0.176973155778212,0.176973155778213,TRUE,TRUE,TRUE,0.176973155778212,0.194766461313571,0.0686341397760131,12,12,24,0,0,,,,,0,61,44,37,0,0,37,0.970000000000027,,
"regional-compression-exact-study-2026-08-13","production",TRUE,12,"crossed",87,0.2,0.05,"stochastic","precomputed_exact_table","iid",202820700,202820742,100,25000,"frontier_exhausted","tolerance-not-met",TRUE,364,364,43,7,1621,1614,1621,1578,FALSE,0.996349137233724,0.00365086276627591,0.194091647454345,TRUE,TRUE,TRUE,0.00365086276627591,0.00365754343082792,0.00362760715075239,350,121,24,229,208,32,Inf,100,2004,0,10104,294,364,9716,0,10080,84.57,,
"regional-compression-exact-study-2026-08-13","production",TRUE,12,"crossed",88,0.01,0.05,"exact","precomputed_exact_table","exact",202820800,202820811,,25000,"certified","bounds-met",TRUE,175,175,336,336,336,0,336,0,TRUE,0.990039422439981,0.00996057756001878,0.00996057756001624,TRUE,TRUE,TRUE,0.00996057756001878,0.0100105159998767,0.0048197592572011,58,58,24,0,0,,,,,0,199,135,175,0,0,175,6.17,,
"regional-compression-exact-study-2026-08-13","production",TRUE,12,"crossed",88,0.01,0.05,"stochastic","precomputed_exact_table","iid",202820800,202820812,100,25000,"frontier_exhausted","tolerance-not-met",TRUE,364,364,336,8,2268,2260,2268,1932,FALSE,0.999999999999997,2.55351295663786e-15,0,TRUE,TRUE,TRUE,2.55351295663786e-15,2.55351295663786e-15,2.44249065417534e-15,350,121,24,229,208,139,Inf,139,418,0,8050,288,364,7662,0,8026,93.61,,
"regional-compression-exact-study-2026-08-13","production",TRUE,12,"crossed",88,0.05,0.05,"exact","precomputed_exact_table","exact",202820800,202820821,,25000,"certified","bounds-met",TRUE,130,130,168,168,168,0,168,0,TRUE,0.950279315735014,0.0497206842649863,0.0497206842649842,TRUE,TRUE,TRUE,0.0497206842649863,0.0509993210387777,0.0160897358785241,43,43,24,0,0,,,,,0,154,105,130,0,0,130,3.39,,
"regional-compression-exact-study-2026-08-13","production",TRUE,12,"crossed",88,0.05,0.05,"stochastic","precomputed_exact_table","iid",202820800,202820822,100,25000,"frontier_exhausted","tolerance-not-met",TRUE,364,364,168,8,2268,2260,2268,2100,FALSE,0.999999999999997,2.55351295663786e-15,0,TRUE,TRUE,TRUE,2.55351295663786e-15,2.55351295663786e-15,2.44249065417534e-15,350,121,24,229,208,139,Inf,139,418,0,8050,290,364,7662,0,8026,93.84,,
"regional-compression-exact-study-2026-08-13","production",TRUE,12,"crossed",88,0.1,0.05,"exact","precomputed_exact_table","exact",202820800,202820831,,25000,"certified","bounds-met",TRUE,88,88,99,99,99,0,99,0,TRUE,0.902959810231387,0.0970401897686134,0.0970401897686119,TRUE,TRUE,TRUE,0.0970401897686134,0.102077233497601,0.0384960300033271,29,29,24,0,0,,,,,0,112,78,88,0,0,88,1.84,,
"regional-compression-exact-study-2026-08-13","production",TRUE,12,"crossed",88,0.1,0.05,"stochastic","precomputed_exact_table","iid",202820800,202820832,100,25000,"frontier_exhausted","tolerance-not-met",TRUE,364,364,99,8,2268,2260,2268,2169,FALSE,0.999999999999997,2.55351295663786e-15,0,TRUE,TRUE,TRUE,2.55351295663786e-15,2.55351295663786e-15,2.44249065417534e-15,350,121,24,229,208,139,Inf,139,418,0,8050,290,364,7662,0,8026,95.64,,
"regional-compression-exact-study-2026-08-13","production",TRUE,12,"crossed",88,0.2,0.05,"exact","precomputed_exact_table","exact",202820800,202820841,,25000,"certified","bounds-met",TRUE,76,76,54,54,54,0,54,0,TRUE,0.818026978346298,0.181973021653702,0.1819730216537,TRUE,TRUE,TRUE,0.181973021653702,0.200859962059802,0.093469195714139,25,25,24,0,0,,,,,0,100,70,76,0,0,76,1.79000000000002,,
"regional-compression-exact-study-2026-08-13","production",TRUE,12,"crossed",88,0.2,0.05,"stochastic","precomputed_exact_table","iid",202820800,202820842,100,25000,"frontier_exhausted","tolerance-not-met",TRUE,364,364,54,8,2268,2260,2268,2214,FALSE,0.999999999999997,2.55351295663786e-15,0,TRUE,TRUE,TRUE,2.55351295663786e-15,2.55351295663786e-15,2.44249065417534e-15,350,121,24,229,208,139,Inf,139,418,0,8050,288,364,7662,0,8026,88.01,,
"regional-compression-exact-study-2026-08-13","production",TRUE,12,"crossed",89,0.01,0.05,"exact","precomputed_exact_table","exact",202820900,202820911,,25000,"certified","bounds-met",TRUE,124,124,394,394,394,0,394,0,TRUE,0.990009170098928,0.00999082990107192,0.00999082990107122,TRUE,TRUE,TRUE,0.00999082990107192,0.0100410731702102,0.00387998260149779,41,41,24,0,0,,,,,0,148,102,124,0,0,124,3.61,,
"regional-compression-exact-study-2026-08-13","production",TRUE,12,"crossed",89,0.01,0.05,"stochastic","precomputed_exact_table","iid",202820900,202820912,100,25000,"frontier_exhausted","tolerance-not-met",TRUE,364,364,394,8,2268,2260,2268,1874,FALSE,0.999999999999999,6.66133814775094e-16,0,TRUE,TRUE,TRUE,6.66133814775094e-16,6.66133814775094e-16,6.66133814775094e-16,350,121,24,229,225,164,Inf,164,164,0,1044,265,364,656,0,1020,87.08,,
"regional-compression-exact-study-2026-08-13","production",TRUE,12,"crossed",89,0.05,0.05,"exact","precomputed_exact_table","exact",202820900,202820921,,25000,"certified","bounds-met",TRUE,94,94,187,187,187,0,187,0,TRUE,0.951041939481488,0.0489580605185124,0.0489580605185116,TRUE,TRUE,TRUE,0.0489580605185124,0.0501971170079972,0.0230723479843132,31,31,24,0,0,,,,,0,118,82,94,0,0,94,2.8,,
"regional-compression-exact-study-2026-08-13","production",TRUE,12,"crossed",89,0.05,0.05,"stochastic","precomputed_exact_table","iid",202820900,202820922,100,25000,"frontier_exhausted","tolerance-not-met",TRUE,364,364,187,8,2268,2260,2268,2081,FALSE,0.999999999999999,6.66133814775094e-16,0,TRUE,TRUE,TRUE,6.66133814775094e-16,6.66133814775094e-16,6.66133814775094e-16,350,121,24,229,225,164,Inf,164,164,0,1044,265,364,656,0,1020,88.03,,
"regional-compression-exact-study-2026-08-13","production",TRUE,12,"crossed",89,0.1,0.05,"exact","precomputed_exact_table","exact",202820900,202820931,,25000,"certified","bounds-met",TRUE,88,88,125,125,125,0,125,0,TRUE,0.905361178015947,0.0946388219840527,0.0946388219840522,TRUE,TRUE,TRUE,0.0946388219840527,0.099421323167805,0.0414237180563366,29,29,24,0,0,,,,,0,112,78,88,0,0,88,2.14000000000001,,
"regional-compression-exact-study-2026-08-13","production",TRUE,12,"crossed",89,0.1,0.05,"stochastic","precomputed_exact_table","iid",202820900,202820932,100,25000,"frontier_exhausted","tolerance-not-met",TRUE,364,364,125,8,2268,2260,2268,2143,FALSE,0.999999999999999,6.66133814775094e-16,0,TRUE,TRUE,TRUE,6.66133814775094e-16,6.66133814775094e-16,6.66133814775094e-16,350,121,24,229,225,164,Inf,164,164,0,1044,265,364,656,0,1020,86.58,,
"regional-compression-exact-study-2026-08-13","production",TRUE,12,"crossed",89,0.2,0.05,"exact","precomputed_exact_table","exact",202820900,202820941,,25000,"certified","bounds-met",TRUE,73,73,70,70,70,0,70,0,TRUE,0.806333406115216,0.193666593884784,0.193666593884784,TRUE,TRUE,TRUE,0.193666593884784,0.215257966777451,0.10367479875494,24,24,24,0,0,,,,,0,97,68,73,0,0,73,1.69999999999999,,
"regional-compression-exact-study-2026-08-13","production",TRUE,12,"crossed",89,0.2,0.05,"stochastic","precomputed_exact_table","iid",202820900,202820942,100,25000,"frontier_exhausted","tolerance-not-met",TRUE,364,364,70,8,2268,2260,2268,2198,FALSE,0.999999999999999,6.66133814775094e-16,0,TRUE,TRUE,TRUE,6.66133814775094e-16,6.66133814775094e-16,6.66133814775094e-16,350,121,24,229,225,164,Inf,164,164,0,1044,265,364,656,0,1020,86.43,,
"regional-compression-exact-study-2026-08-13","production",TRUE,12,"crossed",90,0.01,0.05,"exact","precomputed_exact_table","exact",202821000,202821011,,25000,"certified","bounds-met",TRUE,142,142,332,332,332,0,332,0,TRUE,0.990039435550776,0.009960564449224,0.00996056444922279,TRUE,TRUE,TRUE,0.009960564449224,0.010010502757177,0.00433818929828014,47,47,24,0,0,,,,,0,166,114,142,0,0,142,3.97,,
"regional-compression-exact-study-2026-08-13","production",TRUE,12,"crossed",90,0.01,0.05,"stochastic","precomputed_exact_table","iid",202821000,202821012,100,25000,"frontier_exhausted","tolerance-not-met",TRUE,364,364,332,7,2268,2261,2268,1936,FALSE,0.999999999999999,1.22124532708767e-15,0,TRUE,TRUE,TRUE,1.22124532708767e-15,1.22124532708767e-15,1.22124532708767e-15,350,121,24,229,208,68,Inf,100,1291,0,22735,285,364,22347,0,22711,81.09,,
"regional-compression-exact-study-2026-08-13","production",TRUE,12,"crossed",90,0.05,0.05,"exact","precomputed_exact_table","exact",202821000,202821021,,25000,"certified","bounds-met",TRUE,76,76,139,139,139,0,139,0,TRUE,0.950241083461685,0.0497589165383145,0.0497589165383134,TRUE,TRUE,TRUE,0.0497589165383145,0.0510395545173023,0.0143505238615221,25,25,24,0,0,,,,,0,100,70,76,0,0,76,1.37,,
"regional-compression-exact-study-2026-08-13","production",TRUE,12,"crossed",90,0.05,0.05,"stochastic","precomputed_exact_table","iid",202821000,202821022,100,25000,"frontier_exhausted","tolerance-not-met",TRUE,364,364,139,7,2268,2261,2268,2129,FALSE,0.999999999999999,1.22124532708767e-15,0,TRUE,TRUE,TRUE,1.22124532708767e-15,1.22124532708767e-15,1.22124532708767e-15,350,121,24,229,208,68,Inf,100,1291,0,22735,285,364,22347,0,22711,79.5,,
"regional-compression-exact-study-2026-08-13","production",TRUE,12,"crossed",90,0.1,0.05,"exact","precomputed_exact_table","exact",202821000,202821031,,25000,"certified","bounds-met",TRUE,73,73,91,91,91,0,91,0,TRUE,0.902815965395117,0.0971840346048835,0.0971840346048822,TRUE,TRUE,TRUE,0.0971840346048835,0.102236549885068,0.031627795845733,24,24,24,0,0,,,,,0,97,68,73,0,0,73,1.17000000000002,,
"regional-compression-exact-study-2026-08-13","production",TRUE,12,"crossed",90,0.1,0.05,"stochastic","precomputed_exact_table","iid",202821000,202821032,100,25000,"frontier_exhausted","tolerance-not-met",TRUE,364,364,91,7,2268,2261,2268,2177,FALSE,0.999999999999999,1.22124532708767e-15,0,TRUE,TRUE,TRUE,1.22124532708767e-15,1.22124532708767e-15,1.22124532708767e-15,350,121,24,229,208,68,Inf,100,1291,0,22735,283,364,22347,0,22711,82.43,,
"regional-compression-exact-study-2026-08-13","production",TRUE,12,"crossed",90,0.2,0.05,"exact","precomputed_exact_table","exact",202821000,202821041,,25000,"certified","bounds-met",TRUE,28,28,46,46,46,0,46,0,TRUE,0.814565063028651,0.185434936971349,0.185434936971348,TRUE,TRUE,TRUE,0.185434936971349,0.205100973186641,0.0841378532943742,9,9,24,0,0,,,,,0,52,38,28,0,0,28,0.5,,
"regional-compression-exact-study-2026-08-13","production",TRUE,12,"crossed",90,0.2,0.05,"stochastic","precomputed_exact_table","iid",202821000,202821042,100,25000,"frontier_exhausted","tolerance-not-met",TRUE,364,364,46,7,2268,2261,2268,2222,FALSE,0.999999999999999,1.22124532708767e-15,0,TRUE,TRUE,TRUE,1.22124532708767e-15,1.22124532708767e-15,1.22124532708767e-15,350,121,24,229,208,68,Inf,100,1291,0,22735,284,364,22347,0,22711,81.83,,
"regional-compression-exact-study-2026-08-13","production",TRUE,12,"crossed",91,0.01,0.05,"exact","precomputed_exact_table","exact",202821100,202821111,,25000,"certified","bounds-met",TRUE,226,226,545,545,545,0,545,0,TRUE,0.990030510105728,0.00996948989427204,0.00996948989427128,TRUE,TRUE,TRUE,0.00996948989427204,0.010019518039761,0.00446254736925192,75,75,24,0,0,,,,,0,250,169,226,0,0,226,10.32,,
"regional-compression-exact-study-2026-08-13","production",TRUE,12,"crossed",91,0.01,0.05,"stochastic","precomputed_exact_table","iid",202821100,202821112,100,25000,"frontier_exhausted","tolerance-not-met",TRUE,364,364,545,8,1910,1902,1910,1365,FALSE,0.999731940493651,0.000268059506348783,0.00999281202243862,TRUE,TRUE,TRUE,0.000268059506348783,0.000268095440720099,0.00026059383874566,350,121,24,229,207,682,Inf,682,1880,0,17522,305,364,17134,0,17498,93.74,,
"regional-compression-exact-study-2026-08-13","production",TRUE,12,"crossed",91,0.05,0.05,"exact","precomputed_exact_table","exact",202821100,202821121,,25000,"certified","bounds-met",TRUE,172,172,255,255,255,0,255,0,TRUE,0.950866667269513,0.0491333327304874,0.0491333327304864,TRUE,TRUE,TRUE,0.0491333327304874,0.0503814289269285,0.0214164859153281,57,57,24,0,0,,,,,0,196,133,172,0,0,172,4.98999999999999,,
"regional-compression-exact-study-2026-08-13","production",TRUE,12,"crossed",91,0.05,0.05,"stochastic","precomputed_exact_table","iid",202821100,202821122,100,25000,"frontier_exhausted","tolerance-not-met",TRUE,364,364,255,8,1798,1790,1798,1543,FALSE,0.998952149322053,0.00104785067794666,0.0478222109198048,TRUE,TRUE,TRUE,0.00104785067794666,0.00104840005728017,0.00101949432178017,350,121,24,229,207,682,Inf,682,1880,0,17522,304,364,17134,0,17498,93.33,,
"regional-compression-exact-study-2026-08-13","production",TRUE,12,"crossed",91,0.1,0.05,"exact","precomputed_exact_table","exact",202821100,202821131,,25000,"certified","bounds-met",TRUE,121,121,156,156,156,0,156,0,TRUE,0.901377388985973,0.0986226110140271,0.0986226110140264,TRUE,TRUE,TRUE,0.0986226110140271,0.103831253369058,0.0332770352241014,40,40,24,0,0,,,,,0,145,100,121,0,0,121,2.79999999999998,,
"regional-compression-exact-study-2026-08-13","production",TRUE,12,"crossed",91,0.1,0.05,"stochastic","precomputed_exact_table","iid",202821100,202821132,100,25000,"frontier_exhausted","tolerance-not-met",TRUE,364,364,156,8,1760,1752,1760,1604,FALSE,0.998395230326449,0.00160476967355061,0.0939595799576083,TRUE,TRUE,TRUE,0.00160476967355061,0.00160605869564347,0.0015619884523066,350,121,24,229,207,682,Inf,682,1880,0,17522,302,364,17134,0,17498,90.89,,
"regional-compression-exact-study-2026-08-13","production",TRUE,12,"crossed",91,0.2,0.05,"exact","precomputed_exact_table","exact",202821100,202821141,,25000,"certified","bounds-met",TRUE,76,76,83,83,83,0,83,0,TRUE,0.80233029783592,0.19766970216408,0.197669702164078,TRUE,TRUE,TRUE,0.19766970216408,0.220234913211365,0.0531022604832483,25,25,24,0,0,,,,,0,100,70,76,0,0,76,2.28000000000003,,
"regional-compression-exact-study-2026-08-13","production",TRUE,12,"crossed",91,0.2,0.05,"stochastic","precomputed_exact_table","iid",202821100,202821142,100,25000,"frontier_exhausted","tolerance-not-met",TRUE,364,364,83,8,1712,1704,1712,1629,FALSE,0.998393491087465,0.00160650891253533,0.190706558016809,TRUE,TRUE,TRUE,0.00160650891253533,0.00160780073170975,0.00156197498675981,350,121,24,229,207,682,Inf,682,1880,0,17522,300,364,17134,0,17498,88.04,,
"regional-compression-exact-study-2026-08-13","production",TRUE,12,"crossed",92,0.01,0.05,"exact","precomputed_exact_table","exact",202821200,202821211,,25000,"certified","bounds-met",TRUE,175,175,362,362,362,0,362,0,TRUE,0.990185174289378,0.00981482571062187,0.00981482571062072,TRUE,TRUE,TRUE,0.00981482571062187,0.00986330860744163,0.00389560970741434,58,58,24,0,0,,,,,0,199,136,175,0,0,175,7.43,,
"regional-compression-exact-study-2026-08-13","production",TRUE,12,"crossed",92,0.01,0.05,"stochastic","precomputed_exact_table","iid",202821200,202821212,100,25000,"frontier_exhausted","tolerance-not-met",TRUE,364,364,362,8,2268,2260,2268,1906,FALSE,0.999999999999999,1.11022302462516e-15,0,TRUE,TRUE,TRUE,1.11022302462516e-15,1.11022302462516e-15,9.99200722162641e-16,350,121,24,229,225,227,Inf,227,227,0,1296,265,364,908,0,1272,94,,
"regional-compression-exact-study-2026-08-13","production",TRUE,12,"crossed",92,0.05,0.05,"exact","precomputed_exact_table","exact",202821200,202821221,,25000,"certified","bounds-met",TRUE,124,124,168,168,168,0,168,0,TRUE,0.952622357952193,0.0473776420478071,0.0473776420478059,TRUE,TRUE,TRUE,0.0473776420478071,0.0485367204392051,0.0179690035674015,41,41,24,0,0,,,,,0,148,102,124,0,0,124,3.18000000000001,,
"regional-compression-exact-study-2026-08-13","production",TRUE,12,"crossed",92,0.05,0.05,"stochastic","precomputed_exact_table","iid",202821200,202821222,100,25000,"frontier_exhausted","tolerance-not-met",TRUE,364,364,168,8,2268,2260,2268,2100,FALSE,0.999999999999999,1.11022302462516e-15,0,TRUE,TRUE,TRUE,1.11022302462516e-15,1.11022302462516e-15,9.99200722162641e-16,350,121,24,229,225,227,Inf,227,227,0,1296,265,364,908,0,1272,96.36,,
"regional-compression-exact-study-2026-08-13","production",TRUE,12,"crossed",92,0.1,0.05,"exact","precomputed_exact_table","exact",202821200,202821231,,25000,"certified","bounds-met",TRUE,64,64,100,100,100,0,100,0,TRUE,0.900230159749068,0.0997698402509324,0.0997698402509314,TRUE,TRUE,TRUE,0.0997698402509324,0.10510481529743,0.0364331579764391,21,21,24,0,0,,,,,0,88,62,64,0,0,64,1.30000000000001,,
"regional-compression-exact-study-2026-08-13","production",TRUE,12,"crossed",92,0.1,0.05,"stochastic","precomputed_exact_table","iid",202821200,202821232,100,25000,"frontier_exhausted","tolerance-not-met",TRUE,364,364,100,8,2268,2260,2268,2168,FALSE,0.999999999999999,1.11022302462516e-15,0,TRUE,TRUE,TRUE,1.11022302462516e-15,1.11022302462516e-15,9.99200722162641e-16,350,121,24,229,225,227,Inf,227,227,0,1296,266,364,908,0,1272,96.29,,
"regional-compression-exact-study-2026-08-13","production",TRUE,12,"crossed",92,0.2,0.05,"exact","precomputed_exact_table","exact",202821200,202821241,,25000,"certified","bounds-met",TRUE,61,61,61,61,61,0,61,0,TRUE,0.809514571035165,0.190485428964835,0.190485428964834,TRUE,TRUE,TRUE,0.190485428964835,0.211320505983005,0.0534779155959687,20,20,24,0,0,,,,,0,85,60,61,0,0,61,1,,
"regional-compression-exact-study-2026-08-13","production",TRUE,12,"crossed",92,0.2,0.05,"stochastic","precomputed_exact_table","iid",202821200,202821242,100,25000,"frontier_exhausted","tolerance-not-met",TRUE,364,364,61,8,2268,2260,2268,2207,FALSE,0.999999999999999,1.11022302462516e-15,0,TRUE,TRUE,TRUE,1.11022302462516e-15,1.11022302462516e-15,9.99200722162641e-16,350,121,24,229,225,227,Inf,227,227,0,1296,267,364,908,0,1272,87.5,,
"regional-compression-exact-study-2026-08-13","production",TRUE,12,"crossed",93,0.01,0.05,"exact","precomputed_exact_table","exact",202821300,202821311,,25000,"certified","bounds-met",TRUE,124,124,334,334,334,0,334,0,TRUE,0.990217315201849,0.00978268479815103,0.00978268479815239,TRUE,TRUE,TRUE,0.00978268479815103,0.00983084963746537,0.00525026817004802,41,41,24,0,0,,,,,0,148,102,124,0,0,124,4.37,,
"regional-compression-exact-study-2026-08-13","production",TRUE,12,"crossed",93,0.01,0.05,"stochastic","precomputed_exact_table","iid",202821300,202821312,100,25000,"frontier_exhausted","tolerance-not-met",TRUE,364,364,334,8,2268,2260,2268,1934,FALSE,1,-1.33226762955019e-15,0,TRUE,TRUE,TRUE,-1.33226762955019e-15,-1.33226762955019e-15,1.22124532708767e-15,350,121,24,229,208,404,Inf,404,816,0,15876,296,364,15488,0,15852,82.89,,
"regional-compression-exact-study-2026-08-13","production",TRUE,12,"crossed",93,0.05,0.05,"exact","precomputed_exact_table","exact",202821300,202821321,,25000,"certified","bounds-met",TRUE,94,94,162,162,162,0,162,0,TRUE,0.95011193722755,0.0498880627724499,0.049888062772451,TRUE,TRUE,TRUE,0.0498880627724499,0.0511754726682229,0.0203003870878443,31,31,24,0,0,,,,,0,118,82,94,0,0,94,2.25,,
"regional-compression-exact-study-2026-08-13","production",TRUE,12,"crossed",93,0.05,0.05,"stochastic","precomputed_exact_table","iid",202821300,202821322,100,25000,"frontier_exhausted","tolerance-not-met",TRUE,364,364,162,7,2268,2261,2268,2106,FALSE,1,-1.33226762955019e-15,0,TRUE,TRUE,TRUE,-1.33226762955019e-15,-1.33226762955019e-15,1.22124532708767e-15,350,121,24,229,208,404,Inf,404,816,0,15876,293,364,15488,0,15852,80.83,,
"regional-compression-exact-study-2026-08-13","production",TRUE,12,"crossed",93,0.1,0.05,"exact","precomputed_exact_table","exact",202821300,202821331,,25000,"certified","bounds-met",TRUE,70,70,97,97,97,0,97,0,TRUE,0.901575252815783,0.0984247471842171,0.0984247471842182,TRUE,TRUE,TRUE,0.0984247471842171,0.103611764708051,0.0446138780586449,23,23,24,0,0,,,,,0,94,66,70,0,0,70,1.22,,
"regional-compression-exact-study-2026-08-13","production",TRUE,12,"crossed",93,0.1,0.05,"stochastic","precomputed_exact_table","iid",202821300,202821332,100,25000,"frontier_exhausted","tolerance-not-met",TRUE,364,364,97,7,2268,2261,2268,2171,FALSE,1,-1.33226762955019e-15,0,TRUE,TRUE,TRUE,-1.33226762955019e-15,-1.33226762955019e-15,1.22124532708767e-15,350,121,24,229,208,404,Inf,404,816,0,15876,293,364,15488,0,15852,77.88,,
"regional-compression-exact-study-2026-08-13","production",TRUE,12,"crossed",93,0.2,0.05,"exact","precomputed_exact_table","exact",202821300,202821341,,25000,"certified","bounds-met",TRUE,34,34,45,45,45,0,45,0,TRUE,0.810718542302305,0.189281457697695,0.189281457697696,TRUE,TRUE,TRUE,0.189281457697695,0.209834335284691,0.0792897743848982,11,11,24,0,0,,,,,0,58,42,34,0,0,34,0.71999999999997,,
"regional-compression-exact-study-2026-08-13","production",TRUE,12,"crossed",93,0.2,0.05,"stochastic","precomputed_exact_table","iid",202821300,202821342,100,25000,"frontier_exhausted","tolerance-not-met",TRUE,364,364,45,7,2268,2261,2268,2223,FALSE,1,-1.33226762955019e-15,0,TRUE,TRUE,TRUE,-1.33226762955019e-15,-1.33226762955019e-15,1.22124532708767e-15,350,121,24,229,208,404,Inf,404,816,0,15876,296,364,15488,0,15852,79.05,,
"regional-compression-exact-study-2026-08-13","production",TRUE,12,"crossed",94,0.01,0.05,"exact","precomputed_exact_table","exact",202821400,202821411,,25000,"certified","bounds-met",TRUE,115,115,208,208,208,0,208,0,TRUE,0.990169606349028,0.0098303936509716,0.00983039365096947,TRUE,TRUE,TRUE,0.0098303936509716,0.00987903098254559,0.00453439404726327,38,38,24,0,0,,,,,0,139,96,115,0,0,115,3.69,,
"regional-compression-exact-study-2026-08-13","production",TRUE,12,"crossed",94,0.01,0.05,"stochastic","precomputed_exact_table","iid",202821400,202821412,100,25000,"frontier_exhausted","tolerance-not-met",TRUE,364,364,208,8,2268,2260,2268,2060,FALSE,0.999999999999998,2.1094237467878e-15,0,TRUE,TRUE,TRUE,2.1094237467878e-15,2.1094237467878e-15,2.1094237467878e-15,350,121,24,229,207,51,Inf,100,1623,0,9262,282,364,8874,0,9238,90.48,,
"regional-compression-exact-study-2026-08-13","production",TRUE,12,"crossed",94,0.05,0.05,"exact","precomputed_exact_table","exact",202821400,202821421,,25000,"certified","bounds-met",TRUE,64,64,73,73,73,0,73,0,TRUE,0.950899043140054,0.0491009568599463,0.0491009568599441,TRUE,TRUE,TRUE,0.0491009568599463,0.0503473807049347,0.0168115588014401,21,21,24,0,0,,,,,0,88,62,64,0,0,64,1.11,,
"regional-compression-exact-study-2026-08-13","production",TRUE,12,"crossed",94,0.05,0.05,"stochastic","precomputed_exact_table","iid",202821400,202821422,100,25000,"frontier_exhausted","tolerance-not-met",TRUE,364,364,73,8,2268,2260,2268,2195,FALSE,0.999999999999998,2.1094237467878e-15,0,TRUE,TRUE,TRUE,2.1094237467878e-15,2.1094237467878e-15,2.1094237467878e-15,350,121,24,229,207,51,Inf,100,1623,0,9262,283,364,8874,0,9238,88.3,,
"regional-compression-exact-study-2026-08-13","production",TRUE,12,"crossed",94,0.1,0.05,"exact","precomputed_exact_table","exact",202821400,202821431,,25000,"certified","bounds-met",TRUE,43,43,46,46,46,0,46,0,TRUE,0.903022139039931,0.096977860960069,0.096977860960067,TRUE,TRUE,TRUE,0.096977860960069,0.102008208656468,0.0289839404035343,14,14,24,0,0,,,,,0,67,48,43,0,0,43,0.849999999999994,,
"regional-compression-exact-study-2026-08-13","production",TRUE,12,"crossed",94,0.1,0.05,"stochastic","precomputed_exact_table","iid",202821400,202821432,100,25000,"frontier_exhausted","tolerance-not-met",TRUE,364,364,46,8,2268,2260,2268,2222,FALSE,0.999999999999998,2.1094237467878e-15,0,TRUE,TRUE,TRUE,2.1094237467878e-15,2.1094237467878e-15,2.1094237467878e-15,350,121,24,229,207,51,Inf,100,1623,0,9262,283,364,8874,0,9238,87.49,,
"regional-compression-exact-study-2026-08-13","production",TRUE,12,"crossed",94,0.2,0.05,"exact","precomputed_exact_table","exact",202821400,202821441,,25000,"certified","bounds-met",TRUE,46,46,27,27,27,0,27,0,TRUE,0.815592390158997,0.184407609841003,0.184407609841001,TRUE,TRUE,TRUE,0.184407609841003,0.203840570684613,0.0825383019711751,15,15,24,0,0,,,,,0,70,50,46,0,0,46,0.860000000000014,,
"regional-compression-exact-study-2026-08-13","production",TRUE,12,"crossed",94,0.2,0.05,"stochastic","precomputed_exact_table","iid",202821400,202821442,100,25000,"frontier_exhausted","tolerance-not-met",TRUE,364,364,27,8,2268,2260,2268,2241,FALSE,0.999999999999998,2.1094237467878e-15,0,TRUE,TRUE,TRUE,2.1094237467878e-15,2.1094237467878e-15,2.1094237467878e-15,350,121,24,229,207,51,Inf,100,1623,0,9262,283,364,8874,0,9238,81.45,,
"regional-compression-exact-study-2026-08-13","production",TRUE,12,"crossed",95,0.01,0.05,"exact","precomputed_exact_table","exact",202821500,202821511,,25000,"certified","bounds-met",TRUE,169,169,397,397,397,0,397,0,TRUE,0.990251803693357,0.00974819630664348,0.00974819630664051,TRUE,TRUE,TRUE,0.00974819630664348,0.00979602102925129,0.00329047800409699,56,56,24,0,0,,,,,0,193,132,169,0,0,169,7.06,,
"regional-compression-exact-study-2026-08-13","production",TRUE,12,"crossed",95,0.01,0.05,"stochastic","precomputed_exact_table","iid",202821500,202821512,100,25000,"frontier_exhausted","tolerance-not-met",TRUE,364,364,397,8,2268,2260,2268,1871,FALSE,0.999999999999997,3.10862446895044e-15,0,TRUE,TRUE,TRUE,3.10862446895044e-15,3.10862446895044e-15,2.33146835171283e-15,350,121,24,229,208,118,Inf,118,902,0,6002,282,364,5614,0,5978,83.6,,
"regional-compression-exact-study-2026-08-13","production",TRUE,12,"crossed",95,0.05,0.05,"exact","precomputed_exact_table","exact",202821500,202821521,,25000,"certified","bounds-met",TRUE,112,112,188,188,188,0,188,0,TRUE,0.950201012554929,0.0497989874450715,0.0497989874450684,TRUE,TRUE,TRUE,0.0497989874450715,0.0510817246069324,0.018696447836052,37,37,24,0,0,,,,,0,136,94,112,0,0,112,2.89999999999999,,
"regional-compression-exact-study-2026-08-13","production",TRUE,12,"crossed",95,0.05,0.05,"stochastic","precomputed_exact_table","iid",202821500,202821522,100,25000,"frontier_exhausted","tolerance-not-met",TRUE,364,364,188,8,2268,2260,2268,2080,FALSE,0.999999999999997,3.10862446895044e-15,0,TRUE,TRUE,TRUE,3.10862446895044e-15,3.10862446895044e-15,2.33146835171283e-15,350,121,24,229,208,118,Inf,118,902,0,6002,282,364,5614,0,5978,81.58,,
"regional-compression-exact-study-2026-08-13","production",TRUE,12,"crossed",95,0.1,0.05,"exact","precomputed_exact_table","exact",202821500,202821531,,25000,"certified","bounds-met",TRUE,85,85,126,126,126,0,126,0,TRUE,0.900579804361993,0.0994201956380074,0.0994201956380044,TRUE,TRUE,TRUE,0.0994201956380074,0.104716496014123,0.0324193053831578,28,28,24,0,0,,,,,0,109,76,85,0,0,85,1.78,,
"regional-compression-exact-study-2026-08-13","production",TRUE,12,"crossed",95,0.1,0.05,"stochastic","precomputed_exact_table","iid",202821500,202821532,100,25000,"frontier_exhausted","tolerance-not-met",TRUE,364,364,126,8,2268,2260,2268,2142,FALSE,0.999999999999997,3.10862446895044e-15,0,TRUE,TRUE,TRUE,3.10862446895044e-15,3.10862446895044e-15,2.33146835171283e-15,350,121,24,229,208,118,Inf,118,902,0,6002,283,364,5614,0,5978,79.42,,
"regional-compression-exact-study-2026-08-13","production",TRUE,12,"crossed",95,0.2,0.05,"exact","precomputed_exact_table","exact",202821500,202821541,,25000,"certified","bounds-met",TRUE,67,67,77,77,77,0,77,0,TRUE,0.800493687452052,0.199506312547948,0.199506312547945,TRUE,TRUE,TRUE,0.199506312547948,0.222526632332797,0.0486728464396389,22,22,24,0,0,,,,,0,91,64,67,0,0,67,1.33000000000004,,
"regional-compression-exact-study-2026-08-13","production",TRUE,12,"crossed",95,0.2,0.05,"stochastic","precomputed_exact_table","iid",202821500,202821542,100,25000,"frontier_exhausted","tolerance-not-met",TRUE,364,364,77,8,2268,2260,2268,2191,FALSE,0.999999999999997,3.10862446895044e-15,0,TRUE,TRUE,TRUE,3.10862446895044e-15,3.10862446895044e-15,2.33146835171283e-15,350,121,24,229,208,118,Inf,118,902,0,6002,282,364,5614,0,5978,78.27,,
"regional-compression-exact-study-2026-08-13","production",TRUE,12,"crossed",96,0.01,0.05,"exact","precomputed_exact_table","exact",202821600,202821611,,25000,"certified","bounds-met",TRUE,127,127,224,224,224,0,224,0,TRUE,0.990275729078259,0.00972427092174055,0.00972427092173746,TRUE,TRUE,TRUE,0.00972427092174055,0.00977186041092289,0.0038398133187869,42,42,24,0,0,,,,,0,151,104,127,0,0,127,4.31,,
"regional-compression-exact-study-2026-08-13","production",TRUE,12,"crossed",96,0.01,0.05,"stochastic","precomputed_exact_table","iid",202821600,202821612,100,25000,"frontier_exhausted","tolerance-not-met",TRUE,364,364,224,7,2268,2261,2268,2044,FALSE,0.999999999999997,2.99760216648792e-15,0,TRUE,TRUE,TRUE,2.99760216648792e-15,2.99760216648793e-15,2.88657986402541e-15,350,121,24,229,208,102,Inf,102,1104,0,6538,278,364,6150,0,6514,86.22,,
"regional-compression-exact-study-2026-08-13","production",TRUE,12,"crossed",96,0.05,0.05,"exact","precomputed_exact_table","exact",202821600,202821621,,25000,"certified","bounds-met",TRUE,85,85,107,107,107,0,107,0,TRUE,0.95023084339699,0.0497691566030104,0.0497691566030073,TRUE,TRUE,TRUE,0.0497691566030104,0.0510503308561172,0.0205407063641153,28,28,24,0,0,,,,,0,109,76,85,0,0,85,1.87,,
"regional-compression-exact-study-2026-08-13","production",TRUE,12,"crossed",96,0.05,0.05,"stochastic","precomputed_exact_table","iid",202821600,202821622,100,25000,"frontier_exhausted","tolerance-not-met",TRUE,364,364,107,7,2268,2261,2268,2161,FALSE,0.999999999999997,2.99760216648792e-15,0,TRUE,TRUE,TRUE,2.99760216648792e-15,2.99760216648793e-15,2.88657986402541e-15,350,121,24,229,208,102,Inf,102,1104,0,6538,279,364,6150,0,6514,83.15,,
"regional-compression-exact-study-2026-08-13","production",TRUE,12,"crossed",96,0.1,0.05,"exact","precomputed_exact_table","exact",202821600,202821631,,25000,"certified","bounds-met",TRUE,67,67,63,63,63,0,63,0,TRUE,0.91013198167421,0.0898680183257902,0.0898680183257875,TRUE,TRUE,TRUE,0.0898680183257902,0.0941656551809481,0.0276086722182888,22,22,24,0,0,,,,,0,91,64,67,0,0,67,1.09999999999999,,
"regional-compression-exact-study-2026-08-13","production",TRUE,12,"crossed",96,0.1,0.05,"stochastic","precomputed_exact_table","iid",202821600,202821632,100,25000,"frontier_exhausted","tolerance-not-met",TRUE,364,364,63,7,2268,2261,2268,2205,FALSE,0.999999999999997,2.99760216648792e-15,0,TRUE,TRUE,TRUE,2.99760216648792e-15,2.99760216648793e-15,2.88657986402541e-15,350,121,24,229,208,102,Inf,102,1104,0,6538,281,364,6150,0,6514,83.14,,
"regional-compression-exact-study-2026-08-13","production",TRUE,12,"crossed",96,0.2,0.05,"exact","precomputed_exact_table","exact",202821600,202821641,,25000,"certified","bounds-met",TRUE,52,52,34,34,34,0,34,0,TRUE,0.829823116477868,0.170176883522132,0.170176883522129,TRUE,TRUE,TRUE,0.170176883522132,0.186542713580494,0.0735940500683906,17,17,24,0,0,,,,,0,76,54,52,0,0,52,1.18000000000001,,
"regional-compression-exact-study-2026-08-13","production",TRUE,12,"crossed",96,0.2,0.05,"stochastic","precomputed_exact_table","iid",202821600,202821642,100,25000,"frontier_exhausted","tolerance-not-met",TRUE,364,364,34,7,2268,2261,2268,2234,FALSE,0.999999999999997,2.99760216648792e-15,0,TRUE,TRUE,TRUE,2.99760216648792e-15,2.99760216648793e-15,2.88657986402541e-15,350,121,24,229,208,102,Inf,102,1104,0,6538,278,364,6150,0,6514,71.47,,
"regional-compression-exact-study-2026-08-13","production",TRUE,12,"crossed",97,0.01,0.05,"exact","precomputed_exact_table","exact",202821700,202821711,,25000,"certified","bounds-met",TRUE,139,139,277,277,277,0,277,0,TRUE,0.990185331075445,0.00981466892455507,0.00981466892455201,TRUE,TRUE,TRUE,0.00981466892455507,0.00986315026730642,0.00436545333336483,46,46,24,0,0,,,,,0,163,112,139,0,0,139,5.79,,
"regional-compression-exact-study-2026-08-13","production",TRUE,12,"crossed",97,0.01,0.05,"stochastic","precomputed_exact_table","iid",202821700,202821712,100,25000,"frontier_exhausted","tolerance-not-met",TRUE,364,364,277,7,2268,2261,2268,1991,FALSE,0.999999999999997,3.21964677141295e-15,0,TRUE,TRUE,TRUE,3.21964677141295e-15,3.21964677141296e-15,3.10862446895044e-15,350,121,24,229,207,1,Inf,100,437,0,6971,282,364,6583,0,6947,76.4,,
"regional-compression-exact-study-2026-08-13","production",TRUE,12,"crossed",97,0.05,0.05,"exact","precomputed_exact_table","exact",202821700,202821721,,25000,"certified","bounds-met",TRUE,76,76,110,110,110,0,110,0,TRUE,0.951883691530846,0.0481163084691539,0.0481163084691508,TRUE,TRUE,TRUE,0.0481163084691539,0.0493124244161878,0.0150387593133187,25,25,24,0,0,,,,,0,100,70,76,0,0,76,1.33,,
"regional-compression-exact-study-2026-08-13","production",TRUE,12,"crossed",97,0.05,0.05,"stochastic","precomputed_exact_table","iid",202821700,202821722,100,25000,"frontier_exhausted","tolerance-not-met",TRUE,364,364,110,7,2268,2261,2268,2158,FALSE,0.999999999999997,3.21964677141295e-15,0,TRUE,TRUE,TRUE,3.21964677141295e-15,3.21964677141296e-15,3.10862446895044e-15,350,121,24,229,207,1,Inf,100,437,0,6971,283,364,6583,0,6947,65.59,,
"regional-compression-exact-study-2026-08-13","production",TRUE,12,"crossed",97,0.1,0.05,"exact","precomputed_exact_table","exact",202821700,202821731,,25000,"certified","bounds-met",TRUE,58,58,64,64,64,0,64,0,TRUE,0.902440608632239,0.0975593913677608,0.0975593913677584,TRUE,TRUE,TRUE,0.0975593913677608,0.102652398550224,0.0325748962292741,19,19,24,0,0,,,,,0,82,58,58,0,0,58,0.769999999999982,,
"regional-compression-exact-study-2026-08-13","production",TRUE,12,"crossed",97,0.1,0.05,"stochastic","precomputed_exact_table","iid",202821700,202821732,100,25000,"frontier_exhausted","tolerance-not-met",TRUE,364,364,64,7,2268,2261,2268,2204,FALSE,0.999999999999997,3.21964677141295e-15,0,TRUE,TRUE,TRUE,3.21964677141295e-15,3.21964677141296e-15,3.10862446895044e-15,350,121,24,229,207,1,Inf,100,437,0,6971,284,364,6583,0,6947,78.59,,
"regional-compression-exact-study-2026-08-13","production",TRUE,12,"crossed",97,0.2,0.05,"exact","precomputed_exact_table","exact",202821700,202821741,,25000,"certified","bounds-met",TRUE,46,46,36,36,36,0,36,0,TRUE,0.801217744448633,0.198782255551367,0.198782255551364,TRUE,TRUE,TRUE,0.198782255551367,0.221622528095941,0.0965282923438201,15,15,24,0,0,,,,,0,70,50,46,0,0,46,0.710000000000008,,
"regional-compression-exact-study-2026-08-13","production",TRUE,12,"crossed",97,0.2,0.05,"stochastic","precomputed_exact_table","iid",202821700,202821742,100,25000,"frontier_exhausted","tolerance-not-met",TRUE,364,364,36,7,2268,2261,2268,2232,FALSE,0.999999999999997,3.21964677141295e-15,0,TRUE,TRUE,TRUE,3.21964677141295e-15,3.21964677141296e-15,3.10862446895044e-15,350,121,24,229,207,1,Inf,100,437,0,6971,284,364,6583,0,6947,83.4,,
"regional-compression-exact-study-2026-08-13","production",TRUE,12,"crossed",98,0.01,0.05,"exact","precomputed_exact_table","exact",202821800,202821811,,25000,"certified","bounds-met",TRUE,112,112,209,209,209,0,209,0,TRUE,0.990538756370116,0.00946124362988354,0.00946124362988621,TRUE,TRUE,TRUE,0.00946124362988354,0.00950628552207265,0.00363441246542215,37,37,24,0,0,,,,,0,136,94,112,0,0,112,3.36,,
"regional-compression-exact-study-2026-08-13","production",TRUE,12,"crossed",98,0.01,0.05,"stochastic","precomputed_exact_table","iid",202821800,202821812,100,25000,"frontier_exhausted","tolerance-not-met",TRUE,364,364,209,8,2268,2260,2268,2059,FALSE,1,-2.66453525910038e-15,0,TRUE,TRUE,TRUE,-2.66453525910038e-15,-2.66453525910037e-15,2.66453525910038e-15,350,121,24,229,207,4,Inf,100,708,0,4540,282,364,4152,0,4516,74.93,,
"regional-compression-exact-study-2026-08-13","production",TRUE,12,"crossed",98,0.05,0.05,"exact","precomputed_exact_table","exact",202821800,202821821,,25000,"certified","bounds-met",TRUE,79,79,93,93,93,0,93,0,TRUE,0.95141822905379,0.0485817709462104,0.0485817709462131,TRUE,TRUE,TRUE,0.0485817709462104,0.0498015349259832,0.0229347194124462,26,26,24,0,0,,,,,0,103,72,79,0,0,79,1.47,,
"regional-compression-exact-study-2026-08-13","production",TRUE,12,"crossed",98,0.05,0.05,"stochastic","precomputed_exact_table","iid",202821800,202821822,100,25000,"frontier_exhausted","tolerance-not-met",TRUE,364,364,93,8,2268,2260,2268,2175,FALSE,1,-2.66453525910038e-15,0,TRUE,TRUE,TRUE,-2.66453525910038e-15,-2.66453525910037e-15,2.66453525910038e-15,350,121,24,229,207,4,Inf,100,708,0,4540,283,364,4152,0,4516,72.95,,
"regional-compression-exact-study-2026-08-13","production",TRUE,12,"crossed",98,0.1,0.05,"exact","precomputed_exact_table","exact",202821800,202821831,,25000,"certified","bounds-met",TRUE,55,55,57,57,57,0,57,0,TRUE,0.919552004337141,0.0804479956628592,0.0804479956628615,TRUE,TRUE,TRUE,0.0804479956628592,0.0838686793460412,0.0238142489021109,18,18,24,0,0,,,,,0,79,56,55,0,0,55,1.11000000000001,,
"regional-compression-exact-study-2026-08-13","production",TRUE,12,"crossed",98,0.1,0.05,"stochastic","precomputed_exact_table","iid",202821800,202821832,100,25000,"frontier_exhausted","tolerance-not-met",TRUE,364,364,57,8,2268,2260,2268,2211,FALSE,1,-2.66453525910038e-15,0,TRUE,TRUE,TRUE,-2.66453525910038e-15,-2.66453525910037e-15,2.66453525910038e-15,350,121,24,229,207,4,Inf,100,708,0,4540,283,364,4152,0,4516,81.42,,
"regional-compression-exact-study-2026-08-13","production",TRUE,12,"crossed",98,0.2,0.05,"exact","precomputed_exact_table","exact",202821800,202821841,,25000,"certified","bounds-met",TRUE,28,28,28,28,28,0,28,0,TRUE,0.817498666477222,0.182501333522778,0.182501333522779,TRUE,TRUE,TRUE,0.182501333522778,0.201506007432583,0.0652934030195695,9,9,24,0,0,,,,,0,52,38,28,0,0,28,0.389999999999986,,
"regional-compression-exact-study-2026-08-13","production",TRUE,12,"crossed",98,0.2,0.05,"stochastic","precomputed_exact_table","iid",202821800,202821842,100,25000,"frontier_exhausted","tolerance-not-met",TRUE,364,364,28,8,2268,2260,2268,2240,FALSE,1,-2.66453525910038e-15,0,TRUE,TRUE,TRUE,-2.66453525910038e-15,-2.66453525910037e-15,2.66453525910038e-15,350,121,24,229,207,4,Inf,100,708,0,4540,284,364,4152,0,4516,86.36,,
"regional-compression-exact-study-2026-08-13","production",TRUE,12,"crossed",99,0.01,0.05,"exact","precomputed_exact_table","exact",202821900,202821911,,25000,"certified","bounds-met",TRUE,187,187,374,374,374,0,374,0,TRUE,0.990000140309269,0.00999985969073103,0.00999985969072868,TRUE,TRUE,TRUE,0.00999985969073103,0.0100501941269772,0.0054000840401198,62,62,24,0,0,,,,,0,211,144,187,0,0,187,6.06,,
"regional-compression-exact-study-2026-08-13","production",TRUE,12,"crossed",99,0.01,0.05,"stochastic","precomputed_exact_table","iid",202821900,202821912,100,25000,"budget_exhausted","budget-exhausted",TRUE,364,364,374,8,Inf,Inf,Inf,Inf,FALSE,0,1,1,TRUE,FALSE,TRUE,1,Inf,,349,121,24,228,207,1,Inf,100,1554,0,24166,282,364,23778,0,24142,83.51,,
"regional-compression-exact-study-2026-08-13","production",TRUE,12,"crossed",99,0.05,0.05,"exact","precomputed_exact_table","exact",202821900,202821921,,25000,"certified","bounds-met",TRUE,130,130,177,177,177,0,177,0,TRUE,0.950156914455747,0.0498430855442532,0.0498430855442509,TRUE,TRUE,TRUE,0.0498430855442532,0.0511281349158146,0.0189719682526071,43,43,24,0,0,,,,,0,154,106,130,0,0,130,2.89,,
"regional-compression-exact-study-2026-08-13","production",TRUE,12,"crossed",99,0.05,0.05,"stochastic","precomputed_exact_table","iid",202821900,202821922,100,25000,"budget_exhausted","budget-exhausted",TRUE,364,364,177,8,Inf,Inf,Inf,Inf,FALSE,0,1,1,TRUE,FALSE,TRUE,1,Inf,,349,121,24,228,207,1,Inf,100,1554,0,24166,281,364,23778,0,24142,88.6,,
"regional-compression-exact-study-2026-08-13","production",TRUE,12,"crossed",99,0.1,0.05,"exact","precomputed_exact_table","exact",202821900,202821931,,25000,"certified","bounds-met",TRUE,85,85,109,109,109,0,109,0,TRUE,0.900759121590594,0.0992408784094063,0.099240878409404,TRUE,TRUE,TRUE,0.0992408784094063,0.104517402743434,0.0315533111113279,28,28,24,0,0,,,,,0,109,76,85,0,0,85,2.33000000000001,,
"regional-compression-exact-study-2026-08-13","production",TRUE,12,"crossed",99,0.1,0.05,"stochastic","precomputed_exact_table","iid",202821900,202821932,100,25000,"budget_exhausted","budget-exhausted",TRUE,364,364,109,8,Inf,Inf,Inf,Inf,FALSE,0,1,1,TRUE,FALSE,TRUE,1,Inf,,349,121,24,228,207,1,Inf,100,1554,0,24166,282,364,23778,0,24142,93.96,,
"regional-compression-exact-study-2026-08-13","production",TRUE,12,"crossed",99,0.2,0.05,"exact","precomputed_exact_table","exact",202821900,202821941,,25000,"certified","bounds-met",TRUE,58,58,53,53,53,0,53,0,TRUE,0.801795336674865,0.198204663325135,0.198204663325134,TRUE,TRUE,TRUE,0.198204663325135,0.220901894860905,0.0805973941494739,19,19,24,0,0,,,,,0,82,58,58,0,0,58,1.27999999999997,,
"regional-compression-exact-study-2026-08-13","production",TRUE,12,"crossed",99,0.2,0.05,"stochastic","precomputed_exact_table","iid",202821900,202821942,100,25000,"budget_exhausted","budget-exhausted",TRUE,364,364,53,8,Inf,Inf,Inf,Inf,FALSE,0,1,1,TRUE,FALSE,TRUE,1,Inf,,349,121,24,228,207,1,Inf,100,1554,0,24166,280,364,23778,0,24142,83.2,,
"regional-compression-exact-study-2026-08-13","production",TRUE,12,"crossed",100,0.01,0.05,"exact","precomputed_exact_table","exact",202822000,202822011,,25000,"certified","bounds-met",TRUE,130,130,272,272,272,0,272,0,TRUE,0.99008145147254,0.00991854852746044,0.00991854852745849,TRUE,TRUE,TRUE,0.00991854852746044,0.00996806502315259,0.00309551751111539,43,43,24,0,0,,,,,0,154,106,130,0,0,130,4.23,,
"regional-compression-exact-study-2026-08-13","production",TRUE,12,"crossed",100,0.01,0.05,"stochastic","precomputed_exact_table","iid",202822000,202822012,100,25000,"frontier_exhausted","tolerance-not-met",TRUE,364,364,272,8,2268,2260,2268,1996,FALSE,0.999999999999998,1.99840144432528e-15,0,TRUE,TRUE,TRUE,1.99840144432528e-15,1.99840144432528e-15,1.77635683940025e-15,350,121,24,229,207,8,Inf,100,500,0,3556,282,364,3168,0,3532,84.07,,
"regional-compression-exact-study-2026-08-13","production",TRUE,12,"crossed",100,0.05,0.05,"exact","precomputed_exact_table","exact",202822000,202822021,,25000,"certified","bounds-met",TRUE,94,94,125,125,125,0,125,0,TRUE,0.952665978525341,0.047334021474659,0.0473340214746571,TRUE,TRUE,TRUE,0.047334021474659,0.0484909314923874,0.0153958616301328,31,31,24,0,0,,,,,0,118,82,94,0,0,94,1.83,,
"regional-compression-exact-study-2026-08-13","production",TRUE,12,"crossed",100,0.05,0.05,"stochastic","precomputed_exact_table","iid",202822000,202822022,100,25000,"frontier_exhausted","tolerance-not-met",TRUE,364,364,125,8,2268,2260,2268,2143,FALSE,0.999999999999998,1.99840144432528e-15,0,TRUE,TRUE,TRUE,1.99840144432528e-15,1.99840144432528e-15,1.77635683940025e-15,350,121,24,229,207,8,Inf,100,500,0,3556,282,364,3168,0,3532,92.84,,
"regional-compression-exact-study-2026-08-13","production",TRUE,12,"crossed",100,0.1,0.05,"exact","precomputed_exact_table","exact",202822000,202822031,,25000,"certified","bounds-met",TRUE,67,67,80,80,80,0,80,0,TRUE,0.908685407251643,0.0913145927483574,0.0913145927483556,TRUE,TRUE,TRUE,0.0913145927483574,0.0957563313383141,0.0257851377473027,22,22,24,0,0,,,,,0,91,64,67,0,0,67,1.53999999999999,,
"regional-compression-exact-study-2026-08-13","production",TRUE,12,"crossed",100,0.1,0.05,"stochastic","precomputed_exact_table","iid",202822000,202822032,100,25000,"frontier_exhausted","tolerance-not-met",TRUE,364,364,80,8,2268,2260,2268,2188,FALSE,0.999999999999998,1.99840144432528e-15,0,TRUE,TRUE,TRUE,1.99840144432528e-15,1.99840144432528e-15,1.77635683940025e-15,350,121,24,229,207,8,Inf,100,500,0,3556,282,364,3168,0,3532,102.02,,
"regional-compression-exact-study-2026-08-13","production",TRUE,12,"crossed",100,0.2,0.05,"exact","precomputed_exact_table","exact",202822000,202822041,,25000,"certified","bounds-met",TRUE,46,46,43,43,43,0,43,0,TRUE,0.806191063842821,0.193808936157179,0.193808936157179,TRUE,TRUE,TRUE,0.193808936157179,0.215434512653704,0.0712828249658131,15,15,24,0,0,,,,,0,70,50,46,0,0,46,1.5,,
"regional-compression-exact-study-2026-08-13","production",TRUE,12,"crossed",100,0.2,0.05,"stochastic","precomputed_exact_table","iid",202822000,202822042,100,25000,"frontier_exhausted","tolerance-not-met",TRUE,364,364,43,8,2268,2260,2268,2225,FALSE,0.999999999999998,1.99840144432528e-15,0,TRUE,TRUE,TRUE,1.99840144432528e-15,1.99840144432528e-15,1.77635683940025e-15,350,121,24,229,207,8,Inf,100,500,0,3556,284,364,3168,0,3532,77.82,,
