"protocol_id","run_mode","registered_production","p","regime","replication","epsilon","delta","interval_mode","score_oracle","evidence_method","data_seed","algorithm_seed","n_paths","score_budget","raw_status","status","simultaneous_interval_coverage","covered_nodes","bounded_nodes","exact_optimal_cost","certified_cost_lower","certified_cost_upper","certified_cost_gap","selected_cost","true_cost_suboptimality","exact_cost_optimal","retained_mass","true_omitted_mass","omitted_mass_bound","omitted_mass_covered","epsilon_feasible","cost_sandwich_covered","total_variation","reverse_kullback_leibler","maximum_pip_error","search_actions","search_expansions","screening_score_requests","preflight_nodes","preflight_blocked_nodes","minimum_required_paths","maximum_required_paths","minimum_scheduled_paths","maximum_scheduled_paths","budget_overshoot","raw_score_requests","distinct_score_evaluations","bound_score_requests","evidence_score_requests","downstream_score_requests","selection_score_requests","elapsed_seconds","peak_memory_bytes","error_message"
"regional-compression-exact-study-2026-08-13","production",TRUE,16,"crossed",1,0.01,0.05,"exact","precomputed_exact_table","exact",202912100,202912111,,25000,"certified","bounds-met",TRUE,166,166,346,346,346,0,346,0,TRUE,0.990095702581274,0.00990429741872556,0.00990429741872272,TRUE,TRUE,TRUE,0.00990429741872556,0.00995367125166002,0.00371346310176264,55,55,32,0,0,,,,,0,198,136,166,0,0,166,70.86,,
"regional-compression-exact-study-2026-08-13","production",TRUE,16,"crossed",1,0.01,0.05,"stochastic","precomputed_exact_table","iid",202912100,202912112,100,25000,"frontier_exhausted","tolerance-not-met",TRUE,1093,1093,346,9,8019,8010,8019,7673,FALSE,0.999999999999997,3.10862446895044e-15,0,TRUE,TRUE,TRUE,3.10862446895044e-15,3.10862446895044e-15,3.10862446895044e-15,1093,364,32,729,729,2763,Inf,,,0,1125,753,1093,0,0,1093,3317.93,,
"regional-compression-exact-study-2026-08-13","production",TRUE,16,"crossed",1,0.05,0.05,"exact","precomputed_exact_table","exact",202912100,202912121,,25000,"certified","bounds-met",TRUE,85,85,126,126,126,0,126,0,TRUE,0.951020077093152,0.0489799229068481,0.0489799229068449,TRUE,TRUE,TRUE,0.0489799229068481,0.0502201051000217,0.0155989391960271,28,28,32,0,0,,,,,0,117,82,85,0,0,85,15.9700000000003,,
"regional-compression-exact-study-2026-08-13","production",TRUE,16,"crossed",1,0.05,0.05,"stochastic","precomputed_exact_table","iid",202912100,202912122,100,25000,"frontier_exhausted","tolerance-not-met",TRUE,1093,1093,126,9,8019,8010,8019,7893,FALSE,0.999999999999997,3.10862446895044e-15,0,TRUE,TRUE,TRUE,3.10862446895044e-15,3.10862446895044e-15,3.10862446895044e-15,1093,364,32,729,729,2763,Inf,,,0,1125,753,1093,0,0,1093,2709.3,,
"regional-compression-exact-study-2026-08-13","production",TRUE,16,"crossed",1,0.1,0.05,"exact","precomputed_exact_table","exact",202912100,202912131,,25000,"certified","bounds-met",TRUE,64,64,73,73,73,0,73,0,TRUE,0.902931559385968,0.0970684406140315,0.0970684406140298,TRUE,TRUE,TRUE,0.0970684406140315,0.102108520922632,0.0343084577942021,21,21,32,0,0,,,,,0,96,68,64,0,0,64,11.5299999999997,,
"regional-compression-exact-study-2026-08-13","production",TRUE,16,"crossed",1,0.1,0.05,"stochastic","precomputed_exact_table","iid",202912100,202912132,100,25000,"frontier_exhausted","tolerance-not-met",TRUE,1093,1093,73,9,8019,8010,8019,7946,FALSE,0.999999999999997,3.10862446895044e-15,0,TRUE,TRUE,TRUE,3.10862446895044e-15,3.10862446895044e-15,3.10862446895044e-15,1093,364,32,729,729,2763,Inf,,,0,1125,753,1093,0,0,1093,2751.56,,
"regional-compression-exact-study-2026-08-13","production",TRUE,16,"crossed",1,0.2,0.05,"exact","precomputed_exact_table","exact",202912100,202912141,,25000,"certified","bounds-met",TRUE,70,70,41,41,41,0,41,0,TRUE,0.807034764937243,0.192965235062757,0.192965235062756,TRUE,TRUE,TRUE,0.192965235062757,0.214388532411766,0.0701336199574945,23,23,32,0,0,,,,,0,102,72,70,0,0,70,15.7299999999996,,
"regional-compression-exact-study-2026-08-13","production",TRUE,16,"crossed",1,0.2,0.05,"stochastic","precomputed_exact_table","iid",202912100,202912142,100,25000,"frontier_exhausted","tolerance-not-met",TRUE,1093,1093,41,9,8019,8010,8019,7978,FALSE,0.999999999999997,3.10862446895044e-15,0,TRUE,TRUE,TRUE,3.10862446895044e-15,3.10862446895044e-15,3.10862446895044e-15,1093,364,32,729,729,2763,Inf,,,0,1125,753,1093,0,0,1093,2871.2,,
"regional-compression-exact-study-2026-08-13","production",TRUE,16,"crossed",2,0.01,0.05,"exact","precomputed_exact_table","exact",202912200,202912211,,25000,"certified","bounds-met",TRUE,307,307,718,718,718,0,718,0,TRUE,0.990000479577593,0.00999952042240726,0.00999952042241377,TRUE,TRUE,TRUE,0.00999952042240726,0.0100498514318079,0.0044281329898507,102,102,32,0,0,,,,,0,339,230,307,0,0,307,120.68,,
"regional-compression-exact-study-2026-08-13","production",TRUE,16,"crossed",2,0.01,0.05,"stochastic","precomputed_exact_table","iid",202912200,202912212,100,25000,"frontier_exhausted","tolerance-not-met",TRUE,1093,1093,718,9,8019,8010,8019,7301,FALSE,1.00000000000001,-6.66133814775094e-15,0,TRUE,TRUE,TRUE,-6.66133814775094e-15,-6.66133814775092e-15,6.32827124036339e-15,1093,364,32,729,729,4640,Inf,,,0,1125,753,1093,0,0,1093,3276.08,,
"regional-compression-exact-study-2026-08-13","production",TRUE,16,"crossed",2,0.05,0.05,"exact","precomputed_exact_table","exact",202912200,202912221,,25000,"certified","bounds-met",TRUE,193,193,286,286,286,0,286,0,TRUE,0.950434656039325,0.0495653439606748,0.0495653439606812,TRUE,TRUE,TRUE,0.0495653439606748,0.050835866350735,0.0189339691220043,64,64,32,0,0,,,,,0,225,154,193,0,0,193,40.6799999999998,,
"regional-compression-exact-study-2026-08-13","production",TRUE,16,"crossed",2,0.05,0.05,"stochastic","precomputed_exact_table","iid",202912200,202912222,100,25000,"frontier_exhausted","tolerance-not-met",TRUE,1093,1093,286,9,8019,8010,8019,7733,FALSE,1.00000000000001,-6.66133814775094e-15,0,TRUE,TRUE,TRUE,-6.66133814775094e-15,-6.66133814775092e-15,6.32827124036339e-15,1093,364,32,729,729,4640,Inf,,,0,1125,753,1093,0,0,1093,2709.61,,
"regional-compression-exact-study-2026-08-13","production",TRUE,16,"crossed",2,0.1,0.05,"exact","precomputed_exact_table","exact",202912200,202912231,,25000,"certified","bounds-met",TRUE,133,133,173,173,173,0,173,0,TRUE,0.900173714372316,0.0998262856276844,0.0998262856276902,TRUE,TRUE,TRUE,0.0998262856276844,0.105167518313772,0.0311326168667594,44,44,32,0,0,,,,,0,165,114,133,0,0,133,27.1600000000008,,
"regional-compression-exact-study-2026-08-13","production",TRUE,16,"crossed",2,0.1,0.05,"stochastic","precomputed_exact_table","iid",202912200,202912232,100,25000,"frontier_exhausted","tolerance-not-met",TRUE,1093,1093,173,9,8019,8010,8019,7846,FALSE,1.00000000000001,-6.66133814775094e-15,0,TRUE,TRUE,TRUE,-6.66133814775094e-15,-6.66133814775092e-15,6.32827124036339e-15,1093,364,32,729,729,4640,Inf,,,0,1125,753,1093,0,0,1093,2771.72,,
"regional-compression-exact-study-2026-08-13","production",TRUE,16,"crossed",2,0.2,0.05,"exact","precomputed_exact_table","exact",202912200,202912241,,25000,"certified","bounds-met",TRUE,103,103,90,90,90,0,90,0,TRUE,0.802923222701385,0.197076777298615,0.197076777298621,TRUE,TRUE,TRUE,0.197076777298615,0.219496182680837,0.0801162930267036,34,34,32,0,0,,,,,0,135,94,103,0,0,103,21.1599999999999,,
"regional-compression-exact-study-2026-08-13","production",TRUE,16,"crossed",2,0.2,0.05,"stochastic","precomputed_exact_table","iid",202912200,202912242,100,25000,"frontier_exhausted","tolerance-not-met",TRUE,1093,1093,90,9,8019,8010,8019,7929,FALSE,1.00000000000001,-6.66133814775094e-15,0,TRUE,TRUE,TRUE,-6.66133814775094e-15,-6.66133814775092e-15,6.32827124036339e-15,1093,364,32,729,729,4640,Inf,,,0,1125,753,1093,0,0,1093,2893.87,,
"regional-compression-exact-study-2026-08-13","production",TRUE,16,"crossed",3,0.01,0.05,"exact","precomputed_exact_table","exact",202912300,202912311,,25000,"certified","bounds-met",TRUE,169,169,251,251,251,0,251,0,TRUE,0.990039938926474,0.00996006107352565,0.0099600610735254,TRUE,TRUE,TRUE,0.00996006107352565,0.0100099943172581,0.00300146095940843,56,56,32,0,0,,,,,0,201,138,169,0,0,169,64.25,,
"regional-compression-exact-study-2026-08-13","production",TRUE,16,"crossed",3,0.01,0.05,"stochastic","precomputed_exact_table","iid",202912300,202912312,100,25000,"budget_exhausted","budget-exhausted",TRUE,1084,1084,251,9,Inf,Inf,Inf,Inf,FALSE,0,1,1,TRUE,FALSE,TRUE,1,Inf,,1071,361,32,710,683,868,Inf,868,868,0,24552,837,1084,23436,0,24520,3082.45,,
"regional-compression-exact-study-2026-08-13","production",TRUE,16,"crossed",3,0.05,0.05,"exact","precomputed_exact_table","exact",202912300,202912321,,25000,"certified","bounds-met",TRUE,100,100,102,102,102,0,102,0,TRUE,0.952378317200677,0.0476216827993234,0.0476216827993241,TRUE,TRUE,TRUE,0.0476216827993234,0.0487929311125496,0.015390062728543,33,33,32,0,0,,,,,0,132,92,100,0,0,100,18.96,,
"regional-compression-exact-study-2026-08-13","production",TRUE,16,"crossed",3,0.05,0.05,"stochastic","precomputed_exact_table","iid",202912300,202912322,100,25000,"budget_exhausted","budget-exhausted",TRUE,1084,1084,102,9,Inf,Inf,Inf,Inf,FALSE,0,1,1,TRUE,FALSE,TRUE,1,Inf,,1071,361,32,710,683,868,Inf,868,868,0,24552,841,1084,23436,0,24520,2551.28,,
"regional-compression-exact-study-2026-08-13","production",TRUE,16,"crossed",3,0.1,0.05,"exact","precomputed_exact_table","exact",202912300,202912331,,25000,"certified","bounds-met",TRUE,76,76,61,61,61,0,61,0,TRUE,0.907091293944008,0.0929087060559923,0.0929087060559919,TRUE,TRUE,TRUE,0.0929087060559923,0.0975121790878085,0.0225224689217333,25,25,32,0,0,,,,,0,108,76,76,0,0,76,13.5,,
"regional-compression-exact-study-2026-08-13","production",TRUE,16,"crossed",3,0.1,0.05,"stochastic","precomputed_exact_table","iid",202912300,202912332,100,25000,"budget_exhausted","budget-exhausted",TRUE,1084,1084,61,9,Inf,Inf,Inf,Inf,FALSE,0,1,1,TRUE,FALSE,TRUE,1,Inf,,1071,361,32,710,683,868,Inf,868,868,0,24552,840,1084,23436,0,24520,2534.14,,
"regional-compression-exact-study-2026-08-13","production",TRUE,16,"crossed",3,0.2,0.05,"exact","precomputed_exact_table","exact",202912300,202912341,,25000,"certified","bounds-met",TRUE,55,55,29,29,29,0,29,0,TRUE,0.811478564114169,0.188521435885831,0.188521435885831,TRUE,TRUE,TRUE,0.188521435885831,0.208897307516034,0.0484213151172113,18,18,32,0,0,,,,,0,87,62,55,0,0,55,9.89999999999964,,
"regional-compression-exact-study-2026-08-13","production",TRUE,16,"crossed",3,0.2,0.05,"stochastic","precomputed_exact_table","iid",202912300,202912342,100,25000,"budget_exhausted","budget-exhausted",TRUE,1084,1084,29,9,Inf,Inf,Inf,Inf,FALSE,0,1,1,TRUE,FALSE,TRUE,1,Inf,,1071,361,32,710,683,868,Inf,868,868,0,24552,841,1084,23436,0,24520,2613.9,,
"regional-compression-exact-study-2026-08-13","production",TRUE,16,"crossed",4,0.01,0.05,"exact","precomputed_exact_table","exact",202912400,202912411,,25000,"certified","bounds-met",TRUE,271,271,475,475,475,0,475,0,TRUE,0.990002169932845,0.00999783006715504,0.00999783006715012,TRUE,TRUE,TRUE,0.00999783006715504,0.010048144004545,0.00408735725081052,90,90,32,0,0,,,,,0,303,206,271,0,0,271,105.2,,
"regional-compression-exact-study-2026-08-13","production",TRUE,16,"crossed",4,0.01,0.05,"stochastic","precomputed_exact_table","iid",202912400,202912412,100,25000,"frontier_exhausted","tolerance-not-met",TRUE,1093,1093,475,9,8019,8010,8019,7544,FALSE,0.999999999999995,4.9960036108132e-15,0,TRUE,TRUE,TRUE,4.9960036108132e-15,4.99600361081322e-15,4.77395900588817e-15,1093,364,32,729,729,9309,Inf,,,0,1125,753,1093,0,0,1093,3484.58,,
"regional-compression-exact-study-2026-08-13","production",TRUE,16,"crossed",4,0.05,0.05,"exact","precomputed_exact_table","exact",202912400,202912421,,25000,"certified","bounds-met",TRUE,160,160,192,192,192,0,192,0,TRUE,0.950589684970507,0.0494103150294932,0.0494103150294886,TRUE,TRUE,TRUE,0.0494103150294932,0.0506727659335747,0.0141656451036118,53,53,32,0,0,,,,,0,192,132,160,0,0,160,36.0500000000002,,
"regional-compression-exact-study-2026-08-13","production",TRUE,16,"crossed",4,0.05,0.05,"stochastic","precomputed_exact_table","iid",202912400,202912422,100,25000,"frontier_exhausted","tolerance-not-met",TRUE,1093,1093,192,9,8019,8010,8019,7827,FALSE,0.999999999999995,4.9960036108132e-15,0,TRUE,TRUE,TRUE,4.9960036108132e-15,4.99600361081322e-15,4.77395900588817e-15,1093,364,32,729,729,9309,Inf,,,0,1125,753,1093,0,0,1093,2899.73,,
"regional-compression-exact-study-2026-08-13","production",TRUE,16,"crossed",4,0.1,0.05,"exact","precomputed_exact_table","exact",202912400,202912431,,25000,"certified","bounds-met",TRUE,139,139,120,120,120,0,120,0,TRUE,0.901596464792109,0.0984035352078909,0.098403535207886,TRUE,TRUE,TRUE,0.0984035352078909,0.103588237302291,0.0232467777943312,46,46,32,0,0,,,,,0,171,118,139,0,0,139,25.54,,
"regional-compression-exact-study-2026-08-13","production",TRUE,16,"crossed",4,0.1,0.05,"stochastic","precomputed_exact_table","iid",202912400,202912432,100,25000,"frontier_exhausted","tolerance-not-met",TRUE,1093,1093,120,9,8019,8010,8019,7899,FALSE,0.999999999999995,4.9960036108132e-15,0,TRUE,TRUE,TRUE,4.9960036108132e-15,4.99600361081322e-15,4.77395900588817e-15,1093,364,32,729,729,9309,Inf,,,0,1125,753,1093,0,0,1093,2962.64,,
"regional-compression-exact-study-2026-08-13","production",TRUE,16,"crossed",4,0.2,0.05,"exact","precomputed_exact_table","exact",202912400,202912441,,25000,"certified","bounds-met",TRUE,76,76,48,48,48,0,48,0,TRUE,0.802342235929025,0.197657764070975,0.197657764070969,TRUE,TRUE,TRUE,0.197657764070975,0.220220034047107,0.0551285411510932,25,25,32,0,0,,,,,0,108,76,76,0,0,76,15.6100000000006,,
"regional-compression-exact-study-2026-08-13","production",TRUE,16,"crossed",4,0.2,0.05,"stochastic","precomputed_exact_table","iid",202912400,202912442,100,25000,"frontier_exhausted","tolerance-not-met",TRUE,1093,1093,48,9,8019,8010,8019,7971,FALSE,0.999999999999995,4.9960036108132e-15,0,TRUE,TRUE,TRUE,4.9960036108132e-15,4.99600361081322e-15,4.77395900588817e-15,1093,364,32,729,729,9309,Inf,,,0,1125,753,1093,0,0,1093,3229.03,,
"regional-compression-exact-study-2026-08-13","production",TRUE,16,"crossed",5,0.01,0.05,"exact","precomputed_exact_table","exact",202912500,202912511,,25000,"certified","bounds-met",TRUE,223,223,373,373,373,0,373,0,TRUE,0.990064248763278,0.00993575123672186,0.00993575123672745,TRUE,TRUE,TRUE,0.00993575123672186,0.00998544021858372,0.00277027873058079,74,74,32,0,0,,,,,0,255,174,223,0,0,223,87.23,,
"regional-compression-exact-study-2026-08-13","production",TRUE,16,"crossed",5,0.01,0.05,"stochastic","precomputed_exact_table","iid",202912500,202912512,100,25000,"frontier_exhausted","tolerance-not-met",TRUE,1093,1093,373,9,8019,8010,8019,7646,FALSE,1.00000000000001,-5.55111512312578e-15,0,TRUE,TRUE,TRUE,-5.55111512312578e-15,-5.55111512312577e-15,5.55111512312578e-15,1093,364,32,729,698,597,Inf,597,597,0,19632,870,1093,18507,0,19600,3324.89,,
"regional-compression-exact-study-2026-08-13","production",TRUE,16,"crossed",5,0.05,0.05,"exact","precomputed_exact_table","exact",202912500,202912521,,25000,"certified","bounds-met",TRUE,112,112,142,142,142,0,142,0,TRUE,0.951805461006814,0.0481945389931859,0.0481945389931918,TRUE,TRUE,TRUE,0.0481945389931859,0.0493946127545221,0.0187279879297687,37,37,32,0,0,,,,,0,144,100,112,0,0,112,22.0099999999998,,
"regional-compression-exact-study-2026-08-13","production",TRUE,16,"crossed",5,0.05,0.05,"stochastic","precomputed_exact_table","iid",202912500,202912522,100,25000,"frontier_exhausted","tolerance-not-met",TRUE,1093,1093,142,9,8019,8010,8019,7877,FALSE,1.00000000000001,-5.55111512312578e-15,0,TRUE,TRUE,TRUE,-5.55111512312578e-15,-5.55111512312577e-15,5.55111512312578e-15,1093,364,32,729,698,597,Inf,597,597,0,19632,868,1093,18507,0,19600,2740.77,,
"regional-compression-exact-study-2026-08-13","production",TRUE,16,"crossed",5,0.1,0.05,"exact","precomputed_exact_table","exact",202912500,202912531,,25000,"certified","bounds-met",TRUE,82,82,81,81,81,0,81,0,TRUE,0.901606048465626,0.098393951534374,0.0983939515343793,TRUE,TRUE,TRUE,0.098393951534374,0.103577607688095,0.0230497140724431,27,27,32,0,0,,,,,0,114,80,82,0,0,82,16.0299999999997,,
"regional-compression-exact-study-2026-08-13","production",TRUE,16,"crossed",5,0.1,0.05,"stochastic","precomputed_exact_table","iid",202912500,202912532,100,25000,"frontier_exhausted","tolerance-not-met",TRUE,1093,1093,81,9,8019,8010,8019,7938,FALSE,1.00000000000001,-5.55111512312578e-15,0,TRUE,TRUE,TRUE,-5.55111512312578e-15,-5.55111512312577e-15,5.55111512312578e-15,1093,364,32,729,698,597,Inf,597,597,0,19632,866,1093,18507,0,19600,2739,,
"regional-compression-exact-study-2026-08-13","production",TRUE,16,"crossed",5,0.2,0.05,"exact","precomputed_exact_table","exact",202912500,202912541,,25000,"certified","bounds-met",TRUE,61,61,40,40,40,0,40,0,TRUE,0.818574463941626,0.181425536058374,0.181425536058379,TRUE,TRUE,TRUE,0.181425536058374,0.200190910204409,0.0418867221639024,20,20,32,0,0,,,,,0,93,66,61,0,0,61,11.1499999999996,,
"regional-compression-exact-study-2026-08-13","production",TRUE,16,"crossed",5,0.2,0.05,"stochastic","precomputed_exact_table","iid",202912500,202912542,100,25000,"frontier_exhausted","tolerance-not-met",TRUE,1093,1093,40,9,8019,8010,8019,7979,FALSE,1.00000000000001,-5.55111512312578e-15,0,TRUE,TRUE,TRUE,-5.55111512312578e-15,-5.55111512312577e-15,5.55111512312578e-15,1093,364,32,729,698,597,Inf,597,597,0,19632,870,1093,18507,0,19600,2893.42,,
"regional-compression-exact-study-2026-08-13","production",TRUE,16,"crossed",6,0.01,0.05,"exact","precomputed_exact_table","exact",202912600,202912611,,25000,"certified","bounds-met",TRUE,244,244,394,394,394,0,394,0,TRUE,0.990165110270988,0.00983488972901203,0.00983488972901032,TRUE,TRUE,TRUE,0.00983488972901203,0.00988357170791156,0.00236788572303909,81,81,32,0,0,,,,,0,276,188,244,0,0,244,99.01,,
"regional-compression-exact-study-2026-08-13","production",TRUE,16,"crossed",6,0.01,0.05,"stochastic","precomputed_exact_table","iid",202912600,202912612,100,25000,"budget_exhausted","budget-exhausted",TRUE,1048,1048,394,8,Inf,Inf,Inf,Inf,FALSE,0,1,1,TRUE,FALSE,TRUE,1,Inf,,1013,349,32,664,615,3,Inf,100,1015,0,24453,984,1048,23373,0,24421,2775.79,,
"regional-compression-exact-study-2026-08-13","production",TRUE,16,"crossed",6,0.05,0.05,"exact","precomputed_exact_table","exact",202912600,202912621,,25000,"certified","bounds-met",TRUE,115,115,146,146,146,0,146,0,TRUE,0.950915742449678,0.0490842575503218,0.04908425755032,TRUE,TRUE,TRUE,0.0490842575503218,0.0503298192580982,0.0147351339761375,38,38,32,0,0,,,,,0,147,102,115,0,0,115,24.9100000000003,,
"regional-compression-exact-study-2026-08-13","production",TRUE,16,"crossed",6,0.05,0.05,"stochastic","precomputed_exact_table","iid",202912600,202912622,100,25000,"budget_exhausted","budget-exhausted",TRUE,1048,1048,146,8,Inf,Inf,Inf,Inf,FALSE,0,1,1,TRUE,FALSE,TRUE,1,Inf,,1013,349,32,664,615,3,Inf,100,1015,0,24453,975,1048,23373,0,24421,2277.58,,
"regional-compression-exact-study-2026-08-13","production",TRUE,16,"crossed",6,0.1,0.05,"exact","precomputed_exact_table","exact",202912600,202912631,,25000,"certified","bounds-met",TRUE,130,130,92,92,92,0,92,0,TRUE,0.901013234887821,0.0989867651121793,0.098986765112178,TRUE,TRUE,TRUE,0.0989867651121793,0.104235332372004,0.0258005823125017,43,43,32,0,0,,,,,0,162,112,130,0,0,130,26.6400000000003,,
"regional-compression-exact-study-2026-08-13","production",TRUE,16,"crossed",6,0.1,0.05,"stochastic","precomputed_exact_table","iid",202912600,202912632,100,25000,"budget_exhausted","budget-exhausted",TRUE,1048,1048,92,8,Inf,Inf,Inf,Inf,FALSE,0,1,1,TRUE,FALSE,TRUE,1,Inf,,1013,349,32,664,615,3,Inf,100,1015,0,24453,977,1048,23373,0,24421,2237.59,,
"regional-compression-exact-study-2026-08-13","production",TRUE,16,"crossed",6,0.2,0.05,"exact","precomputed_exact_table","exact",202912600,202912641,,25000,"certified","bounds-met",TRUE,43,43,40,40,40,0,40,0,TRUE,0.808669205114399,0.191330794885601,0.191330794885599,TRUE,TRUE,TRUE,0.191330794885601,0.212365339097923,0.0333116113246417,14,14,32,0,0,,,,,0,75,54,43,0,0,43,7.72999999999956,,
"regional-compression-exact-study-2026-08-13","production",TRUE,16,"crossed",6,0.2,0.05,"stochastic","precomputed_exact_table","iid",202912600,202912642,100,25000,"budget_exhausted","budget-exhausted",TRUE,1048,1048,40,8,Inf,Inf,Inf,Inf,FALSE,0,1,1,TRUE,FALSE,TRUE,1,Inf,,1013,349,32,664,615,3,Inf,100,1015,0,24453,982,1048,23373,0,24421,2277.31,,
"regional-compression-exact-study-2026-08-13","production",TRUE,16,"crossed",7,0.01,0.05,"exact","precomputed_exact_table","exact",202912700,202912711,,25000,"certified","bounds-met",TRUE,199,199,284,284,284,0,284,0,TRUE,0.990207550488111,0.00979244951188918,0.00979244951188756,TRUE,TRUE,TRUE,0.00979244951188918,0.0098407108686662,0.00280720385684255,66,66,32,0,0,,,,,0,231,158,199,0,0,199,80.29,,
"regional-compression-exact-study-2026-08-13","production",TRUE,16,"crossed",7,0.01,0.05,"stochastic","precomputed_exact_table","iid",202912700,202912712,100,25000,"budget_exhausted","budget-exhausted",TRUE,1072,1072,284,9,Inf,Inf,Inf,Inf,FALSE,0,1,1,TRUE,FALSE,TRUE,1,Inf,,1040,357,32,683,664,1250,Inf,1250,1250,0,24854,805,1072,23750,0,24822,3009.52,,
"regional-compression-exact-study-2026-08-13","production",TRUE,16,"crossed",7,0.05,0.05,"exact","precomputed_exact_table","exact",202912700,202912721,,25000,"certified","bounds-met",TRUE,79,79,93,93,93,0,93,0,TRUE,0.952450558951621,0.0475494410483792,0.0475494410483785,TRUE,TRUE,TRUE,0.0475494410483792,0.0487170799409475,0.0214631769181574,26,26,32,0,0,,,,,0,111,78,79,0,0,79,17.1099999999997,,
"regional-compression-exact-study-2026-08-13","production",TRUE,16,"crossed",7,0.05,0.05,"stochastic","precomputed_exact_table","iid",202912700,202912722,100,25000,"budget_exhausted","budget-exhausted",TRUE,1072,1072,93,9,Inf,Inf,Inf,Inf,FALSE,0,1,1,TRUE,FALSE,TRUE,1,Inf,,1040,357,32,683,664,1250,Inf,1250,1250,0,24854,807,1072,23750,0,24822,2510.6,,
"regional-compression-exact-study-2026-08-13","production",TRUE,16,"crossed",7,0.1,0.05,"exact","precomputed_exact_table","exact",202912700,202912731,,25000,"certified","bounds-met",TRUE,76,76,62,62,62,0,62,0,TRUE,0.912606397099464,0.0873936029005358,0.0873936029005342,TRUE,TRUE,TRUE,0.0873936029005358,0.0914506007616342,0.0187046378175985,25,25,32,0,0,,,,,0,108,76,76,0,0,76,13.4099999999999,,
"regional-compression-exact-study-2026-08-13","production",TRUE,16,"crossed",7,0.1,0.05,"stochastic","precomputed_exact_table","iid",202912700,202912732,100,25000,"budget_exhausted","budget-exhausted",TRUE,1072,1072,62,9,Inf,Inf,Inf,Inf,FALSE,0,1,1,TRUE,FALSE,TRUE,1,Inf,,1040,357,32,683,664,1250,Inf,1250,1250,0,24854,805,1072,23750,0,24822,2508.4,,
"regional-compression-exact-study-2026-08-13","production",TRUE,16,"crossed",7,0.2,0.05,"exact","precomputed_exact_table","exact",202912700,202912741,,25000,"certified","bounds-met",TRUE,37,37,31,31,31,0,31,0,TRUE,0.831272234251243,0.168727765748757,0.168727765748755,TRUE,TRUE,TRUE,0.168727765748757,0.184797939398374,0.0352474467126276,12,12,32,0,0,,,,,0,69,50,37,0,0,37,5.64000000000124,,
"regional-compression-exact-study-2026-08-13","production",TRUE,16,"crossed",7,0.2,0.05,"stochastic","precomputed_exact_table","iid",202912700,202912742,100,25000,"budget_exhausted","budget-exhausted",TRUE,1072,1072,31,9,Inf,Inf,Inf,Inf,FALSE,0,1,1,TRUE,FALSE,TRUE,1,Inf,,1040,357,32,683,664,1250,Inf,1250,1250,0,24854,810,1072,23750,0,24822,2589.3,,
"regional-compression-exact-study-2026-08-13","production",TRUE,16,"crossed",8,0.01,0.05,"exact","precomputed_exact_table","exact",202912800,202912811,,25000,"certified","bounds-met",TRUE,190,190,291,291,291,0,291,0,TRUE,0.990062274143744,0.00993772585625596,0.00993772585625623,TRUE,TRUE,TRUE,0.00993772585625596,0.0099874346563242,0.00397855733318354,63,63,32,0,0,,,,,0,222,152,190,0,0,190,76.41,,
"regional-compression-exact-study-2026-08-13","production",TRUE,16,"crossed",8,0.01,0.05,"stochastic","precomputed_exact_table","iid",202912800,202912812,100,25000,"budget_exhausted","budget-exhausted",TRUE,1060,1060,291,9,Inf,Inf,Inf,Inf,FALSE,0,1,1,TRUE,FALSE,TRUE,1,Inf,,1019,353,32,666,650,1420,Inf,1420,1420,0,23812,793,1060,22720,0,23780,2898.72,,
"regional-compression-exact-study-2026-08-13","production",TRUE,16,"crossed",8,0.05,0.05,"exact","precomputed_exact_table","exact",202912800,202912821,,25000,"certified","bounds-met",TRUE,109,109,122,122,122,0,122,0,TRUE,0.954984558749076,0.0450154412509245,0.045015441250925,TRUE,TRUE,TRUE,0.0450154412509245,0.0460601074812596,0.0128227565165911,36,36,32,0,0,,,,,0,141,98,109,0,0,109,20.8899999999999,,
"regional-compression-exact-study-2026-08-13","production",TRUE,16,"crossed",8,0.05,0.05,"stochastic","precomputed_exact_table","iid",202912800,202912822,100,25000,"budget_exhausted","budget-exhausted",TRUE,1060,1060,122,8,Inf,Inf,Inf,Inf,FALSE,0,1,1,TRUE,FALSE,TRUE,1,Inf,,1019,353,32,666,650,1420,Inf,1420,1420,0,23812,795,1060,22720,0,23780,2367.41,,
"regional-compression-exact-study-2026-08-13","production",TRUE,16,"crossed",8,0.1,0.05,"exact","precomputed_exact_table","exact",202912800,202912831,,25000,"certified","bounds-met",TRUE,82,82,71,71,71,0,71,0,TRUE,0.904671876939212,0.0953281230607882,0.0953281230607889,TRUE,TRUE,TRUE,0.0953281230607882,0.100182967943485,0.0172447852668883,27,27,32,0,0,,,,,0,114,80,82,0,0,82,15.2199999999993,,
"regional-compression-exact-study-2026-08-13","production",TRUE,16,"crossed",8,0.1,0.05,"stochastic","precomputed_exact_table","iid",202912800,202912832,100,25000,"budget_exhausted","budget-exhausted",TRUE,1060,1060,71,8,Inf,Inf,Inf,Inf,FALSE,0,1,1,TRUE,FALSE,TRUE,1,Inf,,1019,353,32,666,650,1420,Inf,1420,1420,0,23812,791,1060,22720,0,23780,2332.53,,
"regional-compression-exact-study-2026-08-13","production",TRUE,16,"crossed",8,0.2,0.05,"exact","precomputed_exact_table","exact",202912800,202912841,,25000,"certified","bounds-met",TRUE,55,55,29,29,29,0,29,0,TRUE,0.805307218945466,0.194692781054534,0.194692781054535,TRUE,TRUE,TRUE,0.194692781054534,0.216531435927428,0.0821672361715722,18,18,32,0,0,,,,,0,87,62,55,0,0,55,9.53999999999996,,
"regional-compression-exact-study-2026-08-13","production",TRUE,16,"crossed",8,0.2,0.05,"stochastic","precomputed_exact_table","iid",202912800,202912842,100,25000,"budget_exhausted","budget-exhausted",TRUE,1060,1060,29,8,Inf,Inf,Inf,Inf,FALSE,0,1,1,TRUE,FALSE,TRUE,1,Inf,,1019,353,32,666,650,1420,Inf,1420,1420,0,23812,789,1060,22720,0,23780,2408.52,,
"regional-compression-exact-study-2026-08-13","production",TRUE,16,"crossed",9,0.01,0.05,"exact","precomputed_exact_table","exact",202912900,202912911,,25000,"certified","bounds-met",TRUE,226,226,374,374,374,0,374,0,TRUE,0.99018457345153,0.00981542654846979,0.00981542654846997,TRUE,TRUE,TRUE,0.00981542654846979,0.0098639154010453,0.00374830126617315,75,75,32,0,0,,,,,0,258,176,226,0,0,226,95.95,,
"regional-compression-exact-study-2026-08-13","production",TRUE,16,"crossed",9,0.01,0.05,"stochastic","precomputed_exact_table","iid",202912900,202912912,100,25000,"frontier_exhausted","tolerance-not-met",TRUE,1093,1093,374,8,8019,8011,8019,7645,FALSE,1,-2.22044604925031e-16,0,TRUE,TRUE,TRUE,-2.22044604925031e-16,-2.22044604925031e-16,2.22044604925031e-16,1093,364,32,729,729,4993,Inf,,,0,1125,753,1093,0,0,1093,3269.75,,
"regional-compression-exact-study-2026-08-13","production",TRUE,16,"crossed",9,0.05,0.05,"exact","precomputed_exact_table","exact",202912900,202912921,,25000,"certified","bounds-met",TRUE,136,136,160,160,160,0,160,0,TRUE,0.952654422016487,0.0473455779835135,0.0473455779835137,TRUE,TRUE,TRUE,0.0473455779835135,0.048503062269816,0.013218223166036,45,45,32,0,0,,,,,0,168,116,136,0,0,136,30.0099999999998,,
"regional-compression-exact-study-2026-08-13","production",TRUE,16,"crossed",9,0.05,0.05,"stochastic","precomputed_exact_table","iid",202912900,202912922,100,25000,"frontier_exhausted","tolerance-not-met",TRUE,1093,1093,160,8,8019,8011,8019,7859,FALSE,1,-2.22044604925031e-16,0,TRUE,TRUE,TRUE,-2.22044604925031e-16,-2.22044604925031e-16,2.22044604925031e-16,1093,364,32,729,729,4993,Inf,,,0,1125,753,1093,0,0,1093,2690.24,,
"regional-compression-exact-study-2026-08-13","production",TRUE,16,"crossed",9,0.1,0.05,"exact","precomputed_exact_table","exact",202912900,202912931,,25000,"certified","bounds-met",TRUE,97,97,89,89,89,0,89,0,TRUE,0.901239047917524,0.0987609520824764,0.098760952082476,TRUE,TRUE,TRUE,0.0987609520824764,0.103984742559425,0.0202755818636897,32,32,32,0,0,,,,,0,129,90,97,0,0,97,20.4400000000005,,
"regional-compression-exact-study-2026-08-13","production",TRUE,16,"crossed",9,0.1,0.05,"stochastic","precomputed_exact_table","iid",202912900,202912932,100,25000,"frontier_exhausted","tolerance-not-met",TRUE,1093,1093,89,8,8019,8011,8019,7930,FALSE,1,-2.22044604925031e-16,0,TRUE,TRUE,TRUE,-2.22044604925031e-16,-2.22044604925031e-16,2.22044604925031e-16,1093,364,32,729,729,4993,Inf,,,0,1125,753,1093,0,0,1093,2710.14,,
"regional-compression-exact-study-2026-08-13","production",TRUE,16,"crossed",9,0.2,0.05,"exact","precomputed_exact_table","exact",202912900,202912941,,25000,"certified","bounds-met",TRUE,58,58,48,48,48,0,48,0,TRUE,0.817074517016725,0.182925482983275,0.182925482983274,TRUE,TRUE,TRUE,0.182925482983275,0.202024980182533,0.070448744167573,19,19,32,0,0,,,,,0,90,64,58,0,0,58,13.8600000000006,,
"regional-compression-exact-study-2026-08-13","production",TRUE,16,"crossed",9,0.2,0.05,"stochastic","precomputed_exact_table","iid",202912900,202912942,100,25000,"frontier_exhausted","tolerance-not-met",TRUE,1093,1093,48,8,8019,8011,8019,7971,FALSE,1,-2.22044604925031e-16,0,TRUE,TRUE,TRUE,-2.22044604925031e-16,-2.22044604925031e-16,2.22044604925031e-16,1093,364,32,729,729,4993,Inf,,,0,1125,753,1093,0,0,1093,2845.95,,
"regional-compression-exact-study-2026-08-13","production",TRUE,16,"crossed",10,0.01,0.05,"exact","precomputed_exact_table","exact",202913000,202913011,,25000,"certified","bounds-met",TRUE,289,289,507,507,507,0,507,0,TRUE,0.990069807004014,0.00993019299598641,0.00993019299599123,TRUE,TRUE,TRUE,0.00993019299598641,0.00997982621409824,0.00388180578113313,96,96,32,0,0,,,,,0,321,218,289,0,0,289,114.25,,
"regional-compression-exact-study-2026-08-13","production",TRUE,16,"crossed",10,0.01,0.05,"stochastic","precomputed_exact_table","iid",202913000,202913012,100,25000,"budget_exhausted","budget-exhausted",TRUE,985,985,507,9,Inf,Inf,Inf,Inf,FALSE,0,1,1,TRUE,FALSE,TRUE,1,Inf,,905,328,32,577,554,506,Inf,506,1989,0,23211,811,985,22194,0,23179,2286.08,,
"regional-compression-exact-study-2026-08-13","production",TRUE,16,"crossed",10,0.05,0.05,"exact","precomputed_exact_table","exact",202913000,202913021,,25000,"certified","bounds-met",TRUE,169,169,199,199,199,0,199,0,TRUE,0.950786346964989,0.0492136530350108,0.0492136530350156,TRUE,TRUE,TRUE,0.0492136530350108,0.0504659031227676,0.0212301030227725,56,56,32,0,0,,,,,0,201,138,169,0,0,169,38.0599999999999,,
"regional-compression-exact-study-2026-08-13","production",TRUE,16,"crossed",10,0.05,0.05,"stochastic","precomputed_exact_table","iid",202913000,202913022,100,25000,"budget_exhausted","budget-exhausted",TRUE,985,985,199,9,Inf,Inf,Inf,Inf,FALSE,0,1,1,TRUE,FALSE,TRUE,1,Inf,,905,328,32,577,554,506,Inf,506,1989,0,23211,802,985,22194,0,23179,1916.43,,
"regional-compression-exact-study-2026-08-13","production",TRUE,16,"crossed",10,0.1,0.05,"exact","precomputed_exact_table","exact",202913000,202913031,,25000,"certified","bounds-met",TRUE,115,115,121,121,121,0,121,0,TRUE,0.903146365782427,0.0968536342175733,0.0968536342175775,TRUE,TRUE,TRUE,0.0968536342175733,0.101870650347417,0.0285522118420936,38,38,32,0,0,,,,,0,147,102,115,0,0,115,22.0900000000001,,
"regional-compression-exact-study-2026-08-13","production",TRUE,16,"crossed",10,0.1,0.05,"stochastic","precomputed_exact_table","iid",202913000,202913032,100,25000,"budget_exhausted","budget-exhausted",TRUE,985,985,121,9,Inf,Inf,Inf,Inf,FALSE,0,1,1,TRUE,FALSE,TRUE,1,Inf,,905,328,32,577,554,506,Inf,506,1989,0,23211,808,985,22194,0,23179,1786.38,,
"regional-compression-exact-study-2026-08-13","production",TRUE,16,"crossed",10,0.2,0.05,"exact","precomputed_exact_table","exact",202913000,202913041,,25000,"certified","bounds-met",TRUE,94,94,59,59,59,0,59,0,TRUE,0.8065198013808,0.1934801986192,0.193480198619203,TRUE,TRUE,TRUE,0.1934801986192,0.215026829479217,0.0671513655808007,31,31,32,0,0,,,,,0,126,88,94,0,0,94,17.7799999999997,,
"regional-compression-exact-study-2026-08-13","production",TRUE,16,"crossed",10,0.2,0.05,"stochastic","precomputed_exact_table","iid",202913000,202913042,100,25000,"budget_exhausted","budget-exhausted",TRUE,985,985,59,9,Inf,Inf,Inf,Inf,FALSE,0,1,1,TRUE,FALSE,TRUE,1,Inf,,905,328,32,577,554,506,Inf,506,1989,0,23211,800,985,22194,0,23179,1838.56,,
"regional-compression-exact-study-2026-08-13","production",TRUE,16,"crossed",11,0.01,0.05,"exact","precomputed_exact_table","exact",202913100,202913111,,25000,"certified","bounds-met",TRUE,196,196,401,401,401,0,401,0,TRUE,0.990022734139812,0.00997726586018777,0.0099772658601877,TRUE,TRUE,TRUE,0.00997726586018777,0.0100273723395768,0.00377373843532837,65,65,32,0,0,,,,,0,228,156,196,0,0,196,72.27,,
"regional-compression-exact-study-2026-08-13","production",TRUE,16,"crossed",11,0.01,0.05,"stochastic","precomputed_exact_table","iid",202913100,202913112,100,25000,"budget_exhausted","budget-exhausted",TRUE,1069,1069,401,9,Inf,Inf,Inf,Inf,FALSE,0,1,1,TRUE,FALSE,TRUE,1,Inf,,1052,356,32,696,672,966,Inf,966,966,0,24285,820,1069,23184,0,24253,2997.85,,
"regional-compression-exact-study-2026-08-13","production",TRUE,16,"crossed",11,0.05,0.05,"exact","precomputed_exact_table","exact",202913100,202913121,,25000,"certified","bounds-met",TRUE,82,82,162,162,162,0,162,0,TRUE,0.951710469145525,0.0482895308544745,0.0482895308544748,TRUE,TRUE,TRUE,0.0482895308544745,0.0494944194962076,0.0140547577774199,27,27,32,0,0,,,,,0,114,80,82,0,0,82,15.54,,
"regional-compression-exact-study-2026-08-13","production",TRUE,16,"crossed",11,0.05,0.05,"stochastic","precomputed_exact_table","iid",202913100,202913122,100,25000,"budget_exhausted","budget-exhausted",TRUE,1069,1069,162,9,Inf,Inf,Inf,Inf,FALSE,0,1,1,TRUE,FALSE,TRUE,1,Inf,,1052,356,32,696,672,966,Inf,966,966,0,24285,823,1069,23184,0,24253,2515.94,,
"regional-compression-exact-study-2026-08-13","production",TRUE,16,"crossed",11,0.1,0.05,"exact","precomputed_exact_table","exact",202913100,202913131,,25000,"certified","bounds-met",TRUE,88,88,116,116,116,0,116,0,TRUE,0.90423832621641,0.09576167378359,0.0957616737835904,TRUE,TRUE,TRUE,0.09576167378359,0.100662318140468,0.024672988624553,29,29,32,0,0,,,,,0,120,84,88,0,0,88,16.3599999999997,,
"regional-compression-exact-study-2026-08-13","production",TRUE,16,"crossed",11,0.1,0.05,"stochastic","precomputed_exact_table","iid",202913100,202913132,100,25000,"budget_exhausted","budget-exhausted",TRUE,1069,1069,116,9,Inf,Inf,Inf,Inf,FALSE,0,1,1,TRUE,FALSE,TRUE,1,Inf,,1052,356,32,696,672,966,Inf,966,966,0,24285,816,1069,23184,0,24253,2477.38,,
"regional-compression-exact-study-2026-08-13","production",TRUE,16,"crossed",11,0.2,0.05,"exact","precomputed_exact_table","exact",202913100,202913141,,25000,"certified","bounds-met",TRUE,49,49,42,42,42,0,42,0,TRUE,0.804449957500774,0.195550042499226,0.195550042499226,TRUE,TRUE,TRUE,0.195550042499226,0.21759651771526,0.084181503188354,16,16,32,0,0,,,,,0,81,58,49,0,0,49,7.21999999999935,,
"regional-compression-exact-study-2026-08-13","production",TRUE,16,"crossed",11,0.2,0.05,"stochastic","precomputed_exact_table","iid",202913100,202913142,100,25000,"budget_exhausted","budget-exhausted",TRUE,1069,1069,42,9,Inf,Inf,Inf,Inf,FALSE,0,1,1,TRUE,FALSE,TRUE,1,Inf,,1052,356,32,696,672,966,Inf,966,966,0,24285,824,1069,23184,0,24253,2519.5,,
"regional-compression-exact-study-2026-08-13","production",TRUE,16,"crossed",12,0.01,0.05,"exact","precomputed_exact_table","exact",202913200,202913211,,25000,"certified","bounds-met",TRUE,139,139,199,199,199,0,199,0,TRUE,0.990164661619067,0.00983533838093265,0.00983533838093086,TRUE,TRUE,TRUE,0.00983533838093265,0.00988402481620391,0.00292893879849748,46,46,32,0,0,,,,,0,171,118,139,0,0,139,55.83,,
"regional-compression-exact-study-2026-08-13","production",TRUE,16,"crossed",12,0.01,0.05,"stochastic","precomputed_exact_table","iid",202913200,202913212,100,25000,"frontier_exhausted","tolerance-not-met",TRUE,1093,1093,199,10,8019,8009,8019,7820,FALSE,0.999999999999998,1.88737914186277e-15,0,TRUE,TRUE,TRUE,1.88737914186277e-15,1.88737914186277e-15,1.88737914186277e-15,1093,364,32,729,698,564,Inf,564,564,0,18609,860,1093,17484,0,18577,3191.42,,
"regional-compression-exact-study-2026-08-13","production",TRUE,16,"crossed",12,0.05,0.05,"exact","precomputed_exact_table","exact",202913200,202913221,,25000,"certified","bounds-met",TRUE,70,70,73,73,73,0,73,0,TRUE,0.954928260255777,0.0450717397442233,0.0450717397442214,TRUE,TRUE,TRUE,0.0450717397442233,0.0461190614740858,0.0173602375836049,23,23,32,0,0,,,,,0,102,72,70,0,0,70,12.5,,
"regional-compression-exact-study-2026-08-13","production",TRUE,16,"crossed",12,0.05,0.05,"stochastic","precomputed_exact_table","iid",202913200,202913222,100,25000,"frontier_exhausted","tolerance-not-met",TRUE,1093,1093,73,10,8019,8009,8019,7946,FALSE,0.999999999999998,1.88737914186277e-15,0,TRUE,TRUE,TRUE,1.88737914186277e-15,1.88737914186277e-15,1.88737914186277e-15,1093,364,32,729,698,564,Inf,564,564,0,18609,855,1093,17484,0,18577,2737.38,,
"regional-compression-exact-study-2026-08-13","production",TRUE,16,"crossed",12,0.1,0.05,"exact","precomputed_exact_table","exact",202913200,202913231,,25000,"certified","bounds-met",TRUE,40,40,42,42,42,0,42,0,TRUE,0.910084313862853,0.089915686137147,0.0899156861371437,TRUE,TRUE,TRUE,0.089915686137147,0.0942180311666862,0.0191666732385556,13,13,32,0,0,,,,,0,72,52,40,0,0,40,7.30999999999949,,
"regional-compression-exact-study-2026-08-13","production",TRUE,16,"crossed",12,0.1,0.05,"stochastic","precomputed_exact_table","iid",202913200,202913232,100,25000,"frontier_exhausted","tolerance-not-met",TRUE,1093,1093,42,10,8019,8009,8019,7977,FALSE,0.999999999999998,1.88737914186277e-15,0,TRUE,TRUE,TRUE,1.88737914186277e-15,1.88737914186277e-15,1.88737914186277e-15,1093,364,32,729,698,564,Inf,564,564,0,18609,859,1093,17484,0,18577,2821.98,,
"regional-compression-exact-study-2026-08-13","production",TRUE,16,"crossed",12,0.2,0.05,"exact","precomputed_exact_table","exact",202913200,202913241,,25000,"certified","bounds-met",TRUE,28,28,20,20,20,0,20,0,TRUE,0.825534357311594,0.174465642688406,0.174465642688405,TRUE,TRUE,TRUE,0.174465642688406,0.191724396486112,0.0538352677486045,9,9,32,0,0,,,,,0,60,44,28,0,0,28,5.58999999999833,,
"regional-compression-exact-study-2026-08-13","production",TRUE,16,"crossed",12,0.2,0.05,"stochastic","precomputed_exact_table","iid",202913200,202913242,100,25000,"frontier_exhausted","tolerance-not-met",TRUE,1093,1093,20,10,8019,8009,8019,7999,FALSE,0.999999999999998,1.88737914186277e-15,0,TRUE,TRUE,TRUE,1.88737914186277e-15,1.88737914186277e-15,1.88737914186277e-15,1093,364,32,729,698,564,Inf,564,564,0,18609,856,1093,17484,0,18577,2954.11,,
"regional-compression-exact-study-2026-08-13","production",TRUE,16,"crossed",13,0.01,0.05,"exact","precomputed_exact_table","exact",202913300,202913311,,25000,"certified","bounds-met",TRUE,250,250,406,406,406,0,406,0,TRUE,0.990078356510766,0.00992164348923397,0.00992164348922925,TRUE,TRUE,TRUE,0.00992164348923397,0.00997119099486563,0.00365813534890641,83,83,32,0,0,,,,,0,282,192,250,0,0,250,116.63,,
"regional-compression-exact-study-2026-08-13","production",TRUE,16,"crossed",13,0.01,0.05,"stochastic","precomputed_exact_table","iid",202913300,202913312,100,25000,"frontier_exhausted","tolerance-not-met",TRUE,1093,1093,406,9,8019,8010,8019,7613,FALSE,0.999999999999995,4.77395900588817e-15,0,TRUE,TRUE,TRUE,4.77395900588817e-15,4.77395900588818e-15,4.66293670342566e-15,1093,364,32,729,698,419,Inf,419,419,0,14114,849,1093,12989,0,14082,3192.22,,
"regional-compression-exact-study-2026-08-13","production",TRUE,16,"crossed",13,0.05,0.05,"exact","precomputed_exact_table","exact",202913300,202913321,,25000,"certified","bounds-met",TRUE,148,148,151,151,151,0,151,0,TRUE,0.950402295247402,0.0495977047525978,0.0495977047525933,TRUE,TRUE,TRUE,0.0495977047525978,0.0508699153436318,0.0195693432371684,49,49,32,0,0,,,,,0,180,124,148,0,0,148,27.6799999999998,,
"regional-compression-exact-study-2026-08-13","production",TRUE,16,"crossed",13,0.05,0.05,"stochastic","precomputed_exact_table","iid",202913300,202913322,100,25000,"frontier_exhausted","tolerance-not-met",TRUE,1093,1093,151,9,8019,8010,8019,7868,FALSE,0.999999999999995,4.77395900588817e-15,0,TRUE,TRUE,TRUE,4.77395900588817e-15,4.77395900588818e-15,4.66293670342566e-15,1093,364,32,729,698,419,Inf,419,419,0,14114,850,1093,12989,0,14082,2747.08,,
"regional-compression-exact-study-2026-08-13","production",TRUE,16,"crossed",13,0.1,0.05,"exact","precomputed_exact_table","exact",202913300,202913331,,25000,"certified","bounds-met",TRUE,97,97,90,90,90,0,90,0,TRUE,0.904401697684133,0.095598302315867,0.0955983023158638,TRUE,TRUE,TRUE,0.095598302315867,0.100481661441503,0.0224183409950147,32,32,32,0,0,,,,,0,129,90,97,0,0,97,19.0299999999997,,
"regional-compression-exact-study-2026-08-13","production",TRUE,16,"crossed",13,0.1,0.05,"stochastic","precomputed_exact_table","iid",202913300,202913332,100,25000,"frontier_exhausted","tolerance-not-met",TRUE,1093,1093,90,9,8019,8010,8019,7929,FALSE,0.999999999999995,4.77395900588817e-15,0,TRUE,TRUE,TRUE,4.77395900588817e-15,4.77395900588818e-15,4.66293670342566e-15,1093,364,32,729,698,419,Inf,419,419,0,14114,855,1093,12989,0,14082,2763.5,,
"regional-compression-exact-study-2026-08-13","production",TRUE,16,"crossed",13,0.2,0.05,"exact","precomputed_exact_table","exact",202913300,202913341,,25000,"certified","bounds-met",TRUE,49,49,40,40,40,0,40,0,TRUE,0.810420532309617,0.189579467690383,0.189579467690378,TRUE,TRUE,TRUE,0.189579467690383,0.210201990349838,0.0599021955998479,16,16,32,0,0,,,,,0,81,58,49,0,0,49,7.92000000000007,,
"regional-compression-exact-study-2026-08-13","production",TRUE,16,"crossed",13,0.2,0.05,"stochastic","precomputed_exact_table","iid",202913300,202913342,100,25000,"frontier_exhausted","tolerance-not-met",TRUE,1093,1093,40,9,8019,8010,8019,7979,FALSE,0.999999999999995,4.77395900588817e-15,0,TRUE,TRUE,TRUE,4.77395900588817e-15,4.77395900588818e-15,4.66293670342566e-15,1093,364,32,729,698,419,Inf,419,419,0,14114,858,1093,12989,0,14082,2957.51,,
"regional-compression-exact-study-2026-08-13","production",TRUE,16,"crossed",14,0.01,0.05,"exact","precomputed_exact_table","exact",202913400,202913411,,25000,"certified","bounds-met",TRUE,175,175,283,283,283,0,283,0,TRUE,0.990188333235009,0.00981166676499146,0.00981166676498756,TRUE,TRUE,TRUE,0.00981166676499146,0.00986011835507922,0.0026803038272388,58,58,32,0,0,,,,,0,207,142,175,0,0,175,82.14,,
"regional-compression-exact-study-2026-08-13","production",TRUE,16,"crossed",14,0.01,0.05,"stochastic","precomputed_exact_table","iid",202913400,202913412,100,25000,"budget_exhausted","budget-exhausted",TRUE,1045,1045,283,9,Inf,Inf,Inf,Inf,FALSE,0,1,1,TRUE,FALSE,TRUE,1,Inf,,1013,348,32,665,642,454,Inf,454,1947,0,23463,824,1045,22386,0,23431,2527.83,,
"regional-compression-exact-study-2026-08-13","production",TRUE,16,"crossed",14,0.05,0.05,"exact","precomputed_exact_table","exact",202913400,202913421,,25000,"certified","bounds-met",TRUE,109,109,125,125,125,0,125,0,TRUE,0.951613589258414,0.048386410741586,0.0483864107415828,TRUE,TRUE,TRUE,0.048386410741586,0.0495962202240105,0.0176708152300361,36,36,32,0,0,,,,,0,141,98,109,0,0,109,22.2800000000002,,
"regional-compression-exact-study-2026-08-13","production",TRUE,16,"crossed",14,0.05,0.05,"stochastic","precomputed_exact_table","iid",202913400,202913422,100,25000,"budget_exhausted","budget-exhausted",TRUE,1045,1045,125,9,Inf,Inf,Inf,Inf,FALSE,0,1,1,TRUE,FALSE,TRUE,1,Inf,,1013,348,32,665,642,454,Inf,454,1947,0,23463,822,1045,22386,0,23431,2243.69,,
"regional-compression-exact-study-2026-08-13","production",TRUE,16,"crossed",14,0.1,0.05,"exact","precomputed_exact_table","exact",202913400,202913431,,25000,"certified","bounds-met",TRUE,58,58,73,73,73,0,73,0,TRUE,0.903152360967406,0.0968476390325939,0.0968476390325897,TRUE,TRUE,TRUE,0.0968476390325939,0.101864012259386,0.0223249517793627,19,19,32,0,0,,,,,0,90,64,58,0,0,58,10.9700000000003,,
"regional-compression-exact-study-2026-08-13","production",TRUE,16,"crossed",14,0.1,0.05,"stochastic","precomputed_exact_table","iid",202913400,202913432,100,25000,"budget_exhausted","budget-exhausted",TRUE,1045,1045,73,9,Inf,Inf,Inf,Inf,FALSE,0,1,1,TRUE,FALSE,TRUE,1,Inf,,1013,348,32,665,642,454,Inf,454,1947,0,23463,824,1045,22386,0,23431,2243,,
"regional-compression-exact-study-2026-08-13","production",TRUE,16,"crossed",14,0.2,0.05,"exact","precomputed_exact_table","exact",202913400,202913441,,25000,"certified","bounds-met",TRUE,43,43,40,40,40,0,40,0,TRUE,0.837291659355766,0.162708340644234,0.162708340644229,TRUE,TRUE,TRUE,0.162708340644234,0.177582811178386,0.024719232391627,14,14,32,0,0,,,,,0,75,54,43,0,0,43,6.32999999999993,,
"regional-compression-exact-study-2026-08-13","production",TRUE,16,"crossed",14,0.2,0.05,"stochastic","precomputed_exact_table","iid",202913400,202913442,100,25000,"budget_exhausted","budget-exhausted",TRUE,1045,1045,40,9,Inf,Inf,Inf,Inf,FALSE,0,1,1,TRUE,FALSE,TRUE,1,Inf,,1013,348,32,665,642,454,Inf,454,1947,0,23463,825,1045,22386,0,23431,2299.47,,
"regional-compression-exact-study-2026-08-13","production",TRUE,16,"crossed",15,0.01,0.05,"exact","precomputed_exact_table","exact",202913500,202913511,,25000,"certified","bounds-met",TRUE,202,202,296,296,296,0,296,0,TRUE,0.99002651202753,0.00997348797246977,0.00997348797247252,TRUE,TRUE,TRUE,0.00997348797246977,0.0100235563862865,0.00424203379836018,67,67,32,0,0,,,,,0,234,160,202,0,0,202,80.07,,
"regional-compression-exact-study-2026-08-13","production",TRUE,16,"crossed",15,0.01,0.05,"stochastic","precomputed_exact_table","iid",202913500,202913512,100,25000,"frontier_exhausted","tolerance-not-met",TRUE,1093,1093,296,9,8019,8010,8019,7723,FALSE,1,-2.66453525910038e-15,0,TRUE,TRUE,TRUE,-2.66453525910038e-15,-2.66453525910037e-15,2.66453525910038e-15,1093,364,32,729,729,460005,Inf,,,0,1125,753,1093,0,0,1093,2820.98,,
"regional-compression-exact-study-2026-08-13","production",TRUE,16,"crossed",15,0.05,0.05,"exact","precomputed_exact_table","exact",202913500,202913521,,25000,"certified","bounds-met",TRUE,103,103,113,113,113,0,113,0,TRUE,0.952156965645428,0.0478430343545718,0.0478430343545748,TRUE,TRUE,TRUE,0.0478430343545718,0.0490253779023137,0.0235648472123246,34,34,32,0,0,,,,,0,135,94,103,0,0,103,19.9500000000003,,
"regional-compression-exact-study-2026-08-13","production",TRUE,16,"crossed",15,0.05,0.05,"stochastic","precomputed_exact_table","iid",202913500,202913522,100,25000,"frontier_exhausted","tolerance-not-met",TRUE,1093,1093,113,9,8019,8010,8019,7906,FALSE,1,-2.66453525910038e-15,0,TRUE,TRUE,TRUE,-2.66453525910038e-15,-2.66453525910037e-15,2.66453525910038e-15,1093,364,32,729,729,460005,Inf,,,0,1125,753,1093,0,0,1093,2754.08,,
"regional-compression-exact-study-2026-08-13","production",TRUE,16,"crossed",15,0.1,0.05,"exact","precomputed_exact_table","exact",202913500,202913531,,25000,"certified","bounds-met",TRUE,79,79,62,62,62,0,62,0,TRUE,0.901329109934948,0.0986708900650519,0.0986708900650531,TRUE,TRUE,TRUE,0.0986708900650519,0.103884816221431,0.023148202244445,26,26,32,0,0,,,,,0,111,78,79,0,0,79,16.6300000000001,,
"regional-compression-exact-study-2026-08-13","production",TRUE,16,"crossed",15,0.1,0.05,"stochastic","precomputed_exact_table","iid",202913500,202913532,100,25000,"frontier_exhausted","tolerance-not-met",TRUE,1093,1093,62,9,8019,8010,8019,7957,FALSE,1,-2.66453525910038e-15,0,TRUE,TRUE,TRUE,-2.66453525910038e-15,-2.66453525910037e-15,2.66453525910038e-15,1093,364,32,729,729,460005,Inf,,,0,1125,753,1093,0,0,1093,2836.52,,
"regional-compression-exact-study-2026-08-13","production",TRUE,16,"crossed",15,0.2,0.05,"exact","precomputed_exact_table","exact",202913500,202913541,,25000,"certified","bounds-met",TRUE,43,43,31,31,31,0,31,0,TRUE,0.812382386405697,0.187617613594303,0.187617613594302,TRUE,TRUE,TRUE,0.187617613594303,0.207784130449277,0.0495249658079943,14,14,32,0,0,,,,,0,75,54,43,0,0,43,7.7400000000016,,
"regional-compression-exact-study-2026-08-13","production",TRUE,16,"crossed",15,0.2,0.05,"stochastic","precomputed_exact_table","iid",202913500,202913542,100,25000,"frontier_exhausted","tolerance-not-met",TRUE,1093,1093,31,9,8019,8010,8019,7988,FALSE,1,-2.66453525910038e-15,0,TRUE,TRUE,TRUE,-2.66453525910038e-15,-2.66453525910037e-15,2.66453525910038e-15,1093,364,32,729,729,460005,Inf,,,0,1125,753,1093,0,0,1093,3255.14,,
"regional-compression-exact-study-2026-08-13","production",TRUE,16,"crossed",16,0.01,0.05,"exact","precomputed_exact_table","exact",202913600,202913611,,25000,"certified","bounds-met",TRUE,190,190,303,303,303,0,303,0,TRUE,0.990083870958431,0.0099161290415688,0.0099161290415627,TRUE,TRUE,TRUE,0.0099161290415688,0.00996562130205089,0.00373751567915945,63,63,32,0,0,,,,,0,222,152,190,0,0,190,64.8,,
"regional-compression-exact-study-2026-08-13","production",TRUE,16,"crossed",16,0.01,0.05,"stochastic","precomputed_exact_table","iid",202913600,202913612,100,25000,"frontier_exhausted","tolerance-not-met",TRUE,1093,1093,303,9,8019,8010,8019,7716,FALSE,0.999999999999994,6.21724893790088e-15,0,TRUE,TRUE,TRUE,6.21724893790088e-15,6.2172489379009e-15,6.21724893790088e-15,1093,364,32,729,698,278,Inf,278,278,0,9743,849,1093,8618,0,9711,2773.31,,
"regional-compression-exact-study-2026-08-13","production",TRUE,16,"crossed",16,0.05,0.05,"exact","precomputed_exact_table","exact",202913600,202913621,,25000,"certified","bounds-met",TRUE,100,100,113,113,113,0,113,0,TRUE,0.95004437610768,0.0499556238923201,0.049955623892314,TRUE,TRUE,TRUE,0.0499556238923201,0.051246583786213,0.0160661602009428,33,33,32,0,0,,,,,0,132,92,100,0,0,100,23.4499999999998,,
"regional-compression-exact-study-2026-08-13","production",TRUE,16,"crossed",16,0.05,0.05,"stochastic","precomputed_exact_table","iid",202913600,202913622,100,25000,"frontier_exhausted","tolerance-not-met",TRUE,1093,1093,113,9,8019,8010,8019,7906,FALSE,0.999999999999994,6.21724893790088e-15,0,TRUE,TRUE,TRUE,6.21724893790088e-15,6.2172489379009e-15,6.21724893790088e-15,1093,364,32,729,698,278,Inf,278,278,0,9743,850,1093,8618,0,9711,3135.89,,
"regional-compression-exact-study-2026-08-13","production",TRUE,16,"crossed",16,0.1,0.05,"exact","precomputed_exact_table","exact",202913600,202913631,,25000,"certified","bounds-met",TRUE,88,88,71,71,71,0,71,0,TRUE,0.902216585387557,0.097783414612443,0.0977834146124373,TRUE,TRUE,TRUE,0.097783414612443,0.102900670905301,0.0186013146820276,29,29,32,0,0,,,,,0,120,84,88,0,0,88,20.1800000000003,,
"regional-compression-exact-study-2026-08-13","production",TRUE,16,"crossed",16,0.1,0.05,"stochastic","precomputed_exact_table","iid",202913600,202913632,100,25000,"frontier_exhausted","tolerance-not-met",TRUE,1093,1093,71,9,8019,8010,8019,7948,FALSE,0.999999999999994,6.21724893790088e-15,0,TRUE,TRUE,TRUE,6.21724893790088e-15,6.2172489379009e-15,6.21724893790088e-15,1093,364,32,729,698,278,Inf,278,278,0,9743,851,1093,8618,0,9711,3206.56,,
"regional-compression-exact-study-2026-08-13","production",TRUE,16,"crossed",16,0.2,0.05,"exact","precomputed_exact_table","exact",202913600,202913641,,25000,"certified","bounds-met",TRUE,40,40,30,30,30,0,30,0,TRUE,0.812100140298483,0.187899859701517,0.187899859701514,TRUE,TRUE,TRUE,0.187899859701517,0.208131620933679,0.0544950065788314,13,13,32,0,0,,,,,0,72,52,40,0,0,40,6.92000000000007,,
"regional-compression-exact-study-2026-08-13","production",TRUE,16,"crossed",16,0.2,0.05,"stochastic","precomputed_exact_table","iid",202913600,202913642,100,25000,"frontier_exhausted","tolerance-not-met",TRUE,1093,1093,30,9,8019,8010,8019,7989,FALSE,0.999999999999994,6.21724893790088e-15,0,TRUE,TRUE,TRUE,6.21724893790088e-15,6.2172489379009e-15,6.21724893790088e-15,1093,364,32,729,698,278,Inf,278,278,0,9743,849,1093,8618,0,9711,3256.69,,
"regional-compression-exact-study-2026-08-13","production",TRUE,16,"crossed",17,0.01,0.05,"exact","precomputed_exact_table","exact",202913700,202913711,,25000,"certified","bounds-met",TRUE,181,181,241,241,241,0,241,0,TRUE,0.990076206550569,0.00992379344943117,0.00992379344943384,TRUE,TRUE,TRUE,0.00992379344943117,0.00997336250231996,0.00358365731777444,60,60,32,0,0,,,,,0,213,146,181,0,0,181,65.34,,
"regional-compression-exact-study-2026-08-13","production",TRUE,16,"crossed",17,0.01,0.05,"stochastic","precomputed_exact_table","iid",202913700,202913712,100,25000,"budget_exhausted","budget-exhausted",TRUE,1051,1051,241,9,Inf,Inf,Inf,Inf,FALSE,0,1,1,TRUE,FALSE,TRUE,1,Inf,,1021,350,32,671,644,479,Inf,479,1503,0,24256,846,1051,23173,0,24224,2391.44,,
"regional-compression-exact-study-2026-08-13","production",TRUE,16,"crossed",17,0.05,0.05,"exact","precomputed_exact_table","exact",202913700,202913721,,25000,"certified","bounds-met",TRUE,100,100,103,103,103,0,103,0,TRUE,0.950132703146261,0.0498672968537393,0.0498672968537414,TRUE,TRUE,TRUE,0.0498672968537393,0.0511536166205643,0.0129199965521309,33,33,32,0,0,,,,,0,132,92,100,0,0,100,20.8399999999997,,
"regional-compression-exact-study-2026-08-13","production",TRUE,16,"crossed",17,0.05,0.05,"stochastic","precomputed_exact_table","iid",202913700,202913722,100,25000,"budget_exhausted","budget-exhausted",TRUE,1051,1051,103,9,Inf,Inf,Inf,Inf,FALSE,0,1,1,TRUE,FALSE,TRUE,1,Inf,,1021,350,32,671,644,479,Inf,479,1503,0,24256,839,1051,23173,0,24224,2538.7,,
"regional-compression-exact-study-2026-08-13","production",TRUE,16,"crossed",17,0.1,0.05,"exact","precomputed_exact_table","exact",202913700,202913731,,25000,"certified","bounds-met",TRUE,82,82,61,61,61,0,61,0,TRUE,0.901588756852104,0.0984112431478964,0.0984112431478982,TRUE,TRUE,TRUE,0.0984112431478964,0.103596786551601,0.0238253952706099,27,27,32,0,0,,,,,0,114,80,82,0,0,82,16.1199999999999,,
"regional-compression-exact-study-2026-08-13","production",TRUE,16,"crossed",17,0.1,0.05,"stochastic","precomputed_exact_table","iid",202913700,202913732,100,25000,"budget_exhausted","budget-exhausted",TRUE,1051,1051,61,9,Inf,Inf,Inf,Inf,FALSE,0,1,1,TRUE,FALSE,TRUE,1,Inf,,1021,350,32,671,644,479,Inf,479,1503,0,24256,846,1051,23173,0,24224,2665.48,,
"regional-compression-exact-study-2026-08-13","production",TRUE,16,"crossed",17,0.2,0.05,"exact","precomputed_exact_table","exact",202913700,202913741,,25000,"certified","bounds-met",TRUE,25,25,20,20,20,0,20,0,TRUE,0.803989842427752,0.196010157572248,0.19601015757225,TRUE,TRUE,TRUE,0.196010157572248,0.218168643679306,0.0699920835714833,8,8,32,0,0,,,,,0,57,42,25,0,0,25,4.10999999999967,,
"regional-compression-exact-study-2026-08-13","production",TRUE,16,"crossed",17,0.2,0.05,"stochastic","precomputed_exact_table","iid",202913700,202913742,100,25000,"budget_exhausted","budget-exhausted",TRUE,1051,1051,20,9,Inf,Inf,Inf,Inf,FALSE,0,1,1,TRUE,FALSE,TRUE,1,Inf,,1021,350,32,671,644,479,Inf,479,1503,0,24256,840,1051,23173,0,24224,2703.08,,
"regional-compression-exact-study-2026-08-13","production",TRUE,16,"crossed",18,0.01,0.05,"exact","precomputed_exact_table","exact",202913800,202913811,,25000,"certified","bounds-met",TRUE,181,181,305,305,305,0,305,0,TRUE,0.99011903690914,0.00988096309086028,0.00988096309086598,TRUE,TRUE,TRUE,0.00988096309086028,0.0099301037795056,0.00322795270652917,60,60,32,0,0,,,,,0,213,146,181,0,0,181,71.14,,
"regional-compression-exact-study-2026-08-13","production",TRUE,16,"crossed",18,0.01,0.05,"stochastic","precomputed_exact_table","iid",202913800,202913812,100,25000,"frontier_exhausted","tolerance-not-met",TRUE,1093,1093,305,9,8019,8010,8019,7714,FALSE,1.00000000000001,-5.77315972805081e-15,0,TRUE,TRUE,TRUE,-5.77315972805081e-15,-5.7731597280508e-15,5.77315972805081e-15,1093,364,32,729,729,9486,Inf,,,0,1125,753,1093,0,0,1093,2921.08,,
"regional-compression-exact-study-2026-08-13","production",TRUE,16,"crossed",18,0.05,0.05,"exact","precomputed_exact_table","exact",202913800,202913821,,25000,"certified","bounds-met",TRUE,88,88,114,114,114,0,114,0,TRUE,0.954366820200163,0.0456331797998373,0.0456331797998427,TRUE,TRUE,TRUE,0.0456331797998373,0.0467071738905933,0.0171160771561725,29,29,32,0,0,,,,,0,120,84,88,0,0,88,27.29,,
"regional-compression-exact-study-2026-08-13","production",TRUE,16,"crossed",18,0.05,0.05,"stochastic","precomputed_exact_table","iid",202913800,202913822,100,25000,"frontier_exhausted","tolerance-not-met",TRUE,1093,1093,114,9,8019,8010,8019,7905,FALSE,1.00000000000001,-5.77315972805081e-15,0,TRUE,TRUE,TRUE,-5.77315972805081e-15,-5.7731597280508e-15,5.77315972805081e-15,1093,364,32,729,729,9486,Inf,,,0,1125,753,1093,0,0,1093,3172.03,,
"regional-compression-exact-study-2026-08-13","production",TRUE,16,"crossed",18,0.1,0.05,"exact","precomputed_exact_table","exact",202913800,202913831,,25000,"certified","bounds-met",TRUE,49,49,63,63,63,0,63,0,TRUE,0.901112583218322,0.0988874167816779,0.098887416781684,TRUE,TRUE,TRUE,0.0988874167816779,0.104125075552415,0.0293981180570891,16,16,32,0,0,,,,,0,81,58,49,0,0,49,14.1599999999999,,
"regional-compression-exact-study-2026-08-13","production",TRUE,16,"crossed",18,0.1,0.05,"stochastic","precomputed_exact_table","iid",202913800,202913832,100,25000,"frontier_exhausted","tolerance-not-met",TRUE,1093,1093,63,9,8019,8010,8019,7956,FALSE,1.00000000000001,-5.77315972805081e-15,0,TRUE,TRUE,TRUE,-5.77315972805081e-15,-5.7731597280508e-15,5.77315972805081e-15,1093,364,32,729,729,9486,Inf,,,0,1125,753,1093,0,0,1093,3326.94,,
"regional-compression-exact-study-2026-08-13","production",TRUE,16,"crossed",18,0.2,0.05,"exact","precomputed_exact_table","exact",202913800,202913841,,25000,"certified","bounds-met",TRUE,85,85,39,39,39,0,39,0,TRUE,0.801224848191108,0.198775151808892,0.198775151808897,TRUE,TRUE,TRUE,0.198775151808892,0.221613661953082,0.0441457453424001,28,28,32,0,0,,,,,0,117,82,85,0,0,85,17.2300000000014,,
"regional-compression-exact-study-2026-08-13","production",TRUE,16,"crossed",18,0.2,0.05,"stochastic","precomputed_exact_table","iid",202913800,202913842,100,25000,"frontier_exhausted","tolerance-not-met",TRUE,1093,1093,39,9,8019,8010,8019,7980,FALSE,1.00000000000001,-5.77315972805081e-15,0,TRUE,TRUE,TRUE,-5.77315972805081e-15,-5.7731597280508e-15,5.77315972805081e-15,1093,364,32,729,729,9486,Inf,,,0,1125,753,1093,0,0,1093,2958.39,,
"regional-compression-exact-study-2026-08-13","production",TRUE,16,"crossed",19,0.01,0.05,"exact","precomputed_exact_table","exact",202913900,202913911,,25000,"certified","bounds-met",TRUE,262,262,469,469,469,0,469,0,TRUE,0.990010068943214,0.00998993105678647,0.00998993105678769,TRUE,TRUE,TRUE,0.00998993105678647,0.0100401652555115,0.00340377860143541,87,87,32,0,0,,,,,0,294,200,262,0,0,262,96.11,,
"regional-compression-exact-study-2026-08-13","production",TRUE,16,"crossed",19,0.01,0.05,"stochastic","precomputed_exact_table","iid",202913900,202913912,100,25000,"frontier_exhausted","tolerance-not-met",TRUE,1093,1093,469,9,8019,8010,8019,7550,FALSE,1,-1.33226762955019e-15,0,TRUE,TRUE,TRUE,-1.33226762955019e-15,-1.33226762955019e-15,1.33226762955019e-15,1093,364,32,729,698,3,Inf,100,100,0,4225,864,1093,3100,0,4193,2973.87,,
"regional-compression-exact-study-2026-08-13","production",TRUE,16,"crossed",19,0.05,0.05,"exact","precomputed_exact_table","exact",202913900,202913921,,25000,"certified","bounds-met",TRUE,133,133,163,163,163,0,163,0,TRUE,0.950732575938895,0.049267424061105,0.0492674240611063,TRUE,TRUE,TRUE,0.049267424061105,0.0505224589902489,0.0186464667810885,44,44,32,0,0,,,,,0,165,114,133,0,0,133,32.2000000000003,,
"regional-compression-exact-study-2026-08-13","production",TRUE,16,"crossed",19,0.05,0.05,"stochastic","precomputed_exact_table","iid",202913900,202913922,100,25000,"frontier_exhausted","tolerance-not-met",TRUE,1093,1093,163,9,8019,8010,8019,7856,FALSE,1,-1.33226762955019e-15,0,TRUE,TRUE,TRUE,-1.33226762955019e-15,-1.33226762955019e-15,1.33226762955019e-15,1093,364,32,729,698,3,Inf,100,100,0,4225,860,1093,3100,0,4193,3114.44,,
"regional-compression-exact-study-2026-08-13","production",TRUE,16,"crossed",19,0.1,0.05,"exact","precomputed_exact_table","exact",202913900,202913931,,25000,"certified","bounds-met",TRUE,103,103,101,101,101,0,101,0,TRUE,0.900741924624061,0.0992580753759394,0.0992580753759404,TRUE,TRUE,TRUE,0.0992580753759394,0.10453649456308,0.0304478075261335,34,34,32,0,0,,,,,0,135,94,103,0,0,103,23.6100000000006,,
"regional-compression-exact-study-2026-08-13","production",TRUE,16,"crossed",19,0.1,0.05,"stochastic","precomputed_exact_table","iid",202913900,202913932,100,25000,"frontier_exhausted","tolerance-not-met",TRUE,1093,1093,101,9,8019,8010,8019,7918,FALSE,1,-1.33226762955019e-15,0,TRUE,TRUE,TRUE,-1.33226762955019e-15,-1.33226762955019e-15,1.33226762955019e-15,1093,364,32,729,698,3,Inf,100,100,0,4225,862,1093,3100,0,4193,3198.13,,
"regional-compression-exact-study-2026-08-13","production",TRUE,16,"crossed",19,0.2,0.05,"exact","precomputed_exact_table","exact",202913900,202913941,,25000,"certified","bounds-met",TRUE,61,61,50,50,50,0,50,0,TRUE,0.800051270815143,0.199948729184857,0.199948729184856,TRUE,TRUE,TRUE,0.199948729184857,0.223079464848862,0.0585326926031128,20,20,32,0,0,,,,,0,93,66,61,0,0,61,13.2600000000002,,
"regional-compression-exact-study-2026-08-13","production",TRUE,16,"crossed",19,0.2,0.05,"stochastic","precomputed_exact_table","iid",202913900,202913942,100,25000,"frontier_exhausted","tolerance-not-met",TRUE,1093,1093,50,9,8019,8010,8019,7969,FALSE,1,-1.33226762955019e-15,0,TRUE,TRUE,TRUE,-1.33226762955019e-15,-1.33226762955019e-15,1.33226762955019e-15,1093,364,32,729,698,3,Inf,100,100,0,4225,859,1093,3100,0,4193,2872.18,,
"regional-compression-exact-study-2026-08-13","production",TRUE,16,"crossed",20,0.01,0.05,"exact","precomputed_exact_table","exact",202914000,202914011,,25000,"certified","bounds-met",TRUE,262,262,570,570,570,0,570,0,TRUE,0.990004142847039,0.00999585715296081,0.00999585715295501,TRUE,TRUE,TRUE,0.00999585715296081,0.0100461511682783,0.00438608076959854,87,87,32,0,0,,,,,0,294,200,262,0,0,262,102.49,,
"regional-compression-exact-study-2026-08-13","production",TRUE,16,"crossed",20,0.01,0.05,"stochastic","precomputed_exact_table","iid",202914000,202914012,100,25000,"frontier_exhausted","tolerance-not-met",TRUE,1093,1093,570,9,8019,8010,8019,7449,FALSE,0.999999999999994,5.88418203051333e-15,0,TRUE,TRUE,TRUE,5.88418203051333e-15,5.88418203051335e-15,5.6621374255883e-15,1093,364,32,729,729,5467,Inf,,,0,1125,753,1093,0,0,1093,3128.65,,
"regional-compression-exact-study-2026-08-13","production",TRUE,16,"crossed",20,0.05,0.05,"exact","precomputed_exact_table","exact",202914000,202914021,,25000,"certified","bounds-met",TRUE,163,163,239,239,239,0,239,0,TRUE,0.950541514797879,0.0494584852021211,0.0494584852021157,TRUE,TRUE,TRUE,0.0494584852021211,0.0507234412080051,0.0152829699855362,54,54,32,0,0,,,,,0,195,134,163,0,0,163,52.4100000000003,,
"regional-compression-exact-study-2026-08-13","production",TRUE,16,"crossed",20,0.05,0.05,"stochastic","precomputed_exact_table","iid",202914000,202914022,100,25000,"frontier_exhausted","tolerance-not-met",TRUE,1093,1093,239,9,8019,8010,8019,7780,FALSE,0.999999999999994,5.88418203051333e-15,0,TRUE,TRUE,TRUE,5.88418203051333e-15,5.88418203051335e-15,5.6621374255883e-15,1093,364,32,729,729,5467,Inf,,,0,1125,753,1093,0,0,1093,3257.62,,
"regional-compression-exact-study-2026-08-13","production",TRUE,16,"crossed",20,0.1,0.05,"exact","precomputed_exact_table","exact",202914000,202914031,,25000,"certified","bounds-met",TRUE,118,118,136,136,136,0,136,0,TRUE,0.90293455586066,0.0970654441393398,0.0970654441393339,TRUE,TRUE,TRUE,0.0970654441393398,0.102105202321473,0.031799412678074,39,39,32,0,0,,,,,0,150,104,118,0,0,118,25.3199999999997,,
"regional-compression-exact-study-2026-08-13","production",TRUE,16,"crossed",20,0.1,0.05,"stochastic","precomputed_exact_table","iid",202914000,202914032,100,25000,"frontier_exhausted","tolerance-not-met",TRUE,1093,1093,136,9,8019,8010,8019,7883,FALSE,0.999999999999994,5.88418203051333e-15,0,TRUE,TRUE,TRUE,5.88418203051333e-15,5.88418203051335e-15,5.6621374255883e-15,1093,364,32,729,729,5467,Inf,,,0,1125,753,1093,0,0,1093,3262.4,,
"regional-compression-exact-study-2026-08-13","production",TRUE,16,"crossed",20,0.2,0.05,"exact","precomputed_exact_table","exact",202914000,202914041,,25000,"certified","bounds-met",TRUE,46,46,62,62,62,0,62,0,TRUE,0.800580140192309,0.199419859807691,0.199419859807685,TRUE,TRUE,TRUE,0.199419859807691,0.222418638886339,0.0774074100418889,15,15,32,0,0,,,,,0,78,56,46,0,0,46,13.3400000000001,,
"regional-compression-exact-study-2026-08-13","production",TRUE,16,"crossed",20,0.2,0.05,"stochastic","precomputed_exact_table","iid",202914000,202914042,100,25000,"frontier_exhausted","tolerance-not-met",TRUE,1093,1093,62,9,8019,8010,8019,7957,FALSE,0.999999999999994,5.88418203051333e-15,0,TRUE,TRUE,TRUE,5.88418203051333e-15,5.88418203051335e-15,5.6621374255883e-15,1093,364,32,729,729,5467,Inf,,,0,1125,753,1093,0,0,1093,2830.24,,
"regional-compression-exact-study-2026-08-13","production",TRUE,16,"crossed",21,0.01,0.05,"exact","precomputed_exact_table","exact",202914100,202914111,,25000,"certified","bounds-met",TRUE,184,184,268,268,268,0,268,0,TRUE,0.990007554427124,0.00999244557287648,0.00999244557287495,TRUE,TRUE,TRUE,0.00999244557287648,0.0100427051481471,0.00271148558836307,61,61,32,0,0,,,,,0,216,148,184,0,0,184,71.93,,
"regional-compression-exact-study-2026-08-13","production",TRUE,16,"crossed",21,0.01,0.05,"stochastic","precomputed_exact_table","iid",202914100,202914112,100,25000,"frontier_exhausted","tolerance-not-met",TRUE,1093,1093,268,8,8019,8011,8019,7751,FALSE,0.999999999999998,1.55431223447522e-15,0,TRUE,TRUE,TRUE,1.55431223447522e-15,1.55431223447522e-15,1.55431223447522e-15,1093,364,32,729,729,7370,Inf,,,0,1125,753,1093,0,0,1093,3053.75,,
"regional-compression-exact-study-2026-08-13","production",TRUE,16,"crossed",21,0.05,0.05,"exact","precomputed_exact_table","exact",202914100,202914121,,25000,"certified","bounds-met",TRUE,82,82,105,105,105,0,105,0,TRUE,0.95131776962086,0.0486822303791401,0.0486822303791383,TRUE,TRUE,TRUE,0.0486822303791401,0.04990712964127,0.0134521107615581,27,27,32,0,0,,,,,0,114,80,82,0,0,82,16.4200000000001,,
"regional-compression-exact-study-2026-08-13","production",TRUE,16,"crossed",21,0.05,0.05,"stochastic","precomputed_exact_table","iid",202914100,202914122,100,25000,"frontier_exhausted","tolerance-not-met",TRUE,1093,1093,105,8,8019,8011,8019,7914,FALSE,0.999999999999998,1.55431223447522e-15,0,TRUE,TRUE,TRUE,1.55431223447522e-15,1.55431223447522e-15,1.55431223447522e-15,1093,364,32,729,729,7370,Inf,,,0,1125,753,1093,0,0,1093,3221.66,,
"regional-compression-exact-study-2026-08-13","production",TRUE,16,"crossed",21,0.1,0.05,"exact","precomputed_exact_table","exact",202914100,202914131,,25000,"certified","bounds-met",TRUE,55,55,62,62,62,0,62,0,TRUE,0.907762195352102,0.0922378046478982,0.0922378046478969,TRUE,TRUE,TRUE,0.0922378046478982,0.0967728340744371,0.0167372224158352,18,18,32,0,0,,,,,0,87,62,55,0,0,55,10.6599999999999,,
"regional-compression-exact-study-2026-08-13","production",TRUE,16,"crossed",21,0.1,0.05,"stochastic","precomputed_exact_table","iid",202914100,202914132,100,25000,"frontier_exhausted","tolerance-not-met",TRUE,1093,1093,62,8,8019,8011,8019,7957,FALSE,0.999999999999998,1.55431223447522e-15,0,TRUE,TRUE,TRUE,1.55431223447522e-15,1.55431223447522e-15,1.55431223447522e-15,1093,364,32,729,729,7370,Inf,,,0,1125,753,1093,0,0,1093,3187.7,,
"regional-compression-exact-study-2026-08-13","production",TRUE,16,"crossed",21,0.2,0.05,"exact","precomputed_exact_table","exact",202914100,202914141,,25000,"certified","bounds-met",TRUE,37,37,30,30,30,0,30,0,TRUE,0.80824957334089,0.19175042665911,0.191750426659108,TRUE,TRUE,TRUE,0.19175042665911,0.212884390256858,0.0778224759233231,12,12,32,0,0,,,,,0,69,50,37,0,0,37,9.06999999999971,,
"regional-compression-exact-study-2026-08-13","production",TRUE,16,"crossed",21,0.2,0.05,"stochastic","precomputed_exact_table","iid",202914100,202914142,100,25000,"frontier_exhausted","tolerance-not-met",TRUE,1093,1093,30,8,8019,8011,8019,7989,FALSE,0.999999999999998,1.55431223447522e-15,0,TRUE,TRUE,TRUE,1.55431223447522e-15,1.55431223447522e-15,1.55431223447522e-15,1093,364,32,729,729,7370,Inf,,,0,1125,753,1093,0,0,1093,2797.36,,
"regional-compression-exact-study-2026-08-13","production",TRUE,16,"crossed",22,0.01,0.05,"exact","precomputed_exact_table","exact",202914200,202914211,,25000,"certified","bounds-met",TRUE,199,199,345,345,345,0,345,0,TRUE,0.990021331456457,0.00997866854354312,0.00997866854353917,TRUE,TRUE,TRUE,0.00997866854354312,0.0100287891599191,0.00252397339834447,66,66,32,0,0,,,,,0,231,158,199,0,0,199,75.08,,
"regional-compression-exact-study-2026-08-13","production",TRUE,16,"crossed",22,0.01,0.05,"stochastic","precomputed_exact_table","iid",202914200,202914212,100,25000,"frontier_exhausted","tolerance-not-met",TRUE,1093,1093,345,9,8019,8010,8019,7674,FALSE,0.999999999999996,3.99680288865056e-15,0,TRUE,TRUE,TRUE,3.99680288865056e-15,3.99680288865057e-15,3.99680288865056e-15,1093,364,32,729,729,1212130,Inf,,,0,1125,753,1093,0,0,1093,3138.5,,
"regional-compression-exact-study-2026-08-13","production",TRUE,16,"crossed",22,0.05,0.05,"exact","precomputed_exact_table","exact",202914200,202914221,,25000,"certified","bounds-met",TRUE,91,91,125,125,125,0,125,0,TRUE,0.95035151197468,0.0496484880253201,0.0496484880253159,TRUE,TRUE,TRUE,0.0496484880253201,0.0509233502204068,0.0135479486458294,30,30,32,0,0,,,,,0,123,86,91,0,0,91,30.0700000000002,,
"regional-compression-exact-study-2026-08-13","production",TRUE,16,"crossed",22,0.05,0.05,"stochastic","precomputed_exact_table","iid",202914200,202914222,100,25000,"frontier_exhausted","tolerance-not-met",TRUE,1093,1093,125,9,8019,8010,8019,7894,FALSE,0.999999999999996,3.99680288865056e-15,0,TRUE,TRUE,TRUE,3.99680288865056e-15,3.99680288865057e-15,3.99680288865056e-15,1093,364,32,729,729,1212130,Inf,,,0,1125,753,1093,0,0,1093,3231.08,,
"regional-compression-exact-study-2026-08-13","production",TRUE,16,"crossed",22,0.1,0.05,"exact","precomputed_exact_table","exact",202914200,202914231,,25000,"certified","bounds-met",TRUE,82,82,82,82,82,0,82,0,TRUE,0.901709610133108,0.0982903898668915,0.0982903898668882,TRUE,TRUE,TRUE,0.0982903898668915,0.103462750738783,0.0262810088899277,27,27,32,0,0,,,,,0,114,80,82,0,0,82,17.8699999999999,,
"regional-compression-exact-study-2026-08-13","production",TRUE,16,"crossed",22,0.1,0.05,"stochastic","precomputed_exact_table","iid",202914200,202914232,100,25000,"frontier_exhausted","tolerance-not-met",TRUE,1093,1093,82,9,8019,8010,8019,7937,FALSE,0.999999999999996,3.99680288865056e-15,0,TRUE,TRUE,TRUE,3.99680288865056e-15,3.99680288865057e-15,3.99680288865056e-15,1093,364,32,729,729,1212130,Inf,,,0,1125,753,1093,0,0,1093,3195.84,,
"regional-compression-exact-study-2026-08-13","production",TRUE,16,"crossed",22,0.2,0.05,"exact","precomputed_exact_table","exact",202914200,202914241,,25000,"certified","bounds-met",TRUE,55,55,40,40,40,0,40,0,TRUE,0.815827293317034,0.184172706682966,0.184172706682964,TRUE,TRUE,TRUE,0.184172706682966,0.203552596765897,0.0315784748823072,18,18,32,0,0,,,,,0,87,62,55,0,0,55,14.5699999999997,,
"regional-compression-exact-study-2026-08-13","production",TRUE,16,"crossed",22,0.2,0.05,"stochastic","precomputed_exact_table","iid",202914200,202914242,100,25000,"frontier_exhausted","tolerance-not-met",TRUE,1093,1093,40,9,8019,8010,8019,7979,FALSE,0.999999999999996,3.99680288865056e-15,0,TRUE,TRUE,TRUE,3.99680288865056e-15,3.99680288865057e-15,3.99680288865056e-15,1093,364,32,729,729,1212130,Inf,,,0,1125,753,1093,0,0,1093,2769.41,,
"regional-compression-exact-study-2026-08-13","production",TRUE,16,"crossed",23,0.01,0.05,"exact","precomputed_exact_table","exact",202914300,202914311,,25000,"certified","bounds-met",TRUE,304,304,474,474,474,0,474,0,TRUE,0.990018183371627,0.00998181662837327,0.00998181662837471,TRUE,TRUE,TRUE,0.00998181662837327,0.0100319689801263,0.00267654208960777,101,101,32,0,0,,,,,0,336,228,304,0,0,304,123.66,,
"regional-compression-exact-study-2026-08-13","production",TRUE,16,"crossed",23,0.01,0.05,"stochastic","precomputed_exact_table","iid",202914300,202914312,100,25000,"frontier_exhausted","tolerance-not-met",TRUE,1093,1093,474,9,8019,8010,8019,7545,FALSE,1,-1.33226762955019e-15,0,TRUE,TRUE,TRUE,-1.33226762955019e-15,-1.33226762955019e-15,1.33226762955019e-15,1093,364,32,729,729,5859,Inf,,,0,1125,753,1093,0,0,1093,3231.62,,
"regional-compression-exact-study-2026-08-13","production",TRUE,16,"crossed",23,0.05,0.05,"exact","precomputed_exact_table","exact",202914300,202914321,,25000,"certified","bounds-met",TRUE,160,160,196,196,196,0,196,0,TRUE,0.950021399371346,0.0499786006286544,0.0499786006286551,TRUE,TRUE,TRUE,0.0499786006286544,0.0512707689872013,0.0117859550122263,53,53,32,0,0,,,,,0,192,132,160,0,0,160,35.5300000000002,,
"regional-compression-exact-study-2026-08-13","production",TRUE,16,"crossed",23,0.05,0.05,"stochastic","precomputed_exact_table","iid",202914300,202914322,100,25000,"frontier_exhausted","tolerance-not-met",TRUE,1093,1093,196,9,8019,8010,8019,7823,FALSE,1,-1.33226762955019e-15,0,TRUE,TRUE,TRUE,-1.33226762955019e-15,-1.33226762955019e-15,1.33226762955019e-15,1093,364,32,729,729,5859,Inf,,,0,1125,753,1093,0,0,1093,3193.8,,
"regional-compression-exact-study-2026-08-13","production",TRUE,16,"crossed",23,0.1,0.05,"exact","precomputed_exact_table","exact",202914300,202914331,,25000,"certified","bounds-met",TRUE,133,133,122,122,122,0,122,0,TRUE,0.903646374642684,0.0963536253573164,0.0963536253573172,TRUE,TRUE,TRUE,0.0963536253573164,0.101317173612832,0.0204794683627987,44,44,32,0,0,,,,,0,165,114,133,0,0,133,27.0299999999997,,
"regional-compression-exact-study-2026-08-13","production",TRUE,16,"crossed",23,0.1,0.05,"stochastic","precomputed_exact_table","iid",202914300,202914332,100,25000,"frontier_exhausted","tolerance-not-met",TRUE,1093,1093,122,9,8019,8010,8019,7897,FALSE,1,-1.33226762955019e-15,0,TRUE,TRUE,TRUE,-1.33226762955019e-15,-1.33226762955019e-15,1.33226762955019e-15,1093,364,32,729,729,5859,Inf,,,0,1125,753,1093,0,0,1093,3278.94,,
"regional-compression-exact-study-2026-08-13","production",TRUE,16,"crossed",23,0.2,0.05,"exact","precomputed_exact_table","exact",202914300,202914341,,25000,"certified","bounds-met",TRUE,85,85,60,60,60,0,60,0,TRUE,0.804686267307544,0.195313732692456,0.195313732692459,TRUE,TRUE,TRUE,0.195313732692456,0.217302807580809,0.0378370381034973,28,28,32,0,0,,,,,0,117,82,85,0,0,85,21.1399999999994,,
"regional-compression-exact-study-2026-08-13","production",TRUE,16,"crossed",23,0.2,0.05,"stochastic","precomputed_exact_table","iid",202914300,202914342,100,25000,"frontier_exhausted","tolerance-not-met",TRUE,1093,1093,60,9,8019,8010,8019,7959,FALSE,1,-1.33226762955019e-15,0,TRUE,TRUE,TRUE,-1.33226762955019e-15,-1.33226762955019e-15,1.33226762955019e-15,1093,364,32,729,729,5859,Inf,,,0,1125,753,1093,0,0,1093,2697.3,,
"regional-compression-exact-study-2026-08-13","production",TRUE,16,"crossed",24,0.01,0.05,"exact","precomputed_exact_table","exact",202914400,202914411,,25000,"certified","bounds-met",TRUE,304,304,522,522,522,0,522,0,TRUE,0.990114711335821,0.00988528866417859,0.00988528866418464,TRUE,TRUE,TRUE,0.00988528866417859,0.00993447252973234,0.00292195183258902,101,101,32,0,0,,,,,0,336,228,304,0,0,304,130.9,,
"regional-compression-exact-study-2026-08-13","production",TRUE,16,"crossed",24,0.01,0.05,"stochastic","precomputed_exact_table","iid",202914400,202914412,100,25000,"budget_exhausted","budget-exhausted",TRUE,1075,1075,522,8,Inf,Inf,Inf,Inf,FALSE,0,1,1,TRUE,FALSE,TRUE,1,Inf,,1054,358,32,696,640,140,Inf,140,1233,0,24890,978,1075,23783,0,24858,2950,,
"regional-compression-exact-study-2026-08-13","production",TRUE,16,"crossed",24,0.05,0.05,"exact","precomputed_exact_table","exact",202914400,202914421,,25000,"certified","bounds-met",TRUE,190,190,223,223,223,0,223,0,TRUE,0.950564544643914,0.0494354553560856,0.0494354553560911,TRUE,TRUE,TRUE,0.0494354553560856,0.0506992133687194,0.0166199422619705,63,63,32,0,0,,,,,0,222,152,190,0,0,190,43.0700000000002,,
"regional-compression-exact-study-2026-08-13","production",TRUE,16,"crossed",24,0.05,0.05,"stochastic","precomputed_exact_table","iid",202914400,202914422,100,25000,"budget_exhausted","budget-exhausted",TRUE,1075,1075,223,8,Inf,Inf,Inf,Inf,FALSE,0,1,1,TRUE,FALSE,TRUE,1,Inf,,1054,358,32,696,640,140,Inf,140,1233,0,24890,985,1075,23783,0,24858,2963.02,,
"regional-compression-exact-study-2026-08-13","production",TRUE,16,"crossed",24,0.1,0.05,"exact","precomputed_exact_table","exact",202914400,202914431,,25000,"certified","bounds-met",TRUE,100,100,131,131,131,0,131,0,TRUE,0.900912964433911,0.099087035566089,0.099087035566095,TRUE,TRUE,TRUE,0.099087035566089,0.104346624892254,0.0197621420589175,33,33,32,0,0,,,,,0,132,92,100,0,0,100,25.3600000000006,,
"regional-compression-exact-study-2026-08-13","production",TRUE,16,"crossed",24,0.1,0.05,"stochastic","precomputed_exact_table","iid",202914400,202914432,100,25000,"budget_exhausted","budget-exhausted",TRUE,1075,1075,131,8,Inf,Inf,Inf,Inf,FALSE,0,1,1,TRUE,FALSE,TRUE,1,Inf,,1054,358,32,696,640,140,Inf,140,1233,0,24890,981,1075,23783,0,24858,2996.67,,
"regional-compression-exact-study-2026-08-13","production",TRUE,16,"crossed",24,0.2,0.05,"exact","precomputed_exact_table","exact",202914400,202914441,,25000,"certified","bounds-met",TRUE,79,79,69,69,69,0,69,0,TRUE,0.812794948038161,0.187205051961839,0.187205051961844,TRUE,TRUE,TRUE,0.187205051961839,0.207276417681467,0.0550473998947393,26,26,32,0,0,,,,,0,111,78,79,0,0,79,13.8599999999988,,
"regional-compression-exact-study-2026-08-13","production",TRUE,16,"crossed",24,0.2,0.05,"stochastic","precomputed_exact_table","iid",202914400,202914442,100,25000,"budget_exhausted","budget-exhausted",TRUE,1075,1075,69,8,Inf,Inf,Inf,Inf,FALSE,0,1,1,TRUE,FALSE,TRUE,1,Inf,,1054,358,32,696,640,140,Inf,140,1233,0,24890,972,1075,23783,0,24858,2488.47,,
"regional-compression-exact-study-2026-08-13","production",TRUE,16,"crossed",25,0.01,0.05,"exact","precomputed_exact_table","exact",202914500,202914511,,25000,"certified","bounds-met",TRUE,349,349,656,656,656,0,656,0,TRUE,0.99000159430809,0.00999840569191024,0.00999840569190585,TRUE,TRUE,TRUE,0.00999840569191024,0.0100487254425863,0.00394528877312617,116,116,32,0,0,,,,,0,381,258,349,0,0,349,163.97,,
"regional-compression-exact-study-2026-08-13","production",TRUE,16,"crossed",25,0.01,0.05,"stochastic","precomputed_exact_table","iid",202914500,202914512,100,25000,"frontier_exhausted","tolerance-not-met",TRUE,1093,1093,656,9,8019,8010,8019,7363,FALSE,0.999999999999996,4.44089209850063e-15,0,TRUE,TRUE,TRUE,4.44089209850063e-15,4.44089209850064e-15,4.44089209850063e-15,1093,364,32,729,729,8147,Inf,,,0,1125,753,1093,0,0,1093,3377.76,,
"regional-compression-exact-study-2026-08-13","production",TRUE,16,"crossed",25,0.05,0.05,"exact","precomputed_exact_table","exact",202914500,202914521,,25000,"certified","bounds-met",TRUE,226,226,282,282,282,0,282,0,TRUE,0.95033963801408,0.0496603619859196,0.049660361985916,TRUE,TRUE,TRUE,0.0496603619859196,0.0509358445813131,0.0164271026350496,75,75,32,0,0,,,,,0,258,176,226,0,0,226,66.23,,
"regional-compression-exact-study-2026-08-13","production",TRUE,16,"crossed",25,0.05,0.05,"stochastic","precomputed_exact_table","iid",202914500,202914522,100,25000,"frontier_exhausted","tolerance-not-met",TRUE,1093,1093,282,9,8019,8010,8019,7737,FALSE,0.999999999999996,4.44089209850063e-15,0,TRUE,TRUE,TRUE,4.44089209850063e-15,4.44089209850064e-15,4.44089209850063e-15,1093,364,32,729,729,8147,Inf,,,0,1125,753,1093,0,0,1093,3438.78,,
"regional-compression-exact-study-2026-08-13","production",TRUE,16,"crossed",25,0.1,0.05,"exact","precomputed_exact_table","exact",202914500,202914531,,25000,"certified","bounds-met",TRUE,148,148,169,169,169,0,169,0,TRUE,0.901738516307045,0.098261483692955,0.0982614836929523,TRUE,TRUE,TRUE,0.098261483692955,0.103430694176118,0.0388296483675999,49,49,32,0,0,,,,,0,180,124,148,0,0,148,32.8900000000003,,
"regional-compression-exact-study-2026-08-13","production",TRUE,16,"crossed",25,0.1,0.05,"stochastic","precomputed_exact_table","iid",202914500,202914532,100,25000,"frontier_exhausted","tolerance-not-met",TRUE,1093,1093,169,9,8019,8010,8019,7850,FALSE,0.999999999999996,4.44089209850063e-15,0,TRUE,TRUE,TRUE,4.44089209850063e-15,4.44089209850064e-15,4.44089209850063e-15,1093,364,32,729,729,8147,Inf,,,0,1125,753,1093,0,0,1093,3088.26,,
"regional-compression-exact-study-2026-08-13","production",TRUE,16,"crossed",25,0.2,0.05,"exact","precomputed_exact_table","exact",202914500,202914541,,25000,"certified","bounds-met",TRUE,112,112,93,93,93,0,93,0,TRUE,0.804104107110434,0.195895892889566,0.195895892889565,TRUE,TRUE,TRUE,0.195895892889566,0.218026531730055,0.0492877959469428,37,37,32,0,0,,,,,0,144,100,112,0,0,112,20.4500000000007,,
"regional-compression-exact-study-2026-08-13","production",TRUE,16,"crossed",25,0.2,0.05,"stochastic","precomputed_exact_table","iid",202914500,202914542,100,25000,"frontier_exhausted","tolerance-not-met",TRUE,1093,1093,93,9,8019,8010,8019,7926,FALSE,0.999999999999996,4.44089209850063e-15,0,TRUE,TRUE,TRUE,4.44089209850063e-15,4.44089209850064e-15,4.44089209850063e-15,1093,364,32,729,729,8147,Inf,,,0,1125,753,1093,0,0,1093,2862.8,,
"regional-compression-exact-study-2026-08-13","production",TRUE,16,"crossed",26,0.01,0.05,"exact","precomputed_exact_table","exact",202914600,202914611,,25000,"certified","bounds-met",TRUE,214,214,334,334,334,0,334,0,TRUE,0.990004926594333,0.00999507340566741,0.00999507340566578,TRUE,TRUE,TRUE,0.00999507340566741,0.0100453595079718,0.00329071949239576,71,71,32,0,0,,,,,0,246,168,214,0,0,214,84.02,,
"regional-compression-exact-study-2026-08-13","production",TRUE,16,"crossed",26,0.01,0.05,"stochastic","precomputed_exact_table","iid",202914600,202914612,100,25000,"frontier_exhausted","tolerance-not-met",TRUE,1093,1093,334,9,8019,8010,8019,7685,FALSE,0.999999999999998,1.66533453693773e-15,0,TRUE,TRUE,TRUE,1.66533453693773e-15,1.66533453693774e-15,1.55431223447522e-15,1093,364,32,729,729,4857,Inf,,,0,1125,753,1093,0,0,1093,3296.36,,
"regional-compression-exact-study-2026-08-13","production",TRUE,16,"crossed",26,0.05,0.05,"exact","precomputed_exact_table","exact",202914600,202914621,,25000,"certified","bounds-met",TRUE,112,112,122,122,122,0,122,0,TRUE,0.950345978138609,0.0496540218613907,0.0496540218613888,TRUE,TRUE,TRUE,0.0496540218613907,0.0509291731734011,0.0205249164068534,37,37,32,0,0,,,,,0,144,100,112,0,0,112,23.0500000000002,,
"regional-compression-exact-study-2026-08-13","production",TRUE,16,"crossed",26,0.05,0.05,"stochastic","precomputed_exact_table","iid",202914600,202914622,100,25000,"frontier_exhausted","tolerance-not-met",TRUE,1093,1093,122,9,8019,8010,8019,7897,FALSE,0.999999999999998,1.66533453693773e-15,0,TRUE,TRUE,TRUE,1.66533453693773e-15,1.66533453693774e-15,1.55431223447522e-15,1093,364,32,729,729,4857,Inf,,,0,1125,753,1093,0,0,1093,3205.63,,
"regional-compression-exact-study-2026-08-13","production",TRUE,16,"crossed",26,0.1,0.05,"exact","precomputed_exact_table","exact",202914600,202914631,,25000,"certified","bounds-met",TRUE,73,73,72,72,72,0,72,0,TRUE,0.905132392560457,0.094867607439543,0.0948676074395418,TRUE,TRUE,TRUE,0.094867607439543,0.0996740558595155,0.031692429250981,24,24,32,0,0,,,,,0,105,74,73,0,0,73,17.1999999999998,,
"regional-compression-exact-study-2026-08-13","production",TRUE,16,"crossed",26,0.1,0.05,"stochastic","precomputed_exact_table","iid",202914600,202914632,100,25000,"frontier_exhausted","tolerance-not-met",TRUE,1093,1093,72,9,8019,8010,8019,7947,FALSE,0.999999999999998,1.66533453693773e-15,0,TRUE,TRUE,TRUE,1.66533453693773e-15,1.66533453693774e-15,1.55431223447522e-15,1093,364,32,729,729,4857,Inf,,,0,1125,753,1093,0,0,1093,3095.28,,
"regional-compression-exact-study-2026-08-13","production",TRUE,16,"crossed",26,0.2,0.05,"exact","precomputed_exact_table","exact",202914600,202914641,,25000,"certified","bounds-met",TRUE,43,43,31,31,31,0,31,0,TRUE,0.800386408747602,0.199613591252398,0.199613591252395,TRUE,TRUE,TRUE,0.199613591252398,0.22266065699194,0.0739534008943255,14,14,32,0,0,,,,,0,75,54,43,0,0,43,6.51000000000022,,
"regional-compression-exact-study-2026-08-13","production",TRUE,16,"crossed",26,0.2,0.05,"stochastic","precomputed_exact_table","iid",202914600,202914642,100,25000,"frontier_exhausted","tolerance-not-met",TRUE,1093,1093,31,9,8019,8010,8019,7988,FALSE,0.999999999999998,1.66533453693773e-15,0,TRUE,TRUE,TRUE,1.66533453693773e-15,1.66533453693774e-15,1.55431223447522e-15,1093,364,32,729,729,4857,Inf,,,0,1125,753,1093,0,0,1093,2667.11,,
"regional-compression-exact-study-2026-08-13","production",TRUE,16,"crossed",27,0.01,0.05,"exact","precomputed_exact_table","exact",202914700,202914711,,25000,"certified","bounds-met",TRUE,313,313,492,492,492,0,492,0,TRUE,0.990057337584863,0.0099426624151373,0.00994266241514279,TRUE,TRUE,TRUE,0.0099426624151373,0.00999242077822523,0.00373559501313224,104,104,32,0,0,,,,,0,345,234,313,0,0,313,131.54,,
"regional-compression-exact-study-2026-08-13","production",TRUE,16,"crossed",27,0.01,0.05,"stochastic","precomputed_exact_table","iid",202914700,202914712,100,25000,"frontier_exhausted","tolerance-not-met",TRUE,1093,1093,492,9,8019,8010,8019,7527,FALSE,1.00000000000001,-5.55111512312578e-15,0,TRUE,TRUE,TRUE,-5.55111512312578e-15,-5.55111512312577e-15,5.10702591327572e-15,1093,364,32,729,729,39760,Inf,,,0,1125,753,1093,0,0,1093,3415.6,,
"regional-compression-exact-study-2026-08-13","production",TRUE,16,"crossed",27,0.05,0.05,"exact","precomputed_exact_table","exact",202914700,202914721,,25000,"certified","bounds-met",TRUE,163,163,191,191,191,0,191,0,TRUE,0.950279803194809,0.049720196805191,0.0497201968051963,TRUE,TRUE,TRUE,0.049720196805191,0.0509988080741554,0.0138749382370672,54,54,32,0,0,,,,,0,195,134,163,0,0,163,45.6599999999999,,
"regional-compression-exact-study-2026-08-13","production",TRUE,16,"crossed",27,0.05,0.05,"stochastic","precomputed_exact_table","iid",202914700,202914722,100,25000,"frontier_exhausted","tolerance-not-met",TRUE,1093,1093,191,9,8019,8010,8019,7828,FALSE,1.00000000000001,-5.55111512312578e-15,0,TRUE,TRUE,TRUE,-5.55111512312578e-15,-5.55111512312577e-15,5.10702591327572e-15,1093,364,32,729,729,39760,Inf,,,0,1125,753,1093,0,0,1093,3405.17,,
"regional-compression-exact-study-2026-08-13","production",TRUE,16,"crossed",27,0.1,0.05,"exact","precomputed_exact_table","exact",202914700,202914731,,25000,"certified","bounds-met",TRUE,133,133,120,120,120,0,120,0,TRUE,0.900962664173565,0.099037335826435,0.0990373358264391,TRUE,TRUE,TRUE,0.099037335826435,0.104291460441525,0.0239548097691711,44,44,32,0,0,,,,,0,165,114,133,0,0,133,29.8100000000004,,
"regional-compression-exact-study-2026-08-13","production",TRUE,16,"crossed",27,0.1,0.05,"stochastic","precomputed_exact_table","iid",202914700,202914732,100,25000,"frontier_exhausted","tolerance-not-met",TRUE,1093,1093,120,9,8019,8010,8019,7899,FALSE,1.00000000000001,-5.55111512312578e-15,0,TRUE,TRUE,TRUE,-5.55111512312578e-15,-5.55111512312577e-15,5.10702591327572e-15,1093,364,32,729,729,39760,Inf,,,0,1125,753,1093,0,0,1093,3097.97,,
"regional-compression-exact-study-2026-08-13","production",TRUE,16,"crossed",27,0.2,0.05,"exact","precomputed_exact_table","exact",202914700,202914741,,25000,"certified","bounds-met",TRUE,79,79,59,59,59,0,59,0,TRUE,0.81963302260148,0.18036697739852,0.180366977398524,TRUE,TRUE,TRUE,0.18036697739852,0.198898572309634,0.0627799184593825,26,26,32,0,0,,,,,0,111,78,79,0,0,79,13.0300000000007,,
"regional-compression-exact-study-2026-08-13","production",TRUE,16,"crossed",27,0.2,0.05,"stochastic","precomputed_exact_table","iid",202914700,202914742,100,25000,"frontier_exhausted","tolerance-not-met",TRUE,1093,1093,59,9,8019,8010,8019,7960,FALSE,1.00000000000001,-5.55111512312578e-15,0,TRUE,TRUE,TRUE,-5.55111512312578e-15,-5.55111512312577e-15,5.10702591327572e-15,1093,364,32,729,729,39760,Inf,,,0,1125,753,1093,0,0,1093,2823.76,,
"regional-compression-exact-study-2026-08-13","production",TRUE,16,"crossed",28,0.01,0.05,"exact","precomputed_exact_table","exact",202914800,202914811,,25000,"certified","bounds-met",TRUE,256,256,362,362,362,0,362,0,TRUE,0.990013318146871,0.0099866818531289,0.0099866818531234,TRUE,TRUE,TRUE,0.0099866818531289,0.0100368832703807,0.00241879135988535,85,85,32,0,0,,,,,0,288,196,256,0,0,256,113.16,,
"regional-compression-exact-study-2026-08-13","production",TRUE,16,"crossed",28,0.01,0.05,"stochastic","precomputed_exact_table","iid",202914800,202914812,100,25000,"budget_exhausted","budget-exhausted",TRUE,1084,1084,362,8,Inf,Inf,Inf,Inf,FALSE,0,1,1,TRUE,FALSE,TRUE,1,Inf,,1062,361,32,701,676,930,Inf,930,930,0,24366,845,1084,23250,0,24334,2995.39,,
"regional-compression-exact-study-2026-08-13","production",TRUE,16,"crossed",28,0.05,0.05,"exact","precomputed_exact_table","exact",202914800,202914821,,25000,"certified","bounds-met",TRUE,139,139,153,153,153,0,153,0,TRUE,0.951059472508178,0.0489405274918223,0.0489405274918173,TRUE,TRUE,TRUE,0.0489405274918223,0.0501786815801277,0.0133103946325986,46,46,32,0,0,,,,,0,171,118,139,0,0,139,31.6100000000001,,
"regional-compression-exact-study-2026-08-13","production",TRUE,16,"crossed",28,0.05,0.05,"stochastic","precomputed_exact_table","iid",202914800,202914822,100,25000,"budget_exhausted","budget-exhausted",TRUE,1084,1084,153,8,Inf,Inf,Inf,Inf,FALSE,0,1,1,TRUE,FALSE,TRUE,1,Inf,,1062,361,32,701,676,930,Inf,930,930,0,24366,840,1084,23250,0,24334,2967.51,,
"regional-compression-exact-study-2026-08-13","production",TRUE,16,"crossed",28,0.1,0.05,"exact","precomputed_exact_table","exact",202914800,202914831,,25000,"certified","bounds-met",TRUE,106,106,82,82,82,0,82,0,TRUE,0.90041164433331,0.0995883556666899,0.0995883556666858,TRUE,TRUE,TRUE,0.0995883556666899,0.104903237632794,0.0184658733778768,35,35,32,0,0,,,,,0,138,96,106,0,0,106,24.7699999999995,,
"regional-compression-exact-study-2026-08-13","production",TRUE,16,"crossed",28,0.1,0.05,"stochastic","precomputed_exact_table","iid",202914800,202914832,100,25000,"budget_exhausted","budget-exhausted",TRUE,1084,1084,82,8,Inf,Inf,Inf,Inf,FALSE,0,1,1,TRUE,FALSE,TRUE,1,Inf,,1062,361,32,701,676,930,Inf,930,930,0,24366,845,1084,23250,0,24334,2928.15,,
"regional-compression-exact-study-2026-08-13","production",TRUE,16,"crossed",28,0.2,0.05,"exact","precomputed_exact_table","exact",202914800,202914841,,25000,"certified","bounds-met",TRUE,43,43,40,40,40,0,40,0,TRUE,0.824201767865833,0.175798232134167,0.175798232134164,TRUE,TRUE,TRUE,0.175798232134167,0.193339915132095,0.0247499616070036,14,14,32,0,0,,,,,0,75,54,43,0,0,43,6.53000000000065,,
"regional-compression-exact-study-2026-08-13","production",TRUE,16,"crossed",28,0.2,0.05,"stochastic","precomputed_exact_table","iid",202914800,202914842,100,25000,"budget_exhausted","budget-exhausted",TRUE,1084,1084,40,8,Inf,Inf,Inf,Inf,FALSE,0,1,1,TRUE,FALSE,TRUE,1,Inf,,1062,361,32,701,676,930,Inf,930,930,0,24366,846,1084,23250,0,24334,2506.88,,
"regional-compression-exact-study-2026-08-13","production",TRUE,16,"crossed",29,0.01,0.05,"exact","precomputed_exact_table","exact",202914900,202914911,,25000,"certified","bounds-met",TRUE,217,217,348,348,348,0,348,0,TRUE,0.990151242539907,0.00984875746009273,0.00984875746009494,TRUE,TRUE,TRUE,0.00984875746009273,0.00989757727935598,0.00375905878960464,72,72,32,0,0,,,,,0,249,170,217,0,0,217,91.38,,
"regional-compression-exact-study-2026-08-13","production",TRUE,16,"crossed",29,0.01,0.05,"stochastic","precomputed_exact_table","iid",202914900,202914912,100,25000,"frontier_exhausted","tolerance-not-met",TRUE,1093,1093,348,9,8019,8010,8019,7671,FALSE,1,-2.44249065417534e-15,0,TRUE,TRUE,TRUE,-2.44249065417534e-15,-2.44249065417534e-15,2.44249065417534e-15,1093,364,32,729,729,10593,Inf,,,0,1125,753,1093,0,0,1093,3296.22,,
"regional-compression-exact-study-2026-08-13","production",TRUE,16,"crossed",29,0.05,0.05,"exact","precomputed_exact_table","exact",202914900,202914921,,25000,"certified","bounds-met",TRUE,112,112,124,124,124,0,124,0,TRUE,0.950267717505743,0.0497322824942573,0.0497322824942598,TRUE,TRUE,TRUE,0.0497322824942573,0.0510115261871568,0.0135628010097641,37,37,32,0,0,,,,,0,144,100,112,0,0,112,44.02,,
"regional-compression-exact-study-2026-08-13","production",TRUE,16,"crossed",29,0.05,0.05,"stochastic","precomputed_exact_table","iid",202914900,202914922,100,25000,"frontier_exhausted","tolerance-not-met",TRUE,1093,1093,124,8,8019,8011,8019,7895,FALSE,1,-2.44249065417534e-15,0,TRUE,TRUE,TRUE,-2.44249065417534e-15,-2.44249065417534e-15,2.44249065417534e-15,1093,364,32,729,729,10593,Inf,,,0,1125,753,1093,0,0,1093,3271.63,,
"regional-compression-exact-study-2026-08-13","production",TRUE,16,"crossed",29,0.1,0.05,"exact","precomputed_exact_table","exact",202914900,202914931,,25000,"certified","bounds-met",TRUE,67,67,73,73,73,0,73,0,TRUE,0.902729322869086,0.0972706771309138,0.097270677130915,TRUE,TRUE,TRUE,0.0972706771309138,0.1023325236905,0.0305544728634986,22,22,32,0,0,,,,,0,99,70,67,0,0,67,13.0099999999993,,
"regional-compression-exact-study-2026-08-13","production",TRUE,16,"crossed",29,0.1,0.05,"stochastic","precomputed_exact_table","iid",202914900,202914932,100,25000,"frontier_exhausted","tolerance-not-met",TRUE,1093,1093,73,8,8019,8011,8019,7946,FALSE,1,-2.44249065417534e-15,0,TRUE,TRUE,TRUE,-2.44249065417534e-15,-2.44249065417534e-15,2.44249065417534e-15,1093,364,32,729,729,10593,Inf,,,0,1125,753,1093,0,0,1093,2968.89,,
"regional-compression-exact-study-2026-08-13","production",TRUE,16,"crossed",29,0.2,0.05,"exact","precomputed_exact_table","exact",202914900,202914941,,25000,"certified","bounds-met",TRUE,64,64,40,40,40,0,40,0,TRUE,0.813842735421731,0.186157264578269,0.186157264578268,TRUE,TRUE,TRUE,0.186157264578269,0.205988131372671,0.0450327758138235,21,21,32,0,0,,,,,0,96,68,64,0,0,64,21.4200000000001,,
"regional-compression-exact-study-2026-08-13","production",TRUE,16,"crossed",29,0.2,0.05,"stochastic","precomputed_exact_table","iid",202914900,202914942,100,25000,"frontier_exhausted","tolerance-not-met",TRUE,1093,1093,40,8,8019,8011,8019,7979,FALSE,1,-2.44249065417534e-15,0,TRUE,TRUE,TRUE,-2.44249065417534e-15,-2.44249065417534e-15,2.44249065417534e-15,1093,364,32,729,729,10593,Inf,,,0,1125,753,1093,0,0,1093,2749.65,,
"regional-compression-exact-study-2026-08-13","production",TRUE,16,"crossed",30,0.01,0.05,"exact","precomputed_exact_table","exact",202915000,202915011,,25000,"certified","bounds-met",TRUE,199,199,412,412,412,0,412,0,TRUE,0.990039027593665,0.00996097240633531,0.00996097240633557,TRUE,TRUE,TRUE,0.00996097240633531,0.0100109148187381,0.00397981772239021,66,66,32,0,0,,,,,0,231,158,199,0,0,199,82.7,,
"regional-compression-exact-study-2026-08-13","production",TRUE,16,"crossed",30,0.01,0.05,"stochastic","precomputed_exact_table","iid",202915000,202915012,100,25000,"frontier_exhausted","tolerance-not-met",TRUE,1093,1093,412,9,8019,8010,8019,7607,FALSE,1,-2.22044604925031e-16,0,TRUE,TRUE,TRUE,-2.22044604925031e-16,-2.22044604925031e-16,2.22044604925031e-16,1093,364,32,729,698,94,Inf,100,100,0,4225,859,1093,3100,0,4193,3337.19,,
"regional-compression-exact-study-2026-08-13","production",TRUE,16,"crossed",30,0.05,0.05,"exact","precomputed_exact_table","exact",202915000,202915021,,25000,"certified","bounds-met",TRUE,115,115,176,176,176,0,176,0,TRUE,0.951139347397749,0.0488606526022507,0.0488606526022508,TRUE,TRUE,TRUE,0.0488606526022507,0.0500946999386897,0.0183114660454498,38,38,32,0,0,,,,,0,147,102,115,0,0,115,39.6400000000003,,
"regional-compression-exact-study-2026-08-13","production",TRUE,16,"crossed",30,0.05,0.05,"stochastic","precomputed_exact_table","iid",202915000,202915022,100,25000,"frontier_exhausted","tolerance-not-met",TRUE,1093,1093,176,9,8019,8010,8019,7843,FALSE,1,-2.22044604925031e-16,0,TRUE,TRUE,TRUE,-2.22044604925031e-16,-2.22044604925031e-16,2.22044604925031e-16,1093,364,32,729,698,94,Inf,100,100,0,4225,862,1093,3100,0,4193,3211.48,,
"regional-compression-exact-study-2026-08-13","production",TRUE,16,"crossed",30,0.1,0.05,"exact","precomputed_exact_table","exact",202915000,202915031,,25000,"certified","bounds-met",TRUE,103,103,94,94,94,0,94,0,TRUE,0.901973595843132,0.0980264041568677,0.0980264041568674,TRUE,TRUE,TRUE,0.0980264041568677,0.103170032249157,0.0264002565533175,34,34,32,0,0,,,,,0,135,94,103,0,0,103,21.1499999999996,,
"regional-compression-exact-study-2026-08-13","production",TRUE,16,"crossed",30,0.1,0.05,"stochastic","precomputed_exact_table","iid",202915000,202915032,100,25000,"frontier_exhausted","tolerance-not-met",TRUE,1093,1093,94,9,8019,8010,8019,7925,FALSE,1,-2.22044604925031e-16,0,TRUE,TRUE,TRUE,-2.22044604925031e-16,-2.22044604925031e-16,2.22044604925031e-16,1093,364,32,729,698,94,Inf,100,100,0,4225,866,1093,3100,0,4193,3016.64,,
"regional-compression-exact-study-2026-08-13","production",TRUE,16,"crossed",30,0.2,0.05,"exact","precomputed_exact_table","exact",202915000,202915041,,25000,"certified","bounds-met",TRUE,28,28,42,42,42,0,42,0,TRUE,0.813661411801943,0.186338588198057,0.186338588198056,TRUE,TRUE,TRUE,0.186338588198057,0.206210955530567,0.0651434698289223,9,9,32,0,0,,,,,0,60,44,28,0,0,28,6.40999999999985,,
"regional-compression-exact-study-2026-08-13","production",TRUE,16,"crossed",30,0.2,0.05,"stochastic","precomputed_exact_table","iid",202915000,202915042,100,25000,"frontier_exhausted","tolerance-not-met",TRUE,1093,1093,42,9,8019,8010,8019,7977,FALSE,1,-2.22044604925031e-16,0,TRUE,TRUE,TRUE,-2.22044604925031e-16,-2.22044604925031e-16,2.22044604925031e-16,1093,364,32,729,698,94,Inf,100,100,0,4225,862,1093,3100,0,4193,2645.91,,
"regional-compression-exact-study-2026-08-13","production",TRUE,16,"crossed",31,0.01,0.05,"exact","precomputed_exact_table","exact",202915100,202915111,,25000,"certified","bounds-met",TRUE,226,226,450,450,450,0,450,0,TRUE,0.990033811245598,0.00996618875440192,0.00996618875440604,TRUE,TRUE,TRUE,0.00996618875440192,0.0100161836633627,0.00304907600260154,75,75,32,0,0,,,,,0,258,176,226,0,0,226,91.22,,
"regional-compression-exact-study-2026-08-13","production",TRUE,16,"crossed",31,0.01,0.05,"stochastic","precomputed_exact_table","iid",202915100,202915112,100,25000,"budget_exhausted","budget-exhausted",TRUE,991,991,450,9,Inf,Inf,Inf,Inf,FALSE,0,1,1,TRUE,FALSE,TRUE,1,Inf,,946,330,32,616,599,1132,Inf,1132,1745,0,24558,779,991,23535,0,24526,2358.14,,
"regional-compression-exact-study-2026-08-13","production",TRUE,16,"crossed",31,0.05,0.05,"exact","precomputed_exact_table","exact",202915100,202915121,,25000,"certified","bounds-met",TRUE,124,124,178,178,178,0,178,0,TRUE,0.951333011855237,0.0486669881447628,0.0486669881447664,TRUE,TRUE,TRUE,0.0486669881447628,0.0498911075372391,0.0152382168113279,41,41,32,0,0,,,,,0,156,108,124,0,0,124,27.0599999999999,,
"regional-compression-exact-study-2026-08-13","production",TRUE,16,"crossed",31,0.05,0.05,"stochastic","precomputed_exact_table","iid",202915100,202915122,100,25000,"budget_exhausted","budget-exhausted",TRUE,991,991,178,9,Inf,Inf,Inf,Inf,FALSE,0,1,1,TRUE,FALSE,TRUE,1,Inf,,946,330,32,616,599,1132,Inf,1132,1745,0,24558,783,991,23535,0,24526,2279.57,,
"regional-compression-exact-study-2026-08-13","production",TRUE,16,"crossed",31,0.1,0.05,"exact","precomputed_exact_table","exact",202915100,202915131,,25000,"certified","bounds-met",TRUE,106,106,112,112,112,0,112,0,TRUE,0.900507441793271,0.0994925582067293,0.0994925582067337,TRUE,TRUE,TRUE,0.0994925582067293,0.104796850332233,0.0325133398218017,35,35,32,0,0,,,,,0,138,96,106,0,0,106,23.7999999999993,,
"regional-compression-exact-study-2026-08-13","production",TRUE,16,"crossed",31,0.1,0.05,"stochastic","precomputed_exact_table","iid",202915100,202915132,100,25000,"budget_exhausted","budget-exhausted",TRUE,991,991,112,9,Inf,Inf,Inf,Inf,FALSE,0,1,1,TRUE,FALSE,TRUE,1,Inf,,946,330,32,616,599,1132,Inf,1132,1745,0,24558,785,991,23535,0,24526,2128.06,,
"regional-compression-exact-study-2026-08-13","production",TRUE,16,"crossed",31,0.2,0.05,"exact","precomputed_exact_table","exact",202915100,202915141,,25000,"certified","bounds-met",TRUE,49,49,53,53,53,0,53,0,TRUE,0.808860894923708,0.191139105076292,0.191139105076294,TRUE,TRUE,TRUE,0.191139105076292,0.21212832365048,0.0474008468809869,16,16,32,0,0,,,,,0,81,58,49,0,0,49,8.30000000000018,,
"regional-compression-exact-study-2026-08-13","production",TRUE,16,"crossed",31,0.2,0.05,"stochastic","precomputed_exact_table","iid",202915100,202915142,100,25000,"budget_exhausted","budget-exhausted",TRUE,991,991,53,9,Inf,Inf,Inf,Inf,FALSE,0,1,1,TRUE,FALSE,TRUE,1,Inf,,946,330,32,616,599,1132,Inf,1132,1745,0,24558,776,991,23535,0,24526,1905.21,,
"regional-compression-exact-study-2026-08-13","production",TRUE,16,"crossed",32,0.01,0.05,"exact","precomputed_exact_table","exact",202915200,202915211,,25000,"certified","bounds-met",TRUE,169,169,286,286,286,0,286,0,TRUE,0.990182362993108,0.0098176370068922,0.00981763700689397,TRUE,TRUE,TRUE,0.0098176370068922,0.00986614777362408,0.00485808961557816,56,56,32,0,0,,,,,0,201,138,169,0,0,169,57.69,,
"regional-compression-exact-study-2026-08-13","production",TRUE,16,"crossed",32,0.01,0.05,"stochastic","precomputed_exact_table","iid",202915200,202915212,100,25000,"budget_exhausted","budget-exhausted",TRUE,1045,1045,286,9,Inf,Inf,Inf,Inf,FALSE,0,1,1,TRUE,FALSE,TRUE,1,Inf,,1000,348,32,652,639,1756,Inf,1756,1756,0,23905,772,1045,22828,0,23873,2791.1,,
"regional-compression-exact-study-2026-08-13","production",TRUE,16,"crossed",32,0.05,0.05,"exact","precomputed_exact_table","exact",202915200,202915221,,25000,"certified","bounds-met",TRUE,94,94,105,105,105,0,105,0,TRUE,0.951204721089567,0.0487952789104328,0.0487952789104337,TRUE,TRUE,TRUE,0.0487952789104328,0.0500259703193463,0.0146412952673383,31,31,32,0,0,,,,,0,126,88,94,0,0,94,18.75,,
"regional-compression-exact-study-2026-08-13","production",TRUE,16,"crossed",32,0.05,0.05,"stochastic","precomputed_exact_table","iid",202915200,202915222,100,25000,"budget_exhausted","budget-exhausted",TRUE,1045,1045,105,9,Inf,Inf,Inf,Inf,FALSE,0,1,1,TRUE,FALSE,TRUE,1,Inf,,1000,348,32,652,639,1756,Inf,1756,1756,0,23905,775,1045,22828,0,23873,2273.58,,
"regional-compression-exact-study-2026-08-13","production",TRUE,16,"crossed",32,0.1,0.05,"exact","precomputed_exact_table","exact",202915200,202915231,,25000,"certified","bounds-met",TRUE,73,73,66,66,66,0,66,0,TRUE,0.910727508504381,0.0892724914956187,0.0892724914956211,TRUE,TRUE,TRUE,0.0892724914956187,0.0935115389741594,0.0290151065562951,24,24,32,0,0,,,,,0,105,74,73,0,0,73,13.0799999999999,,
"regional-compression-exact-study-2026-08-13","production",TRUE,16,"crossed",32,0.1,0.05,"stochastic","precomputed_exact_table","iid",202915200,202915232,100,25000,"budget_exhausted","budget-exhausted",TRUE,1045,1045,66,9,Inf,Inf,Inf,Inf,FALSE,0,1,1,TRUE,FALSE,TRUE,1,Inf,,1000,348,32,652,639,1756,Inf,1756,1756,0,23905,773,1045,22828,0,23873,2236.14,,
"regional-compression-exact-study-2026-08-13","production",TRUE,16,"crossed",32,0.2,0.05,"exact","precomputed_exact_table","exact",202915200,202915241,,25000,"certified","bounds-met",TRUE,58,58,37,37,37,0,37,0,TRUE,0.81920991148356,0.18079008851644,0.180790088516441,TRUE,TRUE,TRUE,0.18079008851644,0.199414925791131,0.0536214862213824,19,19,32,0,0,,,,,0,90,64,58,0,0,58,8.75,,
"regional-compression-exact-study-2026-08-13","production",TRUE,16,"crossed",32,0.2,0.05,"stochastic","precomputed_exact_table","iid",202915200,202915242,100,25000,"budget_exhausted","budget-exhausted",TRUE,1045,1045,37,9,Inf,Inf,Inf,Inf,FALSE,0,1,1,TRUE,FALSE,TRUE,1,Inf,,1000,348,32,652,639,1756,Inf,1756,1756,0,23905,772,1045,22828,0,23873,2235.65,,
"regional-compression-exact-study-2026-08-13","production",TRUE,16,"crossed",33,0.01,0.05,"exact","precomputed_exact_table","exact",202915300,202915311,,25000,"certified","bounds-met",TRUE,193,193,418,418,418,0,418,0,TRUE,0.990051625862046,0.00994837413795446,0.00994837413795531,TRUE,TRUE,TRUE,0.00994837413795446,0.00999818987772694,0.00416565206869121,64,64,32,0,0,,,,,0,225,154,193,0,0,193,85.94,,
"regional-compression-exact-study-2026-08-13","production",TRUE,16,"crossed",33,0.01,0.05,"stochastic","precomputed_exact_table","iid",202915300,202915312,100,25000,"frontier_exhausted","tolerance-not-met",TRUE,1093,1093,418,9,8019,8010,8019,7601,FALSE,1,-8.88178419700125e-16,0,TRUE,TRUE,TRUE,-8.88178419700125e-16,-8.88178419700125e-16,8.88178419700125e-16,1093,364,32,729,698,180,Inf,180,180,0,6705,878,1093,5580,0,6673,2739.45,,
"regional-compression-exact-study-2026-08-13","production",TRUE,16,"crossed",33,0.05,0.05,"exact","precomputed_exact_table","exact",202915300,202915321,,25000,"certified","bounds-met",TRUE,88,88,160,160,160,0,160,0,TRUE,0.951093192254161,0.0489068077458394,0.0489068077458404,TRUE,TRUE,TRUE,0.0489068077458394,0.0501432272797332,0.0157219922975692,29,29,32,0,0,,,,,0,120,84,88,0,0,88,15.02,,
"regional-compression-exact-study-2026-08-13","production",TRUE,16,"crossed",33,0.05,0.05,"stochastic","precomputed_exact_table","iid",202915300,202915322,100,25000,"frontier_exhausted","tolerance-not-met",TRUE,1093,1093,160,9,8019,8010,8019,7859,FALSE,1,-8.88178419700125e-16,0,TRUE,TRUE,TRUE,-8.88178419700125e-16,-8.88178419700125e-16,8.88178419700125e-16,1093,364,32,729,698,180,Inf,180,180,0,6705,879,1093,5580,0,6673,2612.5,,
"regional-compression-exact-study-2026-08-13","production",TRUE,16,"crossed",33,0.1,0.05,"exact","precomputed_exact_table","exact",202915300,202915331,,25000,"certified","bounds-met",TRUE,70,70,95,95,95,0,95,0,TRUE,0.903979840542356,0.0960201594576438,0.0960201594576447,TRUE,TRUE,TRUE,0.0960201594576438,0.10094821912362,0.0243563635523894,23,23,32,0,0,,,,,0,102,72,70,0,0,70,13.6100000000006,,
"regional-compression-exact-study-2026-08-13","production",TRUE,16,"crossed",33,0.1,0.05,"stochastic","precomputed_exact_table","iid",202915300,202915332,100,25000,"frontier_exhausted","tolerance-not-met",TRUE,1093,1093,95,9,8019,8010,8019,7924,FALSE,1,-8.88178419700125e-16,0,TRUE,TRUE,TRUE,-8.88178419700125e-16,-8.88178419700125e-16,8.88178419700125e-16,1093,364,32,729,698,180,Inf,180,180,0,6705,883,1093,5580,0,6673,2652.06,,
"regional-compression-exact-study-2026-08-13","production",TRUE,16,"crossed",33,0.2,0.05,"exact","precomputed_exact_table","exact",202915300,202915341,,25000,"certified","bounds-met",TRUE,43,43,52,52,52,0,52,0,TRUE,0.817188693844732,0.182811306155268,0.182811306155268,TRUE,TRUE,TRUE,0.182811306155268,0.201885251370878,0.0819686756632349,14,14,32,0,0,,,,,0,75,54,43,0,0,43,7.15999999999985,,
"regional-compression-exact-study-2026-08-13","production",TRUE,16,"crossed",33,0.2,0.05,"stochastic","precomputed_exact_table","iid",202915300,202915342,100,25000,"frontier_exhausted","tolerance-not-met",TRUE,1093,1093,52,9,8019,8010,8019,7967,FALSE,1,-8.88178419700125e-16,0,TRUE,TRUE,TRUE,-8.88178419700125e-16,-8.88178419700125e-16,8.88178419700125e-16,1093,364,32,729,698,180,Inf,180,180,0,6705,880,1093,5580,0,6673,2616.41,,
"regional-compression-exact-study-2026-08-13","production",TRUE,16,"crossed",34,0.01,0.05,"exact","precomputed_exact_table","exact",202915400,202915411,,25000,"certified","bounds-met",TRUE,196,196,307,307,307,0,307,0,TRUE,0.990069901265938,0.00993009873406214,0.00993009873405565,TRUE,TRUE,TRUE,0.00993009873406214,0.00997973100675113,0.0031591871600745,65,65,32,0,0,,,,,0,228,156,196,0,0,196,69.59,,
"regional-compression-exact-study-2026-08-13","production",TRUE,16,"crossed",34,0.01,0.05,"stochastic","precomputed_exact_table","iid",202915400,202915412,100,25000,"frontier_exhausted","tolerance-not-met",TRUE,1093,1093,307,8,8019,8011,8019,7712,FALSE,0.999999999999993,6.55031584528842e-15,0,TRUE,TRUE,TRUE,6.55031584528842e-15,6.55031584528844e-15,6.55031584528842e-15,1093,364,32,729,729,7253,Inf,,,0,1125,753,1093,0,0,1093,2758.14,,
"regional-compression-exact-study-2026-08-13","production",TRUE,16,"crossed",34,0.05,0.05,"exact","precomputed_exact_table","exact",202915400,202915421,,25000,"certified","bounds-met",TRUE,112,112,122,122,122,0,122,0,TRUE,0.95188663830401,0.0481133616959898,0.0481133616959833,TRUE,TRUE,TRUE,0.0481133616959898,0.0493093286928036,0.0184275543150398,37,37,32,0,0,,,,,0,144,100,112,0,0,112,21.9099999999999,,
"regional-compression-exact-study-2026-08-13","production",TRUE,16,"crossed",34,0.05,0.05,"stochastic","precomputed_exact_table","iid",202915400,202915422,100,25000,"frontier_exhausted","tolerance-not-met",TRUE,1093,1093,122,8,8019,8011,8019,7897,FALSE,0.999999999999993,6.55031584528842e-15,0,TRUE,TRUE,TRUE,6.55031584528842e-15,6.55031584528844e-15,6.55031584528842e-15,1093,364,32,729,729,7253,Inf,,,0,1125,753,1093,0,0,1093,2676.26,,
"regional-compression-exact-study-2026-08-13","production",TRUE,16,"crossed",34,0.1,0.05,"exact","precomputed_exact_table","exact",202915400,202915431,,25000,"certified","bounds-met",TRUE,70,70,62,62,62,0,62,0,TRUE,0.900886854293502,0.0991131457064981,0.0991131457064914,TRUE,TRUE,TRUE,0.0991131457064981,0.104375607180008,0.024545527039281,23,23,32,0,0,,,,,0,102,72,70,0,0,70,11.7700000000004,,
"regional-compression-exact-study-2026-08-13","production",TRUE,16,"crossed",34,0.1,0.05,"stochastic","precomputed_exact_table","iid",202915400,202915432,100,25000,"frontier_exhausted","tolerance-not-met",TRUE,1093,1093,62,8,8019,8011,8019,7957,FALSE,0.999999999999993,6.55031584528842e-15,0,TRUE,TRUE,TRUE,6.55031584528842e-15,6.55031584528844e-15,6.55031584528842e-15,1093,364,32,729,729,7253,Inf,,,0,1125,753,1093,0,0,1093,2646.08,,
"regional-compression-exact-study-2026-08-13","production",TRUE,16,"crossed",34,0.2,0.05,"exact","precomputed_exact_table","exact",202915400,202915441,,25000,"certified","bounds-met",TRUE,37,37,31,31,31,0,31,0,TRUE,0.816816294280786,0.183183705719214,0.183183705719208,TRUE,TRUE,TRUE,0.183183705719214,0.202341063407072,0.0544696751230885,12,12,32,0,0,,,,,0,69,50,37,0,0,37,5.94000000000051,,
"regional-compression-exact-study-2026-08-13","production",TRUE,16,"crossed",34,0.2,0.05,"stochastic","precomputed_exact_table","iid",202915400,202915442,100,25000,"frontier_exhausted","tolerance-not-met",TRUE,1093,1093,31,8,8019,8011,8019,7988,FALSE,0.999999999999993,6.55031584528842e-15,0,TRUE,TRUE,TRUE,6.55031584528842e-15,6.55031584528844e-15,6.55031584528842e-15,1093,364,32,729,729,7253,Inf,,,0,1125,753,1093,0,0,1093,2622.04,,
"regional-compression-exact-study-2026-08-13","production",TRUE,16,"crossed",35,0.01,0.05,"exact","precomputed_exact_table","exact",202915500,202915511,,25000,"certified","bounds-met",TRUE,301,301,512,512,512,0,512,0,TRUE,0.990060006903276,0.00993999309672411,0.00993999309672472,TRUE,TRUE,TRUE,0.00993999309672411,0.00998972465678513,0.00324006806618172,100,100,32,0,0,,,,,0,333,226,301,0,0,301,177.13,,
"regional-compression-exact-study-2026-08-13","production",TRUE,16,"crossed",35,0.01,0.05,"stochastic","precomputed_exact_table","iid",202915500,202915512,100,25000,"frontier_exhausted","tolerance-not-met",TRUE,1093,1093,512,8,8019,8011,8019,7507,FALSE,1,-6.66133814775094e-16,0,TRUE,TRUE,TRUE,-6.66133814775094e-16,-6.66133814775094e-16,6.66133814775094e-16,1093,364,32,729,693,244,Inf,244,733,0,12354,867,1093,11229,0,12322,2698.65,,
"regional-compression-exact-study-2026-08-13","production",TRUE,16,"crossed",35,0.05,0.05,"exact","precomputed_exact_table","exact",202915500,202915521,,25000,"certified","bounds-met",TRUE,160,160,199,199,199,0,199,0,TRUE,0.952195747638964,0.0478042523610364,0.0478042523610369,TRUE,TRUE,TRUE,0.0478042523610364,0.0489846480592859,0.0146611605635057,53,53,32,0,0,,,,,0,192,132,160,0,0,160,33.4099999999999,,
"regional-compression-exact-study-2026-08-13","production",TRUE,16,"crossed",35,0.05,0.05,"stochastic","precomputed_exact_table","iid",202915500,202915522,100,25000,"frontier_exhausted","tolerance-not-met",TRUE,1093,1093,199,8,8019,8011,8019,7820,FALSE,1,-6.66133814775094e-16,0,TRUE,TRUE,TRUE,-6.66133814775094e-16,-6.66133814775094e-16,6.66133814775094e-16,1093,364,32,729,693,244,Inf,244,733,0,12354,864,1093,11229,0,12322,2690.28,,
"regional-compression-exact-study-2026-08-13","production",TRUE,16,"crossed",35,0.1,0.05,"exact","precomputed_exact_table","exact",202915500,202915531,,25000,"certified","bounds-met",TRUE,109,109,120,120,120,0,120,0,TRUE,0.902038627546958,0.0979613724530425,0.0979613724530436,TRUE,TRUE,TRUE,0.0979613724530425,0.10309793550501,0.021820293957143,36,36,32,0,0,,,,,0,141,98,109,0,0,109,18.8500000000004,,
"regional-compression-exact-study-2026-08-13","production",TRUE,16,"crossed",35,0.1,0.05,"stochastic","precomputed_exact_table","iid",202915500,202915532,100,25000,"frontier_exhausted","tolerance-not-met",TRUE,1093,1093,120,8,8019,8011,8019,7899,FALSE,1,-6.66133814775094e-16,0,TRUE,TRUE,TRUE,-6.66133814775094e-16,-6.66133814775094e-16,6.66133814775094e-16,1093,364,32,729,693,244,Inf,244,733,0,12354,868,1093,11229,0,12322,2660.41,,
"regional-compression-exact-study-2026-08-13","production",TRUE,16,"crossed",35,0.2,0.05,"exact","precomputed_exact_table","exact",202915500,202915541,,25000,"certified","bounds-met",TRUE,70,70,58,58,58,0,58,0,TRUE,0.803397742107518,0.196602257892482,0.196602257892481,TRUE,TRUE,TRUE,0.196602257892482,0.218905367482216,0.0436913410942443,23,23,32,0,0,,,,,0,102,72,70,0,0,70,14.2600000000002,,
"regional-compression-exact-study-2026-08-13","production",TRUE,16,"crossed",35,0.2,0.05,"stochastic","precomputed_exact_table","iid",202915500,202915542,100,25000,"frontier_exhausted","tolerance-not-met",TRUE,1093,1093,58,8,8019,8011,8019,7961,FALSE,1,-6.66133814775094e-16,0,TRUE,TRUE,TRUE,-6.66133814775094e-16,-6.66133814775094e-16,6.66133814775094e-16,1093,364,32,729,693,244,Inf,244,733,0,12354,860,1093,11229,0,12322,2641.03,,
"regional-compression-exact-study-2026-08-13","production",TRUE,16,"crossed",36,0.01,0.05,"exact","precomputed_exact_table","exact",202915600,202915611,,25000,"certified","bounds-met",TRUE,235,235,382,382,382,0,382,0,TRUE,0.99004184656008,0.00995815343992001,0.0099581534399268,TRUE,TRUE,TRUE,0.00995815343992001,0.0100080674942151,0.00361661541692637,78,78,32,0,0,,,,,0,267,182,235,0,0,235,82.84,,
"regional-compression-exact-study-2026-08-13","production",TRUE,16,"crossed",36,0.01,0.05,"stochastic","precomputed_exact_table","iid",202915600,202915612,100,25000,"frontier_exhausted","tolerance-not-met",TRUE,1093,1093,382,8,8019,8011,8019,7637,FALSE,1.00000000000001,-6.88338275267597e-15,0,TRUE,TRUE,TRUE,-6.88338275267597e-15,-6.88338275267595e-15,6.10622663543836e-15,1093,364,32,729,698,362,Inf,362,362,0,12347,855,1093,11222,0,12315,2782.33,,
"regional-compression-exact-study-2026-08-13","production",TRUE,16,"crossed",36,0.05,0.05,"exact","precomputed_exact_table","exact",202915600,202915621,,25000,"certified","bounds-met",TRUE,136,136,158,158,158,0,158,0,TRUE,0.951712171309096,0.0482878286909044,0.0482878286909112,TRUE,TRUE,TRUE,0.0482878286909044,0.0494926309669194,0.0146433518781012,45,45,32,0,0,,,,,0,168,116,136,0,0,136,26.79,,
"regional-compression-exact-study-2026-08-13","production",TRUE,16,"crossed",36,0.05,0.05,"stochastic","precomputed_exact_table","iid",202915600,202915622,100,25000,"frontier_exhausted","tolerance-not-met",TRUE,1093,1093,158,8,8019,8011,8019,7861,FALSE,1.00000000000001,-6.88338275267597e-15,0,TRUE,TRUE,TRUE,-6.88338275267597e-15,-6.88338275267595e-15,6.10622663543836e-15,1093,364,32,729,698,362,Inf,362,362,0,12347,849,1093,11222,0,12315,2755.97,,
"regional-compression-exact-study-2026-08-13","production",TRUE,16,"crossed",36,0.1,0.05,"exact","precomputed_exact_table","exact",202915600,202915631,,25000,"certified","bounds-met",TRUE,112,112,99,99,99,0,99,0,TRUE,0.905841522451249,0.0941584775487514,0.0941584775487583,TRUE,TRUE,TRUE,0.0941584775487514,0.0988909082711852,0.0243950726485173,37,37,32,0,0,,,,,0,144,100,112,0,0,112,19.5799999999999,,
"regional-compression-exact-study-2026-08-13","production",TRUE,16,"crossed",36,0.1,0.05,"stochastic","precomputed_exact_table","iid",202915600,202915632,100,25000,"frontier_exhausted","tolerance-not-met",TRUE,1093,1093,99,8,8019,8011,8019,7920,FALSE,1.00000000000001,-6.88338275267597e-15,0,TRUE,TRUE,TRUE,-6.88338275267597e-15,-6.88338275267595e-15,6.10622663543836e-15,1093,364,32,729,698,362,Inf,362,362,0,12347,858,1093,11222,0,12315,2731.57,,
"regional-compression-exact-study-2026-08-13","production",TRUE,16,"crossed",36,0.2,0.05,"exact","precomputed_exact_table","exact",202915600,202915641,,25000,"certified","bounds-met",TRUE,64,64,48,48,48,0,48,0,TRUE,0.809891475588929,0.190108524411071,0.190108524411076,TRUE,TRUE,TRUE,0.190108524411071,0.210855021046284,0.0785841227969266,21,21,32,0,0,,,,,0,96,68,64,0,0,64,11.1099999999988,,
"regional-compression-exact-study-2026-08-13","production",TRUE,16,"crossed",36,0.2,0.05,"stochastic","precomputed_exact_table","iid",202915600,202915642,100,25000,"frontier_exhausted","tolerance-not-met",TRUE,1093,1093,48,8,8019,8011,8019,7971,FALSE,1.00000000000001,-6.88338275267597e-15,0,TRUE,TRUE,TRUE,-6.88338275267597e-15,-6.88338275267595e-15,6.10622663543836e-15,1093,364,32,729,698,362,Inf,362,362,0,12347,853,1093,11222,0,12315,2724.2,,
"regional-compression-exact-study-2026-08-13","production",TRUE,16,"crossed",37,0.01,0.05,"exact","precomputed_exact_table","exact",202915700,202915711,,25000,"certified","bounds-met",TRUE,262,262,423,423,423,0,423,0,TRUE,0.990052836796078,0.00994716320392153,0.00994716320392498,TRUE,TRUE,TRUE,0.00994716320392153,0.0099969667765666,0.00400837987116245,87,87,32,0,0,,,,,0,294,200,262,0,0,262,95.41,,
"regional-compression-exact-study-2026-08-13","production",TRUE,16,"crossed",37,0.01,0.05,"stochastic","precomputed_exact_table","iid",202915700,202915712,100,25000,"budget_exhausted","budget-exhausted",TRUE,1039,1039,423,9,Inf,Inf,Inf,Inf,FALSE,0,1,1,TRUE,FALSE,TRUE,1,Inf,,1001,346,32,655,627,188,Inf,188,2374,0,24993,877,1039,23922,0,24961,2231.19,,
"regional-compression-exact-study-2026-08-13","production",TRUE,16,"crossed",37,0.05,0.05,"exact","precomputed_exact_table","exact",202915700,202915721,,25000,"certified","bounds-met",TRUE,145,145,153,153,153,0,153,0,TRUE,0.954328333875426,0.0456716661245743,0.0456716661245777,TRUE,TRUE,TRUE,0.0456716661245743,0.0467475012573391,0.0145285632605926,48,48,32,0,0,,,,,0,177,122,145,0,0,145,29.3199999999997,,
"regional-compression-exact-study-2026-08-13","production",TRUE,16,"crossed",37,0.05,0.05,"stochastic","precomputed_exact_table","iid",202915700,202915722,100,25000,"budget_exhausted","budget-exhausted",TRUE,1039,1039,153,9,Inf,Inf,Inf,Inf,FALSE,0,1,1,TRUE,FALSE,TRUE,1,Inf,,1001,346,32,655,627,188,Inf,188,2374,0,24993,875,1039,23922,0,24961,2230.24,,
"regional-compression-exact-study-2026-08-13","production",TRUE,16,"crossed",37,0.1,0.05,"exact","precomputed_exact_table","exact",202915700,202915731,,25000,"certified","bounds-met",TRUE,103,103,102,102,102,0,102,0,TRUE,0.90633761321168,0.09366238678832,0.0936623867883235,TRUE,TRUE,TRUE,0.09366238678832,0.0983434008387673,0.0238605594836537,34,34,32,0,0,,,,,0,135,94,103,0,0,103,18.1999999999998,,
"regional-compression-exact-study-2026-08-13","production",TRUE,16,"crossed",37,0.1,0.05,"stochastic","precomputed_exact_table","iid",202915700,202915732,100,25000,"budget_exhausted","budget-exhausted",TRUE,1039,1039,102,9,Inf,Inf,Inf,Inf,FALSE,0,1,1,TRUE,FALSE,TRUE,1,Inf,,1001,346,32,655,627,188,Inf,188,2374,0,24993,877,1039,23922,0,24961,2181.28,,
"regional-compression-exact-study-2026-08-13","production",TRUE,16,"crossed",37,0.2,0.05,"exact","precomputed_exact_table","exact",202915700,202915741,,25000,"certified","bounds-met",TRUE,82,82,49,49,49,0,49,0,TRUE,0.81771971012559,0.18228028987441,0.182280289874413,TRUE,TRUE,TRUE,0.18228028987441,0.201235653756429,0.0767529794458876,27,27,32,0,0,,,,,0,114,80,82,0,0,82,14.3599999999997,,
"regional-compression-exact-study-2026-08-13","production",TRUE,16,"crossed",37,0.2,0.05,"stochastic","precomputed_exact_table","iid",202915700,202915742,100,25000,"budget_exhausted","budget-exhausted",TRUE,1039,1039,49,9,Inf,Inf,Inf,Inf,FALSE,0,1,1,TRUE,FALSE,TRUE,1,Inf,,1001,346,32,655,627,188,Inf,188,2374,0,24993,882,1039,23922,0,24961,2185.16,,
"regional-compression-exact-study-2026-08-13","production",TRUE,16,"crossed",38,0.01,0.05,"exact","precomputed_exact_table","exact",202915800,202915811,,25000,"certified","bounds-met",TRUE,157,157,275,275,275,0,275,0,TRUE,0.990043397463995,0.00995660253600483,0.00995660253600528,TRUE,TRUE,TRUE,0.00995660253600483,0.0100065009920457,0.00392320630679303,52,52,32,0,0,,,,,0,189,130,157,0,0,157,54.8,,
"regional-compression-exact-study-2026-08-13","production",TRUE,16,"crossed",38,0.01,0.05,"stochastic","precomputed_exact_table","iid",202915800,202915812,100,25000,"budget_exhausted","budget-exhausted",TRUE,1048,1048,275,9,Inf,Inf,Inf,Inf,FALSE,0,1,1,TRUE,FALSE,TRUE,1,Inf,,1006,349,32,657,645,1932,Inf,1932,1932,0,24264,774,1048,23184,0,24232,2260.4,,
"regional-compression-exact-study-2026-08-13","production",TRUE,16,"crossed",38,0.05,0.05,"exact","precomputed_exact_table","exact",202915800,202915821,,25000,"certified","bounds-met",TRUE,97,97,115,115,115,0,115,0,TRUE,0.955403367756602,0.044596632243398,0.0445966322433987,TRUE,TRUE,TRUE,0.044596632243398,0.045621653062212,0.0157692391428197,32,32,32,0,0,,,,,0,129,90,97,0,0,97,18.4400000000001,,
"regional-compression-exact-study-2026-08-13","production",TRUE,16,"crossed",38,0.05,0.05,"stochastic","precomputed_exact_table","iid",202915800,202915822,100,25000,"budget_exhausted","budget-exhausted",TRUE,1048,1048,115,9,Inf,Inf,Inf,Inf,FALSE,0,1,1,TRUE,FALSE,TRUE,1,Inf,,1006,349,32,657,645,1932,Inf,1932,1932,0,24264,778,1048,23184,0,24232,2246.51,,
"regional-compression-exact-study-2026-08-13","production",TRUE,16,"crossed",38,0.1,0.05,"exact","precomputed_exact_table","exact",202915800,202915831,,25000,"certified","bounds-met",TRUE,49,49,64,64,64,0,64,0,TRUE,0.903709293492498,0.0962907065075016,0.0962907065075009,TRUE,TRUE,TRUE,0.0962907065075016,0.101247548302276,0.0294095856179819,16,16,32,0,0,,,,,0,81,58,49,0,0,49,9.06999999999971,,
"regional-compression-exact-study-2026-08-13","production",TRUE,16,"crossed",38,0.1,0.05,"stochastic","precomputed_exact_table","iid",202915800,202915832,100,25000,"budget_exhausted","budget-exhausted",TRUE,1048,1048,64,9,Inf,Inf,Inf,Inf,FALSE,0,1,1,TRUE,FALSE,TRUE,1,Inf,,1006,349,32,657,645,1932,Inf,1932,1932,0,24264,781,1048,23184,0,24232,2243.78,,
"regional-compression-exact-study-2026-08-13","production",TRUE,16,"crossed",38,0.2,0.05,"exact","precomputed_exact_table","exact",202915800,202915841,,25000,"certified","bounds-met",TRUE,61,61,30,30,30,0,30,0,TRUE,0.803675715785382,0.196324284214618,0.19632428421462,TRUE,TRUE,TRUE,0.196324284214618,0.218559429741449,0.0466636317956709,20,20,32,0,0,,,,,0,93,66,61,0,0,61,12.4099999999999,,
"regional-compression-exact-study-2026-08-13","production",TRUE,16,"crossed",38,0.2,0.05,"stochastic","precomputed_exact_table","iid",202915800,202915842,100,25000,"budget_exhausted","budget-exhausted",TRUE,1048,1048,30,9,Inf,Inf,Inf,Inf,FALSE,0,1,1,TRUE,FALSE,TRUE,1,Inf,,1006,349,32,657,645,1932,Inf,1932,1932,0,24264,770,1048,23184,0,24232,2169.36,,
"regional-compression-exact-study-2026-08-13","production",TRUE,16,"crossed",39,0.01,0.05,"exact","precomputed_exact_table","exact",202915900,202915911,,25000,"certified","bounds-met",TRUE,190,190,361,361,361,0,361,0,TRUE,0.990042202021088,0.00995779797891216,0.00995779797891508,TRUE,TRUE,TRUE,0.00995779797891216,0.0100077084579327,0.00350698416823089,63,63,32,0,0,,,,,0,222,152,190,0,0,190,69.61,,
"regional-compression-exact-study-2026-08-13","production",TRUE,16,"crossed",39,0.01,0.05,"stochastic","precomputed_exact_table","iid",202915900,202915912,100,25000,"budget_exhausted","budget-exhausted",TRUE,1021,1021,361,8,Inf,Inf,Inf,Inf,FALSE,0,1,1,TRUE,FALSE,TRUE,1,Inf,,981,340,32,641,620,211,Inf,211,2170,0,23640,823,1021,22587,0,23608,2144.46,,
"regional-compression-exact-study-2026-08-13","production",TRUE,16,"crossed",39,0.05,0.05,"exact","precomputed_exact_table","exact",202915900,202915921,,25000,"certified","bounds-met",TRUE,85,85,136,136,136,0,136,0,TRUE,0.95059049844747,0.0494095015525304,0.0494095015525335,TRUE,TRUE,TRUE,0.0494095015525304,0.0506719101735895,0.0134083424599944,28,28,32,0,0,,,,,0,117,82,85,0,0,85,16.2799999999997,,
"regional-compression-exact-study-2026-08-13","production",TRUE,16,"crossed",39,0.05,0.05,"stochastic","precomputed_exact_table","iid",202915900,202915922,100,25000,"budget_exhausted","budget-exhausted",TRUE,1021,1021,136,8,Inf,Inf,Inf,Inf,FALSE,0,1,1,TRUE,FALSE,TRUE,1,Inf,,981,340,32,641,620,211,Inf,211,2170,0,23640,818,1021,22587,0,23608,2089.33,,
"regional-compression-exact-study-2026-08-13","production",TRUE,16,"crossed",39,0.1,0.05,"exact","precomputed_exact_table","exact",202915900,202915931,,25000,"certified","bounds-met",TRUE,58,58,83,83,83,0,83,0,TRUE,0.902795031758288,0.0972049682417121,0.0972049682417146,TRUE,TRUE,TRUE,0.0972049682417121,0.102259737201564,0.0332211766586955,19,19,32,0,0,,,,,0,90,64,58,0,0,58,8.78999999999996,,
"regional-compression-exact-study-2026-08-13","production",TRUE,16,"crossed",39,0.1,0.05,"stochastic","precomputed_exact_table","iid",202915900,202915932,100,25000,"budget_exhausted","budget-exhausted",TRUE,1021,1021,83,8,Inf,Inf,Inf,Inf,FALSE,0,1,1,TRUE,FALSE,TRUE,1,Inf,,981,340,32,641,620,211,Inf,211,2170,0,23640,818,1021,22587,0,23608,2112.3,,
"regional-compression-exact-study-2026-08-13","production",TRUE,16,"crossed",39,0.2,0.05,"exact","precomputed_exact_table","exact",202915900,202915941,,25000,"certified","bounds-met",TRUE,55,55,51,51,51,0,51,0,TRUE,0.817778564796263,0.182221435203737,0.18222143520374,TRUE,TRUE,TRUE,0.182221435203737,0.201163682209163,0.053463283375372,18,18,32,0,0,,,,,0,87,62,55,0,0,55,10.6500000000005,,
"regional-compression-exact-study-2026-08-13","production",TRUE,16,"crossed",39,0.2,0.05,"stochastic","precomputed_exact_table","iid",202915900,202915942,100,25000,"budget_exhausted","budget-exhausted",TRUE,1021,1021,51,8,Inf,Inf,Inf,Inf,FALSE,0,1,1,TRUE,FALSE,TRUE,1,Inf,,981,340,32,641,620,211,Inf,211,2170,0,23640,818,1021,22587,0,23608,2094.95,,
"regional-compression-exact-study-2026-08-13","production",TRUE,16,"crossed",40,0.01,0.05,"exact","precomputed_exact_table","exact",202916000,202916011,,25000,"certified","bounds-met",TRUE,205,205,341,341,341,0,341,0,TRUE,0.990007503812491,0.00999249618750941,0.00999249618751094,TRUE,TRUE,TRUE,0.00999249618750941,0.0100427562736502,0.00294376952605471,68,68,32,0,0,,,,,0,237,162,205,0,0,205,74.17,,
"regional-compression-exact-study-2026-08-13","production",TRUE,16,"crossed",40,0.01,0.05,"stochastic","precomputed_exact_table","iid",202916000,202916012,100,25000,"frontier_exhausted","tolerance-not-met",TRUE,1093,1093,341,9,8019,8010,8019,7678,FALSE,1,-1.33226762955019e-15,0,TRUE,TRUE,TRUE,-1.33226762955019e-15,-1.33226762955019e-15,1.33226762955019e-15,1093,364,32,729,698,263,Inf,263,263,0,9278,847,1093,8153,0,9246,2726.78,,
"regional-compression-exact-study-2026-08-13","production",TRUE,16,"crossed",40,0.05,0.05,"exact","precomputed_exact_table","exact",202916000,202916021,,25000,"certified","bounds-met",TRUE,112,112,132,132,132,0,132,0,TRUE,0.950212053184946,0.0497879468150545,0.0497879468150556,TRUE,TRUE,TRUE,0.0497879468150545,0.0510701054171718,0.0185773279130322,37,37,32,0,0,,,,,0,144,100,112,0,0,112,22.2799999999997,,
"regional-compression-exact-study-2026-08-13","production",TRUE,16,"crossed",40,0.05,0.05,"stochastic","precomputed_exact_table","iid",202916000,202916022,100,25000,"frontier_exhausted","tolerance-not-met",TRUE,1093,1093,132,9,8019,8010,8019,7887,FALSE,1,-1.33226762955019e-15,0,TRUE,TRUE,TRUE,-1.33226762955019e-15,-1.33226762955019e-15,1.33226762955019e-15,1093,364,32,729,698,263,Inf,263,263,0,9278,845,1093,8153,0,9246,2685.69,,
"regional-compression-exact-study-2026-08-13","production",TRUE,16,"crossed",40,0.1,0.05,"exact","precomputed_exact_table","exact",202916000,202916031,,25000,"certified","bounds-met",TRUE,106,106,80,80,80,0,80,0,TRUE,0.905568186348195,0.0944318136518054,0.094431813651806,TRUE,TRUE,TRUE,0.0944318136518054,0.0991927020661514,0.018083644607308,35,35,32,0,0,,,,,0,138,96,106,0,0,106,18.2800000000007,,
"regional-compression-exact-study-2026-08-13","production",TRUE,16,"crossed",40,0.1,0.05,"stochastic","precomputed_exact_table","iid",202916000,202916032,100,25000,"frontier_exhausted","tolerance-not-met",TRUE,1093,1093,80,9,8019,8010,8019,7939,FALSE,1,-1.33226762955019e-15,0,TRUE,TRUE,TRUE,-1.33226762955019e-15,-1.33226762955019e-15,1.33226762955019e-15,1093,364,32,729,698,263,Inf,263,263,0,9278,849,1093,8153,0,9246,2710.3,,
"regional-compression-exact-study-2026-08-13","production",TRUE,16,"crossed",40,0.2,0.05,"exact","precomputed_exact_table","exact",202916000,202916041,,25000,"certified","bounds-met",TRUE,55,55,39,39,39,0,39,0,TRUE,0.802692003880148,0.197307996119852,0.197307996119853,TRUE,TRUE,TRUE,0.197307996119852,0.219784195423875,0.0646121008462964,18,18,32,0,0,,,,,0,87,62,55,0,0,55,10.3600000000006,,
"regional-compression-exact-study-2026-08-13","production",TRUE,16,"crossed",40,0.2,0.05,"stochastic","precomputed_exact_table","iid",202916000,202916042,100,25000,"frontier_exhausted","tolerance-not-met",TRUE,1093,1093,39,9,8019,8010,8019,7980,FALSE,1,-1.33226762955019e-15,0,TRUE,TRUE,TRUE,-1.33226762955019e-15,-1.33226762955019e-15,1.33226762955019e-15,1093,364,32,729,698,263,Inf,263,263,0,9278,851,1093,8153,0,9246,2684.39,,
"regional-compression-exact-study-2026-08-13","production",TRUE,16,"crossed",41,0.01,0.05,"exact","precomputed_exact_table","exact",202916100,202916111,,25000,"certified","bounds-met",TRUE,109,109,162,162,162,0,162,0,TRUE,0.990079481628193,0.00992051837180663,0.00992051837181122,TRUE,TRUE,TRUE,0.00992051837180663,0.00997005460320466,0.0044474442764328,36,36,32,0,0,,,,,0,141,98,109,0,0,109,35.3,,
"regional-compression-exact-study-2026-08-13","production",TRUE,16,"crossed",41,0.01,0.05,"stochastic","precomputed_exact_table","iid",202916100,202916112,100,25000,"frontier_exhausted","tolerance-not-met",TRUE,1093,1093,162,9,8019,8010,8019,7857,FALSE,1,-4.66293670342566e-15,0,TRUE,TRUE,TRUE,-4.66293670342566e-15,-4.66293670342565e-15,4.77395900588817e-15,1093,364,32,729,698,411,Inf,411,411,0,13866,854,1093,12741,0,13834,2724.53,,
"regional-compression-exact-study-2026-08-13","production",TRUE,16,"crossed",41,0.05,0.05,"exact","precomputed_exact_table","exact",202916100,202916121,,25000,"certified","bounds-met",TRUE,52,52,63,63,63,0,63,0,TRUE,0.95573011551801,0.0442698844819899,0.0442698844819939,TRUE,TRUE,TRUE,0.0442698844819899,0.0452797117300639,0.0136256482076256,17,17,32,0,0,,,,,0,84,60,52,0,0,52,9.38000000000011,,
"regional-compression-exact-study-2026-08-13","production",TRUE,16,"crossed",41,0.05,0.05,"stochastic","precomputed_exact_table","iid",202916100,202916122,100,25000,"frontier_exhausted","tolerance-not-met",TRUE,1093,1093,63,9,8019,8010,8019,7956,FALSE,1,-4.66293670342566e-15,0,TRUE,TRUE,TRUE,-4.66293670342566e-15,-4.66293670342565e-15,4.77395900588817e-15,1093,364,32,729,698,411,Inf,411,411,0,13866,853,1093,12741,0,13834,2657.99,,
"regional-compression-exact-study-2026-08-13","production",TRUE,16,"crossed",41,0.1,0.05,"exact","precomputed_exact_table","exact",202916100,202916131,,25000,"certified","bounds-met",TRUE,58,58,42,42,42,0,42,0,TRUE,0.916530432556915,0.0834695674430848,0.0834695674430893,TRUE,TRUE,TRUE,0.0834695674430848,0.0871600070633517,0.0239029175517278,19,19,32,0,0,,,,,0,90,64,58,0,0,58,9.9399999999996,,
"regional-compression-exact-study-2026-08-13","production",TRUE,16,"crossed",41,0.1,0.05,"stochastic","precomputed_exact_table","iid",202916100,202916132,100,25000,"frontier_exhausted","tolerance-not-met",TRUE,1093,1093,42,9,8019,8010,8019,7977,FALSE,1,-4.66293670342566e-15,0,TRUE,TRUE,TRUE,-4.66293670342566e-15,-4.66293670342565e-15,4.77395900588817e-15,1093,364,32,729,698,411,Inf,411,411,0,13866,851,1093,12741,0,13834,2644.77,,
"regional-compression-exact-study-2026-08-13","production",TRUE,16,"crossed",41,0.2,0.05,"exact","precomputed_exact_table","exact",202916100,202916141,,25000,"certified","bounds-met",TRUE,19,19,10,10,10,0,10,0,TRUE,0.800589625311789,0.199410374688211,0.199410374688216,TRUE,TRUE,TRUE,0.199410374688211,0.222406791148911,0.0591965072840757,6,6,32,0,0,,,,,0,51,38,19,0,0,19,2.36999999999898,,
"regional-compression-exact-study-2026-08-13","production",TRUE,16,"crossed",41,0.2,0.05,"stochastic","precomputed_exact_table","iid",202916100,202916142,100,25000,"frontier_exhausted","tolerance-not-met",TRUE,1093,1093,10,9,8019,8010,8019,8009,FALSE,1,-4.66293670342566e-15,0,TRUE,TRUE,TRUE,-4.66293670342566e-15,-4.66293670342565e-15,4.77395900588817e-15,1093,364,32,729,698,411,Inf,411,411,0,13866,854,1093,12741,0,13834,2598.09,,
"regional-compression-exact-study-2026-08-13","production",TRUE,16,"crossed",42,0.01,0.05,"exact","precomputed_exact_table","exact",202916200,202916211,,25000,"certified","bounds-met",TRUE,298,298,511,511,511,0,511,0,TRUE,0.990043566859247,0.00995643314075345,0.00995643314075651,TRUE,TRUE,TRUE,0.00995643314075345,0.010006329893246,0.00263751084551708,99,99,32,0,0,,,,,0,330,224,298,0,0,298,106.84,,
"regional-compression-exact-study-2026-08-13","production",TRUE,16,"crossed",42,0.01,0.05,"stochastic","precomputed_exact_table","iid",202916200,202916212,100,25000,"frontier_exhausted","tolerance-not-met",TRUE,1093,1093,511,9,8019,8010,8019,7508,FALSE,1,-3.10862446895044e-15,0,TRUE,TRUE,TRUE,-3.10862446895044e-15,-3.10862446895043e-15,2.88657986402541e-15,1093,364,32,729,698,460,Inf,460,460,0,15385,854,1093,14260,0,15353,2738.39,,
"regional-compression-exact-study-2026-08-13","production",TRUE,16,"crossed",42,0.05,0.05,"exact","precomputed_exact_table","exact",202916200,202916221,,25000,"certified","bounds-met",TRUE,172,172,213,213,213,0,213,0,TRUE,0.951391388020333,0.0486086119796675,0.0486086119796707,TRUE,TRUE,TRUE,0.0486086119796675,0.0498297469270347,0.0139022489400852,57,57,32,0,0,,,,,0,204,140,172,0,0,172,32.8900000000003,,
"regional-compression-exact-study-2026-08-13","production",TRUE,16,"crossed",42,0.05,0.05,"stochastic","precomputed_exact_table","iid",202916200,202916222,100,25000,"frontier_exhausted","tolerance-not-met",TRUE,1093,1093,213,9,8019,8010,8019,7806,FALSE,1,-3.10862446895044e-15,0,TRUE,TRUE,TRUE,-3.10862446895044e-15,-3.10862446895043e-15,2.88657986402541e-15,1093,364,32,729,698,460,Inf,460,460,0,15385,852,1093,14260,0,15353,2666.83,,
"regional-compression-exact-study-2026-08-13","production",TRUE,16,"crossed",42,0.1,0.05,"exact","precomputed_exact_table","exact",202916200,202916231,,25000,"certified","bounds-met",TRUE,115,115,122,122,122,0,122,0,TRUE,0.903209153030972,0.0967908469690277,0.0967908469690302,TRUE,TRUE,TRUE,0.0967908469690277,0.101801132195628,0.0181289129389857,38,38,32,0,0,,,,,0,147,102,115,0,0,115,20.6099999999997,,
"regional-compression-exact-study-2026-08-13","production",TRUE,16,"crossed",42,0.1,0.05,"stochastic","precomputed_exact_table","iid",202916200,202916232,100,25000,"frontier_exhausted","tolerance-not-met",TRUE,1093,1093,122,9,8019,8010,8019,7897,FALSE,1,-3.10862446895044e-15,0,TRUE,TRUE,TRUE,-3.10862446895044e-15,-3.10862446895043e-15,2.88657986402541e-15,1093,364,32,729,698,460,Inf,460,460,0,15385,852,1093,14260,0,15353,2635.4,,
"regional-compression-exact-study-2026-08-13","production",TRUE,16,"crossed",42,0.2,0.05,"exact","precomputed_exact_table","exact",202916200,202916241,,25000,"certified","bounds-met",TRUE,85,85,60,60,60,0,60,0,TRUE,0.812882420565071,0.187117579434929,0.187117579434931,TRUE,TRUE,TRUE,0.187117579434929,0.207168804044611,0.039825509818898,28,28,32,0,0,,,,,0,117,82,85,0,0,85,16.4399999999987,,
"regional-compression-exact-study-2026-08-13","production",TRUE,16,"crossed",42,0.2,0.05,"stochastic","precomputed_exact_table","iid",202916200,202916242,100,25000,"frontier_exhausted","tolerance-not-met",TRUE,1093,1093,60,9,8019,8010,8019,7959,FALSE,1,-3.10862446895044e-15,0,TRUE,TRUE,TRUE,-3.10862446895044e-15,-3.10862446895043e-15,2.88657986402541e-15,1093,364,32,729,698,460,Inf,460,460,0,15385,856,1093,14260,0,15353,2588.25,,
"regional-compression-exact-study-2026-08-13","production",TRUE,16,"crossed",43,0.01,0.05,"exact","precomputed_exact_table","exact",202916300,202916311,,25000,"certified","bounds-met",TRUE,325,325,878,878,878,0,878,0,TRUE,0.990014224540639,0.00998577545936097,0.00998577545935419,TRUE,TRUE,TRUE,0.00998577545936097,0.0100359677338557,0.00391134280969227,108,108,32,0,0,,,,,0,357,242,325,0,0,325,129.25,,
"regional-compression-exact-study-2026-08-13","production",TRUE,16,"crossed",43,0.01,0.05,"stochastic","precomputed_exact_table","iid",202916300,202916312,100,25000,"budget_exhausted","budget-exhausted",TRUE,1045,1045,878,9,Inf,Inf,Inf,Inf,FALSE,0,1,1,TRUE,FALSE,TRUE,1,Inf,,1031,348,32,683,663,1168,Inf,1168,1168,0,24437,820,1045,23360,0,24405,2412.97,,
"regional-compression-exact-study-2026-08-13","production",TRUE,16,"crossed",43,0.05,0.05,"exact","precomputed_exact_table","exact",202916300,202916321,,25000,"certified","bounds-met",TRUE,193,193,342,342,342,0,342,0,TRUE,0.95068570634255,0.0493142936574503,0.0493142936574439,TRUE,TRUE,TRUE,0.0493142936574503,0.0505717586070577,0.0156943207081712,64,64,32,0,0,,,,,0,225,154,193,0,0,193,40.3300000000004,,
"regional-compression-exact-study-2026-08-13","production",TRUE,16,"crossed",43,0.05,0.05,"stochastic","precomputed_exact_table","iid",202916300,202916322,100,25000,"budget_exhausted","budget-exhausted",TRUE,1045,1045,342,9,Inf,Inf,Inf,Inf,FALSE,0,1,1,TRUE,FALSE,TRUE,1,Inf,,1031,348,32,683,663,1168,Inf,1168,1168,0,24437,818,1045,23360,0,24405,2310.05,,
"regional-compression-exact-study-2026-08-13","production",TRUE,16,"crossed",43,0.1,0.05,"exact","precomputed_exact_table","exact",202916300,202916331,,25000,"certified","bounds-met",TRUE,130,130,204,204,204,0,204,0,TRUE,0.900376382102294,0.0996236178977056,0.0996236178976988,TRUE,TRUE,TRUE,0.0996236178977056,0.104942400744168,0.032865958004049,43,43,32,0,0,,,,,0,162,112,130,0,0,130,26.5200000000004,,
"regional-compression-exact-study-2026-08-13","production",TRUE,16,"crossed",43,0.1,0.05,"stochastic","precomputed_exact_table","iid",202916300,202916332,100,25000,"budget_exhausted","budget-exhausted",TRUE,1045,1045,204,9,Inf,Inf,Inf,Inf,FALSE,0,1,1,TRUE,FALSE,TRUE,1,Inf,,1031,348,32,683,663,1168,Inf,1168,1168,0,24437,817,1045,23360,0,24405,2295.59,,
"regional-compression-exact-study-2026-08-13","production",TRUE,16,"crossed",43,0.2,0.05,"exact","precomputed_exact_table","exact",202916300,202916341,,25000,"certified","bounds-met",TRUE,97,97,107,107,107,0,107,0,TRUE,0.800350815592956,0.199649184407044,0.199649184407039,TRUE,TRUE,TRUE,0.199649184407044,0.222705127944587,0.0562515336850768,32,32,32,0,0,,,,,0,129,90,97,0,0,97,17.4099999999999,,
"regional-compression-exact-study-2026-08-13","production",TRUE,16,"crossed",43,0.2,0.05,"stochastic","precomputed_exact_table","iid",202916300,202916342,100,25000,"budget_exhausted","budget-exhausted",TRUE,1045,1045,107,9,Inf,Inf,Inf,Inf,FALSE,0,1,1,TRUE,FALSE,TRUE,1,Inf,,1031,348,32,683,663,1168,Inf,1168,1168,0,24437,822,1045,23360,0,24405,2276.95,,
"regional-compression-exact-study-2026-08-13","production",TRUE,16,"crossed",44,0.01,0.05,"exact","precomputed_exact_table","exact",202916400,202916411,,25000,"certified","bounds-met",TRUE,217,217,323,323,323,0,323,0,TRUE,0.990009919943439,0.00999008005656143,0.00999008005655866,TRUE,TRUE,TRUE,0.00999008005656143,0.0100403157588153,0.00451304651010442,72,72,32,0,0,,,,,0,249,170,217,0,0,217,78.8,,
"regional-compression-exact-study-2026-08-13","production",TRUE,16,"crossed",44,0.01,0.05,"stochastic","precomputed_exact_table","iid",202916400,202916412,100,25000,"frontier_exhausted","tolerance-not-met",TRUE,1093,1093,323,9,8019,8010,8019,7696,FALSE,0.999999999999997,2.77555756156289e-15,0,TRUE,TRUE,TRUE,2.77555756156289e-15,2.7755575615629e-15,2.77555756156289e-15,1093,364,32,729,698,224,Inf,224,224,0,8069,845,1093,6944,0,8037,2763.69,,
"regional-compression-exact-study-2026-08-13","production",TRUE,16,"crossed",44,0.05,0.05,"exact","precomputed_exact_table","exact",202916400,202916421,,25000,"certified","bounds-met",TRUE,112,112,131,131,131,0,131,0,TRUE,0.950375741803979,0.0496242581960207,0.049624258196018,TRUE,TRUE,TRUE,0.0496242581960207,0.0508978548956541,0.0260567121129718,37,37,32,0,0,,,,,0,144,100,112,0,0,112,20.0300000000002,,
"regional-compression-exact-study-2026-08-13","production",TRUE,16,"crossed",44,0.05,0.05,"stochastic","precomputed_exact_table","iid",202916400,202916422,100,25000,"frontier_exhausted","tolerance-not-met",TRUE,1093,1093,131,9,8019,8010,8019,7888,FALSE,0.999999999999997,2.77555756156289e-15,0,TRUE,TRUE,TRUE,2.77555756156289e-15,2.7755575615629e-15,2.77555756156289e-15,1093,364,32,729,698,224,Inf,224,224,0,8069,849,1093,6944,0,8037,2657.42,,
"regional-compression-exact-study-2026-08-13","production",TRUE,16,"crossed",44,0.1,0.05,"exact","precomputed_exact_table","exact",202916400,202916431,,25000,"certified","bounds-met",TRUE,70,70,72,72,72,0,72,0,TRUE,0.905920798552405,0.094079201447595,0.094079201447592,TRUE,TRUE,TRUE,0.094079201447595,0.0988033955767351,0.0254221041440302,23,23,32,0,0,,,,,0,102,72,70,0,0,70,12.6400000000003,,
"regional-compression-exact-study-2026-08-13","production",TRUE,16,"crossed",44,0.1,0.05,"stochastic","precomputed_exact_table","iid",202916400,202916432,100,25000,"frontier_exhausted","tolerance-not-met",TRUE,1093,1093,72,9,8019,8010,8019,7947,FALSE,0.999999999999997,2.77555756156289e-15,0,TRUE,TRUE,TRUE,2.77555756156289e-15,2.7755575615629e-15,2.77555756156289e-15,1093,364,32,729,698,224,Inf,224,224,0,8069,841,1093,6944,0,8037,2623.54,,
"regional-compression-exact-study-2026-08-13","production",TRUE,16,"crossed",44,0.2,0.05,"exact","precomputed_exact_table","exact",202916400,202916441,,25000,"certified","bounds-met",TRUE,46,46,30,30,30,0,30,0,TRUE,0.803730921520571,0.196269078479429,0.196269078479427,TRUE,TRUE,TRUE,0.196269078479429,0.218490740544913,0.0809629084077982,15,15,32,0,0,,,,,0,78,56,46,0,0,46,6.46999999999935,,
"regional-compression-exact-study-2026-08-13","production",TRUE,16,"crossed",44,0.2,0.05,"stochastic","precomputed_exact_table","iid",202916400,202916442,100,25000,"frontier_exhausted","tolerance-not-met",TRUE,1093,1093,30,9,8019,8010,8019,7989,FALSE,0.999999999999997,2.77555756156289e-15,0,TRUE,TRUE,TRUE,2.77555756156289e-15,2.7755575615629e-15,2.77555756156289e-15,1093,364,32,729,698,224,Inf,224,224,0,8069,848,1093,6944,0,8037,2620.75,,
"regional-compression-exact-study-2026-08-13","production",TRUE,16,"crossed",45,0.01,0.05,"exact","precomputed_exact_table","exact",202916500,202916511,,25000,"certified","bounds-met",TRUE,316,316,537,537,537,0,537,0,TRUE,0.990069486799577,0.00993051320042282,0.00993051320041976,TRUE,TRUE,TRUE,0.00993051320042282,0.00998014963017044,0.0039324434344121,105,105,32,0,0,,,,,0,348,236,316,0,0,316,126.71,,
"regional-compression-exact-study-2026-08-13","production",TRUE,16,"crossed",45,0.01,0.05,"stochastic","precomputed_exact_table","iid",202916500,202916512,100,25000,"budget_exhausted","budget-exhausted",TRUE,1039,1039,537,10,Inf,Inf,Inf,Inf,FALSE,0,1,1,TRUE,FALSE,TRUE,1,Inf,,993,346,32,647,613,19,Inf,100,1501,0,23935,889,1039,22864,0,23903,2277.55,,
"regional-compression-exact-study-2026-08-13","production",TRUE,16,"crossed",45,0.05,0.05,"exact","precomputed_exact_table","exact",202916500,202916521,,25000,"certified","bounds-met",TRUE,190,190,224,224,224,0,224,0,TRUE,0.95026665944585,0.0497333405541502,0.0497333405541473,TRUE,TRUE,TRUE,0.0497333405541502,0.051012639621258,0.0173814087677154,63,63,32,0,0,,,,,0,222,152,190,0,0,190,40.9200000000001,,
"regional-compression-exact-study-2026-08-13","production",TRUE,16,"crossed",45,0.05,0.05,"stochastic","precomputed_exact_table","iid",202916500,202916522,100,25000,"budget_exhausted","budget-exhausted",TRUE,1039,1039,224,10,Inf,Inf,Inf,Inf,FALSE,0,1,1,TRUE,FALSE,TRUE,1,Inf,,993,346,32,647,613,19,Inf,100,1501,0,23935,889,1039,22864,0,23903,2232.4,,
"regional-compression-exact-study-2026-08-13","production",TRUE,16,"crossed",45,0.1,0.05,"exact","precomputed_exact_table","exact",202916500,202916531,,25000,"certified","bounds-met",TRUE,145,145,140,140,140,0,140,0,TRUE,0.903293234597381,0.0967067654026194,0.0967067654026158,TRUE,TRUE,TRUE,0.0967067654026194,0.101708044506351,0.0190093004479671,48,48,32,0,0,,,,,0,177,122,145,0,0,145,27.9199999999992,,
"regional-compression-exact-study-2026-08-13","production",TRUE,16,"crossed",45,0.1,0.05,"stochastic","precomputed_exact_table","iid",202916500,202916532,100,25000,"budget_exhausted","budget-exhausted",TRUE,1039,1039,140,9,Inf,Inf,Inf,Inf,FALSE,0,1,1,TRUE,FALSE,TRUE,1,Inf,,993,346,32,647,613,19,Inf,100,1501,0,23935,893,1039,22864,0,23903,2146.8,,
"regional-compression-exact-study-2026-08-13","production",TRUE,16,"crossed",45,0.2,0.05,"exact","precomputed_exact_table","exact",202916500,202916541,,25000,"certified","bounds-met",TRUE,85,85,70,70,70,0,70,0,TRUE,0.808132017744044,0.191867982255956,0.191867982255952,TRUE,TRUE,TRUE,0.191867982255956,0.213029845510372,0.0658802684531461,28,28,32,0,0,,,,,0,117,82,85,0,0,85,14.54,,
"regional-compression-exact-study-2026-08-13","production",TRUE,16,"crossed",45,0.2,0.05,"stochastic","precomputed_exact_table","iid",202916500,202916542,100,25000,"budget_exhausted","budget-exhausted",TRUE,1039,1039,70,9,Inf,Inf,Inf,Inf,FALSE,0,1,1,TRUE,FALSE,TRUE,1,Inf,,993,346,32,647,613,19,Inf,100,1501,0,23935,896,1039,22864,0,23903,2136.42,,
"regional-compression-exact-study-2026-08-13","production",TRUE,16,"crossed",46,0.01,0.05,"exact","precomputed_exact_table","exact",202916600,202916611,,25000,"certified","bounds-met",TRUE,328,328,591,591,591,0,591,0,TRUE,0.990040421696099,0.00995957830390104,0.00995957830390054,TRUE,TRUE,TRUE,0.00995957830390104,0.0100095066909635,0.00416154198631392,109,109,32,0,0,,,,,0,360,244,328,0,0,328,138.09,,
"regional-compression-exact-study-2026-08-13","production",TRUE,16,"crossed",46,0.01,0.05,"stochastic","precomputed_exact_table","iid",202916600,202916612,100,25000,"budget_exhausted","budget-exhausted",TRUE,1066,1066,591,8,Inf,Inf,Inf,Inf,FALSE,0,1,1,TRUE,FALSE,TRUE,1,Inf,,1028,355,32,673,639,136,Inf,136,1511,0,24357,884,1066,23259,0,24325,2394.75,,
"regional-compression-exact-study-2026-08-13","production",TRUE,16,"crossed",46,0.05,0.05,"exact","precomputed_exact_table","exact",202916600,202916621,,25000,"certified","bounds-met",TRUE,208,208,263,263,263,0,263,0,TRUE,0.950638037801352,0.0493619621986476,0.0493619621986471,TRUE,TRUE,TRUE,0.0493619621986476,0.0506219010842178,0.014845667999878,69,69,32,0,0,,,,,0,240,164,208,0,0,208,43.98,,
"regional-compression-exact-study-2026-08-13","production",TRUE,16,"crossed",46,0.05,0.05,"stochastic","precomputed_exact_table","iid",202916600,202916622,100,25000,"budget_exhausted","budget-exhausted",TRUE,1066,1066,263,8,Inf,Inf,Inf,Inf,FALSE,0,1,1,TRUE,FALSE,TRUE,1,Inf,,1028,355,32,673,639,136,Inf,136,1511,0,24357,885,1066,23259,0,24325,2374.59,,
"regional-compression-exact-study-2026-08-13","production",TRUE,16,"crossed",46,0.1,0.05,"exact","precomputed_exact_table","exact",202916600,202916631,,25000,"certified","bounds-met",TRUE,142,142,161,161,161,0,161,0,TRUE,0.901556797016809,0.0984432029831908,0.0984432029831905,TRUE,TRUE,TRUE,0.0984432029831908,0.103632235531556,0.0353902137816134,47,47,32,0,0,,,,,0,174,120,142,0,0,142,28.6399999999994,,
"regional-compression-exact-study-2026-08-13","production",TRUE,16,"crossed",46,0.1,0.05,"stochastic","precomputed_exact_table","iid",202916600,202916632,100,25000,"budget_exhausted","budget-exhausted",TRUE,1066,1066,161,8,Inf,Inf,Inf,Inf,FALSE,0,1,1,TRUE,FALSE,TRUE,1,Inf,,1028,355,32,673,639,136,Inf,136,1511,0,24357,878,1066,23259,0,24325,2330.27,,
"regional-compression-exact-study-2026-08-13","production",TRUE,16,"crossed",46,0.2,0.05,"exact","precomputed_exact_table","exact",202916600,202916641,,25000,"certified","bounds-met",TRUE,109,109,87,87,87,0,87,0,TRUE,0.801945297870159,0.198054702129841,0.198054702129841,TRUE,TRUE,TRUE,0.198054702129841,0.220714880586276,0.079027822075996,36,36,32,0,0,,,,,0,141,98,109,0,0,109,19.5900000000001,,
"regional-compression-exact-study-2026-08-13","production",TRUE,16,"crossed",46,0.2,0.05,"stochastic","precomputed_exact_table","iid",202916600,202916642,100,25000,"budget_exhausted","budget-exhausted",TRUE,1066,1066,87,8,Inf,Inf,Inf,Inf,FALSE,0,1,1,TRUE,FALSE,TRUE,1,Inf,,1028,355,32,673,639,136,Inf,136,1511,0,24357,892,1066,23259,0,24325,2312.78,,
"regional-compression-exact-study-2026-08-13","production",TRUE,16,"crossed",47,0.01,0.05,"exact","precomputed_exact_table","exact",202916700,202916711,,25000,"certified","bounds-met",TRUE,205,205,294,294,294,0,294,0,TRUE,0.990053240391307,0.00994675960869273,0.00994675960869977,TRUE,TRUE,TRUE,0.00994675960869273,0.00999655912645791,0.00367442880944316,68,68,32,0,0,,,,,0,237,162,205,0,0,205,75.71,,
"regional-compression-exact-study-2026-08-13","production",TRUE,16,"crossed",47,0.01,0.05,"stochastic","precomputed_exact_table","iid",202916700,202916712,100,25000,"budget_exhausted","budget-exhausted",TRUE,1060,1060,294,9,Inf,Inf,Inf,Inf,FALSE,0,1,1,TRUE,FALSE,TRUE,1,Inf,,1020,353,32,667,651,1459,Inf,1459,1459,0,24436,833,1060,23344,0,24404,2346.05,,
"regional-compression-exact-study-2026-08-13","production",TRUE,16,"crossed",47,0.05,0.05,"exact","precomputed_exact_table","exact",202916700,202916721,,25000,"certified","bounds-met",TRUE,97,97,114,114,114,0,114,0,TRUE,0.953210723598211,0.0467892764017886,0.046789276401796,TRUE,TRUE,TRUE,0.0467892764017886,0.0479192837177986,0.019375302427391,32,32,32,0,0,,,,,0,129,90,97,0,0,97,16.2200000000003,,
"regional-compression-exact-study-2026-08-13","production",TRUE,16,"crossed",47,0.05,0.05,"stochastic","precomputed_exact_table","iid",202916700,202916722,100,25000,"budget_exhausted","budget-exhausted",TRUE,1060,1060,114,8,Inf,Inf,Inf,Inf,FALSE,0,1,1,TRUE,FALSE,TRUE,1,Inf,,1020,353,32,667,651,1459,Inf,1459,1459,0,24436,833,1060,23344,0,24404,2262.97,,
"regional-compression-exact-study-2026-08-13","production",TRUE,16,"crossed",47,0.1,0.05,"exact","precomputed_exact_table","exact",202916700,202916731,,25000,"certified","bounds-met",TRUE,106,106,71,71,71,0,71,0,TRUE,0.900528579512671,0.0994714204873292,0.099471420487336,TRUE,TRUE,TRUE,0.0994714204873292,0.104773377487547,0.0268940485527579,35,35,32,0,0,,,,,0,138,96,106,0,0,106,18.8299999999999,,
"regional-compression-exact-study-2026-08-13","production",TRUE,16,"crossed",47,0.1,0.05,"stochastic","precomputed_exact_table","iid",202916700,202916732,100,25000,"budget_exhausted","budget-exhausted",TRUE,1060,1060,71,8,Inf,Inf,Inf,Inf,FALSE,0,1,1,TRUE,FALSE,TRUE,1,Inf,,1020,353,32,667,651,1459,Inf,1459,1459,0,24436,831,1060,23344,0,24404,2247.98,,
"regional-compression-exact-study-2026-08-13","production",TRUE,16,"crossed",47,0.2,0.05,"exact","precomputed_exact_table","exact",202916700,202916741,,25000,"certified","bounds-met",TRUE,55,55,30,30,30,0,30,0,TRUE,0.807901228432384,0.192098771567616,0.192098771567621,TRUE,TRUE,TRUE,0.192098771567616,0.213315469972337,0.0458730501014256,18,18,32,0,0,,,,,0,87,62,55,0,0,55,8.96999999999935,,
"regional-compression-exact-study-2026-08-13","production",TRUE,16,"crossed",47,0.2,0.05,"stochastic","precomputed_exact_table","iid",202916700,202916742,100,25000,"budget_exhausted","budget-exhausted",TRUE,1060,1060,30,8,Inf,Inf,Inf,Inf,FALSE,0,1,1,TRUE,FALSE,TRUE,1,Inf,,1020,353,32,667,651,1459,Inf,1459,1459,0,24436,829,1060,23344,0,24404,2270.57,,
"regional-compression-exact-study-2026-08-13","production",TRUE,16,"crossed",48,0.01,0.05,"exact","precomputed_exact_table","exact",202916800,202916811,,25000,"certified","bounds-met",TRUE,241,241,422,422,422,0,422,0,TRUE,0.990181871093344,0.00981812890665634,0.00981812890666327,TRUE,TRUE,TRUE,0.00981812890665634,0.00986664455068728,0.00323593263401088,80,80,32,0,0,,,,,0,273,186,241,0,0,241,87.89,,
"regional-compression-exact-study-2026-08-13","production",TRUE,16,"crossed",48,0.01,0.05,"stochastic","precomputed_exact_table","iid",202916800,202916812,100,25000,"frontier_exhausted","tolerance-not-met",TRUE,1093,1093,422,9,8019,8010,8019,7597,FALSE,1.00000000000001,-6.88338275267597e-15,0,TRUE,TRUE,TRUE,-6.88338275267597e-15,-6.88338275267595e-15,6.32827124036339e-15,1093,364,32,729,698,420,Inf,420,420,0,14145,847,1093,13020,0,14113,2617.24,,
"regional-compression-exact-study-2026-08-13","production",TRUE,16,"crossed",48,0.05,0.05,"exact","precomputed_exact_table","exact",202916800,202916821,,25000,"certified","bounds-met",TRUE,124,124,162,162,162,0,162,0,TRUE,0.950903288514539,0.0490967114854612,0.0490967114854673,TRUE,TRUE,TRUE,0.0490967114854612,0.0503429161247683,0.0167120146074747,41,41,32,0,0,,,,,0,156,108,124,0,0,124,24.5299999999997,,
"regional-compression-exact-study-2026-08-13","production",TRUE,16,"crossed",48,0.05,0.05,"stochastic","precomputed_exact_table","iid",202916800,202916822,100,25000,"frontier_exhausted","tolerance-not-met",TRUE,1093,1093,162,9,8019,8010,8019,7857,FALSE,1.00000000000001,-6.88338275267597e-15,0,TRUE,TRUE,TRUE,-6.88338275267597e-15,-6.88338275267595e-15,6.32827124036339e-15,1093,364,32,729,698,420,Inf,420,420,0,14145,851,1093,13020,0,14113,2574.3,,
"regional-compression-exact-study-2026-08-13","production",TRUE,16,"crossed",48,0.1,0.05,"exact","precomputed_exact_table","exact",202916800,202916831,,25000,"certified","bounds-met",TRUE,82,82,91,91,91,0,91,0,TRUE,0.90003411832701,0.0999658816729896,0.0999658816729953,TRUE,TRUE,TRUE,0.0999658816729896,0.10532260712413,0.0360753956176951,27,27,32,0,0,,,,,0,114,80,82,0,0,82,13.2400000000007,,
"regional-compression-exact-study-2026-08-13","production",TRUE,16,"crossed",48,0.1,0.05,"stochastic","precomputed_exact_table","iid",202916800,202916832,100,25000,"frontier_exhausted","tolerance-not-met",TRUE,1093,1093,91,9,8019,8010,8019,7928,FALSE,1.00000000000001,-6.88338275267597e-15,0,TRUE,TRUE,TRUE,-6.88338275267597e-15,-6.88338275267595e-15,6.32827124036339e-15,1093,364,32,729,698,420,Inf,420,420,0,14145,855,1093,13020,0,14113,2571.56,,
"regional-compression-exact-study-2026-08-13","production",TRUE,16,"crossed",48,0.2,0.05,"exact","precomputed_exact_table","exact",202916800,202916841,,25000,"certified","bounds-met",TRUE,61,61,50,50,50,0,50,0,TRUE,0.806107941103135,0.193892058896865,0.193892058896873,TRUE,TRUE,TRUE,0.193892058896865,0.215537623478068,0.0528618230427342,20,20,32,0,0,,,,,0,93,66,61,0,0,61,9.77999999999884,,
"regional-compression-exact-study-2026-08-13","production",TRUE,16,"crossed",48,0.2,0.05,"stochastic","precomputed_exact_table","iid",202916800,202916842,100,25000,"frontier_exhausted","tolerance-not-met",TRUE,1093,1093,50,9,8019,8010,8019,7969,FALSE,1.00000000000001,-6.88338275267597e-15,0,TRUE,TRUE,TRUE,-6.88338275267597e-15,-6.88338275267595e-15,6.32827124036339e-15,1093,364,32,729,698,420,Inf,420,420,0,14145,851,1093,13020,0,14113,2620.43,,
"regional-compression-exact-study-2026-08-13","production",TRUE,16,"crossed",49,0.01,0.05,"exact","precomputed_exact_table","exact",202916900,202916911,,25000,"certified","bounds-met",TRUE,187,187,353,353,353,0,353,0,TRUE,0.990111592880639,0.00988840711936123,0.00988840711936178,TRUE,TRUE,TRUE,0.00988840711936123,0.00993762212447916,0.00359457371979315,62,62,32,0,0,,,,,0,219,150,187,0,0,187,66.31,,
"regional-compression-exact-study-2026-08-13","production",TRUE,16,"crossed",49,0.01,0.05,"stochastic","precomputed_exact_table","iid",202916900,202916912,100,25000,"frontier_exhausted","tolerance-not-met",TRUE,1093,1093,353,9,8019,8010,8019,7666,FALSE,1,-6.66133814775094e-16,0,TRUE,TRUE,TRUE,-6.66133814775094e-16,-6.66133814775094e-16,6.66133814775094e-16,1093,364,32,729,698,467,Inf,467,467,0,15602,885,1093,14477,0,15570,2668.28,,
"regional-compression-exact-study-2026-08-13","production",TRUE,16,"crossed",49,0.05,0.05,"exact","precomputed_exact_table","exact",202916900,202916921,,25000,"certified","bounds-met",TRUE,106,106,135,135,135,0,135,0,TRUE,0.953593608024106,0.0464063919758941,0.0464063919758946,TRUE,TRUE,TRUE,0.0464063919758941,0.0475176856883723,0.0158683600480207,35,35,32,0,0,,,,,0,138,96,106,0,0,106,24.23,,
"regional-compression-exact-study-2026-08-13","production",TRUE,16,"crossed",49,0.05,0.05,"stochastic","precomputed_exact_table","iid",202916900,202916922,100,25000,"frontier_exhausted","tolerance-not-met",TRUE,1093,1093,135,9,8019,8010,8019,7884,FALSE,1,-6.66133814775094e-16,0,TRUE,TRUE,TRUE,-6.66133814775094e-16,-6.66133814775094e-16,6.66133814775094e-16,1093,364,32,729,698,467,Inf,467,467,0,15602,876,1093,14477,0,15570,2659.29,,
"regional-compression-exact-study-2026-08-13","production",TRUE,16,"crossed",49,0.1,0.05,"exact","precomputed_exact_table","exact",202916900,202916931,,25000,"certified","bounds-met",TRUE,94,94,83,83,83,0,83,0,TRUE,0.90483122506267,0.0951687749373298,0.0951687749373306,TRUE,TRUE,TRUE,0.0951687749373298,0.100006844317398,0.0360170026929833,31,31,32,0,0,,,,,0,126,88,94,0,0,94,18.9200000000001,,
"regional-compression-exact-study-2026-08-13","production",TRUE,16,"crossed",49,0.1,0.05,"stochastic","precomputed_exact_table","iid",202916900,202916932,100,25000,"frontier_exhausted","tolerance-not-met",TRUE,1093,1093,83,9,8019,8010,8019,7936,FALSE,1,-6.66133814775094e-16,0,TRUE,TRUE,TRUE,-6.66133814775094e-16,-6.66133814775094e-16,6.66133814775094e-16,1093,364,32,729,698,467,Inf,467,467,0,15602,883,1093,14477,0,15570,2735.63,,
"regional-compression-exact-study-2026-08-13","production",TRUE,16,"crossed",49,0.2,0.05,"exact","precomputed_exact_table","exact",202916900,202916941,,25000,"certified","bounds-met",TRUE,43,43,41,41,41,0,41,0,TRUE,0.801638344574767,0.198361655425233,0.198361655425233,TRUE,TRUE,TRUE,0.198361655425233,0.221097714747235,0.0537650879513263,14,14,32,0,0,,,,,0,75,54,43,0,0,43,7.39000000000124,,
"regional-compression-exact-study-2026-08-13","production",TRUE,16,"crossed",49,0.2,0.05,"stochastic","precomputed_exact_table","iid",202916900,202916942,100,25000,"frontier_exhausted","tolerance-not-met",TRUE,1093,1093,41,9,8019,8010,8019,7978,FALSE,1,-6.66133814775094e-16,0,TRUE,TRUE,TRUE,-6.66133814775094e-16,-6.66133814775094e-16,6.66133814775094e-16,1093,364,32,729,698,467,Inf,467,467,0,15602,885,1093,14477,0,15570,2667.77,,
"regional-compression-exact-study-2026-08-13","production",TRUE,16,"crossed",50,0.01,0.05,"exact","precomputed_exact_table","exact",202917000,202917011,,25000,"certified","bounds-met",TRUE,232,232,355,355,355,0,355,0,TRUE,0.990068315253465,0.00993168474653516,0.00993168474653723,TRUE,TRUE,TRUE,0.00993168474653516,0.00998133292772795,0.00437164145791225,77,77,32,0,0,,,,,0,264,180,232,0,0,232,90.82,,
"regional-compression-exact-study-2026-08-13","production",TRUE,16,"crossed",50,0.01,0.05,"stochastic","precomputed_exact_table","iid",202917000,202917012,100,25000,"frontier_exhausted","tolerance-not-met",TRUE,1093,1093,355,9,8019,8010,8019,7664,FALSE,1,-2.22044604925031e-15,0,TRUE,TRUE,TRUE,-2.22044604925031e-15,-2.22044604925031e-15,2.22044604925031e-15,1093,364,32,729,698,163,Inf,163,163,0,6178,836,1093,5053,0,6146,2749.97,,
"regional-compression-exact-study-2026-08-13","production",TRUE,16,"crossed",50,0.05,0.05,"exact","precomputed_exact_table","exact",202917000,202917021,,25000,"certified","bounds-met",TRUE,148,148,162,162,162,0,162,0,TRUE,0.950654286578515,0.0493457134214853,0.049345713421487,TRUE,TRUE,TRUE,0.0493457134214853,0.0506048087339733,0.0144493203597994,49,49,32,0,0,,,,,0,180,124,148,0,0,148,23.7999999999997,,
"regional-compression-exact-study-2026-08-13","production",TRUE,16,"crossed",50,0.05,0.05,"stochastic","precomputed_exact_table","iid",202917000,202917022,100,25000,"frontier_exhausted","tolerance-not-met",TRUE,1093,1093,162,9,8019,8010,8019,7857,FALSE,1,-2.22044604925031e-15,0,TRUE,TRUE,TRUE,-2.22044604925031e-15,-2.22044604925031e-15,2.22044604925031e-15,1093,364,32,729,698,163,Inf,163,163,0,6178,845,1093,5053,0,6146,2696.34,,
"regional-compression-exact-study-2026-08-13","production",TRUE,16,"crossed",50,0.1,0.05,"exact","precomputed_exact_table","exact",202917000,202917031,,25000,"certified","bounds-met",TRUE,97,97,81,81,81,0,81,0,TRUE,0.900471479802527,0.0995285201974727,0.099528520197475,TRUE,TRUE,TRUE,0.0995285201974727,0.104836786380697,0.0243193865202508,32,32,32,0,0,,,,,0,129,90,97,0,0,97,18.3600000000006,,
"regional-compression-exact-study-2026-08-13","production",TRUE,16,"crossed",50,0.1,0.05,"stochastic","precomputed_exact_table","iid",202917000,202917032,100,25000,"frontier_exhausted","tolerance-not-met",TRUE,1093,1093,81,9,8019,8010,8019,7938,FALSE,1,-2.22044604925031e-15,0,TRUE,TRUE,TRUE,-2.22044604925031e-15,-2.22044604925031e-15,2.22044604925031e-15,1093,364,32,729,698,163,Inf,163,163,0,6178,842,1093,5053,0,6146,2754.63,,
"regional-compression-exact-study-2026-08-13","production",TRUE,16,"crossed",50,0.2,0.05,"exact","precomputed_exact_table","exact",202917000,202917041,,25000,"certified","bounds-met",TRUE,46,46,38,38,38,0,38,0,TRUE,0.819056705263255,0.180943294736745,0.180943294736748,TRUE,TRUE,TRUE,0.180943294736745,0.199601960330181,0.0581899332983382,15,15,32,0,0,,,,,0,78,56,46,0,0,46,8.77000000000044,,
"regional-compression-exact-study-2026-08-13","production",TRUE,16,"crossed",50,0.2,0.05,"stochastic","precomputed_exact_table","iid",202917000,202917042,100,25000,"frontier_exhausted","tolerance-not-met",TRUE,1093,1093,38,9,8019,8010,8019,7981,FALSE,1,-2.22044604925031e-15,0,TRUE,TRUE,TRUE,-2.22044604925031e-15,-2.22044604925031e-15,2.22044604925031e-15,1093,364,32,729,698,163,Inf,163,163,0,6178,844,1093,5053,0,6146,2699.51,,
"regional-compression-exact-study-2026-08-13","production",TRUE,16,"crossed",51,0.01,0.05,"exact","precomputed_exact_table","exact",202917100,202917111,,25000,"certified","bounds-met",TRUE,244,244,397,397,397,0,397,0,TRUE,0.990003728295314,0.00999627170468576,0.00999627170468577,TRUE,TRUE,TRUE,0.00999627170468576,0.0100465699057298,0.00333389912656004,81,81,32,0,0,,,,,0,276,188,244,0,0,244,84.2,,
"regional-compression-exact-study-2026-08-13","production",TRUE,16,"crossed",51,0.01,0.05,"stochastic","precomputed_exact_table","iid",202917100,202917112,100,25000,"budget_exhausted","budget-exhausted",TRUE,1051,1051,397,9,Inf,Inf,Inf,Inf,FALSE,0,1,1,TRUE,FALSE,TRUE,1,Inf,,1020,350,32,670,644,239,Inf,239,1841,0,24919,867,1051,23836,0,24887,2236.14,,
"regional-compression-exact-study-2026-08-13","production",TRUE,16,"crossed",51,0.05,0.05,"exact","precomputed_exact_table","exact",202917100,202917121,,25000,"certified","bounds-met",TRUE,139,139,162,162,162,0,162,0,TRUE,0.953012652028406,0.0469873479715941,0.0469873479715941,TRUE,TRUE,TRUE,0.0469873479715941,0.0481270994156343,0.0190630545004411,46,46,32,0,0,,,,,0,171,118,139,0,0,139,26.8299999999999,,
"regional-compression-exact-study-2026-08-13","production",TRUE,16,"crossed",51,0.05,0.05,"stochastic","precomputed_exact_table","iid",202917100,202917122,100,25000,"budget_exhausted","budget-exhausted",TRUE,1051,1051,162,9,Inf,Inf,Inf,Inf,FALSE,0,1,1,TRUE,FALSE,TRUE,1,Inf,,1020,350,32,670,644,239,Inf,239,1841,0,24919,871,1051,23836,0,24887,2199.22,,
"regional-compression-exact-study-2026-08-13","production",TRUE,16,"crossed",51,0.1,0.05,"exact","precomputed_exact_table","exact",202917100,202917131,,25000,"certified","bounds-met",TRUE,85,85,96,96,96,0,96,0,TRUE,0.903113886576756,0.0968861134232443,0.0968861134232441,TRUE,TRUE,TRUE,0.0968861134232443,0.101906613277601,0.0274903983697158,28,28,32,0,0,,,,,0,117,82,85,0,0,85,16,,
"regional-compression-exact-study-2026-08-13","production",TRUE,16,"crossed",51,0.1,0.05,"stochastic","precomputed_exact_table","iid",202917100,202917132,100,25000,"budget_exhausted","budget-exhausted",TRUE,1051,1051,96,9,Inf,Inf,Inf,Inf,FALSE,0,1,1,TRUE,FALSE,TRUE,1,Inf,,1020,350,32,670,644,239,Inf,239,1841,0,24919,872,1051,23836,0,24887,2239.8,,
"regional-compression-exact-study-2026-08-13","production",TRUE,16,"crossed",51,0.2,0.05,"exact","precomputed_exact_table","exact",202917100,202917141,,25000,"certified","bounds-met",TRUE,97,97,55,55,55,0,55,0,TRUE,0.806983902551897,0.193016097448103,0.193016097448104,TRUE,TRUE,TRUE,0.193016097448103,0.214451558182641,0.0528846267661332,32,32,32,0,0,,,,,0,129,90,97,0,0,97,22.0799999999999,,
"regional-compression-exact-study-2026-08-13","production",TRUE,16,"crossed",51,0.2,0.05,"stochastic","precomputed_exact_table","iid",202917100,202917142,100,25000,"budget_exhausted","budget-exhausted",TRUE,1051,1051,55,9,Inf,Inf,Inf,Inf,FALSE,0,1,1,TRUE,FALSE,TRUE,1,Inf,,1020,350,32,670,644,239,Inf,239,1841,0,24919,867,1051,23836,0,24887,2308.11,,
"regional-compression-exact-study-2026-08-13","production",TRUE,16,"crossed",52,0.01,0.05,"exact","precomputed_exact_table","exact",202917200,202917211,,25000,"certified","bounds-met",TRUE,217,217,341,341,341,0,341,0,TRUE,0.990075066188559,0.00992493381144077,0.00992493381143818,TRUE,TRUE,TRUE,0.00992493381144077,0.00997451429514034,0.00259272061522365,72,72,32,0,0,,,,,0,249,170,217,0,0,217,72.58,,
"regional-compression-exact-study-2026-08-13","production",TRUE,16,"crossed",52,0.01,0.05,"stochastic","precomputed_exact_table","iid",202917200,202917212,100,25000,"budget_exhausted","budget-exhausted",TRUE,1030,1030,341,9,Inf,Inf,Inf,Inf,FALSE,0,1,1,TRUE,FALSE,TRUE,1,Inf,,987,343,32,644,631,1722,Inf,1722,1722,0,23448,794,1030,22386,0,23416,2089.94,,
"regional-compression-exact-study-2026-08-13","production",TRUE,16,"crossed",52,0.05,0.05,"exact","precomputed_exact_table","exact",202917200,202917221,,25000,"certified","bounds-met",TRUE,124,124,135,135,135,0,135,0,TRUE,0.950252562152659,0.0497474378473406,0.0497474378473387,TRUE,TRUE,TRUE,0.0497474378473406,0.0510274748231654,0.0103078638310975,41,41,32,0,0,,,,,0,156,108,124,0,0,124,25.6199999999999,,
"regional-compression-exact-study-2026-08-13","production",TRUE,16,"crossed",52,0.05,0.05,"stochastic","precomputed_exact_table","iid",202917200,202917222,100,25000,"budget_exhausted","budget-exhausted",TRUE,1030,1030,135,9,Inf,Inf,Inf,Inf,FALSE,0,1,1,TRUE,FALSE,TRUE,1,Inf,,987,343,32,644,631,1722,Inf,1722,1722,0,23448,797,1030,22386,0,23416,2067.11,,
"regional-compression-exact-study-2026-08-13","production",TRUE,16,"crossed",52,0.1,0.05,"exact","precomputed_exact_table","exact",202917200,202917231,,25000,"certified","bounds-met",TRUE,61,61,73,73,73,0,73,0,TRUE,0.902672278454396,0.0973277215456043,0.0973277215456013,TRUE,TRUE,TRUE,0.0973277215456043,0.102395716738149,0.0187186296326599,20,20,32,0,0,,,,,0,93,66,61,0,0,61,10.6799999999994,,
"regional-compression-exact-study-2026-08-13","production",TRUE,16,"crossed",52,0.1,0.05,"stochastic","precomputed_exact_table","iid",202917200,202917232,100,25000,"budget_exhausted","budget-exhausted",TRUE,1030,1030,73,9,Inf,Inf,Inf,Inf,FALSE,0,1,1,TRUE,FALSE,TRUE,1,Inf,,987,343,32,644,631,1722,Inf,1722,1722,0,23448,797,1030,22386,0,23416,2124.77,,
"regional-compression-exact-study-2026-08-13","production",TRUE,16,"crossed",52,0.2,0.05,"exact","precomputed_exact_table","exact",202917200,202917241,,25000,"certified","bounds-met",TRUE,43,43,40,40,40,0,40,0,TRUE,0.82535583449126,0.17464416550874,0.174644165508735,TRUE,TRUE,TRUE,0.17464416550874,0.191940671101972,0.0261016083361177,14,14,32,0,0,,,,,0,75,54,43,0,0,43,7.17000000000007,,
"regional-compression-exact-study-2026-08-13","production",TRUE,16,"crossed",52,0.2,0.05,"stochastic","precomputed_exact_table","iid",202917200,202917242,100,25000,"budget_exhausted","budget-exhausted",TRUE,1030,1030,40,9,Inf,Inf,Inf,Inf,FALSE,0,1,1,TRUE,FALSE,TRUE,1,Inf,,987,343,32,644,631,1722,Inf,1722,1722,0,23448,796,1030,22386,0,23416,2160.12,,
"regional-compression-exact-study-2026-08-13","production",TRUE,16,"crossed",53,0.01,0.05,"exact","precomputed_exact_table","exact",202917300,202917311,,25000,"certified","bounds-met",TRUE,166,166,233,233,233,0,233,0,TRUE,0.990093561463465,0.00990643853653506,0.00990643853653014,TRUE,TRUE,TRUE,0.00990643853653506,0.00995583379020962,0.00388117909308071,55,55,32,0,0,,,,,0,198,136,166,0,0,166,63.19,,
"regional-compression-exact-study-2026-08-13","production",TRUE,16,"crossed",53,0.01,0.05,"stochastic","precomputed_exact_table","iid",202917300,202917312,100,25000,"frontier_exhausted","tolerance-not-met",TRUE,1093,1093,233,9,8019,8010,8019,7786,FALSE,0.999999999999995,4.9960036108132e-15,0,TRUE,TRUE,TRUE,4.9960036108132e-15,4.99600361081322e-15,4.9960036108132e-15,1093,364,32,729,698,200,Inf,200,200,0,7325,850,1093,6200,0,7293,2631.86,,
"regional-compression-exact-study-2026-08-13","production",TRUE,16,"crossed",53,0.05,0.05,"exact","precomputed_exact_table","exact",202917300,202917321,,25000,"certified","bounds-met",TRUE,88,88,92,92,92,0,92,0,TRUE,0.952679538156511,0.0473204618434889,0.0473204618434848,TRUE,TRUE,TRUE,0.0473204618434889,0.0484766982406736,0.0206574233584617,29,29,32,0,0,,,,,0,120,84,88,0,0,88,14.8499999999999,,
"regional-compression-exact-study-2026-08-13","production",TRUE,16,"crossed",53,0.05,0.05,"stochastic","precomputed_exact_table","iid",202917300,202917322,100,25000,"frontier_exhausted","tolerance-not-met",TRUE,1093,1093,92,9,8019,8010,8019,7927,FALSE,0.999999999999995,4.9960036108132e-15,0,TRUE,TRUE,TRUE,4.9960036108132e-15,4.99600361081322e-15,4.9960036108132e-15,1093,364,32,729,698,200,Inf,200,200,0,7325,848,1093,6200,0,7293,2664.54,,
"regional-compression-exact-study-2026-08-13","production",TRUE,16,"crossed",53,0.1,0.05,"exact","precomputed_exact_table","exact",202917300,202917331,,25000,"certified","bounds-met",TRUE,79,79,51,51,51,0,51,0,TRUE,0.904509118811806,0.0954908811881944,0.0954908811881899,TRUE,TRUE,TRUE,0.0954908811881944,0.100362892592514,0.0208412848313321,26,26,32,0,0,,,,,0,111,78,79,0,0,79,13.8000000000002,,
"regional-compression-exact-study-2026-08-13","production",TRUE,16,"crossed",53,0.1,0.05,"stochastic","precomputed_exact_table","iid",202917300,202917332,100,25000,"frontier_exhausted","tolerance-not-met",TRUE,1093,1093,51,9,8019,8010,8019,7968,FALSE,0.999999999999995,4.9960036108132e-15,0,TRUE,TRUE,TRUE,4.9960036108132e-15,4.99600361081322e-15,4.9960036108132e-15,1093,364,32,729,698,200,Inf,200,200,0,7325,848,1093,6200,0,7293,2681.03,,
"regional-compression-exact-study-2026-08-13","production",TRUE,16,"crossed",53,0.2,0.05,"exact","precomputed_exact_table","exact",202917300,202917341,,25000,"certified","bounds-met",TRUE,25,25,21,21,21,0,21,0,TRUE,0.835989850902145,0.164010149097855,0.16401014909785,TRUE,TRUE,TRUE,0.164010149097855,0.179138806040332,0.0439317046046174,8,8,32,0,0,,,,,0,57,42,25,0,0,25,3.71999999999935,,
"regional-compression-exact-study-2026-08-13","production",TRUE,16,"crossed",53,0.2,0.05,"stochastic","precomputed_exact_table","iid",202917300,202917342,100,25000,"frontier_exhausted","tolerance-not-met",TRUE,1093,1093,21,9,8019,8010,8019,7998,FALSE,0.999999999999995,4.9960036108132e-15,0,TRUE,TRUE,TRUE,4.9960036108132e-15,4.99600361081322e-15,4.9960036108132e-15,1093,364,32,729,698,200,Inf,200,200,0,7325,853,1093,6200,0,7293,2760.49,,
"regional-compression-exact-study-2026-08-13","production",TRUE,16,"crossed",54,0.01,0.05,"exact","precomputed_exact_table","exact",202917400,202917411,,25000,"certified","bounds-met",TRUE,235,235,333,333,333,0,333,0,TRUE,0.990041287622448,0.00995871237755241,0.00995871237755956,TRUE,TRUE,TRUE,0.00995871237755241,0.010008632053978,0.0035600679572183,78,78,32,0,0,,,,,0,267,182,235,0,0,235,88.64,,
"regional-compression-exact-study-2026-08-13","production",TRUE,16,"crossed",54,0.01,0.05,"stochastic","precomputed_exact_table","iid",202917400,202917412,100,25000,"budget_exhausted","budget-exhausted",TRUE,1060,1060,333,9,Inf,Inf,Inf,Inf,FALSE,0,1,1,TRUE,FALSE,TRUE,1,Inf,,1027,353,32,674,644,151,Inf,151,2077,0,23060,880,1060,21968,0,23028,2320.19,,
"regional-compression-exact-study-2026-08-13","production",TRUE,16,"crossed",54,0.05,0.05,"exact","precomputed_exact_table","exact",202917400,202917421,,25000,"certified","bounds-met",TRUE,109,109,128,128,128,0,128,0,TRUE,0.950499476360453,0.0495005236395466,0.0495005236395536,TRUE,TRUE,TRUE,0.0495005236395466,0.0507676679633753,0.0176564205727333,36,36,32,0,0,,,,,0,141,98,109,0,0,109,20.1999999999998,,
"regional-compression-exact-study-2026-08-13","production",TRUE,16,"crossed",54,0.05,0.05,"stochastic","precomputed_exact_table","iid",202917400,202917422,100,25000,"budget_exhausted","budget-exhausted",TRUE,1060,1060,128,9,Inf,Inf,Inf,Inf,FALSE,0,1,1,TRUE,FALSE,TRUE,1,Inf,,1027,353,32,674,644,151,Inf,151,2077,0,23060,873,1060,21968,0,23028,2360.66,,
"regional-compression-exact-study-2026-08-13","production",TRUE,16,"crossed",54,0.1,0.05,"exact","precomputed_exact_table","exact",202917400,202917431,,25000,"certified","bounds-met",TRUE,85,85,75,75,75,0,75,0,TRUE,0.901278727092242,0.0987212729077577,0.0987212729077632,TRUE,TRUE,TRUE,0.0987212729077577,0.103940716170032,0.0168034362943639,28,28,32,0,0,,,,,0,117,82,85,0,0,85,15.8800000000001,,
"regional-compression-exact-study-2026-08-13","production",TRUE,16,"crossed",54,0.1,0.05,"stochastic","precomputed_exact_table","iid",202917400,202917432,100,25000,"budget_exhausted","budget-exhausted",TRUE,1060,1060,75,9,Inf,Inf,Inf,Inf,FALSE,0,1,1,TRUE,FALSE,TRUE,1,Inf,,1027,353,32,674,644,151,Inf,151,2077,0,23060,882,1060,21968,0,23028,2463.49,,
"regional-compression-exact-study-2026-08-13","production",TRUE,16,"crossed",54,0.2,0.05,"exact","precomputed_exact_table","exact",202917400,202917441,,25000,"certified","bounds-met",TRUE,52,52,31,31,31,0,31,0,TRUE,0.814613169900457,0.185386830099543,0.185386830099551,TRUE,TRUE,TRUE,0.185386830099543,0.205041916576569,0.0542040258423766,17,17,32,0,0,,,,,0,84,60,52,0,0,52,8.27999999999975,,
"regional-compression-exact-study-2026-08-13","production",TRUE,16,"crossed",54,0.2,0.05,"stochastic","precomputed_exact_table","iid",202917400,202917442,100,25000,"budget_exhausted","budget-exhausted",TRUE,1060,1060,31,9,Inf,Inf,Inf,Inf,FALSE,0,1,1,TRUE,FALSE,TRUE,1,Inf,,1027,353,32,674,644,151,Inf,151,2077,0,23060,881,1060,21968,0,23028,2363.62,,
"regional-compression-exact-study-2026-08-13","production",TRUE,16,"crossed",55,0.01,0.05,"exact","precomputed_exact_table","exact",202917500,202917511,,25000,"certified","bounds-met",TRUE,199,199,287,287,287,0,287,0,TRUE,0.990022974612046,0.00997702538795386,0.00997702538796038,TRUE,TRUE,TRUE,0.00997702538795386,0.0100271294439378,0.00417577948378197,66,66,32,0,0,,,,,0,231,158,199,0,0,199,67.58,,
"regional-compression-exact-study-2026-08-13","production",TRUE,16,"crossed",55,0.01,0.05,"stochastic","precomputed_exact_table","iid",202917500,202917512,100,25000,"frontier_exhausted","tolerance-not-met",TRUE,1093,1093,287,9,8019,8010,8019,7732,FALSE,1.00000000000001,-6.43929354282591e-15,0,TRUE,TRUE,TRUE,-6.43929354282591e-15,-6.43929354282589e-15,6.43929354282591e-15,1093,364,32,729,698,219,Inf,219,219,0,7914,852,1093,6789,0,7882,2643.24,,
"regional-compression-exact-study-2026-08-13","production",TRUE,16,"crossed",55,0.05,0.05,"exact","precomputed_exact_table","exact",202917500,202917521,,25000,"certified","bounds-met",TRUE,100,100,113,113,113,0,113,0,TRUE,0.951143548541564,0.0488564514584355,0.0488564514584422,TRUE,TRUE,TRUE,0.0488564514584355,0.0500902829891139,0.0241419315630909,33,33,32,0,0,,,,,0,132,92,100,0,0,100,18.2200000000003,,
"regional-compression-exact-study-2026-08-13","production",TRUE,16,"crossed",55,0.05,0.05,"stochastic","precomputed_exact_table","iid",202917500,202917522,100,25000,"frontier_exhausted","tolerance-not-met",TRUE,1093,1093,113,9,8019,8010,8019,7906,FALSE,1.00000000000001,-6.43929354282591e-15,0,TRUE,TRUE,TRUE,-6.43929354282591e-15,-6.43929354282589e-15,6.43929354282591e-15,1093,364,32,729,698,219,Inf,219,219,0,7914,857,1093,6789,0,7882,2680.67,,
"regional-compression-exact-study-2026-08-13","production",TRUE,16,"crossed",55,0.1,0.05,"exact","precomputed_exact_table","exact",202917500,202917531,,25000,"certified","bounds-met",TRUE,88,88,71,71,71,0,71,0,TRUE,0.906070461929679,0.0939295380703211,0.0939295380703257,TRUE,TRUE,TRUE,0.0939295380703211,0.0986382034139712,0.0298319181276795,29,29,32,0,0,,,,,0,120,84,88,0,0,88,15.4199999999992,,
"regional-compression-exact-study-2026-08-13","production",TRUE,16,"crossed",55,0.1,0.05,"stochastic","precomputed_exact_table","iid",202917500,202917532,100,25000,"frontier_exhausted","tolerance-not-met",TRUE,1093,1093,71,9,8019,8010,8019,7948,FALSE,1.00000000000001,-6.43929354282591e-15,0,TRUE,TRUE,TRUE,-6.43929354282591e-15,-6.43929354282589e-15,6.43929354282591e-15,1093,364,32,729,698,219,Inf,219,219,0,7914,848,1093,6789,0,7882,2668.98,,
"regional-compression-exact-study-2026-08-13","production",TRUE,16,"crossed",55,0.2,0.05,"exact","precomputed_exact_table","exact",202917500,202917541,,25000,"certified","bounds-met",TRUE,58,58,30,30,30,0,30,0,TRUE,0.815698700970586,0.184301299029414,0.184301299029421,TRUE,TRUE,TRUE,0.184301299029414,0.203710231210171,0.0558838340571761,19,19,32,0,0,,,,,0,90,64,58,0,0,58,9.75,,
"regional-compression-exact-study-2026-08-13","production",TRUE,16,"crossed",55,0.2,0.05,"stochastic","precomputed_exact_table","iid",202917500,202917542,100,25000,"frontier_exhausted","tolerance-not-met",TRUE,1093,1093,30,9,8019,8010,8019,7989,FALSE,1.00000000000001,-6.43929354282591e-15,0,TRUE,TRUE,TRUE,-6.43929354282591e-15,-6.43929354282589e-15,6.43929354282591e-15,1093,364,32,729,698,219,Inf,219,219,0,7914,848,1093,6789,0,7882,2768.64,,
"regional-compression-exact-study-2026-08-13","production",TRUE,16,"crossed",56,0.01,0.05,"exact","precomputed_exact_table","exact",202917600,202917611,,25000,"certified","bounds-met",TRUE,466,466,1035,1035,1035,0,1035,0,TRUE,0.990015639754557,0.00998436024544269,0.00998436024544567,TRUE,TRUE,TRUE,0.00998436024544269,0.0100345382464082,0.00325084972390549,155,155,32,0,0,,,,,0,498,336,466,0,0,466,205.34,,
"regional-compression-exact-study-2026-08-13","production",TRUE,16,"crossed",56,0.01,0.05,"stochastic","precomputed_exact_table","iid",202917600,202917612,100,25000,"budget_exhausted","budget-exhausted",TRUE,1093,1093,1035,8,Inf,Inf,Inf,Inf,FALSE,0,1,1,TRUE,FALSE,TRUE,1,Inf,,1075,364,32,711,682,805,Inf,805,805,0,24470,888,1093,23345,0,24438,2687.64,,
"regional-compression-exact-study-2026-08-13","production",TRUE,16,"crossed",56,0.05,0.05,"exact","precomputed_exact_table","exact",202917600,202917621,,25000,"certified","bounds-met",TRUE,289,289,454,454,454,0,454,0,TRUE,0.950354613261688,0.049645386738312,0.0496453867383148,TRUE,TRUE,TRUE,0.049645386738312,0.0509200869205553,0.0151273013569604,96,96,32,0,0,,,,,0,321,218,289,0,0,289,65.3000000000002,,
"regional-compression-exact-study-2026-08-13","production",TRUE,16,"crossed",56,0.05,0.05,"stochastic","precomputed_exact_table","iid",202917600,202917622,100,25000,"budget_exhausted","budget-exhausted",TRUE,1093,1093,454,8,Inf,Inf,Inf,Inf,FALSE,0,1,1,TRUE,FALSE,TRUE,1,Inf,,1075,364,32,711,682,805,Inf,805,805,0,24470,881,1093,23345,0,24438,2796.24,,
"regional-compression-exact-study-2026-08-13","production",TRUE,16,"crossed",56,0.1,0.05,"exact","precomputed_exact_table","exact",202917600,202917631,,25000,"certified","bounds-met",TRUE,220,220,286,286,286,0,286,0,TRUE,0.90102520062393,0.0989747993760696,0.0989747993760727,TRUE,TRUE,TRUE,0.0989747993760696,0.104222052149037,0.0258593303214178,73,73,32,0,0,,,,,0,252,172,220,0,0,220,47.8199999999997,,
"regional-compression-exact-study-2026-08-13","production",TRUE,16,"crossed",56,0.1,0.05,"stochastic","precomputed_exact_table","iid",202917600,202917632,100,25000,"budget_exhausted","budget-exhausted",TRUE,1093,1093,286,8,Inf,Inf,Inf,Inf,FALSE,0,1,1,TRUE,FALSE,TRUE,1,Inf,,1075,364,32,711,682,805,Inf,805,805,0,24470,884,1093,23345,0,24438,2727.33,,
"regional-compression-exact-study-2026-08-13","production",TRUE,16,"crossed",56,0.2,0.05,"exact","precomputed_exact_table","exact",202917600,202917641,,25000,"certified","bounds-met",TRUE,142,142,144,144,144,0,144,0,TRUE,0.801927485555096,0.198072514444904,0.198072514444908,TRUE,TRUE,TRUE,0.198072514444904,0.220737092217084,0.0552296061754721,47,47,32,0,0,,,,,0,174,120,142,0,0,142,26.9900000000016,,
"regional-compression-exact-study-2026-08-13","production",TRUE,16,"crossed",56,0.2,0.05,"stochastic","precomputed_exact_table","iid",202917600,202917642,100,25000,"budget_exhausted","budget-exhausted",TRUE,1093,1093,144,8,Inf,Inf,Inf,Inf,FALSE,0,1,1,TRUE,FALSE,TRUE,1,Inf,,1075,364,32,711,682,805,Inf,805,805,0,24470,884,1093,23345,0,24438,2824.72,,
"regional-compression-exact-study-2026-08-13","production",TRUE,16,"crossed",57,0.01,0.05,"exact","precomputed_exact_table","exact",202917700,202917711,,25000,"certified","bounds-met",TRUE,190,190,357,357,357,0,357,0,TRUE,0.990172083530677,0.00982791646932268,0.0098279164693233,TRUE,TRUE,TRUE,0.00982791646932268,0.00987652921059221,0.0037854076193662,63,63,32,0,0,,,,,0,222,152,190,0,0,190,66.85,,
"regional-compression-exact-study-2026-08-13","production",TRUE,16,"crossed",57,0.01,0.05,"stochastic","precomputed_exact_table","iid",202917700,202917712,100,25000,"budget_exhausted","budget-exhausted",TRUE,1057,1057,357,9,Inf,Inf,Inf,Inf,FALSE,0,1,1,TRUE,FALSE,TRUE,1,Inf,,1038,352,32,686,651,108,Inf,108,1412,0,24429,915,1057,23340,0,24397,2300.44,,
"regional-compression-exact-study-2026-08-13","production",TRUE,16,"crossed",57,0.05,0.05,"exact","precomputed_exact_table","exact",202917700,202917721,,25000,"certified","bounds-met",TRUE,118,118,132,132,132,0,132,0,TRUE,0.951233088619669,0.0487669113803307,0.0487669113803305,TRUE,TRUE,TRUE,0.0487669113803307,0.0499961480250675,0.0187989638967481,39,39,32,0,0,,,,,0,150,104,118,0,0,118,22.3600000000001,,
"regional-compression-exact-study-2026-08-13","production",TRUE,16,"crossed",57,0.05,0.05,"stochastic","precomputed_exact_table","iid",202917700,202917722,100,25000,"budget_exhausted","budget-exhausted",TRUE,1057,1057,132,9,Inf,Inf,Inf,Inf,FALSE,0,1,1,TRUE,FALSE,TRUE,1,Inf,,1038,352,32,686,651,108,Inf,108,1412,0,24429,903,1057,23340,0,24397,2355.47,,
"regional-compression-exact-study-2026-08-13","production",TRUE,16,"crossed",57,0.1,0.05,"exact","precomputed_exact_table","exact",202917700,202917731,,25000,"certified","bounds-met",TRUE,91,91,72,72,72,0,72,0,TRUE,0.9043874843794,0.0956125156206001,0.0956125156206,TRUE,TRUE,TRUE,0.0956125156206001,0.10049737726386,0.030474955409537,30,30,32,0,0,,,,,0,123,86,91,0,0,91,15.8400000000001,,
"regional-compression-exact-study-2026-08-13","production",TRUE,16,"crossed",57,0.1,0.05,"stochastic","precomputed_exact_table","iid",202917700,202917732,100,25000,"budget_exhausted","budget-exhausted",TRUE,1057,1057,72,9,Inf,Inf,Inf,Inf,FALSE,0,1,1,TRUE,FALSE,TRUE,1,Inf,,1038,352,32,686,651,108,Inf,108,1412,0,24429,915,1057,23340,0,24397,2360.57,,
"regional-compression-exact-study-2026-08-13","production",TRUE,16,"crossed",57,0.2,0.05,"exact","precomputed_exact_table","exact",202917700,202917741,,25000,"certified","bounds-met",TRUE,76,76,40,40,40,0,40,0,TRUE,0.819193726349102,0.180806273650898,0.180806273650897,TRUE,TRUE,TRUE,0.180806273650898,0.199434682991474,0.0648435456007628,25,25,32,0,0,,,,,0,108,76,76,0,0,76,14.1300000000001,,
"regional-compression-exact-study-2026-08-13","production",TRUE,16,"crossed",57,0.2,0.05,"stochastic","precomputed_exact_table","iid",202917700,202917742,100,25000,"budget_exhausted","budget-exhausted",TRUE,1057,1057,40,9,Inf,Inf,Inf,Inf,FALSE,0,1,1,TRUE,FALSE,TRUE,1,Inf,,1038,352,32,686,651,108,Inf,108,1412,0,24429,910,1057,23340,0,24397,2436,,
"regional-compression-exact-study-2026-08-13","production",TRUE,16,"crossed",58,0.01,0.05,"exact","precomputed_exact_table","exact",202917800,202917811,,25000,"certified","bounds-met",TRUE,202,202,295,295,295,0,295,0,TRUE,0.990052505493007,0.00994749450699306,0.00994749450699198,TRUE,TRUE,TRUE,0.00994749450699306,0.00999730140833033,0.00407165107731086,67,67,32,0,0,,,,,0,234,160,202,0,0,202,71.66,,
"regional-compression-exact-study-2026-08-13","production",TRUE,16,"crossed",58,0.01,0.05,"stochastic","precomputed_exact_table","iid",202917800,202917812,100,25000,"frontier_exhausted","tolerance-not-met",TRUE,1093,1093,295,9,8019,8010,8019,7724,FALSE,0.999999999999999,9.99200722162641e-16,0,TRUE,TRUE,TRUE,9.99200722162641e-16,9.99200722162641e-16,9.99200722162641e-16,1093,364,32,729,729,6601,Inf,,,0,1125,753,1093,0,0,1093,2655.66,,
"regional-compression-exact-study-2026-08-13","production",TRUE,16,"crossed",58,0.05,0.05,"exact","precomputed_exact_table","exact",202917800,202917821,,25000,"certified","bounds-met",TRUE,100,100,114,114,114,0,114,0,TRUE,0.952727120549658,0.0472728794503416,0.0472728794503398,TRUE,TRUE,TRUE,0.0472728794503416,0.0484267536338992,0.0175577016660945,33,33,32,0,0,,,,,0,132,92,100,0,0,100,17.73,,
"regional-compression-exact-study-2026-08-13","production",TRUE,16,"crossed",58,0.05,0.05,"stochastic","precomputed_exact_table","iid",202917800,202917822,100,25000,"frontier_exhausted","tolerance-not-met",TRUE,1093,1093,114,9,8019,8010,8019,7905,FALSE,0.999999999999999,9.99200722162641e-16,0,TRUE,TRUE,TRUE,9.99200722162641e-16,9.99200722162641e-16,9.99200722162641e-16,1093,364,32,729,729,6601,Inf,,,0,1125,753,1093,0,0,1093,2724.92,,
"regional-compression-exact-study-2026-08-13","production",TRUE,16,"crossed",58,0.1,0.05,"exact","precomputed_exact_table","exact",202917800,202917831,,25000,"certified","bounds-met",TRUE,55,55,63,63,63,0,63,0,TRUE,0.909152995986746,0.0908470040132542,0.0908470040132531,TRUE,TRUE,TRUE,0.0908470040132542,0.0952418865509418,0.0261870264688389,18,18,32,0,0,,,,,0,87,62,55,0,0,55,10.6600000000008,,
"regional-compression-exact-study-2026-08-13","production",TRUE,16,"crossed",58,0.1,0.05,"stochastic","precomputed_exact_table","iid",202917800,202917832,100,25000,"frontier_exhausted","tolerance-not-met",TRUE,1093,1093,63,9,8019,8010,8019,7956,FALSE,0.999999999999999,9.99200722162641e-16,0,TRUE,TRUE,TRUE,9.99200722162641e-16,9.99200722162641e-16,9.99200722162641e-16,1093,364,32,729,729,6601,Inf,,,0,1125,753,1093,0,0,1093,2648.74,,
"regional-compression-exact-study-2026-08-13","production",TRUE,16,"crossed",58,0.2,0.05,"exact","precomputed_exact_table","exact",202917800,202917841,,25000,"certified","bounds-met",TRUE,43,43,30,30,30,0,30,0,TRUE,0.804441327206397,0.195558672793603,0.195558672793603,TRUE,TRUE,TRUE,0.195558672793603,0.217607245965775,0.0480168133757173,14,14,32,0,0,,,,,0,75,54,43,0,0,43,7.34000000000015,,
"regional-compression-exact-study-2026-08-13","production",TRUE,16,"crossed",58,0.2,0.05,"stochastic","precomputed_exact_table","iid",202917800,202917842,100,25000,"frontier_exhausted","tolerance-not-met",TRUE,1093,1093,30,9,8019,8010,8019,7989,FALSE,0.999999999999999,9.99200722162641e-16,0,TRUE,TRUE,TRUE,9.99200722162641e-16,9.99200722162641e-16,9.99200722162641e-16,1093,364,32,729,729,6601,Inf,,,0,1125,753,1093,0,0,1093,2776.53,,
"regional-compression-exact-study-2026-08-13","production",TRUE,16,"crossed",59,0.01,0.05,"exact","precomputed_exact_table","exact",202917900,202917911,,25000,"certified","bounds-met",TRUE,235,235,528,528,528,0,528,0,TRUE,0.990079738897415,0.00992026110258493,0.00992026110258372,TRUE,TRUE,TRUE,0.00992026110258493,0.00996979475619939,0.00477977320317994,78,78,32,0,0,,,,,0,267,182,235,0,0,235,81.84,,
"regional-compression-exact-study-2026-08-13","production",TRUE,16,"crossed",59,0.01,0.05,"stochastic","precomputed_exact_table","iid",202917900,202917912,100,25000,"frontier_exhausted","tolerance-not-met",TRUE,1093,1093,528,9,8019,8010,8019,7491,FALSE,0.999999999999999,1.22124532708767e-15,0,TRUE,TRUE,TRUE,1.22124532708767e-15,1.22124532708767e-15,1.22124532708767e-15,1093,364,32,729,693,88,Inf,100,839,0,8420,953,1093,7295,0,8388,2748.4,,
"regional-compression-exact-study-2026-08-13","production",TRUE,16,"crossed",59,0.05,0.05,"exact","precomputed_exact_table","exact",202917900,202917921,,25000,"certified","bounds-met",TRUE,136,136,230,230,230,0,230,0,TRUE,0.950491058347042,0.0495089416529582,0.0495089416529566,TRUE,TRUE,TRUE,0.0495089416529582,0.0507765244129556,0.0152183911407489,45,45,32,0,0,,,,,0,168,116,136,0,0,136,26.2800000000002,,
"regional-compression-exact-study-2026-08-13","production",TRUE,16,"crossed",59,0.05,0.05,"stochastic","precomputed_exact_table","iid",202917900,202917922,100,25000,"frontier_exhausted","tolerance-not-met",TRUE,1093,1093,230,9,8019,8010,8019,7789,FALSE,0.999999999999999,1.22124532708767e-15,0,TRUE,TRUE,TRUE,1.22124532708767e-15,1.22124532708767e-15,1.22124532708767e-15,1093,364,32,729,693,88,Inf,100,839,0,8420,954,1093,7295,0,8388,2751.88,,
"regional-compression-exact-study-2026-08-13","production",TRUE,16,"crossed",59,0.1,0.05,"exact","precomputed_exact_table","exact",202917900,202917931,,25000,"certified","bounds-met",TRUE,109,109,132,132,132,0,132,0,TRUE,0.901333418351895,0.0986665816481052,0.0986665816481037,TRUE,TRUE,TRUE,0.0986665816481052,0.103880036162069,0.031158905902551,36,36,32,0,0,,,,,0,141,98,109,0,0,109,24.7299999999996,,
"regional-compression-exact-study-2026-08-13","production",TRUE,16,"crossed",59,0.1,0.05,"stochastic","precomputed_exact_table","iid",202917900,202917932,100,25000,"frontier_exhausted","tolerance-not-met",TRUE,1093,1093,132,9,8019,8010,8019,7887,FALSE,0.999999999999999,1.22124532708767e-15,0,TRUE,TRUE,TRUE,1.22124532708767e-15,1.22124532708767e-15,1.22124532708767e-15,1093,364,32,729,693,88,Inf,100,839,0,8420,958,1093,7295,0,8388,2712.75,,
"regional-compression-exact-study-2026-08-13","production",TRUE,16,"crossed",59,0.2,0.05,"exact","precomputed_exact_table","exact",202917900,202917941,,25000,"certified","bounds-met",TRUE,61,61,80,80,80,0,80,0,TRUE,0.85066316741576,0.14933683258424,0.14933683258424,TRUE,TRUE,TRUE,0.14933683258424,0.161739036733494,0.0555157461542603,20,20,32,0,0,,,,,0,93,66,61,0,0,61,10.6000000000004,,
"regional-compression-exact-study-2026-08-13","production",TRUE,16,"crossed",59,0.2,0.05,"stochastic","precomputed_exact_table","iid",202917900,202917942,100,25000,"frontier_exhausted","tolerance-not-met",TRUE,1093,1093,80,9,8019,8010,8019,7939,FALSE,0.999999999999999,1.22124532708767e-15,0,TRUE,TRUE,TRUE,1.22124532708767e-15,1.22124532708767e-15,1.22124532708767e-15,1093,364,32,729,693,88,Inf,100,839,0,8420,969,1093,7295,0,8388,2898.22,,
"regional-compression-exact-study-2026-08-13","production",TRUE,16,"crossed",60,0.01,0.05,"exact","precomputed_exact_table","exact",202918000,202918011,,25000,"certified","bounds-met",TRUE,250,250,685,685,685,0,685,0,TRUE,0.990031702195088,0.00996829780491215,0.00996829780490929,TRUE,TRUE,TRUE,0.00996829780491215,0.0100183139469275,0.00425803487621218,83,83,32,0,0,,,,,0,282,192,250,0,0,250,89.45,,
"regional-compression-exact-study-2026-08-13","production",TRUE,16,"crossed",60,0.01,0.05,"stochastic","precomputed_exact_table","iid",202918000,202918012,100,25000,"frontier_exhausted","tolerance-not-met",TRUE,1093,1093,685,9,8019,8010,8019,7334,FALSE,0.999999999999997,2.88657986402541e-15,0,TRUE,TRUE,TRUE,2.88657986402541e-15,2.88657986402541e-15,2.88657986402541e-15,1093,364,32,729,698,158,Inf,158,158,0,6023,855,1093,4898,0,5991,2658.22,,
"regional-compression-exact-study-2026-08-13","production",TRUE,16,"crossed",60,0.05,0.05,"exact","precomputed_exact_table","exact",202918000,202918021,,25000,"certified","bounds-met",TRUE,151,151,272,272,272,0,272,0,TRUE,0.950737808384391,0.0492621916156094,0.0492621916156071,TRUE,TRUE,TRUE,0.0492621916156094,0.05051695541203,0.0172148298092276,50,50,32,0,0,,,,,0,183,126,151,0,0,151,27.8000000000002,,
"regional-compression-exact-study-2026-08-13","production",TRUE,16,"crossed",60,0.05,0.05,"stochastic","precomputed_exact_table","iid",202918000,202918022,100,25000,"frontier_exhausted","tolerance-not-met",TRUE,1093,1093,272,9,8019,8010,8019,7747,FALSE,0.999999999999997,2.88657986402541e-15,0,TRUE,TRUE,TRUE,2.88657986402541e-15,2.88657986402541e-15,2.88657986402541e-15,1093,364,32,729,698,158,Inf,158,158,0,6023,863,1093,4898,0,5991,2681.51,,
"regional-compression-exact-study-2026-08-13","production",TRUE,16,"crossed",60,0.1,0.05,"exact","precomputed_exact_table","exact",202918000,202918031,,25000,"certified","bounds-met",TRUE,103,103,150,150,150,0,150,0,TRUE,0.902602706569457,0.0973972934305433,0.0973972934305409,TRUE,TRUE,TRUE,0.0973972934305433,0.102472792957064,0.0281881084711326,34,34,32,0,0,,,,,0,135,94,103,0,0,103,22.4300000000003,,
"regional-compression-exact-study-2026-08-13","production",TRUE,16,"crossed",60,0.1,0.05,"stochastic","precomputed_exact_table","iid",202918000,202918032,100,25000,"frontier_exhausted","tolerance-not-met",TRUE,1093,1093,150,9,8019,8010,8019,7869,FALSE,0.999999999999997,2.88657986402541e-15,0,TRUE,TRUE,TRUE,2.88657986402541e-15,2.88657986402541e-15,2.88657986402541e-15,1093,364,32,729,698,158,Inf,158,158,0,6023,862,1093,4898,0,5991,2664.09,,
"regional-compression-exact-study-2026-08-13","production",TRUE,16,"crossed",60,0.2,0.05,"exact","precomputed_exact_table","exact",202918000,202918041,,25000,"certified","bounds-met",TRUE,58,58,83,83,83,0,83,0,TRUE,0.80460149114381,0.19539850885619,0.195398508856187,TRUE,TRUE,TRUE,0.19539850885619,0.217408166194726,0.0767600796689139,19,19,32,0,0,,,,,0,90,64,58,0,0,58,10.2700000000004,,
"regional-compression-exact-study-2026-08-13","production",TRUE,16,"crossed",60,0.2,0.05,"stochastic","precomputed_exact_table","iid",202918000,202918042,100,25000,"frontier_exhausted","tolerance-not-met",TRUE,1093,1093,83,9,8019,8010,8019,7936,FALSE,0.999999999999997,2.88657986402541e-15,0,TRUE,TRUE,TRUE,2.88657986402541e-15,2.88657986402541e-15,2.88657986402541e-15,1093,364,32,729,698,158,Inf,158,158,0,6023,853,1093,4898,0,5991,2816.86,,
"regional-compression-exact-study-2026-08-13","production",TRUE,16,"crossed",61,0.01,0.05,"exact","precomputed_exact_table","exact",202918100,202918111,,25000,"certified","bounds-met",TRUE,181,181,244,244,244,0,244,0,TRUE,0.990056662986352,0.00994333701364791,0.00994333701364544,TRUE,TRUE,TRUE,0.00994333701364791,0.00999310215163142,0.00275999250369797,60,60,32,0,0,,,,,0,213,146,181,0,0,181,62.56,,
"regional-compression-exact-study-2026-08-13","production",TRUE,16,"crossed",61,0.01,0.05,"stochastic","precomputed_exact_table","iid",202918100,202918112,100,25000,"frontier_exhausted","tolerance-not-met",TRUE,1093,1093,244,8,8019,8011,8019,7775,FALSE,0.999999999999998,2.44249065417534e-15,0,TRUE,TRUE,TRUE,2.44249065417534e-15,2.44249065417535e-15,2.44249065417534e-15,1093,364,32,729,698,572,Inf,572,572,0,18857,853,1093,17732,0,18825,2684.09,,
"regional-compression-exact-study-2026-08-13","production",TRUE,16,"crossed",61,0.05,0.05,"exact","precomputed_exact_table","exact",202918100,202918121,,25000,"certified","bounds-met",TRUE,97,97,94,94,94,0,94,0,TRUE,0.952242687578514,0.047757312421486,0.0477573124214832,TRUE,TRUE,TRUE,0.047757312421486,0.0489353527513443,0.0167437780590577,32,32,32,0,0,,,,,0,129,90,97,0,0,97,16.1700000000001,,
"regional-compression-exact-study-2026-08-13","production",TRUE,16,"crossed",61,0.05,0.05,"stochastic","precomputed_exact_table","iid",202918100,202918122,100,25000,"frontier_exhausted","tolerance-not-met",TRUE,1093,1093,94,8,8019,8011,8019,7925,FALSE,0.999999999999998,2.44249065417534e-15,0,TRUE,TRUE,TRUE,2.44249065417534e-15,2.44249065417535e-15,2.44249065417534e-15,1093,364,32,729,698,572,Inf,572,572,0,18857,853,1093,17732,0,18825,2718.56,,
"regional-compression-exact-study-2026-08-13","production",TRUE,16,"crossed",61,0.1,0.05,"exact","precomputed_exact_table","exact",202918100,202918131,,25000,"certified","bounds-met",TRUE,52,52,53,53,53,0,53,0,TRUE,0.921801652918069,0.0781983470819314,0.0781983470819292,TRUE,TRUE,TRUE,0.0781983470819314,0.0814252055555831,0.0147015895355537,17,17,32,0,0,,,,,0,84,60,52,0,0,52,8.98000000000047,,
"regional-compression-exact-study-2026-08-13","production",TRUE,16,"crossed",61,0.1,0.05,"stochastic","precomputed_exact_table","iid",202918100,202918132,100,25000,"frontier_exhausted","tolerance-not-met",TRUE,1093,1093,53,8,8019,8011,8019,7966,FALSE,0.999999999999998,2.44249065417534e-15,0,TRUE,TRUE,TRUE,2.44249065417534e-15,2.44249065417535e-15,2.44249065417534e-15,1093,364,32,729,698,572,Inf,572,572,0,18857,854,1093,17732,0,18825,2672.97,,
"regional-compression-exact-study-2026-08-13","production",TRUE,16,"crossed",61,0.2,0.05,"exact","precomputed_exact_table","exact",202918100,202918141,,25000,"certified","bounds-met",TRUE,46,46,31,31,31,0,31,0,TRUE,0.841795372107653,0.158204627892347,0.158204627892344,TRUE,TRUE,TRUE,0.158204627892347,0.172218320275826,0.048828355474024,15,15,32,0,0,,,,,0,78,56,46,0,0,46,8.28999999999905,,
"regional-compression-exact-study-2026-08-13","production",TRUE,16,"crossed",61,0.2,0.05,"stochastic","precomputed_exact_table","iid",202918100,202918142,100,25000,"frontier_exhausted","tolerance-not-met",TRUE,1093,1093,31,8,8019,8011,8019,7988,FALSE,0.999999999999998,2.44249065417534e-15,0,TRUE,TRUE,TRUE,2.44249065417534e-15,2.44249065417535e-15,2.44249065417534e-15,1093,364,32,729,698,572,Inf,572,572,0,18857,856,1093,17732,0,18825,2813.09,,
"regional-compression-exact-study-2026-08-13","production",TRUE,16,"crossed",62,0.01,0.05,"exact","precomputed_exact_table","exact",202918200,202918211,,25000,"certified","bounds-met",TRUE,193,193,290,290,290,0,290,0,TRUE,0.990240943382319,0.00975905661768139,0.00975905661767889,TRUE,TRUE,TRUE,0.00975905661768139,0.00980698831105938,0.00375394582182044,64,64,32,0,0,,,,,0,225,154,193,0,0,193,71.91,,
"regional-compression-exact-study-2026-08-13","production",TRUE,16,"crossed",62,0.01,0.05,"stochastic","precomputed_exact_table","iid",202918200,202918212,100,25000,"frontier_exhausted","tolerance-not-met",TRUE,1093,1093,290,10,8019,8009,8019,7729,FALSE,0.999999999999997,2.55351295663786e-15,0,TRUE,TRUE,TRUE,2.55351295663786e-15,2.55351295663786e-15,2.55351295663786e-15,1093,364,32,729,729,6128,Inf,,,0,1125,753,1093,0,0,1093,2721.71,,
"regional-compression-exact-study-2026-08-13","production",TRUE,16,"crossed",62,0.05,0.05,"exact","precomputed_exact_table","exact",202918200,202918221,,25000,"certified","bounds-met",TRUE,103,103,126,126,126,0,126,0,TRUE,0.951323377604854,0.0486766223951464,0.048676622395144,TRUE,TRUE,TRUE,0.0486766223951464,0.0499012346946565,0.0150726315812426,34,34,32,0,0,,,,,0,135,94,103,0,0,103,19.1200000000003,,
"regional-compression-exact-study-2026-08-13","production",TRUE,16,"crossed",62,0.05,0.05,"stochastic","precomputed_exact_table","iid",202918200,202918222,100,25000,"frontier_exhausted","tolerance-not-met",TRUE,1093,1093,126,9,8019,8010,8019,7893,FALSE,0.999999999999997,2.55351295663786e-15,0,TRUE,TRUE,TRUE,2.55351295663786e-15,2.55351295663786e-15,2.55351295663786e-15,1093,364,32,729,729,6128,Inf,,,0,1125,753,1093,0,0,1093,2730.14,,
"regional-compression-exact-study-2026-08-13","production",TRUE,16,"crossed",62,0.1,0.05,"exact","precomputed_exact_table","exact",202918200,202918231,,25000,"certified","bounds-met",TRUE,79,79,73,73,73,0,73,0,TRUE,0.90357470112418,0.0964252988758203,0.0964252988758185,TRUE,TRUE,TRUE,0.0964252988758203,0.101396492650777,0.0323253838986765,26,26,32,0,0,,,,,0,111,78,79,0,0,79,15.0299999999997,,
"regional-compression-exact-study-2026-08-13","production",TRUE,16,"crossed",62,0.1,0.05,"stochastic","precomputed_exact_table","iid",202918200,202918232,100,25000,"frontier_exhausted","tolerance-not-met",TRUE,1093,1093,73,9,8019,8010,8019,7946,FALSE,0.999999999999997,2.55351295663786e-15,0,TRUE,TRUE,TRUE,2.55351295663786e-15,2.55351295663786e-15,2.55351295663786e-15,1093,364,32,729,729,6128,Inf,,,0,1125,753,1093,0,0,1093,2728,,
"regional-compression-exact-study-2026-08-13","production",TRUE,16,"crossed",62,0.2,0.05,"exact","precomputed_exact_table","exact",202918200,202918241,,25000,"certified","bounds-met",TRUE,46,46,31,31,31,0,31,0,TRUE,0.826897967043903,0.173102032956097,0.173102032956096,TRUE,TRUE,TRUE,0.173102032956097,0.190073968784185,0.0530561748257471,15,15,32,0,0,,,,,0,78,56,46,0,0,46,8.59000000000015,,
"regional-compression-exact-study-2026-08-13","production",TRUE,16,"crossed",62,0.2,0.05,"stochastic","precomputed_exact_table","iid",202918200,202918242,100,25000,"frontier_exhausted","tolerance-not-met",TRUE,1093,1093,31,9,8019,8010,8019,7988,FALSE,0.999999999999997,2.55351295663786e-15,0,TRUE,TRUE,TRUE,2.55351295663786e-15,2.55351295663786e-15,2.55351295663786e-15,1093,364,32,729,729,6128,Inf,,,0,1125,753,1093,0,0,1093,2817.28,,
"regional-compression-exact-study-2026-08-13","production",TRUE,16,"crossed",63,0.01,0.05,"exact","precomputed_exact_table","exact",202918300,202918311,,25000,"certified","bounds-met",TRUE,202,202,298,298,298,0,298,0,TRUE,0.990015761220027,0.00998423877997257,0.00998423877996814,TRUE,TRUE,TRUE,0.00998423877997257,0.0100344155559599,0.0023828578259909,67,67,32,0,0,,,,,0,234,160,202,0,0,202,68.22,,
"regional-compression-exact-study-2026-08-13","production",TRUE,16,"crossed",63,0.01,0.05,"stochastic","precomputed_exact_table","iid",202918300,202918312,100,25000,"budget_exhausted","budget-exhausted",TRUE,1072,1072,298,8,Inf,Inf,Inf,Inf,FALSE,0,1,1,TRUE,FALSE,TRUE,1,Inf,,1036,357,32,679,640,128,Inf,128,1273,0,24416,920,1072,23312,0,24384,2409.03,,
"regional-compression-exact-study-2026-08-13","production",TRUE,16,"crossed",63,0.05,0.05,"exact","precomputed_exact_table","exact",202918300,202918321,,25000,"certified","bounds-met",TRUE,121,121,125,125,125,0,125,0,TRUE,0.951212026626551,0.0487879733734485,0.0487879733734441,TRUE,TRUE,TRUE,0.0487879733734485,0.0500182900495074,0.0166430389418135,40,40,32,0,0,,,,,0,153,106,121,0,0,121,25.5,,
"regional-compression-exact-study-2026-08-13","production",TRUE,16,"crossed",63,0.05,0.05,"stochastic","precomputed_exact_table","iid",202918300,202918322,100,25000,"budget_exhausted","budget-exhausted",TRUE,1072,1072,125,8,Inf,Inf,Inf,Inf,FALSE,0,1,1,TRUE,FALSE,TRUE,1,Inf,,1036,357,32,679,640,128,Inf,128,1273,0,24416,908,1072,23312,0,24384,2422.42,,
"regional-compression-exact-study-2026-08-13","production",TRUE,16,"crossed",63,0.1,0.05,"exact","precomputed_exact_table","exact",202918300,202918331,,25000,"certified","bounds-met",TRUE,91,91,72,72,72,0,72,0,TRUE,0.902556917596366,0.0974430824036344,0.09744308240363,TRUE,TRUE,TRUE,0.0974430824036344,0.102523524174944,0.0191847812147502,30,30,32,0,0,,,,,0,123,86,91,0,0,91,17.8900000000003,,
"regional-compression-exact-study-2026-08-13","production",TRUE,16,"crossed",63,0.1,0.05,"stochastic","precomputed_exact_table","iid",202918300,202918332,100,25000,"budget_exhausted","budget-exhausted",TRUE,1072,1072,72,8,Inf,Inf,Inf,Inf,FALSE,0,1,1,TRUE,FALSE,TRUE,1,Inf,,1036,357,32,679,640,128,Inf,128,1273,0,24416,909,1072,23312,0,24384,2347.18,,
"regional-compression-exact-study-2026-08-13","production",TRUE,16,"crossed",63,0.2,0.05,"exact","precomputed_exact_table","exact",202918300,202918341,,25000,"certified","bounds-met",TRUE,43,43,40,40,40,0,40,0,TRUE,0.850447828375774,0.149552171624226,0.149552171624221,TRUE,TRUE,TRUE,0.149552171624226,0.161992211325474,0.0238878720607347,14,14,32,0,0,,,,,0,75,54,43,0,0,43,7.36000000000058,,
"regional-compression-exact-study-2026-08-13","production",TRUE,16,"crossed",63,0.2,0.05,"stochastic","precomputed_exact_table","iid",202918300,202918342,100,25000,"budget_exhausted","budget-exhausted",TRUE,1072,1072,40,8,Inf,Inf,Inf,Inf,FALSE,0,1,1,TRUE,FALSE,TRUE,1,Inf,,1036,357,32,679,640,128,Inf,128,1273,0,24416,907,1072,23312,0,24384,2545,,
"regional-compression-exact-study-2026-08-13","production",TRUE,16,"crossed",64,0.01,0.05,"exact","precomputed_exact_table","exact",202918400,202918411,,25000,"certified","bounds-met",TRUE,190,190,296,296,296,0,296,0,TRUE,0.990205693817408,0.00979430618259169,0.00979430618259088,TRUE,TRUE,TRUE,0.00979430618259169,0.00984258590228139,0.00284799773507936,63,63,32,0,0,,,,,0,222,152,190,0,0,190,74.98,,
"regional-compression-exact-study-2026-08-13","production",TRUE,16,"crossed",64,0.01,0.05,"stochastic","precomputed_exact_table","iid",202918400,202918412,100,25000,"frontier_exhausted","tolerance-not-met",TRUE,1093,1093,296,9,8019,8010,8019,7723,FALSE,0.999999999999999,7.7715611723761e-16,0,TRUE,TRUE,TRUE,7.7715611723761e-16,7.7715611723761e-16,6.66133814775094e-16,1093,364,32,729,693,248,Inf,248,716,0,12393,863,1093,11268,0,12361,2808.89,,
"regional-compression-exact-study-2026-08-13","production",TRUE,16,"crossed",64,0.05,0.05,"exact","precomputed_exact_table","exact",202918400,202918421,,25000,"certified","bounds-met",TRUE,76,76,93,93,93,0,93,0,TRUE,0.951773813178529,0.0482261868214707,0.0482261868214699,TRUE,TRUE,TRUE,0.0482261868214707,0.049427863619056,0.0236235230247409,25,25,32,0,0,,,,,0,108,76,76,0,0,76,13.71,,
"regional-compression-exact-study-2026-08-13","production",TRUE,16,"crossed",64,0.05,0.05,"stochastic","precomputed_exact_table","iid",202918400,202918422,100,25000,"frontier_exhausted","tolerance-not-met",TRUE,1093,1093,93,9,8019,8010,8019,7926,FALSE,0.999999999999999,7.7715611723761e-16,0,TRUE,TRUE,TRUE,7.7715611723761e-16,7.7715611723761e-16,6.66133814775094e-16,1093,364,32,729,693,248,Inf,248,716,0,12393,870,1093,11268,0,12361,2846.57,,
"regional-compression-exact-study-2026-08-13","production",TRUE,16,"crossed",64,0.1,0.05,"exact","precomputed_exact_table","exact",202918400,202918431,,25000,"certified","bounds-met",TRUE,70,70,62,62,62,0,62,0,TRUE,0.90624064836621,0.0937593516337896,0.0937593516337886,TRUE,TRUE,TRUE,0.0937593516337896,0.0984503919106758,0.0220170468565675,23,23,32,0,0,,,,,0,102,72,70,0,0,70,13.3700000000008,,
"regional-compression-exact-study-2026-08-13","production",TRUE,16,"crossed",64,0.1,0.05,"stochastic","precomputed_exact_table","iid",202918400,202918432,100,25000,"frontier_exhausted","tolerance-not-met",TRUE,1093,1093,62,9,8019,8010,8019,7957,FALSE,0.999999999999999,7.7715611723761e-16,0,TRUE,TRUE,TRUE,7.7715611723761e-16,7.7715611723761e-16,6.66133814775094e-16,1093,364,32,729,693,248,Inf,248,716,0,12393,865,1093,11268,0,12361,2808.33,,
"regional-compression-exact-study-2026-08-13","production",TRUE,16,"crossed",64,0.2,0.05,"exact","precomputed_exact_table","exact",202918400,202918441,,25000,"certified","bounds-met",TRUE,40,40,31,31,31,0,31,0,TRUE,0.807083010388123,0.192916989611877,0.192916989611877,TRUE,TRUE,TRUE,0.192916989611877,0.21432875306774,0.0847309859790049,13,13,32,0,0,,,,,0,72,52,40,0,0,40,8.26000000000022,,
"regional-compression-exact-study-2026-08-13","production",TRUE,16,"crossed",64,0.2,0.05,"stochastic","precomputed_exact_table","iid",202918400,202918442,100,25000,"frontier_exhausted","tolerance-not-met",TRUE,1093,1093,31,9,8019,8010,8019,7988,FALSE,0.999999999999999,7.7715611723761e-16,0,TRUE,TRUE,TRUE,7.7715611723761e-16,7.7715611723761e-16,6.66133814775094e-16,1093,364,32,729,693,248,Inf,248,716,0,12393,869,1093,11268,0,12361,3373.83,,
"regional-compression-exact-study-2026-08-13","production",TRUE,16,"crossed",65,0.01,0.05,"exact","precomputed_exact_table","exact",202918500,202918511,,25000,"certified","bounds-met",TRUE,163,163,270,270,270,0,270,0,TRUE,0.990261569915232,0.00973843008476816,0.00973843008476252,TRUE,TRUE,TRUE,0.00973843008476816,0.00978615871576678,0.00454912904356276,54,54,32,0,0,,,,,0,195,134,163,0,0,163,52.78,,
"regional-compression-exact-study-2026-08-13","production",TRUE,16,"crossed",65,0.01,0.05,"stochastic","precomputed_exact_table","iid",202918500,202918512,100,25000,"frontier_exhausted","tolerance-not-met",TRUE,1093,1093,270,8,8019,8011,8019,7749,FALSE,0.999999999999994,5.77315972805081e-15,0,TRUE,TRUE,TRUE,5.77315972805081e-15,5.77315972805083e-15,5.77315972805081e-15,1093,364,32,729,729,4098,Inf,,,0,1125,753,1093,0,0,1093,2733.7,,
"regional-compression-exact-study-2026-08-13","production",TRUE,16,"crossed",65,0.05,0.05,"exact","precomputed_exact_table","exact",202918500,202918521,,25000,"certified","bounds-met",TRUE,70,70,83,83,83,0,83,0,TRUE,0.951054477017862,0.0489455229821378,0.0489455229821325,TRUE,TRUE,TRUE,0.0489455229821378,0.050183934146954,0.0137568966550527,23,23,32,0,0,,,,,0,102,72,70,0,0,70,16.1999999999998,,
"regional-compression-exact-study-2026-08-13","production",TRUE,16,"crossed",65,0.05,0.05,"stochastic","precomputed_exact_table","iid",202918500,202918522,100,25000,"frontier_exhausted","tolerance-not-met",TRUE,1093,1093,83,8,8019,8011,8019,7936,FALSE,0.999999999999994,5.77315972805081e-15,0,TRUE,TRUE,TRUE,5.77315972805081e-15,5.77315972805083e-15,5.77315972805081e-15,1093,364,32,729,729,4098,Inf,,,0,1125,753,1093,0,0,1093,2819.78,,
"regional-compression-exact-study-2026-08-13","production",TRUE,16,"crossed",65,0.1,0.05,"exact","precomputed_exact_table","exact",202918500,202918531,,25000,"certified","bounds-met",TRUE,58,58,53,53,53,0,53,0,TRUE,0.902604985845247,0.0973950141547532,0.0973950141547482,TRUE,TRUE,TRUE,0.0973950141547532,0.102470267734288,0.0319750959618958,19,19,32,0,0,,,,,0,90,64,58,0,0,58,13.5799999999999,,
"regional-compression-exact-study-2026-08-13","production",TRUE,16,"crossed",65,0.1,0.05,"stochastic","precomputed_exact_table","iid",202918500,202918532,100,25000,"frontier_exhausted","tolerance-not-met",TRUE,1093,1093,53,8,8019,8011,8019,7966,FALSE,0.999999999999994,5.77315972805081e-15,0,TRUE,TRUE,TRUE,5.77315972805081e-15,5.77315972805083e-15,5.77315972805081e-15,1093,364,32,729,729,4098,Inf,,,0,1125,753,1093,0,0,1093,3110.78,,
"regional-compression-exact-study-2026-08-13","production",TRUE,16,"crossed",65,0.2,0.05,"exact","precomputed_exact_table","exact",202918500,202918541,,25000,"certified","bounds-met",TRUE,52,52,31,31,31,0,31,0,TRUE,0.809016137965534,0.190983862034466,0.190983862034463,TRUE,TRUE,TRUE,0.190983862034466,0.211936414081154,0.0657915882398041,17,17,32,0,0,,,,,0,84,60,52,0,0,52,9.22000000000116,,
"regional-compression-exact-study-2026-08-13","production",TRUE,16,"crossed",65,0.2,0.05,"stochastic","precomputed_exact_table","iid",202918500,202918542,100,25000,"frontier_exhausted","tolerance-not-met",TRUE,1093,1093,31,8,8019,8011,8019,7988,FALSE,0.999999999999994,5.77315972805081e-15,0,TRUE,TRUE,TRUE,5.77315972805081e-15,5.77315972805083e-15,5.77315972805081e-15,1093,364,32,729,729,4098,Inf,,,0,1125,753,1093,0,0,1093,3131.57,,
"regional-compression-exact-study-2026-08-13","production",TRUE,16,"crossed",66,0.01,0.05,"exact","precomputed_exact_table","exact",202918600,202918611,,25000,"certified","bounds-met",TRUE,217,217,357,357,357,0,357,0,TRUE,0.990014077303761,0.00998592269623866,0.00998592269623487,TRUE,TRUE,TRUE,0.00998592269623866,0.0100361164558487,0.00411027956978246,72,72,32,0,0,,,,,0,249,170,217,0,0,217,74.66,,
"regional-compression-exact-study-2026-08-13","production",TRUE,16,"crossed",66,0.01,0.05,"stochastic","precomputed_exact_table","iid",202918600,202918612,100,25000,"frontier_exhausted","tolerance-not-met",TRUE,1093,1093,357,8,8019,8011,8019,7662,FALSE,0.999999999999996,3.77475828372553e-15,0,TRUE,TRUE,TRUE,3.77475828372553e-15,3.77475828372554e-15,3.66373598126302e-15,1093,364,32,729,729,4976,Inf,,,0,1125,753,1093,0,0,1093,2818.36,,
"regional-compression-exact-study-2026-08-13","production",TRUE,16,"crossed",66,0.05,0.05,"exact","precomputed_exact_table","exact",202918600,202918621,,25000,"certified","bounds-met",TRUE,130,130,142,142,142,0,142,0,TRUE,0.95093279589591,0.0490672041040899,0.0490672041040869,TRUE,TRUE,TRUE,0.0490672041040899,0.0503118857098808,0.016580275230784,43,43,32,0,0,,,,,0,162,112,130,0,0,130,27.6899999999996,,
"regional-compression-exact-study-2026-08-13","production",TRUE,16,"crossed",66,0.05,0.05,"stochastic","precomputed_exact_table","iid",202918600,202918622,100,25000,"frontier_exhausted","tolerance-not-met",TRUE,1093,1093,142,8,8019,8011,8019,7877,FALSE,0.999999999999996,3.77475828372553e-15,0,TRUE,TRUE,TRUE,3.77475828372553e-15,3.77475828372554e-15,3.66373598126302e-15,1093,364,32,729,729,4976,Inf,,,0,1125,753,1093,0,0,1093,2737.17,,
"regional-compression-exact-study-2026-08-13","production",TRUE,16,"crossed",66,0.1,0.05,"exact","precomputed_exact_table","exact",202918600,202918631,,25000,"certified","bounds-met",TRUE,94,94,91,91,91,0,91,0,TRUE,0.903541362403857,0.096458637596143,0.0964586375961389,TRUE,TRUE,TRUE,0.096458637596143,0.101433389805309,0.0218974682408813,31,31,32,0,0,,,,,0,126,88,94,0,0,94,19.3900000000003,,
"regional-compression-exact-study-2026-08-13","production",TRUE,16,"crossed",66,0.1,0.05,"stochastic","precomputed_exact_table","iid",202918600,202918632,100,25000,"frontier_exhausted","tolerance-not-met",TRUE,1093,1093,91,8,8019,8011,8019,7928,FALSE,0.999999999999996,3.77475828372553e-15,0,TRUE,TRUE,TRUE,3.77475828372553e-15,3.77475828372554e-15,3.66373598126302e-15,1093,364,32,729,729,4976,Inf,,,0,1125,753,1093,0,0,1093,3242.86,,
"regional-compression-exact-study-2026-08-13","production",TRUE,16,"crossed",66,0.2,0.05,"exact","precomputed_exact_table","exact",202918600,202918641,,25000,"certified","bounds-met",TRUE,37,37,31,31,31,0,31,0,TRUE,0.815307290292337,0.184692709707663,0.184692709707664,TRUE,TRUE,TRUE,0.184692709707663,0.204190193500758,0.0660187129394677,12,12,32,0,0,,,,,0,69,50,37,0,0,37,7.05999999999949,,
"regional-compression-exact-study-2026-08-13","production",TRUE,16,"crossed",66,0.2,0.05,"stochastic","precomputed_exact_table","iid",202918600,202918642,100,25000,"frontier_exhausted","tolerance-not-met",TRUE,1093,1093,31,8,8019,8011,8019,7988,FALSE,0.999999999999996,3.77475828372553e-15,0,TRUE,TRUE,TRUE,3.77475828372553e-15,3.77475828372554e-15,3.66373598126302e-15,1093,364,32,729,729,4976,Inf,,,0,1125,753,1093,0,0,1093,2938.59,,
"regional-compression-exact-study-2026-08-13","production",TRUE,16,"crossed",67,0.01,0.05,"exact","precomputed_exact_table","exact",202918700,202918711,,25000,"certified","bounds-met",TRUE,349,349,794,794,794,0,794,0,TRUE,0.990070217240818,0.00992978275918166,0.00992978275917684,TRUE,TRUE,TRUE,0.00992978275918166,0.00997941186279002,0.00362703387521271,116,116,32,0,0,,,,,0,381,258,349,0,0,349,159.16,,
"regional-compression-exact-study-2026-08-13","production",TRUE,16,"crossed",67,0.01,0.05,"stochastic","precomputed_exact_table","iid",202918700,202918712,100,25000,"frontier_exhausted","tolerance-not-met",TRUE,1093,1093,794,9,8019,8010,8019,7225,FALSE,0.999999999999995,4.77395900588817e-15,0,TRUE,TRUE,TRUE,4.77395900588817e-15,4.77395900588818e-15,3.99680288865056e-15,1093,364,32,729,698,375,Inf,375,375,0,12750,849,1093,11625,0,12718,2902.48,,
"regional-compression-exact-study-2026-08-13","production",TRUE,16,"crossed",67,0.05,0.05,"exact","precomputed_exact_table","exact",202918700,202918721,,25000,"certified","bounds-met",TRUE,202,202,365,365,365,0,365,0,TRUE,0.950890136563762,0.0491098634362385,0.0491098634362336,TRUE,TRUE,TRUE,0.0491098634362385,0.0503567472281932,0.0148504578357378,67,67,32,0,0,,,,,0,234,160,202,0,0,202,44.75,,
"regional-compression-exact-study-2026-08-13","production",TRUE,16,"crossed",67,0.05,0.05,"stochastic","precomputed_exact_table","iid",202918700,202918722,100,25000,"frontier_exhausted","tolerance-not-met",TRUE,1093,1093,365,9,8019,8010,8019,7654,FALSE,0.999999999999995,4.77395900588817e-15,0,TRUE,TRUE,TRUE,4.77395900588817e-15,4.77395900588818e-15,3.99680288865056e-15,1093,364,32,729,698,375,Inf,375,375,0,12750,847,1093,11625,0,12718,2930.03,,
"regional-compression-exact-study-2026-08-13","production",TRUE,16,"crossed",67,0.1,0.05,"exact","precomputed_exact_table","exact",202918700,202918731,,25000,"certified","bounds-met",TRUE,163,163,239,239,239,0,239,0,TRUE,0.901186974981127,0.098813025018873,0.0988130250188675,TRUE,TRUE,TRUE,0.098813025018873,0.104042523501055,0.0276360057954864,54,54,32,0,0,,,,,0,195,134,163,0,0,163,36.6699999999992,,
"regional-compression-exact-study-2026-08-13","production",TRUE,16,"crossed",67,0.1,0.05,"stochastic","precomputed_exact_table","iid",202918700,202918732,100,25000,"frontier_exhausted","tolerance-not-met",TRUE,1093,1093,239,9,8019,8010,8019,7780,FALSE,0.999999999999995,4.77395900588817e-15,0,TRUE,TRUE,TRUE,4.77395900588817e-15,4.77395900588818e-15,3.99680288865056e-15,1093,364,32,729,698,375,Inf,375,375,0,12750,853,1093,11625,0,12718,3301,,
"regional-compression-exact-study-2026-08-13","production",TRUE,16,"crossed",67,0.2,0.05,"exact","precomputed_exact_table","exact",202918700,202918741,,25000,"certified","bounds-met",TRUE,115,115,128,128,128,0,128,0,TRUE,0.805117733031071,0.194882266968929,0.194882266968926,TRUE,TRUE,TRUE,0.194882266968929,0.216766760044876,0.0862487404840421,38,38,32,0,0,,,,,0,147,102,115,0,0,115,41.2900000000009,,
"regional-compression-exact-study-2026-08-13","production",TRUE,16,"crossed",67,0.2,0.05,"stochastic","precomputed_exact_table","iid",202918700,202918742,100,25000,"frontier_exhausted","tolerance-not-met",TRUE,1093,1093,128,9,8019,8010,8019,7891,FALSE,0.999999999999995,4.77395900588817e-15,0,TRUE,TRUE,TRUE,4.77395900588817e-15,4.77395900588818e-15,3.99680288865056e-15,1093,364,32,729,698,375,Inf,375,375,0,12750,849,1093,11625,0,12718,3185,,
"regional-compression-exact-study-2026-08-13","production",TRUE,16,"crossed",68,0.01,0.05,"exact","precomputed_exact_table","exact",202918800,202918811,,25000,"certified","bounds-met",TRUE,286,286,449,449,449,0,449,0,TRUE,0.990034291822062,0.00996570817793818,0.00996570817793918,TRUE,TRUE,TRUE,0.00996570817793818,0.0100156982492873,0.00244356332546479,95,95,32,0,0,,,,,0,318,216,286,0,0,286,113.23,,
"regional-compression-exact-study-2026-08-13","production",TRUE,16,"crossed",68,0.01,0.05,"stochastic","precomputed_exact_table","iid",202918800,202918812,100,25000,"budget_exhausted","budget-exhausted",TRUE,1063,1063,449,8,Inf,Inf,Inf,Inf,FALSE,0,1,1,TRUE,FALSE,TRUE,1,Inf,,1033,354,32,679,654,565,Inf,565,2498,0,24885,824,1063,23790,0,24853,2568.21,,
"regional-compression-exact-study-2026-08-13","production",TRUE,16,"crossed",68,0.05,0.05,"exact","precomputed_exact_table","exact",202918800,202918821,,25000,"certified","bounds-met",TRUE,151,151,182,182,182,0,182,0,TRUE,0.95133042567721,0.0486695743227896,0.0486695743227905,TRUE,TRUE,TRUE,0.0486695743227896,0.049893826019106,0.0119111088922103,50,50,32,0,0,,,,,0,183,126,151,0,0,151,36.1100000000001,,
"regional-compression-exact-study-2026-08-13","production",TRUE,16,"crossed",68,0.05,0.05,"stochastic","precomputed_exact_table","iid",202918800,202918822,100,25000,"budget_exhausted","budget-exhausted",TRUE,1063,1063,182,8,Inf,Inf,Inf,Inf,FALSE,0,1,1,TRUE,FALSE,TRUE,1,Inf,,1033,354,32,679,654,565,Inf,565,2498,0,24885,827,1063,23790,0,24853,2466.32,,
"regional-compression-exact-study-2026-08-13","production",TRUE,16,"crossed",68,0.1,0.05,"exact","precomputed_exact_table","exact",202918800,202918831,,25000,"certified","bounds-met",TRUE,103,103,112,112,112,0,112,0,TRUE,0.90116139080276,0.0988386091972404,0.0988386091972414,TRUE,TRUE,TRUE,0.0988386091972404,0.104070913327189,0.0204760718758317,34,34,32,0,0,,,,,0,135,94,103,0,0,103,23.6700000000001,,
"regional-compression-exact-study-2026-08-13","production",TRUE,16,"crossed",68,0.1,0.05,"stochastic","precomputed_exact_table","iid",202918800,202918832,100,25000,"budget_exhausted","budget-exhausted",TRUE,1063,1063,112,8,Inf,Inf,Inf,Inf,FALSE,0,1,1,TRUE,FALSE,TRUE,1,Inf,,1033,354,32,679,654,565,Inf,565,2498,0,24885,825,1063,23790,0,24853,3077.01,,
"regional-compression-exact-study-2026-08-13","production",TRUE,16,"crossed",68,0.2,0.05,"exact","precomputed_exact_table","exact",202918800,202918841,,25000,"certified","bounds-met",TRUE,61,61,51,51,51,0,51,0,TRUE,0.805875632536155,0.194124367463845,0.194124367463846,TRUE,TRUE,TRUE,0.194124367463845,0.215825850445621,0.0583946022313077,20,20,32,0,0,,,,,0,93,66,61,0,0,61,11.2299999999996,,
"regional-compression-exact-study-2026-08-13","production",TRUE,16,"crossed",68,0.2,0.05,"stochastic","precomputed_exact_table","iid",202918800,202918842,100,25000,"budget_exhausted","budget-exhausted",TRUE,1063,1063,51,8,Inf,Inf,Inf,Inf,FALSE,0,1,1,TRUE,FALSE,TRUE,1,Inf,,1033,354,32,679,654,565,Inf,565,2498,0,24885,822,1063,23790,0,24853,2521.4,,
"regional-compression-exact-study-2026-08-13","production",TRUE,16,"crossed",69,0.01,0.05,"exact","precomputed_exact_table","exact",202918900,202918911,,25000,"certified","bounds-met",TRUE,235,235,404,404,404,0,404,0,TRUE,0.990014680358621,0.00998531964137905,0.00998531964137941,TRUE,TRUE,TRUE,0.00998531964137905,0.010035507318373,0.0033683118380992,78,78,32,0,0,,,,,0,267,182,235,0,0,235,85.68,,
"regional-compression-exact-study-2026-08-13","production",TRUE,16,"crossed",69,0.01,0.05,"stochastic","precomputed_exact_table","iid",202918900,202918912,100,25000,"frontier_exhausted","tolerance-not-met",TRUE,1093,1093,404,9,8019,8010,8019,7615,FALSE,1,-2.22044604925031e-16,0,TRUE,TRUE,TRUE,-2.22044604925031e-16,-2.22044604925031e-16,2.22044604925031e-16,1093,364,32,729,698,473,Inf,473,473,0,15788,860,1093,14663,0,15756,3058.43,,
"regional-compression-exact-study-2026-08-13","production",TRUE,16,"crossed",69,0.05,0.05,"exact","precomputed_exact_table","exact",202918900,202918921,,25000,"certified","bounds-met",TRUE,115,115,142,142,142,0,142,0,TRUE,0.950334413087448,0.0496655869125524,0.0496655869125528,TRUE,TRUE,TRUE,0.0496655869125524,0.0509413425536033,0.0187125894142576,38,38,32,0,0,,,,,0,147,102,115,0,0,115,25.3299999999999,,
"regional-compression-exact-study-2026-08-13","production",TRUE,16,"crossed",69,0.05,0.05,"stochastic","precomputed_exact_table","iid",202918900,202918922,100,25000,"frontier_exhausted","tolerance-not-met",TRUE,1093,1093,142,9,8019,8010,8019,7877,FALSE,1,-2.22044604925031e-16,0,TRUE,TRUE,TRUE,-2.22044604925031e-16,-2.22044604925031e-16,2.22044604925031e-16,1093,364,32,729,698,473,Inf,473,473,0,15788,854,1093,14663,0,15756,3405.98,,
"regional-compression-exact-study-2026-08-13","production",TRUE,16,"crossed",69,0.1,0.05,"exact","precomputed_exact_table","exact",202918900,202918931,,25000,"certified","bounds-met",TRUE,97,97,81,81,81,0,81,0,TRUE,0.900038009786006,0.0999619902139939,0.0999619902139949,TRUE,TRUE,TRUE,0.0999619902139939,0.105318283454056,0.0460003893368277,32,32,32,0,0,,,,,0,129,90,97,0,0,97,21.5500000000002,,
"regional-compression-exact-study-2026-08-13","production",TRUE,16,"crossed",69,0.1,0.05,"stochastic","precomputed_exact_table","iid",202918900,202918932,100,25000,"frontier_exhausted","tolerance-not-met",TRUE,1093,1093,81,9,8019,8010,8019,7938,FALSE,1,-2.22044604925031e-16,0,TRUE,TRUE,TRUE,-2.22044604925031e-16,-2.22044604925031e-16,2.22044604925031e-16,1093,364,32,729,698,473,Inf,473,473,0,15788,855,1093,14663,0,15756,3331.54,,
"regional-compression-exact-study-2026-08-13","production",TRUE,16,"crossed",69,0.2,0.05,"exact","precomputed_exact_table","exact",202918900,202918941,,25000,"certified","bounds-met",TRUE,91,91,50,50,50,0,50,0,TRUE,0.818789415660243,0.181210584339757,0.181210584339758,TRUE,TRUE,TRUE,0.181210584339757,0.19992835192701,0.0454950837453113,30,30,32,0,0,,,,,0,123,86,91,0,0,91,21.8299999999999,,
"regional-compression-exact-study-2026-08-13","production",TRUE,16,"crossed",69,0.2,0.05,"stochastic","precomputed_exact_table","iid",202918900,202918942,100,25000,"frontier_exhausted","tolerance-not-met",TRUE,1093,1093,50,9,8019,8010,8019,7969,FALSE,1,-2.22044604925031e-16,0,TRUE,TRUE,TRUE,-2.22044604925031e-16,-2.22044604925031e-16,2.22044604925031e-16,1093,364,32,729,698,473,Inf,473,473,0,15788,854,1093,14663,0,15756,3583.15,,
"regional-compression-exact-study-2026-08-13","production",TRUE,16,"crossed",70,0.01,0.05,"exact","precomputed_exact_table","exact",202919000,202919011,,25000,"certified","bounds-met",TRUE,292,292,535,535,535,0,535,0,TRUE,0.990085575277936,0.00991442472206405,0.0099144247220648,TRUE,TRUE,TRUE,0.00991442472206405,0.00996389991451207,0.00400654553626324,97,97,32,0,0,,,,,0,324,220,292,0,0,292,130.36,,
"regional-compression-exact-study-2026-08-13","production",TRUE,16,"crossed",70,0.01,0.05,"stochastic","precomputed_exact_table","iid",202919000,202919012,100,25000,"frontier_exhausted","tolerance-not-met",TRUE,1093,1093,535,8,8019,8011,8019,7484,FALSE,1,-6.66133814775094e-16,0,TRUE,TRUE,TRUE,-6.66133814775094e-16,-6.66133814775094e-16,6.66133814775094e-16,1093,364,32,729,693,62,Inf,100,645,0,7450,858,1093,6325,0,7418,2924.94,,
"regional-compression-exact-study-2026-08-13","production",TRUE,16,"crossed",70,0.05,0.05,"exact","precomputed_exact_table","exact",202919000,202919021,,25000,"certified","bounds-met",TRUE,175,175,245,245,245,0,245,0,TRUE,0.950226986315611,0.0497730136843894,0.0497730136843902,TRUE,TRUE,TRUE,0.0497730136843894,0.0510543899636845,0.0142068495658788,58,58,32,0,0,,,,,0,207,142,175,0,0,175,43.1399999999999,,
"regional-compression-exact-study-2026-08-13","production",TRUE,16,"crossed",70,0.05,0.05,"stochastic","precomputed_exact_table","iid",202919000,202919022,100,25000,"frontier_exhausted","tolerance-not-met",TRUE,1093,1093,245,8,8019,8011,8019,7774,FALSE,1,-6.66133814775094e-16,0,TRUE,TRUE,TRUE,-6.66133814775094e-16,-6.66133814775094e-16,6.66133814775094e-16,1093,364,32,729,693,62,Inf,100,645,0,7450,846,1093,6325,0,7418,3471.58,,
"regional-compression-exact-study-2026-08-13","production",TRUE,16,"crossed",70,0.1,0.05,"exact","precomputed_exact_table","exact",202919000,202919031,,25000,"certified","bounds-met",TRUE,130,130,139,139,139,0,139,0,TRUE,0.901183112387938,0.0988168876120621,0.0988168876120622,TRUE,TRUE,TRUE,0.0988168876120621,0.104046809627657,0.0256971620780142,43,43,32,0,0,,,,,0,162,112,130,0,0,130,46.4200000000001,,
"regional-compression-exact-study-2026-08-13","production",TRUE,16,"crossed",70,0.1,0.05,"stochastic","precomputed_exact_table","iid",202919000,202919032,100,25000,"frontier_exhausted","tolerance-not-met",TRUE,1093,1093,139,8,8019,8011,8019,7880,FALSE,1,-6.66133814775094e-16,0,TRUE,TRUE,TRUE,-6.66133814775094e-16,-6.66133814775094e-16,6.66133814775094e-16,1093,364,32,729,693,62,Inf,100,645,0,7450,852,1093,6325,0,7418,3025.11,,
"regional-compression-exact-study-2026-08-13","production",TRUE,16,"crossed",70,0.2,0.05,"exact","precomputed_exact_table","exact",202919000,202919041,,25000,"certified","bounds-met",TRUE,76,76,64,64,64,0,64,0,TRUE,0.812714427996977,0.187285572003023,0.187285572003023,TRUE,TRUE,TRUE,0.187285572003023,0.207375488215833,0.0487721876116034,25,25,32,0,0,,,,,0,108,76,76,0,0,76,17.8199999999997,,
"regional-compression-exact-study-2026-08-13","production",TRUE,16,"crossed",70,0.2,0.05,"stochastic","precomputed_exact_table","iid",202919000,202919042,100,25000,"frontier_exhausted","tolerance-not-met",TRUE,1093,1093,64,8,8019,8011,8019,7955,FALSE,1,-6.66133814775094e-16,0,TRUE,TRUE,TRUE,-6.66133814775094e-16,-6.66133814775094e-16,6.66133814775094e-16,1093,364,32,729,693,62,Inf,100,645,0,7450,853,1093,6325,0,7418,3515.96,,
"regional-compression-exact-study-2026-08-13","production",TRUE,16,"crossed",71,0.01,0.05,"exact","precomputed_exact_table","exact",202919100,202919111,,25000,"certified","bounds-met",TRUE,190,190,393,393,393,0,393,0,TRUE,0.990110897605124,0.00988910239487562,0.00988910239487878,TRUE,TRUE,TRUE,0.00988910239487562,0.00993832434407087,0.00294686757425894,63,63,32,0,0,,,,,0,222,152,190,0,0,190,67.34,,
"regional-compression-exact-study-2026-08-13","production",TRUE,16,"crossed",71,0.01,0.05,"stochastic","precomputed_exact_table","iid",202919100,202919112,100,25000,"budget_exhausted","budget-exhausted",TRUE,1000,1000,393,8,Inf,Inf,Inf,Inf,FALSE,0,1,1,TRUE,FALSE,TRUE,1,Inf,,960,333,32,627,608,434,Inf,434,2403,0,24575,801,1000,23543,0,24543,2005.16,,
"regional-compression-exact-study-2026-08-13","production",TRUE,16,"crossed",71,0.05,0.05,"exact","precomputed_exact_table","exact",202919100,202919121,,25000,"certified","bounds-met",TRUE,121,121,154,154,154,0,154,0,TRUE,0.950436767480568,0.0495632325194323,0.0495632325194352,TRUE,TRUE,TRUE,0.0495632325194323,0.0508336447999069,0.023659768599532,40,40,32,0,0,,,,,0,153,106,121,0,0,121,25.48,,
"regional-compression-exact-study-2026-08-13","production",TRUE,16,"crossed",71,0.05,0.05,"stochastic","precomputed_exact_table","iid",202919100,202919122,100,25000,"budget_exhausted","budget-exhausted",TRUE,1000,1000,154,8,Inf,Inf,Inf,Inf,FALSE,0,1,1,TRUE,FALSE,TRUE,1,Inf,,960,333,32,627,608,434,Inf,434,2403,0,24575,796,1000,23543,0,24543,2054.92,,
"regional-compression-exact-study-2026-08-13","production",TRUE,16,"crossed",71,0.1,0.05,"exact","precomputed_exact_table","exact",202919100,202919131,,25000,"certified","bounds-met",TRUE,70,70,95,95,95,0,95,0,TRUE,0.907134871713237,0.0928651282867633,0.0928651282867653,TRUE,TRUE,TRUE,0.0928651282867633,0.0974641390252603,0.0287074425198873,23,23,32,0,0,,,,,0,102,72,70,0,0,70,14.9399999999996,,
"regional-compression-exact-study-2026-08-13","production",TRUE,16,"crossed",71,0.1,0.05,"stochastic","precomputed_exact_table","iid",202919100,202919132,100,25000,"budget_exhausted","budget-exhausted",TRUE,1000,1000,95,8,Inf,Inf,Inf,Inf,FALSE,0,1,1,TRUE,FALSE,TRUE,1,Inf,,960,333,32,627,608,434,Inf,434,2403,0,24575,792,1000,23543,0,24543,2517.74,,
"regional-compression-exact-study-2026-08-13","production",TRUE,16,"crossed",71,0.2,0.05,"exact","precomputed_exact_table","exact",202919100,202919141,,25000,"certified","bounds-met",TRUE,58,58,51,51,51,0,51,0,TRUE,0.802606474079337,0.197393525920663,0.197393525920664,TRUE,TRUE,TRUE,0.197393525920663,0.219890754798428,0.036597605684292,19,19,32,0,0,,,,,0,90,64,58,0,0,58,9.64000000000033,,
"regional-compression-exact-study-2026-08-13","production",TRUE,16,"crossed",71,0.2,0.05,"stochastic","precomputed_exact_table","iid",202919100,202919142,100,25000,"budget_exhausted","budget-exhausted",TRUE,1000,1000,51,8,Inf,Inf,Inf,Inf,FALSE,0,1,1,TRUE,FALSE,TRUE,1,Inf,,960,333,32,627,608,434,Inf,434,2403,0,24575,790,1000,23543,0,24543,2084.16,,
"regional-compression-exact-study-2026-08-13","production",TRUE,16,"crossed",72,0.01,0.05,"exact","precomputed_exact_table","exact",202919200,202919211,,25000,"certified","bounds-met",TRUE,190,190,365,365,365,0,365,0,TRUE,0.990006912474902,0.00999308752509764,0.00999308752509454,TRUE,TRUE,TRUE,0.00999308752509764,0.0100433535799964,0.00451407555958089,63,63,32,0,0,,,,,0,222,152,190,0,0,190,72.7,,
"regional-compression-exact-study-2026-08-13","production",TRUE,16,"crossed",72,0.01,0.05,"stochastic","precomputed_exact_table","iid",202919200,202919212,100,25000,"frontier_exhausted","tolerance-not-met",TRUE,1093,1093,365,9,8019,8010,8019,7654,FALSE,0.999999999999997,3.33066907387547e-15,0,TRUE,TRUE,TRUE,3.33066907387547e-15,3.33066907387548e-15,3.33066907387547e-15,1093,364,32,729,698,160,Inf,160,160,0,6085,871,1093,4960,0,6053,2751.44,,
"regional-compression-exact-study-2026-08-13","production",TRUE,16,"crossed",72,0.05,0.05,"exact","precomputed_exact_table","exact",202919200,202919221,,25000,"certified","bounds-met",TRUE,100,100,151,151,151,0,151,0,TRUE,0.950932398098704,0.049067601901296,0.0490676019012936,TRUE,TRUE,TRUE,0.049067601901296,0.0503123040331219,0.0121454381358991,33,33,32,0,0,,,,,0,132,92,100,0,0,100,18.6700000000001,,
"regional-compression-exact-study-2026-08-13","production",TRUE,16,"crossed",72,0.05,0.05,"stochastic","precomputed_exact_table","iid",202919200,202919222,100,25000,"frontier_exhausted","tolerance-not-met",TRUE,1093,1093,151,9,8019,8010,8019,7868,FALSE,0.999999999999997,3.33066907387547e-15,0,TRUE,TRUE,TRUE,3.33066907387547e-15,3.33066907387548e-15,3.33066907387547e-15,1093,364,32,729,698,160,Inf,160,160,0,6085,872,1093,4960,0,6053,3373.84,,
"regional-compression-exact-study-2026-08-13","production",TRUE,16,"crossed",72,0.1,0.05,"exact","precomputed_exact_table","exact",202919200,202919231,,25000,"certified","bounds-met",TRUE,46,46,88,88,88,0,88,0,TRUE,0.900937997543727,0.0990620024562726,0.0990620024562697,TRUE,TRUE,TRUE,0.0990620024562726,0.104318838898466,0.039500557565393,15,15,32,0,0,,,,,0,78,56,46,0,0,46,8.01999999999953,,
"regional-compression-exact-study-2026-08-13","production",TRUE,16,"crossed",72,0.1,0.05,"stochastic","precomputed_exact_table","iid",202919200,202919232,100,25000,"frontier_exhausted","tolerance-not-met",TRUE,1093,1093,88,9,8019,8010,8019,7931,FALSE,0.999999999999997,3.33066907387547e-15,0,TRUE,TRUE,TRUE,3.33066907387547e-15,3.33066907387548e-15,3.33066907387547e-15,1093,364,32,729,698,160,Inf,160,160,0,6085,871,1093,4960,0,6053,2868.92,,
"regional-compression-exact-study-2026-08-13","production",TRUE,16,"crossed",72,0.2,0.05,"exact","precomputed_exact_table","exact",202919200,202919241,,25000,"certified","bounds-met",TRUE,25,25,42,42,42,0,42,0,TRUE,0.805305173321147,0.194694826678853,0.194694826678851,TRUE,TRUE,TRUE,0.194694826678853,0.216533976109447,0.0860934703973349,8,8,32,0,0,,,,,0,57,42,25,0,0,25,5.11999999999898,,
"regional-compression-exact-study-2026-08-13","production",TRUE,16,"crossed",72,0.2,0.05,"stochastic","precomputed_exact_table","iid",202919200,202919242,100,25000,"frontier_exhausted","tolerance-not-met",TRUE,1093,1093,42,9,8019,8010,8019,7977,FALSE,0.999999999999997,3.33066907387547e-15,0,TRUE,TRUE,TRUE,3.33066907387547e-15,3.33066907387548e-15,3.33066907387547e-15,1093,364,32,729,698,160,Inf,160,160,0,6085,870,1093,4960,0,6053,3222.04,,
"regional-compression-exact-study-2026-08-13","production",TRUE,16,"crossed",73,0.01,0.05,"exact","precomputed_exact_table","exact",202919300,202919311,,25000,"certified","bounds-met",TRUE,235,235,388,388,388,0,388,0,TRUE,0.990147165039389,0.00985283496061073,0.00985283496061615,TRUE,TRUE,TRUE,0.00985283496061073,0.00990169534611037,0.00483963984997289,78,78,32,0,0,,,,,0,267,182,235,0,0,235,87.53,,
"regional-compression-exact-study-2026-08-13","production",TRUE,16,"crossed",73,0.01,0.05,"stochastic","precomputed_exact_table","iid",202919300,202919312,100,25000,"budget_exhausted","budget-exhausted",TRUE,1018,1018,388,9,Inf,Inf,Inf,Inf,FALSE,0,1,1,TRUE,FALSE,TRUE,1,Inf,,980,339,32,641,617,138,Inf,138,2002,0,24866,854,1018,23816,0,24834,2124.84,,
"regional-compression-exact-study-2026-08-13","production",TRUE,16,"crossed",73,0.05,0.05,"exact","precomputed_exact_table","exact",202919300,202919321,,25000,"certified","bounds-met",TRUE,142,142,145,145,145,0,145,0,TRUE,0.950759100089403,0.0492408999105972,0.0492408999106029,TRUE,TRUE,TRUE,0.0492408999105972,0.0504945607345333,0.0149520815953128,47,47,32,0,0,,,,,0,174,120,142,0,0,142,26.8000000000002,,
"regional-compression-exact-study-2026-08-13","production",TRUE,16,"crossed",73,0.05,0.05,"stochastic","precomputed_exact_table","iid",202919300,202919322,100,25000,"budget_exhausted","budget-exhausted",TRUE,1018,1018,145,9,Inf,Inf,Inf,Inf,FALSE,0,1,1,TRUE,FALSE,TRUE,1,Inf,,980,339,32,641,617,138,Inf,138,2002,0,24866,859,1018,23816,0,24834,2671.69,,
"regional-compression-exact-study-2026-08-13","production",TRUE,16,"crossed",73,0.1,0.05,"exact","precomputed_exact_table","exact",202919300,202919331,,25000,"certified","bounds-met",TRUE,76,76,72,72,72,0,72,0,TRUE,0.900341787078839,0.0996582129211605,0.0996582129211659,TRUE,TRUE,TRUE,0.0996582129211605,0.10498082432877,0.0335110678409739,25,25,32,0,0,,,,,0,108,76,76,0,0,76,20.8899999999994,,
"regional-compression-exact-study-2026-08-13","production",TRUE,16,"crossed",73,0.1,0.05,"stochastic","precomputed_exact_table","iid",202919300,202919332,100,25000,"budget_exhausted","budget-exhausted",TRUE,1018,1018,72,9,Inf,Inf,Inf,Inf,FALSE,0,1,1,TRUE,FALSE,TRUE,1,Inf,,980,339,32,641,617,138,Inf,138,2002,0,24866,869,1018,23816,0,24834,2325.2,,
"regional-compression-exact-study-2026-08-13","production",TRUE,16,"crossed",73,0.2,0.05,"exact","precomputed_exact_table","exact",202919300,202919341,,25000,"certified","bounds-met",TRUE,76,76,50,50,50,0,50,0,TRUE,0.804590916227101,0.195409083772899,0.195409083772903,TRUE,TRUE,TRUE,0.195409083772899,0.217421309329954,0.0914168533391222,25,25,32,0,0,,,,,0,108,76,76,0,0,76,17.6899999999996,,
"regional-compression-exact-study-2026-08-13","production",TRUE,16,"crossed",73,0.2,0.05,"stochastic","precomputed_exact_table","iid",202919300,202919342,100,25000,"budget_exhausted","budget-exhausted",TRUE,1018,1018,50,9,Inf,Inf,Inf,Inf,FALSE,0,1,1,TRUE,FALSE,TRUE,1,Inf,,980,339,32,641,617,138,Inf,138,2002,0,24866,859,1018,23816,0,24834,2431.91,,
"regional-compression-exact-study-2026-08-13","production",TRUE,16,"crossed",74,0.01,0.05,"exact","precomputed_exact_table","exact",202919400,202919411,,25000,"certified","bounds-met",TRUE,271,271,523,523,523,0,523,0,TRUE,0.990101102127167,0.0098988978728326,0.00989889787283386,TRUE,TRUE,TRUE,0.0098988978728326,0.0099482177069617,0.00247858906651386,90,90,32,0,0,,,,,0,303,206,271,0,0,271,116.49,,
"regional-compression-exact-study-2026-08-13","production",TRUE,16,"crossed",74,0.01,0.05,"stochastic","precomputed_exact_table","iid",202919400,202919412,100,25000,"frontier_exhausted","tolerance-not-met",TRUE,1093,1093,523,9,8019,8010,8019,7496,FALSE,1,-1.11022302462516e-15,0,TRUE,TRUE,TRUE,-1.11022302462516e-15,-1.11022302462516e-15,1.11022302462516e-15,1093,364,32,729,729,3952,Inf,,,0,1125,753,1093,0,0,1093,3004.29,,
"regional-compression-exact-study-2026-08-13","production",TRUE,16,"crossed",74,0.05,0.05,"exact","precomputed_exact_table","exact",202919400,202919421,,25000,"certified","bounds-met",TRUE,154,154,214,214,214,0,214,0,TRUE,0.950430630766959,0.049569369233041,0.0495693692330419,TRUE,TRUE,TRUE,0.049569369233041,0.0508401015507717,0.0137438195480661,51,51,32,0,0,,,,,0,186,128,154,0,0,154,54.8600000000001,,
"regional-compression-exact-study-2026-08-13","production",TRUE,16,"crossed",74,0.05,0.05,"stochastic","precomputed_exact_table","iid",202919400,202919422,100,25000,"frontier_exhausted","tolerance-not-met",TRUE,1093,1093,214,9,8019,8010,8019,7805,FALSE,1,-1.11022302462516e-15,0,TRUE,TRUE,TRUE,-1.11022302462516e-15,-1.11022302462516e-15,1.11022302462516e-15,1093,364,32,729,729,3952,Inf,,,0,1125,753,1093,0,0,1093,3314.82,,
"regional-compression-exact-study-2026-08-13","production",TRUE,16,"crossed",74,0.1,0.05,"exact","precomputed_exact_table","exact",202919400,202919431,,25000,"certified","bounds-met",TRUE,103,103,124,124,124,0,124,0,TRUE,0.903587736740587,0.0964122632594132,0.096412263259414,TRUE,TRUE,TRUE,0.0964122632594132,0.101382066037945,0.0172500130103789,34,34,32,0,0,,,,,0,135,94,103,0,0,103,21,,
"regional-compression-exact-study-2026-08-13","production",TRUE,16,"crossed",74,0.1,0.05,"stochastic","precomputed_exact_table","iid",202919400,202919432,100,25000,"frontier_exhausted","tolerance-not-met",TRUE,1093,1093,124,9,8019,8010,8019,7895,FALSE,1,-1.11022302462516e-15,0,TRUE,TRUE,TRUE,-1.11022302462516e-15,-1.11022302462516e-15,1.11022302462516e-15,1093,364,32,729,729,3952,Inf,,,0,1125,753,1093,0,0,1093,3273.05,,
"regional-compression-exact-study-2026-08-13","production",TRUE,16,"crossed",74,0.2,0.05,"exact","precomputed_exact_table","exact",202919400,202919441,,25000,"certified","bounds-met",TRUE,67,67,58,58,58,0,58,0,TRUE,0.801348162354122,0.198651837645878,0.198651837645881,TRUE,TRUE,TRUE,0.198651837645878,0.221459766732776,0.0345043924675011,22,22,32,0,0,,,,,0,99,70,67,0,0,67,12.8099999999995,,
"regional-compression-exact-study-2026-08-13","production",TRUE,16,"crossed",74,0.2,0.05,"stochastic","precomputed_exact_table","iid",202919400,202919442,100,25000,"frontier_exhausted","tolerance-not-met",TRUE,1093,1093,58,9,8019,8010,8019,7961,FALSE,1,-1.11022302462516e-15,0,TRUE,TRUE,TRUE,-1.11022302462516e-15,-1.11022302462516e-15,1.11022302462516e-15,1093,364,32,729,729,3952,Inf,,,0,1125,753,1093,0,0,1093,3201.83,,
"regional-compression-exact-study-2026-08-13","production",TRUE,16,"crossed",75,0.01,0.05,"exact","precomputed_exact_table","exact",202919500,202919511,,25000,"certified","bounds-met",TRUE,136,136,214,214,214,0,214,0,TRUE,0.990242685879364,0.00975731412063574,0.0097573141206395,TRUE,TRUE,TRUE,0.00975731412063574,0.0098052286428451,0.00385719982317703,45,45,32,0,0,,,,,0,168,116,136,0,0,136,42.88,,
"regional-compression-exact-study-2026-08-13","production",TRUE,16,"crossed",75,0.01,0.05,"stochastic","precomputed_exact_table","iid",202919500,202919512,100,25000,"budget_exhausted","budget-exhausted",TRUE,1081,1081,214,8,Inf,Inf,Inf,Inf,FALSE,0,1,1,TRUE,FALSE,TRUE,1,Inf,,1059,360,32,699,630,1,Inf,100,639,0,24746,1077,1081,23633,0,24714,2719.23,,
"regional-compression-exact-study-2026-08-13","production",TRUE,16,"crossed",75,0.05,0.05,"exact","precomputed_exact_table","exact",202919500,202919521,,25000,"certified","bounds-met",TRUE,70,70,73,73,73,0,73,0,TRUE,0.956621579344719,0.0433784206552807,0.0433784206552847,TRUE,TRUE,TRUE,0.0433784206552807,0.0443473896120378,0.0147490104464086,23,23,32,0,0,,,,,0,102,72,70,0,0,70,18.7199999999998,,
"regional-compression-exact-study-2026-08-13","production",TRUE,16,"crossed",75,0.05,0.05,"stochastic","precomputed_exact_table","iid",202919500,202919522,100,25000,"budget_exhausted","budget-exhausted",TRUE,1081,1081,73,8,Inf,Inf,Inf,Inf,FALSE,0,1,1,TRUE,FALSE,TRUE,1,Inf,,1059,360,32,699,630,1,Inf,100,639,0,24746,1071,1081,23633,0,24714,3142.67,,
"regional-compression-exact-study-2026-08-13","production",TRUE,16,"crossed",75,0.1,0.05,"exact","precomputed_exact_table","exact",202919500,202919531,,25000,"certified","bounds-met",TRUE,79,79,52,52,52,0,52,0,TRUE,0.9044264385035,0.0955735614965003,0.0955735614965045,TRUE,TRUE,TRUE,0.0955735614965003,0.100454305808457,0.0409294486350915,26,26,32,0,0,,,,,0,111,78,79,0,0,79,13.0299999999997,,
"regional-compression-exact-study-2026-08-13","production",TRUE,16,"crossed",75,0.1,0.05,"stochastic","precomputed_exact_table","iid",202919500,202919532,100,25000,"budget_exhausted","budget-exhausted",TRUE,1081,1081,52,8,Inf,Inf,Inf,Inf,FALSE,0,1,1,TRUE,FALSE,TRUE,1,Inf,,1059,360,32,699,630,1,Inf,100,639,0,24746,1067,1081,23633,0,24714,2734.29,,
"regional-compression-exact-study-2026-08-13","production",TRUE,16,"crossed",75,0.2,0.05,"exact","precomputed_exact_table","exact",202919500,202919541,,25000,"certified","bounds-met",TRUE,28,28,21,21,21,0,21,0,TRUE,0.810261157530443,0.189738842469557,0.189738842469562,TRUE,TRUE,TRUE,0.189738842469557,0.210398666576498,0.0715240305259583,9,9,32,0,0,,,,,0,60,44,28,0,0,28,5.86000000000058,,
"regional-compression-exact-study-2026-08-13","production",TRUE,16,"crossed",75,0.2,0.05,"stochastic","precomputed_exact_table","iid",202919500,202919542,100,25000,"budget_exhausted","budget-exhausted",TRUE,1081,1081,21,8,Inf,Inf,Inf,Inf,FALSE,0,1,1,TRUE,FALSE,TRUE,1,Inf,,1059,360,32,699,630,1,Inf,100,639,0,24746,1075,1081,23633,0,24714,3111.65,,
"regional-compression-exact-study-2026-08-13","production",TRUE,16,"crossed",76,0.01,0.05,"exact","precomputed_exact_table","exact",202919600,202919611,,25000,"certified","bounds-met",TRUE,178,178,267,267,267,0,267,0,TRUE,0.99035428389657,0.00964571610342957,0.00964571610343573,TRUE,TRUE,TRUE,0.00964571610342957,0.00969253734923285,0.00329076398942854,59,59,32,0,0,,,,,0,210,144,178,0,0,178,60.2,,
"regional-compression-exact-study-2026-08-13","production",TRUE,16,"crossed",76,0.01,0.05,"stochastic","precomputed_exact_table","iid",202919600,202919612,100,25000,"frontier_exhausted","tolerance-not-met",TRUE,1093,1093,267,9,8019,8010,8019,7752,FALSE,1.00000000000001,-6.21724893790088e-15,0,TRUE,TRUE,TRUE,-6.21724893790088e-15,-6.21724893790086e-15,6.21724893790088e-15,1093,364,32,729,729,13620,Inf,,,0,1125,753,1093,0,0,1093,3067.78,,
"regional-compression-exact-study-2026-08-13","production",TRUE,16,"crossed",76,0.05,0.05,"exact","precomputed_exact_table","exact",202919600,202919621,,25000,"certified","bounds-met",TRUE,67,67,83,83,83,0,83,0,TRUE,0.953367786801306,0.0466322131986943,0.0466322131987005,TRUE,TRUE,TRUE,0.0466322131986943,0.0477545244880129,0.01779520900561,22,22,32,0,0,,,,,0,99,70,67,0,0,67,11.3699999999999,,
"regional-compression-exact-study-2026-08-13","production",TRUE,16,"crossed",76,0.05,0.05,"stochastic","precomputed_exact_table","iid",202919600,202919622,100,25000,"frontier_exhausted","tolerance-not-met",TRUE,1093,1093,83,9,8019,8010,8019,7936,FALSE,1.00000000000001,-6.21724893790088e-15,0,TRUE,TRUE,TRUE,-6.21724893790088e-15,-6.21724893790086e-15,6.21724893790088e-15,1093,364,32,729,729,13620,Inf,,,0,1125,753,1093,0,0,1093,3377.83,,
"regional-compression-exact-study-2026-08-13","production",TRUE,16,"crossed",76,0.1,0.05,"exact","precomputed_exact_table","exact",202919600,202919631,,25000,"certified","bounds-met",TRUE,43,43,53,53,53,0,53,0,TRUE,0.905202774088307,0.0947972259116927,0.0947972259116993,TRUE,TRUE,TRUE,0.0947972259116927,0.0995963006137661,0.0301812666190995,14,14,32,0,0,,,,,0,75,54,43,0,0,43,8.64000000000033,,
"regional-compression-exact-study-2026-08-13","production",TRUE,16,"crossed",76,0.1,0.05,"stochastic","precomputed_exact_table","iid",202919600,202919632,100,25000,"frontier_exhausted","tolerance-not-met",TRUE,1093,1093,53,8,8019,8011,8019,7966,FALSE,1.00000000000001,-6.21724893790088e-15,0,TRUE,TRUE,TRUE,-6.21724893790088e-15,-6.21724893790086e-15,6.21724893790088e-15,1093,364,32,729,729,13620,Inf,,,0,1125,753,1093,0,0,1093,3218.27,,
"regional-compression-exact-study-2026-08-13","production",TRUE,16,"crossed",76,0.2,0.05,"exact","precomputed_exact_table","exact",202919600,202919641,,25000,"certified","bounds-met",TRUE,55,55,31,31,31,0,31,0,TRUE,0.831784987035831,0.168215012964169,0.168215012964175,TRUE,TRUE,TRUE,0.168215012964169,0.18418130060294,0.0352234215271799,18,18,32,0,0,,,,,0,87,62,55,0,0,55,11.1900000000005,,
"regional-compression-exact-study-2026-08-13","production",TRUE,16,"crossed",76,0.2,0.05,"stochastic","precomputed_exact_table","iid",202919600,202919642,100,25000,"frontier_exhausted","tolerance-not-met",TRUE,1093,1093,31,8,8019,8011,8019,7988,FALSE,1.00000000000001,-6.21724893790088e-15,0,TRUE,TRUE,TRUE,-6.21724893790088e-15,-6.21724893790086e-15,6.21724893790088e-15,1093,364,32,729,729,13620,Inf,,,0,1125,753,1093,0,0,1093,3138.05,,
"regional-compression-exact-study-2026-08-13","production",TRUE,16,"crossed",77,0.01,0.05,"exact","precomputed_exact_table","exact",202919700,202919711,,25000,"certified","bounds-met",TRUE,211,211,342,342,342,0,342,0,TRUE,0.990036157970335,0.00996384202966549,0.00996384202967115,TRUE,TRUE,TRUE,0.00996384202966549,0.0100138133180993,0.00358495048396365,70,70,32,0,0,,,,,0,243,166,211,0,0,211,82.35,,
"regional-compression-exact-study-2026-08-13","production",TRUE,16,"crossed",77,0.01,0.05,"stochastic","precomputed_exact_table","iid",202919700,202919712,100,25000,"frontier_exhausted","tolerance-not-met",TRUE,1093,1093,342,9,8019,8010,8019,7677,FALSE,1.00000000000001,-5.77315972805081e-15,0,TRUE,TRUE,TRUE,-5.77315972805081e-15,-5.7731597280508e-15,5.77315972805081e-15,1093,364,32,729,698,549,Inf,549,549,0,18144,852,1093,17019,0,18112,3042.07,,
"regional-compression-exact-study-2026-08-13","production",TRUE,16,"crossed",77,0.05,0.05,"exact","precomputed_exact_table","exact",202919700,202919721,,25000,"certified","bounds-met",TRUE,109,109,121,121,121,0,121,0,TRUE,0.951626994909929,0.0483730050900714,0.0483730050900765,TRUE,TRUE,TRUE,0.0483730050900714,0.0495821330385791,0.0207526031050649,36,36,32,0,0,,,,,0,141,98,109,0,0,109,37.3899999999999,,
"regional-compression-exact-study-2026-08-13","production",TRUE,16,"crossed",77,0.05,0.05,"stochastic","precomputed_exact_table","iid",202919700,202919722,100,25000,"frontier_exhausted","tolerance-not-met",TRUE,1093,1093,121,9,8019,8010,8019,7898,FALSE,1.00000000000001,-5.77315972805081e-15,0,TRUE,TRUE,TRUE,-5.77315972805081e-15,-5.7731597280508e-15,5.77315972805081e-15,1093,364,32,729,698,549,Inf,549,549,0,18144,857,1093,17019,0,18112,3179.49,,
"regional-compression-exact-study-2026-08-13","production",TRUE,16,"crossed",77,0.1,0.05,"exact","precomputed_exact_table","exact",202919700,202919731,,25000,"certified","bounds-met",TRUE,82,82,70,70,70,0,70,0,TRUE,0.900257480690439,0.099742519309561,0.0997425193095662,TRUE,TRUE,TRUE,0.099742519309561,0.105074466917625,0.0233843751268986,27,27,32,0,0,,,,,0,114,80,82,0,0,82,16.9699999999993,,
"regional-compression-exact-study-2026-08-13","production",TRUE,16,"crossed",77,0.1,0.05,"stochastic","precomputed_exact_table","iid",202919700,202919732,100,25000,"frontier_exhausted","tolerance-not-met",TRUE,1093,1093,70,9,8019,8010,8019,7949,FALSE,1.00000000000001,-5.77315972805081e-15,0,TRUE,TRUE,TRUE,-5.77315972805081e-15,-5.7731597280508e-15,5.77315972805081e-15,1093,364,32,729,698,549,Inf,549,549,0,18144,849,1093,17019,0,18112,3185.93,,
"regional-compression-exact-study-2026-08-13","production",TRUE,16,"crossed",77,0.2,0.05,"exact","precomputed_exact_table","exact",202919700,202919741,,25000,"certified","bounds-met",TRUE,64,64,39,39,39,0,39,0,TRUE,0.802851753161343,0.197148246838657,0.197148246838663,TRUE,TRUE,TRUE,0.197148246838657,0.219585198316481,0.0501625178591621,21,21,32,0,0,,,,,0,96,68,64,0,0,64,10.3899999999994,,
"regional-compression-exact-study-2026-08-13","production",TRUE,16,"crossed",77,0.2,0.05,"stochastic","precomputed_exact_table","iid",202919700,202919742,100,25000,"frontier_exhausted","tolerance-not-met",TRUE,1093,1093,39,9,8019,8010,8019,7980,FALSE,1.00000000000001,-5.77315972805081e-15,0,TRUE,TRUE,TRUE,-5.77315972805081e-15,-5.7731597280508e-15,5.77315972805081e-15,1093,364,32,729,698,549,Inf,549,549,0,18144,853,1093,17019,0,18112,3124.22,,
"regional-compression-exact-study-2026-08-13","production",TRUE,16,"crossed",78,0.01,0.05,"exact","precomputed_exact_table","exact",202919800,202919811,,25000,"certified","bounds-met",TRUE,298,298,513,513,513,0,513,0,TRUE,0.990041347171503,0.00995865282849673,0.00995865282849309,TRUE,TRUE,TRUE,0.00995865282849673,0.010008571905927,0.00355625210300373,99,99,32,0,0,,,,,0,330,224,298,0,0,298,114.54,,
"regional-compression-exact-study-2026-08-13","production",TRUE,16,"crossed",78,0.01,0.05,"stochastic","precomputed_exact_table","iid",202919800,202919812,100,25000,"frontier_exhausted","tolerance-not-met",TRUE,1093,1093,513,8,8019,8011,8019,7506,FALSE,0.999999999999996,3.66373598126302e-15,0,TRUE,TRUE,TRUE,3.66373598126302e-15,3.66373598126302e-15,3.44169137633799e-15,1093,364,32,729,729,17916,Inf,,,0,1125,753,1093,0,0,1093,3218.65,,
"regional-compression-exact-study-2026-08-13","production",TRUE,16,"crossed",78,0.05,0.05,"exact","precomputed_exact_table","exact",202919800,202919821,,25000,"certified","bounds-met",TRUE,181,181,202,202,202,0,202,0,TRUE,0.951015280909875,0.0489847190901254,0.0489847190901227,TRUE,TRUE,TRUE,0.0489847190901254,0.0502251483115026,0.0192805500546497,60,60,32,0,0,,,,,0,213,146,181,0,0,181,38.0800000000004,,
"regional-compression-exact-study-2026-08-13","production",TRUE,16,"crossed",78,0.05,0.05,"stochastic","precomputed_exact_table","iid",202919800,202919822,100,25000,"frontier_exhausted","tolerance-not-met",TRUE,1093,1093,202,8,8019,8011,8019,7817,FALSE,0.999999999999996,3.66373598126302e-15,0,TRUE,TRUE,TRUE,3.66373598126302e-15,3.66373598126302e-15,3.44169137633799e-15,1093,364,32,729,729,17916,Inf,,,0,1125,753,1093,0,0,1093,3173.09,,
"regional-compression-exact-study-2026-08-13","production",TRUE,16,"crossed",78,0.1,0.05,"exact","precomputed_exact_table","exact",202919800,202919831,,25000,"certified","bounds-met",TRUE,127,127,120,120,120,0,120,0,TRUE,0.900705939292577,0.0992940607074233,0.0992940607074206,TRUE,TRUE,TRUE,0.0992940607074233,0.10457644612894,0.0341219833905157,42,42,32,0,0,,,,,0,159,110,127,0,0,127,26.6599999999999,,
"regional-compression-exact-study-2026-08-13","production",TRUE,16,"crossed",78,0.1,0.05,"stochastic","precomputed_exact_table","iid",202919800,202919832,100,25000,"frontier_exhausted","tolerance-not-met",TRUE,1093,1093,120,8,8019,8011,8019,7899,FALSE,0.999999999999996,3.66373598126302e-15,0,TRUE,TRUE,TRUE,3.66373598126302e-15,3.66373598126302e-15,3.44169137633799e-15,1093,364,32,729,729,17916,Inf,,,0,1125,753,1093,0,0,1093,3263.4,,
"regional-compression-exact-study-2026-08-13","production",TRUE,16,"crossed",78,0.2,0.05,"exact","precomputed_exact_table","exact",202919800,202919841,,25000,"certified","bounds-met",TRUE,106,106,69,69,69,0,69,0,TRUE,0.807078992593326,0.192921007406674,0.192921007406671,TRUE,TRUE,TRUE,0.192921007406674,0.214333731248108,0.0788245838647681,35,35,32,0,0,,,,,0,138,96,106,0,0,106,22.3700000000008,,
"regional-compression-exact-study-2026-08-13","production",TRUE,16,"crossed",78,0.2,0.05,"stochastic","precomputed_exact_table","iid",202919800,202919842,100,25000,"frontier_exhausted","tolerance-not-met",TRUE,1093,1093,69,8,8019,8011,8019,7950,FALSE,0.999999999999996,3.66373598126302e-15,0,TRUE,TRUE,TRUE,3.66373598126302e-15,3.66373598126302e-15,3.44169137633799e-15,1093,364,32,729,729,17916,Inf,,,0,1125,753,1093,0,0,1093,3167.96,,
"regional-compression-exact-study-2026-08-13","production",TRUE,16,"crossed",79,0.01,0.05,"exact","precomputed_exact_table","exact",202919900,202919911,,25000,"certified","bounds-met",TRUE,211,211,337,337,337,0,337,0,TRUE,0.990119106650752,0.00988089334924769,0.00988089334924087,TRUE,TRUE,TRUE,0.00988089334924769,0.00993003334190412,0.00387679187021521,70,70,32,0,0,,,,,0,243,166,211,0,0,211,75.11,,
"regional-compression-exact-study-2026-08-13","production",TRUE,16,"crossed",79,0.01,0.05,"stochastic","precomputed_exact_table","iid",202919900,202919912,100,25000,"budget_exhausted","budget-exhausted",TRUE,1093,1093,337,9,Inf,Inf,Inf,Inf,FALSE,0,1,1,TRUE,FALSE,TRUE,1,Inf,,1089,364,32,725,695,790,Inf,790,790,0,24825,852,1093,23700,0,24793,3231.93,,
"regional-compression-exact-study-2026-08-13","production",TRUE,16,"crossed",79,0.05,0.05,"exact","precomputed_exact_table","exact",202919900,202919921,,25000,"certified","bounds-met",TRUE,121,121,132,132,132,0,132,0,TRUE,0.953779269225329,0.046220730774671,0.0462207307746648,TRUE,TRUE,TRUE,0.046220730774671,0.0473230082825814,0.0150228985122584,40,40,32,0,0,,,,,0,153,106,121,0,0,121,26.1900000000001,,
"regional-compression-exact-study-2026-08-13","production",TRUE,16,"crossed",79,0.05,0.05,"stochastic","precomputed_exact_table","iid",202919900,202919922,100,25000,"budget_exhausted","budget-exhausted",TRUE,1093,1093,132,9,Inf,Inf,Inf,Inf,FALSE,0,1,1,TRUE,FALSE,TRUE,1,Inf,,1089,364,32,725,695,790,Inf,790,790,0,24825,857,1093,23700,0,24793,3149.6,,
"regional-compression-exact-study-2026-08-13","production",TRUE,16,"crossed",79,0.1,0.05,"exact","precomputed_exact_table","exact",202919900,202919931,,25000,"certified","bounds-met",TRUE,94,94,80,80,80,0,80,0,TRUE,0.903423953886485,0.0965760461135154,0.0965760461135103,TRUE,TRUE,TRUE,0.0965760461135154,0.101563340852492,0.0199842096387376,31,31,32,0,0,,,,,0,126,88,94,0,0,94,20.2399999999998,,
"regional-compression-exact-study-2026-08-13","production",TRUE,16,"crossed",79,0.1,0.05,"stochastic","precomputed_exact_table","iid",202919900,202919932,100,25000,"budget_exhausted","budget-exhausted",TRUE,1093,1093,80,9,Inf,Inf,Inf,Inf,FALSE,0,1,1,TRUE,FALSE,TRUE,1,Inf,,1089,364,32,725,695,790,Inf,790,790,0,24825,856,1093,23700,0,24793,3208.31,,
"regional-compression-exact-study-2026-08-13","production",TRUE,16,"crossed",79,0.2,0.05,"exact","precomputed_exact_table","exact",202919900,202919941,,25000,"certified","bounds-met",TRUE,55,55,38,38,38,0,38,0,TRUE,0.804421003824873,0.195578996175127,0.195578996175122,TRUE,TRUE,TRUE,0.195578996175127,0.217632510254873,0.0822542130513791,18,18,32,0,0,,,,,0,87,62,55,0,0,55,9.1299999999992,,
"regional-compression-exact-study-2026-08-13","production",TRUE,16,"crossed",79,0.2,0.05,"stochastic","precomputed_exact_table","iid",202919900,202919942,100,25000,"budget_exhausted","budget-exhausted",TRUE,1093,1093,38,9,Inf,Inf,Inf,Inf,FALSE,0,1,1,TRUE,FALSE,TRUE,1,Inf,,1089,364,32,725,695,790,Inf,790,790,0,24825,854,1093,23700,0,24793,3107.52,,
"regional-compression-exact-study-2026-08-13","production",TRUE,16,"crossed",80,0.01,0.05,"exact","precomputed_exact_table","exact",202920000,202920011,,25000,"certified","bounds-met",TRUE,220,220,359,359,359,0,359,0,TRUE,0.990117735294888,0.00988226470511244,0.00988226470510902,TRUE,TRUE,TRUE,0.00988226470511244,0.00993141838417352,0.00243426031962213,73,73,32,0,0,,,,,0,252,172,220,0,0,220,77.88,,
"regional-compression-exact-study-2026-08-13","production",TRUE,16,"crossed",80,0.01,0.05,"stochastic","precomputed_exact_table","iid",202920000,202920012,100,25000,"frontier_exhausted","tolerance-not-met",TRUE,1093,1093,359,8,8019,8011,8019,7660,FALSE,0.999999999999997,3.44169137633799e-15,0,TRUE,TRUE,TRUE,3.44169137633799e-15,3.44169137633799e-15,3.33066907387547e-15,1093,364,32,729,654,2,Inf,100,790,0,15858,1048,1093,14733,0,15826,2898.69,,
"regional-compression-exact-study-2026-08-13","production",TRUE,16,"crossed",80,0.05,0.05,"exact","precomputed_exact_table","exact",202920000,202920021,,25000,"certified","bounds-met",TRUE,121,121,143,143,143,0,143,0,TRUE,0.951542732631841,0.0484572673681595,0.0484572673681561,TRUE,TRUE,TRUE,0.0484572673681595,0.0496706824484649,0.0182189461444436,40,40,32,0,0,,,,,0,153,106,121,0,0,121,26.8699999999999,,
"regional-compression-exact-study-2026-08-13","production",TRUE,16,"crossed",80,0.05,0.05,"stochastic","precomputed_exact_table","iid",202920000,202920022,100,25000,"frontier_exhausted","tolerance-not-met",TRUE,1093,1093,143,8,8019,8011,8019,7876,FALSE,0.999999999999997,3.44169137633799e-15,0,TRUE,TRUE,TRUE,3.44169137633799e-15,3.44169137633799e-15,3.33066907387547e-15,1093,364,32,729,654,2,Inf,100,790,0,15858,1057,1093,14733,0,15826,3360.29,,
"regional-compression-exact-study-2026-08-13","production",TRUE,16,"crossed",80,0.1,0.05,"exact","precomputed_exact_table","exact",202920000,202920031,,25000,"certified","bounds-met",TRUE,76,76,82,82,82,0,82,0,TRUE,0.900575932743596,0.0994240672564044,0.0994240672564014,TRUE,TRUE,TRUE,0.0994240672564044,0.104720795052032,0.02284443001132,25,25,32,0,0,,,,,0,108,76,76,0,0,76,16.5500000000002,,
"regional-compression-exact-study-2026-08-13","production",TRUE,16,"crossed",80,0.1,0.05,"stochastic","precomputed_exact_table","iid",202920000,202920032,100,25000,"frontier_exhausted","tolerance-not-met",TRUE,1093,1093,82,8,8019,8011,8019,7937,FALSE,0.999999999999997,3.44169137633799e-15,0,TRUE,TRUE,TRUE,3.44169137633799e-15,3.44169137633799e-15,3.33066907387547e-15,1093,364,32,729,654,2,Inf,100,790,0,15858,1045,1093,14733,0,15826,2927.39,,
"regional-compression-exact-study-2026-08-13","production",TRUE,16,"crossed",80,0.2,0.05,"exact","precomputed_exact_table","exact",202920000,202920041,,25000,"certified","bounds-met",TRUE,46,46,40,40,40,0,40,0,TRUE,0.819097525795332,0.180902474204668,0.180902474204666,TRUE,TRUE,TRUE,0.180902474204668,0.199552123103243,0.0415138807606511,15,15,32,0,0,,,,,0,78,56,46,0,0,46,9.61000000000058,,
"regional-compression-exact-study-2026-08-13","production",TRUE,16,"crossed",80,0.2,0.05,"stochastic","precomputed_exact_table","iid",202920000,202920042,100,25000,"frontier_exhausted","tolerance-not-met",TRUE,1093,1093,40,8,8019,8011,8019,7979,FALSE,0.999999999999997,3.44169137633799e-15,0,TRUE,TRUE,TRUE,3.44169137633799e-15,3.44169137633799e-15,3.33066907387547e-15,1093,364,32,729,654,2,Inf,100,790,0,15858,1045,1093,14733,0,15826,2866.87,,
"regional-compression-exact-study-2026-08-13","production",TRUE,16,"crossed",81,0.01,0.05,"exact","precomputed_exact_table","exact",202920100,202920111,,25000,"certified","bounds-met",TRUE,268,268,446,446,446,0,446,0,TRUE,0.990219956411095,0.00978004358890516,0.00978004358890529,TRUE,TRUE,TRUE,0.00978004358890516,0.00982818233839589,0.00369072714564635,89,89,32,0,0,,,,,0,300,204,268,0,0,268,100.92,,
"regional-compression-exact-study-2026-08-13","production",TRUE,16,"crossed",81,0.01,0.05,"stochastic","precomputed_exact_table","iid",202920100,202920112,100,25000,"frontier_exhausted","tolerance-not-met",TRUE,1093,1093,446,9,8019,8010,8019,7573,FALSE,1,0,0,TRUE,TRUE,TRUE,0,0,0,1093,364,32,729,693,152,Inf,152,1620,0,13937,877,1093,12812,0,13905,3381.58,,
"regional-compression-exact-study-2026-08-13","production",TRUE,16,"crossed",81,0.05,0.05,"exact","precomputed_exact_table","exact",202920100,202920121,,25000,"certified","bounds-met",TRUE,124,124,178,178,178,0,178,0,TRUE,0.950744276714445,0.0492557232855549,0.0492557232855547,TRUE,TRUE,TRUE,0.0492557232855549,0.0505101519505562,0.0155692426926154,41,41,32,0,0,,,,,0,156,108,124,0,0,124,50.3299999999999,,
"regional-compression-exact-study-2026-08-13","production",TRUE,16,"crossed",81,0.05,0.05,"stochastic","precomputed_exact_table","iid",202920100,202920122,100,25000,"frontier_exhausted","tolerance-not-met",TRUE,1093,1093,178,9,8019,8010,8019,7841,FALSE,1,0,0,TRUE,TRUE,TRUE,0,0,0,1093,364,32,729,693,152,Inf,152,1620,0,13937,880,1093,12812,0,13905,3136.5,,
"regional-compression-exact-study-2026-08-13","production",TRUE,16,"crossed",81,0.1,0.05,"exact","precomputed_exact_table","exact",202920100,202920131,,25000,"certified","bounds-met",TRUE,100,100,104,104,104,0,104,0,TRUE,0.905582117568915,0.094417882431085,0.0944178824310853,TRUE,TRUE,TRUE,0.094417882431085,0.0991773182289396,0.0288860648592758,33,33,32,0,0,,,,,0,132,92,100,0,0,100,19.1300000000001,,
"regional-compression-exact-study-2026-08-13","production",TRUE,16,"crossed",81,0.1,0.05,"stochastic","precomputed_exact_table","iid",202920100,202920132,100,25000,"frontier_exhausted","tolerance-not-met",TRUE,1093,1093,104,9,8019,8010,8019,7915,FALSE,1,0,0,TRUE,TRUE,TRUE,0,0,0,1093,364,32,729,693,152,Inf,152,1620,0,13937,877,1093,12812,0,13905,2983.75,,
"regional-compression-exact-study-2026-08-13","production",TRUE,16,"crossed",81,0.2,0.05,"exact","precomputed_exact_table","exact",202920100,202920141,,25000,"certified","bounds-met",TRUE,64,64,51,51,51,0,51,0,TRUE,0.807791142460503,0.192208857539497,0.192208857539497,TRUE,TRUE,TRUE,0.192208857539497,0.213451740928411,0.0522225057534486,21,21,32,0,0,,,,,0,96,68,64,0,0,64,12.5599999999995,,
"regional-compression-exact-study-2026-08-13","production",TRUE,16,"crossed",81,0.2,0.05,"stochastic","precomputed_exact_table","iid",202920100,202920142,100,25000,"frontier_exhausted","tolerance-not-met",TRUE,1093,1093,51,9,8019,8010,8019,7968,FALSE,1,0,0,TRUE,TRUE,TRUE,0,0,0,1093,364,32,729,693,152,Inf,152,1620,0,13937,883,1093,12812,0,13905,3076.51,,
"regional-compression-exact-study-2026-08-13","production",TRUE,16,"crossed",82,0.01,0.05,"exact","precomputed_exact_table","exact",202920200,202920211,,25000,"certified","bounds-met",TRUE,226,226,287,287,287,0,287,0,TRUE,0.990024610291071,0.00997538970892919,0.00997538970893205,TRUE,TRUE,TRUE,0.00997538970892919,0.0100254772826088,0.00372925788478291,75,75,32,0,0,,,,,0,258,176,226,0,0,226,100.06,,
"regional-compression-exact-study-2026-08-13","production",TRUE,16,"crossed",82,0.01,0.05,"stochastic","precomputed_exact_table","iid",202920200,202920212,100,25000,"budget_exhausted","budget-exhausted",TRUE,991,991,287,10,Inf,Inf,Inf,Inf,FALSE,0,1,1,TRUE,FALSE,TRUE,1,Inf,,911,330,32,581,572,2435,Inf,2435,2435,0,22938,725,991,21915,0,22906,2363.36,,
"regional-compression-exact-study-2026-08-13","production",TRUE,16,"crossed",82,0.05,0.05,"exact","precomputed_exact_table","exact",202920200,202920221,,25000,"certified","bounds-met",TRUE,106,106,101,101,101,0,101,0,TRUE,0.950017672942844,0.0499823270571556,0.0499823270571586,TRUE,TRUE,TRUE,0.0499823270571556,0.051274691462855,0.0145704934522856,35,35,32,0,0,,,,,0,138,96,106,0,0,106,22.0499999999997,,
"regional-compression-exact-study-2026-08-13","production",TRUE,16,"crossed",82,0.05,0.05,"stochastic","precomputed_exact_table","iid",202920200,202920222,100,25000,"budget_exhausted","budget-exhausted",TRUE,991,991,101,10,Inf,Inf,Inf,Inf,FALSE,0,1,1,TRUE,FALSE,TRUE,1,Inf,,911,330,32,581,572,2435,Inf,2435,2435,0,22938,726,991,21915,0,22906,2127.78,,
"regional-compression-exact-study-2026-08-13","production",TRUE,16,"crossed",82,0.1,0.05,"exact","precomputed_exact_table","exact",202920200,202920231,,25000,"certified","bounds-met",TRUE,94,94,60,60,60,0,60,0,TRUE,0.905319394163953,0.0946806058360469,0.094680605836049,TRUE,TRUE,TRUE,0.0946806058360469,0.0994674758163103,0.0205532727491052,31,31,32,0,0,,,,,0,126,88,94,0,0,94,17.8299999999999,,
"regional-compression-exact-study-2026-08-13","production",TRUE,16,"crossed",82,0.1,0.05,"stochastic","precomputed_exact_table","iid",202920200,202920232,100,25000,"budget_exhausted","budget-exhausted",TRUE,991,991,60,10,Inf,Inf,Inf,Inf,FALSE,0,1,1,TRUE,FALSE,TRUE,1,Inf,,911,330,32,581,572,2435,Inf,2435,2435,0,22938,726,991,21915,0,22906,2083.75,,
"regional-compression-exact-study-2026-08-13","production",TRUE,16,"crossed",82,0.2,0.05,"exact","precomputed_exact_table","exact",202920200,202920241,,25000,"certified","bounds-met",TRUE,46,46,29,29,29,0,29,0,TRUE,0.816968815936959,0.183031184063041,0.183031184063042,TRUE,TRUE,TRUE,0.183031184063041,0.202154353838398,0.0513372309500952,15,15,32,0,0,,,,,0,78,56,46,0,0,46,9.47999999999956,,
"regional-compression-exact-study-2026-08-13","production",TRUE,16,"crossed",82,0.2,0.05,"stochastic","precomputed_exact_table","iid",202920200,202920242,100,25000,"budget_exhausted","budget-exhausted",TRUE,991,991,29,9,Inf,Inf,Inf,Inf,FALSE,0,1,1,TRUE,FALSE,TRUE,1,Inf,,911,330,32,581,572,2435,Inf,2435,2435,0,22938,726,991,21915,0,22906,1971.45,,
"regional-compression-exact-study-2026-08-13","production",TRUE,16,"crossed",83,0.01,0.05,"exact","precomputed_exact_table","exact",202920300,202920311,,25000,"certified","bounds-met",TRUE,331,331,623,623,623,0,623,0,TRUE,0.990020444669298,0.00997955533070227,0.00997955533070333,TRUE,TRUE,TRUE,0.00997955533070227,0.0100296848856253,0.00311546325609582,110,110,32,0,0,,,,,0,363,246,331,0,0,331,136.81,,
"regional-compression-exact-study-2026-08-13","production",TRUE,16,"crossed",83,0.01,0.05,"stochastic","precomputed_exact_table","iid",202920300,202920312,100,25000,"frontier_exhausted","tolerance-not-met",TRUE,1093,1093,623,8,8019,8011,8019,7396,FALSE,1,-1.11022302462516e-15,0,TRUE,TRUE,TRUE,-1.11022302462516e-15,-1.11022302462516e-15,8.88178419700125e-16,1093,364,32,729,698,426,Inf,426,426,0,14331,861,1093,13206,0,14299,3412.98,,
"regional-compression-exact-study-2026-08-13","production",TRUE,16,"crossed",83,0.05,0.05,"exact","precomputed_exact_table","exact",202920300,202920321,,25000,"certified","bounds-met",TRUE,202,202,285,285,285,0,285,0,TRUE,0.95036823731196,0.0496317626880396,0.0496317626880411,TRUE,TRUE,TRUE,0.0496317626880396,0.0509057512689705,0.0145880638812151,67,67,32,0,0,,,,,0,234,160,202,0,0,202,45.8199999999997,,
"regional-compression-exact-study-2026-08-13","production",TRUE,16,"crossed",83,0.05,0.05,"stochastic","precomputed_exact_table","iid",202920300,202920322,100,25000,"frontier_exhausted","tolerance-not-met",TRUE,1093,1093,285,8,8019,8011,8019,7734,FALSE,1,-1.11022302462516e-15,0,TRUE,TRUE,TRUE,-1.11022302462516e-15,-1.11022302462516e-15,8.88178419700125e-16,1093,364,32,729,698,426,Inf,426,426,0,14331,862,1093,13206,0,14299,2912.45,,
"regional-compression-exact-study-2026-08-13","production",TRUE,16,"crossed",83,0.1,0.05,"exact","precomputed_exact_table","exact",202920300,202920331,,25000,"certified","bounds-met",TRUE,127,127,153,153,153,0,153,0,TRUE,0.901158473158109,0.0988415268418908,0.098841526841892,TRUE,TRUE,TRUE,0.0988415268418908,0.104074150981846,0.017288246925658,42,42,32,0,0,,,,,0,159,110,127,0,0,127,25.4699999999993,,
"regional-compression-exact-study-2026-08-13","production",TRUE,16,"crossed",83,0.1,0.05,"stochastic","precomputed_exact_table","iid",202920300,202920332,100,25000,"frontier_exhausted","tolerance-not-met",TRUE,1093,1093,153,8,8019,8011,8019,7866,FALSE,1,-1.11022302462516e-15,0,TRUE,TRUE,TRUE,-1.11022302462516e-15,-1.11022302462516e-15,8.88178419700125e-16,1093,364,32,729,698,426,Inf,426,426,0,14331,860,1093,13206,0,14299,2906.39,,
"regional-compression-exact-study-2026-08-13","production",TRUE,16,"crossed",83,0.2,0.05,"exact","precomputed_exact_table","exact",202920300,202920341,,25000,"certified","bounds-met",TRUE,79,79,84,84,84,0,84,0,TRUE,0.800714698558431,0.199285301441569,0.199285301441571,TRUE,TRUE,TRUE,0.199285301441569,0.222250576936493,0.0494923107921801,26,26,32,0,0,,,,,0,111,78,79,0,0,79,17.5500000000011,,
"regional-compression-exact-study-2026-08-13","production",TRUE,16,"crossed",83,0.2,0.05,"stochastic","precomputed_exact_table","iid",202920300,202920342,100,25000,"frontier_exhausted","tolerance-not-met",TRUE,1093,1093,84,8,8019,8011,8019,7935,FALSE,1,-1.11022302462516e-15,0,TRUE,TRUE,TRUE,-1.11022302462516e-15,-1.11022302462516e-15,8.88178419700125e-16,1093,364,32,729,698,426,Inf,426,426,0,14331,863,1093,13206,0,14299,2904.06,,
"regional-compression-exact-study-2026-08-13","production",TRUE,16,"crossed",84,0.01,0.05,"exact","precomputed_exact_table","exact",202920400,202920411,,25000,"certified","bounds-met",TRUE,199,199,450,450,450,0,450,0,TRUE,0.990110089139288,0.009889910860712,0.00988991086071067,TRUE,TRUE,TRUE,0.009889910860712,0.00993914088509513,0.00340710368474105,66,66,32,0,0,,,,,0,231,158,199,0,0,199,74.21,,
"regional-compression-exact-study-2026-08-13","production",TRUE,16,"crossed",84,0.01,0.05,"stochastic","precomputed_exact_table","iid",202920400,202920412,100,25000,"budget_exhausted","budget-exhausted",TRUE,1054,1054,450,9,Inf,Inf,Inf,Inf,FALSE,0,1,1,TRUE,FALSE,TRUE,1,Inf,,1032,351,32,681,652,635,Inf,635,989,0,24457,875,1054,23371,0,24425,3056.8,,
"regional-compression-exact-study-2026-08-13","production",TRUE,16,"crossed",84,0.05,0.05,"exact","precomputed_exact_table","exact",202920400,202920421,,25000,"certified","bounds-met",TRUE,91,91,162,162,162,0,162,0,TRUE,0.953172021355647,0.0468279786443526,0.046827978644352,TRUE,TRUE,TRUE,0.0468279786443526,0.0479598865219015,0.0137329882480542,30,30,32,0,0,,,,,0,123,86,91,0,0,91,18.1400000000003,,
"regional-compression-exact-study-2026-08-13","production",TRUE,16,"crossed",84,0.05,0.05,"stochastic","precomputed_exact_table","iid",202920400,202920422,100,25000,"budget_exhausted","budget-exhausted",TRUE,1054,1054,162,9,Inf,Inf,Inf,Inf,FALSE,0,1,1,TRUE,FALSE,TRUE,1,Inf,,1032,351,32,681,652,635,Inf,635,989,0,24457,863,1054,23371,0,24425,2601.22,,
"regional-compression-exact-study-2026-08-13","production",TRUE,16,"crossed",84,0.1,0.05,"exact","precomputed_exact_table","exact",202920400,202920431,,25000,"certified","bounds-met",TRUE,79,79,116,116,116,0,116,0,TRUE,0.901146986348675,0.0988530136513247,0.0988530136513236,TRUE,TRUE,TRUE,0.0988530136513247,0.104086897777206,0.0344519671302441,26,26,32,0,0,,,,,0,111,78,79,0,0,79,15.2799999999997,,
"regional-compression-exact-study-2026-08-13","production",TRUE,16,"crossed",84,0.1,0.05,"stochastic","precomputed_exact_table","iid",202920400,202920432,100,25000,"budget_exhausted","budget-exhausted",TRUE,1054,1054,116,9,Inf,Inf,Inf,Inf,FALSE,0,1,1,TRUE,FALSE,TRUE,1,Inf,,1032,351,32,681,652,635,Inf,635,989,0,24457,868,1054,23371,0,24425,2486.81,,
"regional-compression-exact-study-2026-08-13","production",TRUE,16,"crossed",84,0.2,0.05,"exact","precomputed_exact_table","exact",202920400,202920441,,25000,"certified","bounds-met",TRUE,52,52,53,53,53,0,53,0,TRUE,0.807590862168161,0.192409137831839,0.192409137831837,TRUE,TRUE,TRUE,0.192409137831839,0.213699707406673,0.0693898662569225,17,17,32,0,0,,,,,0,84,60,52,0,0,52,10.369999999999,,
"regional-compression-exact-study-2026-08-13","production",TRUE,16,"crossed",84,0.2,0.05,"stochastic","precomputed_exact_table","iid",202920400,202920442,100,25000,"budget_exhausted","budget-exhausted",TRUE,1054,1054,53,9,Inf,Inf,Inf,Inf,FALSE,0,1,1,TRUE,FALSE,TRUE,1,Inf,,1032,351,32,681,652,635,Inf,635,989,0,24457,875,1054,23371,0,24425,2499.93,,
"regional-compression-exact-study-2026-08-13","production",TRUE,16,"crossed",85,0.01,0.05,"exact","precomputed_exact_table","exact",202920500,202920511,,25000,"certified","bounds-met",TRUE,190,190,340,340,340,0,340,0,TRUE,0.990015729523096,0.00998427047690431,0.00998427047690169,TRUE,TRUE,TRUE,0.00998427047690431,0.0100344475725535,0.0039459770276303,63,63,32,0,0,,,,,0,222,152,190,0,0,190,118.69,,
"regional-compression-exact-study-2026-08-13","production",TRUE,16,"crossed",85,0.01,0.05,"stochastic","precomputed_exact_table","iid",202920500,202920512,100,25000,"budget_exhausted","budget-exhausted",TRUE,1054,1054,340,9,Inf,Inf,Inf,Inf,FALSE,0,1,1,TRUE,FALSE,TRUE,1,Inf,,1021,351,32,670,645,603,Inf,603,1550,0,24684,844,1054,23598,0,24652,2623,,
"regional-compression-exact-study-2026-08-13","production",TRUE,16,"crossed",85,0.05,0.05,"exact","precomputed_exact_table","exact",202920500,202920521,,25000,"certified","bounds-met",TRUE,109,109,135,135,135,0,135,0,TRUE,0.951973687578672,0.0480263124213279,0.048026312421325,TRUE,TRUE,TRUE,0.0480263124213279,0.0492178836707722,0.0183185874319036,36,36,32,0,0,,,,,0,141,98,109,0,0,109,24.9900000000002,,
"regional-compression-exact-study-2026-08-13","production",TRUE,16,"crossed",85,0.05,0.05,"stochastic","precomputed_exact_table","iid",202920500,202920522,100,25000,"budget_exhausted","budget-exhausted",TRUE,1054,1054,135,9,Inf,Inf,Inf,Inf,FALSE,0,1,1,TRUE,FALSE,TRUE,1,Inf,,1021,351,32,670,645,603,Inf,603,1550,0,24684,842,1054,23598,0,24652,2541.31,,
"regional-compression-exact-study-2026-08-13","production",TRUE,16,"crossed",85,0.1,0.05,"exact","precomputed_exact_table","exact",202920500,202920531,,25000,"certified","bounds-met",TRUE,64,64,73,73,73,0,73,0,TRUE,0.906793648877154,0.0932063511228465,0.0932063511228435,TRUE,TRUE,TRUE,0.0932063511228465,0.0978403642582116,0.0353306062286121,21,21,32,0,0,,,,,0,96,68,64,0,0,64,11.4299999999994,,
"regional-compression-exact-study-2026-08-13","production",TRUE,16,"crossed",85,0.1,0.05,"stochastic","precomputed_exact_table","iid",202920500,202920532,100,25000,"budget_exhausted","budget-exhausted",TRUE,1054,1054,73,9,Inf,Inf,Inf,Inf,FALSE,0,1,1,TRUE,FALSE,TRUE,1,Inf,,1021,351,32,670,645,603,Inf,603,1550,0,24684,851,1054,23598,0,24652,2494.48,,
"regional-compression-exact-study-2026-08-13","production",TRUE,16,"crossed",85,0.2,0.05,"exact","precomputed_exact_table","exact",202920500,202920541,,25000,"certified","bounds-met",TRUE,43,43,41,41,41,0,41,0,TRUE,0.801236878373818,0.198763121626182,0.198763121626178,TRUE,TRUE,TRUE,0.198763121626182,0.221598647325885,0.053034209413404,14,14,32,0,0,,,,,0,75,54,43,0,0,43,7.85999999999967,,
"regional-compression-exact-study-2026-08-13","production",TRUE,16,"crossed",85,0.2,0.05,"stochastic","precomputed_exact_table","iid",202920500,202920542,100,25000,"budget_exhausted","budget-exhausted",TRUE,1054,1054,41,9,Inf,Inf,Inf,Inf,FALSE,0,1,1,TRUE,FALSE,TRUE,1,Inf,,1021,351,32,670,645,603,Inf,603,1550,0,24684,843,1054,23598,0,24652,2466.55,,
"regional-compression-exact-study-2026-08-13","production",TRUE,16,"crossed",86,0.01,0.05,"exact","precomputed_exact_table","exact",202920600,202920611,,25000,"certified","bounds-met",TRUE,265,265,474,474,474,0,474,0,TRUE,0.990005165754657,0.0099948342453432,0.00999483424534874,TRUE,TRUE,TRUE,0.0099948342453432,0.010045117933118,0.00257752881487754,88,88,32,0,0,,,,,0,297,202,265,0,0,265,108.39,,
"regional-compression-exact-study-2026-08-13","production",TRUE,16,"crossed",86,0.01,0.05,"stochastic","precomputed_exact_table","iid",202920600,202920612,100,25000,"frontier_exhausted","tolerance-not-met",TRUE,1093,1093,474,9,8019,8010,8019,7545,FALSE,1.00000000000001,-5.55111512312578e-15,0,TRUE,TRUE,TRUE,-5.55111512312578e-15,-5.55111512312577e-15,5.55111512312578e-15,1093,364,32,729,698,60,Inf,100,100,0,4225,827,1093,3100,0,4193,3201.98,,
"regional-compression-exact-study-2026-08-13","production",TRUE,16,"crossed",86,0.05,0.05,"exact","precomputed_exact_table","exact",202920600,202920621,,25000,"certified","bounds-met",TRUE,163,163,186,186,186,0,186,0,TRUE,0.950013257067119,0.049986742932881,0.0499867429328857,TRUE,TRUE,TRUE,0.049986742932881,0.0512793396774242,0.0161803475883687,54,54,32,0,0,,,,,0,195,134,163,0,0,163,35.4699999999998,,
"regional-compression-exact-study-2026-08-13","production",TRUE,16,"crossed",86,0.05,0.05,"stochastic","precomputed_exact_table","iid",202920600,202920622,100,25000,"frontier_exhausted","tolerance-not-met",TRUE,1093,1093,186,8,8019,8011,8019,7833,FALSE,1.00000000000001,-5.55111512312578e-15,0,TRUE,TRUE,TRUE,-5.55111512312578e-15,-5.55111512312577e-15,5.55111512312578e-15,1093,364,32,729,698,60,Inf,100,100,0,4225,834,1093,3100,0,4193,2890.28,,
"regional-compression-exact-study-2026-08-13","production",TRUE,16,"crossed",86,0.1,0.05,"exact","precomputed_exact_table","exact",202920600,202920631,,25000,"certified","bounds-met",TRUE,112,112,104,104,104,0,104,0,TRUE,0.900158413841536,0.0998415861584641,0.0998415861584692,TRUE,TRUE,TRUE,0.0998415861584641,0.105184515767231,0.0302308557652892,37,37,32,0,0,,,,,0,144,100,112,0,0,112,25.6399999999994,,
"regional-compression-exact-study-2026-08-13","production",TRUE,16,"crossed",86,0.1,0.05,"stochastic","precomputed_exact_table","iid",202920600,202920632,100,25000,"frontier_exhausted","tolerance-not-met",TRUE,1093,1093,104,8,8019,8011,8019,7915,FALSE,1.00000000000001,-5.55111512312578e-15,0,TRUE,TRUE,TRUE,-5.55111512312578e-15,-5.55111512312577e-15,5.55111512312578e-15,1093,364,32,729,698,60,Inf,100,100,0,4225,831,1093,3100,0,4193,2945.39,,
"regional-compression-exact-study-2026-08-13","production",TRUE,16,"crossed",86,0.2,0.05,"exact","precomputed_exact_table","exact",202920600,202920641,,25000,"certified","bounds-met",TRUE,67,67,51,51,51,0,51,0,TRUE,0.800160855740004,0.199839144259996,0.19983914426,TRUE,TRUE,TRUE,0.199839144259996,0.222942501851003,0.0569977008347752,22,22,32,0,0,,,,,0,99,70,67,0,0,67,12.3299999999999,,
"regional-compression-exact-study-2026-08-13","production",TRUE,16,"crossed",86,0.2,0.05,"stochastic","precomputed_exact_table","iid",202920600,202920642,100,25000,"frontier_exhausted","tolerance-not-met",TRUE,1093,1093,51,8,8019,8011,8019,7968,FALSE,1.00000000000001,-5.55111512312578e-15,0,TRUE,TRUE,TRUE,-5.55111512312578e-15,-5.55111512312577e-15,5.55111512312578e-15,1093,364,32,729,698,60,Inf,100,100,0,4225,841,1093,3100,0,4193,2635.03,,
"regional-compression-exact-study-2026-08-13","production",TRUE,16,"crossed",87,0.01,0.05,"exact","precomputed_exact_table","exact",202920700,202920711,,25000,"certified","bounds-met",TRUE,211,211,471,471,471,0,471,0,TRUE,0.99009516386762,0.00990483613237958,0.00990483613237996,TRUE,TRUE,TRUE,0.00990483613237958,0.00995421535441612,0.00344490575030211,70,70,32,0,0,,,,,0,243,166,211,0,0,211,82.84,,
"regional-compression-exact-study-2026-08-13","production",TRUE,16,"crossed",87,0.01,0.05,"stochastic","precomputed_exact_table","iid",202920700,202920712,100,25000,"frontier_exhausted","tolerance-not-met",TRUE,1093,1093,471,9,8019,8010,8019,7548,FALSE,1,-4.44089209850063e-16,0,TRUE,TRUE,TRUE,-4.44089209850063e-16,-4.44089209850063e-16,4.44089209850063e-16,1093,364,32,729,693,302,Inf,302,621,0,13592,870,1093,12467,0,13560,2907.59,,
"regional-compression-exact-study-2026-08-13","production",TRUE,16,"crossed",87,0.05,0.05,"exact","precomputed_exact_table","exact",202920700,202920721,,25000,"certified","bounds-met",TRUE,109,109,192,192,192,0,192,0,TRUE,0.950118804583819,0.0498811954161814,0.0498811954161817,TRUE,TRUE,TRUE,0.0498811954161814,0.0511682447499312,0.0141287500151831,36,36,32,0,0,,,,,0,141,98,109,0,0,109,21.77,,
"regional-compression-exact-study-2026-08-13","production",TRUE,16,"crossed",87,0.05,0.05,"stochastic","precomputed_exact_table","iid",202920700,202920722,100,25000,"frontier_exhausted","tolerance-not-met",TRUE,1093,1093,192,8,8019,8011,8019,7827,FALSE,1,-4.44089209850063e-16,0,TRUE,TRUE,TRUE,-4.44089209850063e-16,-4.44089209850063e-16,4.44089209850063e-16,1093,364,32,729,693,302,Inf,302,621,0,13592,864,1093,12467,0,13560,2796.31,,
"regional-compression-exact-study-2026-08-13","production",TRUE,16,"crossed",87,0.1,0.05,"exact","precomputed_exact_table","exact",202920700,202920731,,25000,"certified","bounds-met",TRUE,97,97,124,124,124,0,124,0,TRUE,0.904635328848046,0.0953646711519545,0.0953646711519546,TRUE,TRUE,TRUE,0.0953646711519545,0.100223368038123,0.0392612089495984,32,32,32,0,0,,,,,0,129,90,97,0,0,97,21.1399999999994,,
"regional-compression-exact-study-2026-08-13","production",TRUE,16,"crossed",87,0.1,0.05,"stochastic","precomputed_exact_table","iid",202920700,202920732,100,25000,"frontier_exhausted","tolerance-not-met",TRUE,1093,1093,124,8,8019,8011,8019,7895,FALSE,1,-4.44089209850063e-16,0,TRUE,TRUE,TRUE,-4.44089209850063e-16,-4.44089209850063e-16,4.44089209850063e-16,1093,364,32,729,693,302,Inf,302,621,0,13592,864,1093,12467,0,13560,2807.84,,
"regional-compression-exact-study-2026-08-13","production",TRUE,16,"crossed",87,0.2,0.05,"exact","precomputed_exact_table","exact",202920700,202920741,,25000,"certified","bounds-met",TRUE,76,76,72,72,72,0,72,0,TRUE,0.815818686414772,0.184181313585228,0.184181313585228,TRUE,TRUE,TRUE,0.184181313585228,0.20356314672878,0.0504192610871341,25,25,32,0,0,,,,,0,108,76,76,0,0,76,16.6700000000001,,
"regional-compression-exact-study-2026-08-13","production",TRUE,16,"crossed",87,0.2,0.05,"stochastic","precomputed_exact_table","iid",202920700,202920742,100,25000,"frontier_exhausted","tolerance-not-met",TRUE,1093,1093,72,8,8019,8011,8019,7947,FALSE,1,-4.44089209850063e-16,0,TRUE,TRUE,TRUE,-4.44089209850063e-16,-4.44089209850063e-16,4.44089209850063e-16,1093,364,32,729,693,302,Inf,302,621,0,13592,862,1093,12467,0,13560,2377.91,,
"regional-compression-exact-study-2026-08-13","production",TRUE,16,"crossed",88,0.01,0.05,"exact","precomputed_exact_table","exact",202920800,202920811,,25000,"certified","bounds-met",TRUE,307,307,595,595,595,0,595,0,TRUE,0.990134593516239,0.00986540648376133,0.00986540648375755,TRUE,TRUE,TRUE,0.00986540648376133,0.00991439204757364,0.00312392964675356,102,102,32,0,0,,,,,0,339,230,307,0,0,307,111.17,,
"regional-compression-exact-study-2026-08-13","production",TRUE,16,"crossed",88,0.01,0.05,"stochastic","precomputed_exact_table","iid",202920800,202920812,100,25000,"budget_exhausted","budget-exhausted",TRUE,1006,1006,595,9,Inf,Inf,Inf,Inf,FALSE,0,1,1,TRUE,FALSE,TRUE,1,Inf,,967,335,32,632,622,2340,Inf,2340,2340,0,24438,745,1006,23400,0,24406,2266.89,,
"regional-compression-exact-study-2026-08-13","production",TRUE,16,"crossed",88,0.05,0.05,"exact","precomputed_exact_table","exact",202920800,202920821,,25000,"certified","bounds-met",TRUE,166,166,234,234,234,0,234,0,TRUE,0.950376149427182,0.049623850572818,0.0496238505728146,TRUE,TRUE,TRUE,0.049623850572818,0.0508974259883312,0.0133922354857582,55,55,32,0,0,,,,,0,198,136,166,0,0,166,33.8099999999999,,
"regional-compression-exact-study-2026-08-13","production",TRUE,16,"crossed",88,0.05,0.05,"stochastic","precomputed_exact_table","iid",202920800,202920822,100,25000,"budget_exhausted","budget-exhausted",TRUE,1006,1006,234,9,Inf,Inf,Inf,Inf,FALSE,0,1,1,TRUE,FALSE,TRUE,1,Inf,,967,335,32,632,622,2340,Inf,2340,2340,0,24438,746,1006,23400,0,24406,2116.55,,
"regional-compression-exact-study-2026-08-13","production",TRUE,16,"crossed",88,0.1,0.05,"exact","precomputed_exact_table","exact",202920800,202920831,,25000,"certified","bounds-met",TRUE,112,112,143,143,143,0,143,0,TRUE,0.901920273243604,0.0980797267563961,0.0980797267563917,TRUE,TRUE,TRUE,0.0980797267563961,0.103229151691223,0.0384568996618269,37,37,32,0,0,,,,,0,144,100,112,0,0,112,24.1699999999992,,
"regional-compression-exact-study-2026-08-13","production",TRUE,16,"crossed",88,0.1,0.05,"stochastic","precomputed_exact_table","iid",202920800,202920832,100,25000,"budget_exhausted","budget-exhausted",TRUE,1006,1006,143,9,Inf,Inf,Inf,Inf,FALSE,0,1,1,TRUE,FALSE,TRUE,1,Inf,,967,335,32,632,622,2340,Inf,2340,2340,0,24438,741,1006,23400,0,24406,2168.49,,
"regional-compression-exact-study-2026-08-13","production",TRUE,16,"crossed",88,0.2,0.05,"exact","precomputed_exact_table","exact",202920800,202920841,,25000,"certified","bounds-met",TRUE,76,76,72,72,72,0,72,0,TRUE,0.801609404572797,0.198390595427203,0.198390595427198,TRUE,TRUE,TRUE,0.198390595427203,0.221133816468865,0.0455124498017411,25,25,32,0,0,,,,,0,108,76,76,0,0,76,13.0900000000001,,
"regional-compression-exact-study-2026-08-13","production",TRUE,16,"crossed",88,0.2,0.05,"stochastic","precomputed_exact_table","iid",202920800,202920842,100,25000,"budget_exhausted","budget-exhausted",TRUE,1006,1006,72,9,Inf,Inf,Inf,Inf,FALSE,0,1,1,TRUE,FALSE,TRUE,1,Inf,,967,335,32,632,622,2340,Inf,2340,2340,0,24438,746,1006,23400,0,24406,2130.47,,
"regional-compression-exact-study-2026-08-13","production",TRUE,16,"crossed",89,0.01,0.05,"exact","precomputed_exact_table","exact",202920900,202920911,,25000,"certified","bounds-met",TRUE,361,361,710,710,710,0,710,0,TRUE,0.990128384936036,0.00987161506396361,0.00987161506395932,TRUE,TRUE,TRUE,0.00987161506396361,0.00992066250788104,0.00325158133389869,120,120,32,0,0,,,,,0,393,265,361,0,0,361,141.16,,
"regional-compression-exact-study-2026-08-13","production",TRUE,16,"crossed",89,0.01,0.05,"stochastic","precomputed_exact_table","iid",202920900,202920912,100,25000,"frontier_exhausted","tolerance-not-met",TRUE,1093,1093,710,8,8019,8011,8019,7309,FALSE,0.999999999999996,4.32986979603811e-15,0,TRUE,TRUE,TRUE,4.32986979603811e-15,4.32986979603812e-15,4.21884749357559e-15,1093,364,32,729,729,2259738,Inf,,,0,1125,753,1093,0,0,1093,3024.5,,
"regional-compression-exact-study-2026-08-13","production",TRUE,16,"crossed",89,0.05,0.05,"exact","precomputed_exact_table","exact",202920900,202920921,,25000,"certified","bounds-met",TRUE,199,199,281,281,281,0,281,0,TRUE,0.950076942927412,0.049923057072588,0.0499230570725838,TRUE,TRUE,TRUE,0.049923057072588,0.0512123051121,0.0145009816301565,66,66,32,0,0,,,,,0,231,158,199,0,0,199,45.4200000000001,,
"regional-compression-exact-study-2026-08-13","production",TRUE,16,"crossed",89,0.05,0.05,"stochastic","precomputed_exact_table","iid",202920900,202920922,100,25000,"frontier_exhausted","tolerance-not-met",TRUE,1093,1093,281,8,8019,8011,8019,7738,FALSE,0.999999999999996,4.32986979603811e-15,0,TRUE,TRUE,TRUE,4.32986979603811e-15,4.32986979603812e-15,4.21884749357559e-15,1093,364,32,729,729,2259738,Inf,,,0,1125,753,1093,0,0,1093,2984.04,,
"regional-compression-exact-study-2026-08-13","production",TRUE,16,"crossed",89,0.1,0.05,"exact","precomputed_exact_table","exact",202920900,202920931,,25000,"certified","bounds-met",TRUE,151,151,171,171,171,0,171,0,TRUE,0.900683353733435,0.0993166462665651,0.0993166462665614,TRUE,TRUE,TRUE,0.0993166462665651,0.104601521840481,0.0322168882854647,50,50,32,0,0,,,,,0,183,126,151,0,0,151,29.9699999999993,,
"regional-compression-exact-study-2026-08-13","production",TRUE,16,"crossed",89,0.1,0.05,"stochastic","precomputed_exact_table","iid",202920900,202920932,100,25000,"frontier_exhausted","tolerance-not-met",TRUE,1093,1093,171,8,8019,8011,8019,7848,FALSE,0.999999999999996,4.32986979603811e-15,0,TRUE,TRUE,TRUE,4.32986979603811e-15,4.32986979603812e-15,4.21884749357559e-15,1093,364,32,729,729,2259738,Inf,,,0,1125,753,1093,0,0,1093,2879.87,,
"regional-compression-exact-study-2026-08-13","production",TRUE,16,"crossed",89,0.2,0.05,"exact","precomputed_exact_table","exact",202920900,202920941,,25000,"certified","bounds-met",TRUE,88,88,82,82,82,0,82,0,TRUE,0.806875640977294,0.193124359022706,0.193124359022701,TRUE,TRUE,TRUE,0.193124359022706,0.214585722986758,0.0723977606639912,29,29,32,0,0,,,,,0,120,84,88,0,0,88,14.3199999999997,,
"regional-compression-exact-study-2026-08-13","production",TRUE,16,"crossed",89,0.2,0.05,"stochastic","precomputed_exact_table","iid",202920900,202920942,100,25000,"frontier_exhausted","tolerance-not-met",TRUE,1093,1093,82,8,8019,8011,8019,7937,FALSE,0.999999999999996,4.32986979603811e-15,0,TRUE,TRUE,TRUE,4.32986979603811e-15,4.32986979603812e-15,4.21884749357559e-15,1093,364,32,729,729,2259738,Inf,,,0,1125,753,1093,0,0,1093,2119.64,,
"regional-compression-exact-study-2026-08-13","production",TRUE,16,"crossed",90,0.01,0.05,"exact","precomputed_exact_table","exact",202921000,202921011,,25000,"certified","bounds-met",TRUE,214,214,362,362,362,0,362,0,TRUE,0.990119678400051,0.009880321599949,0.00988032159994541,TRUE,TRUE,TRUE,0.009880321599949,0.0099294558870002,0.00438267905646188,71,71,32,0,0,,,,,0,246,168,214,0,0,214,80.02,,
"regional-compression-exact-study-2026-08-13","production",TRUE,16,"crossed",90,0.01,0.05,"stochastic","precomputed_exact_table","iid",202921000,202921012,100,25000,"budget_exhausted","budget-exhausted",TRUE,1084,1084,362,8,Inf,Inf,Inf,Inf,FALSE,0,1,1,TRUE,FALSE,TRUE,1,Inf,,1063,361,32,702,636,8,Inf,100,848,0,24744,1107,1084,23628,0,24712,2894.06,,
"regional-compression-exact-study-2026-08-13","production",TRUE,16,"crossed",90,0.05,0.05,"exact","precomputed_exact_table","exact",202921000,202921021,,25000,"certified","bounds-met",TRUE,121,121,130,130,130,0,130,0,TRUE,0.951092952077019,0.0489070479229808,0.0489070479229774,TRUE,TRUE,TRUE,0.0489070479229808,0.050143479807218,0.020429376927794,40,40,32,0,0,,,,,0,153,106,121,0,0,121,27,,
"regional-compression-exact-study-2026-08-13","production",TRUE,16,"crossed",90,0.05,0.05,"stochastic","precomputed_exact_table","iid",202921000,202921022,100,25000,"budget_exhausted","budget-exhausted",TRUE,1084,1084,130,8,Inf,Inf,Inf,Inf,FALSE,0,1,1,TRUE,FALSE,TRUE,1,Inf,,1063,361,32,702,636,8,Inf,100,848,0,24744,1096,1084,23628,0,24712,2833.03,,
"regional-compression-exact-study-2026-08-13","production",TRUE,16,"crossed",90,0.1,0.05,"exact","precomputed_exact_table","exact",202921000,202921031,,25000,"certified","bounds-met",TRUE,58,58,72,72,72,0,72,0,TRUE,0.90017968124031,0.09982031875969,0.0998203187596869,TRUE,TRUE,TRUE,0.09982031875969,0.105160889761835,0.0389674830150422,19,19,32,0,0,,,,,0,90,64,58,0,0,58,10.6399999999994,,
"regional-compression-exact-study-2026-08-13","production",TRUE,16,"crossed",90,0.1,0.05,"stochastic","precomputed_exact_table","iid",202921000,202921032,100,25000,"budget_exhausted","budget-exhausted",TRUE,1084,1084,72,8,Inf,Inf,Inf,Inf,FALSE,0,1,1,TRUE,FALSE,TRUE,1,Inf,,1063,361,32,702,636,8,Inf,100,848,0,24744,1091,1084,23628,0,24712,2744.13,,
"regional-compression-exact-study-2026-08-13","production",TRUE,16,"crossed",90,0.2,0.05,"exact","precomputed_exact_table","exact",202921000,202921041,,25000,"certified","bounds-met",TRUE,52,52,40,40,40,0,40,0,TRUE,0.815661613870342,0.184338386129658,0.184338386129655,TRUE,TRUE,TRUE,0.184338386129658,0.203755698909629,0.0441325782849019,17,17,32,0,0,,,,,0,84,60,52,0,0,52,8.61999999999898,,
"regional-compression-exact-study-2026-08-13","production",TRUE,16,"crossed",90,0.2,0.05,"stochastic","precomputed_exact_table","iid",202921000,202921042,100,25000,"budget_exhausted","budget-exhausted",TRUE,1084,1084,40,8,Inf,Inf,Inf,Inf,FALSE,0,1,1,TRUE,FALSE,TRUE,1,Inf,,1063,361,32,702,636,8,Inf,100,848,0,24744,1096,1084,23628,0,24712,2211.98,,
"regional-compression-exact-study-2026-08-13","production",TRUE,16,"crossed",91,0.01,0.05,"exact","precomputed_exact_table","exact",202921100,202921111,,25000,"certified","bounds-met",TRUE,286,286,482,482,482,0,482,0,TRUE,0.990020924208749,0.00997907579125057,0.00997907579125113,TRUE,TRUE,TRUE,0.00997907579125057,0.010029200512461,0.00358632081178337,95,95,32,0,0,,,,,0,318,216,286,0,0,286,144.05,,
"regional-compression-exact-study-2026-08-13","production",TRUE,16,"crossed",91,0.01,0.05,"stochastic","precomputed_exact_table","iid",202921100,202921112,100,25000,"frontier_exhausted","tolerance-not-met",TRUE,1093,1093,482,9,8019,8010,8019,7537,FALSE,1,-4.44089209850063e-16,0,TRUE,TRUE,TRUE,-4.44089209850063e-16,-4.44089209850063e-16,4.44089209850063e-16,1093,364,32,729,693,281,Inf,281,286,0,11266,865,1093,10141,0,11234,2812.28,,
"regional-compression-exact-study-2026-08-13","production",TRUE,16,"crossed",91,0.05,0.05,"exact","precomputed_exact_table","exact",202921100,202921121,,25000,"certified","bounds-met",TRUE,145,145,178,178,178,0,178,0,TRUE,0.95003220577866,0.0499677942213397,0.0499677942213403,TRUE,TRUE,TRUE,0.0499677942213397,0.0512593941425279,0.0228292487560905,48,48,32,0,0,,,,,0,177,122,145,0,0,145,32.75,,
"regional-compression-exact-study-2026-08-13","production",TRUE,16,"crossed",91,0.05,0.05,"stochastic","precomputed_exact_table","iid",202921100,202921122,100,25000,"frontier_exhausted","tolerance-not-met",TRUE,1093,1093,178,9,8019,8010,8019,7841,FALSE,1,-4.44089209850063e-16,0,TRUE,TRUE,TRUE,-4.44089209850063e-16,-4.44089209850063e-16,4.44089209850063e-16,1093,364,32,729,693,281,Inf,281,286,0,11266,861,1093,10141,0,11234,2838.36,,
"regional-compression-exact-study-2026-08-13","production",TRUE,16,"crossed",91,0.1,0.05,"exact","precomputed_exact_table","exact",202921100,202921131,,25000,"certified","bounds-met",TRUE,103,103,109,109,109,0,109,0,TRUE,0.903019099407038,0.096980900592962,0.0969809005929622,TRUE,TRUE,TRUE,0.096980900592962,0.102011574728989,0.0234554916705996,34,34,32,0,0,,,,,0,135,94,103,0,0,103,22.79,,
"regional-compression-exact-study-2026-08-13","production",TRUE,16,"crossed",91,0.1,0.05,"stochastic","precomputed_exact_table","iid",202921100,202921132,100,25000,"frontier_exhausted","tolerance-not-met",TRUE,1093,1093,109,9,8019,8010,8019,7910,FALSE,1,-4.44089209850063e-16,0,TRUE,TRUE,TRUE,-4.44089209850063e-16,-4.44089209850063e-16,4.44089209850063e-16,1093,364,32,729,693,281,Inf,281,286,0,11266,870,1093,10141,0,11234,2580.15,,
"regional-compression-exact-study-2026-08-13","production",TRUE,16,"crossed",91,0.2,0.05,"exact","precomputed_exact_table","exact",202921100,202921141,,25000,"certified","bounds-met",TRUE,79,79,59,59,59,0,59,0,TRUE,0.802188585378937,0.197811414621063,0.197811414621065,TRUE,TRUE,TRUE,0.197811414621063,0.220411554893597,0.077395074516691,26,26,32,0,0,,,,,0,111,78,79,0,0,79,14.5300000000007,,
"regional-compression-exact-study-2026-08-13","production",TRUE,16,"crossed",91,0.2,0.05,"stochastic","precomputed_exact_table","iid",202921100,202921142,100,25000,"frontier_exhausted","tolerance-not-met",TRUE,1093,1093,59,9,8019,8010,8019,7960,FALSE,1,-4.44089209850063e-16,0,TRUE,TRUE,TRUE,-4.44089209850063e-16,-4.44089209850063e-16,4.44089209850063e-16,1093,364,32,729,693,281,Inf,281,286,0,11266,862,1093,10141,0,11234,1744.22,,
"regional-compression-exact-study-2026-08-13","production",TRUE,16,"crossed",92,0.01,0.05,"exact","precomputed_exact_table","exact",202921200,202921211,,25000,"certified","bounds-met",TRUE,193,193,299,299,299,0,299,0,TRUE,0.990045673311223,0.00995432668877672,0.00995432668877621,TRUE,TRUE,TRUE,0.00995432668877672,0.0100042022598707,0.00367064378825516,64,64,32,0,0,,,,,0,225,154,193,0,0,193,90.33,,
"regional-compression-exact-study-2026-08-13","production",TRUE,16,"crossed",92,0.01,0.05,"stochastic","precomputed_exact_table","iid",202921200,202921212,100,25000,"budget_exhausted","budget-exhausted",TRUE,1063,1063,299,9,Inf,Inf,Inf,Inf,FALSE,0,1,1,TRUE,FALSE,TRUE,1,Inf,,1029,354,32,675,628,42,Inf,100,1653,0,23928,1002,1063,22833,0,23896,2455.95,,
"regional-compression-exact-study-2026-08-13","production",TRUE,16,"crossed",92,0.05,0.05,"exact","precomputed_exact_table","exact",202921200,202921221,,25000,"certified","bounds-met",TRUE,106,106,115,115,115,0,115,0,TRUE,0.952889064207032,0.0471109357929678,0.0471109357929672,TRUE,TRUE,TRUE,0.0471109357929678,0.0482567890218654,0.0160697855170874,35,35,32,0,0,,,,,0,138,96,106,0,0,106,26.8399999999997,,
"regional-compression-exact-study-2026-08-13","production",TRUE,16,"crossed",92,0.05,0.05,"stochastic","precomputed_exact_table","iid",202921200,202921222,100,25000,"budget_exhausted","budget-exhausted",TRUE,1063,1063,115,9,Inf,Inf,Inf,Inf,FALSE,0,1,1,TRUE,FALSE,TRUE,1,Inf,,1029,354,32,675,628,42,Inf,100,1653,0,23928,1016,1063,22833,0,23896,2511.17,,
"regional-compression-exact-study-2026-08-13","production",TRUE,16,"crossed",92,0.1,0.05,"exact","precomputed_exact_table","exact",202921200,202921231,,25000,"certified","bounds-met",TRUE,55,55,58,58,58,0,58,0,TRUE,0.905314336205609,0.0946856637943913,0.094685663794391,TRUE,TRUE,TRUE,0.0946856637943913,0.0994730627644154,0.0307647954245985,18,18,32,0,0,,,,,0,87,62,55,0,0,55,9.10000000000036,,
"regional-compression-exact-study-2026-08-13","production",TRUE,16,"crossed",92,0.1,0.05,"stochastic","precomputed_exact_table","iid",202921200,202921232,100,25000,"budget_exhausted","budget-exhausted",TRUE,1063,1063,58,9,Inf,Inf,Inf,Inf,FALSE,0,1,1,TRUE,FALSE,TRUE,1,Inf,,1029,354,32,675,628,42,Inf,100,1653,0,23928,1008,1063,22833,0,23896,2455.56,,
"regional-compression-exact-study-2026-08-13","production",TRUE,16,"crossed",92,0.2,0.05,"exact","precomputed_exact_table","exact",202921200,202921241,,25000,"certified","bounds-met",TRUE,49,49,38,38,38,0,38,0,TRUE,0.819221035820465,0.180778964179535,0.180778964179535,TRUE,TRUE,TRUE,0.180778964179535,0.199401346534802,0.049423661943012,16,16,32,0,0,,,,,0,81,58,49,0,0,49,7.25,,
"regional-compression-exact-study-2026-08-13","production",TRUE,16,"crossed",92,0.2,0.05,"stochastic","precomputed_exact_table","iid",202921200,202921242,100,25000,"budget_exhausted","budget-exhausted",TRUE,1063,1063,38,9,Inf,Inf,Inf,Inf,FALSE,0,1,1,TRUE,FALSE,TRUE,1,Inf,,1029,354,32,675,628,42,Inf,100,1653,0,23928,1013,1063,22833,0,23896,1959.73,,
"regional-compression-exact-study-2026-08-13","production",TRUE,16,"crossed",93,0.01,0.05,"exact","precomputed_exact_table","exact",202921300,202921311,,25000,"certified","bounds-met",TRUE,187,187,285,285,285,0,285,0,TRUE,0.990014937226655,0.00998506277334466,0.00998506277334379,TRUE,TRUE,TRUE,0.00998506277334466,0.0100352478595931,0.00295333920399541,62,62,32,0,0,,,,,0,219,150,187,0,0,187,69.74,,
"regional-compression-exact-study-2026-08-13","production",TRUE,16,"crossed",93,0.01,0.05,"stochastic","precomputed_exact_table","iid",202921300,202921312,100,25000,"frontier_exhausted","tolerance-not-met",TRUE,1093,1093,285,9,8019,8010,8019,7734,FALSE,0.999999999999999,8.88178419700125e-16,0,TRUE,TRUE,TRUE,8.88178419700125e-16,8.88178419700126e-16,8.88178419700125e-16,1093,364,32,729,698,579,Inf,579,579,0,19074,860,1093,17949,0,19042,2827.96,,
"regional-compression-exact-study-2026-08-13","production",TRUE,16,"crossed",93,0.05,0.05,"exact","precomputed_exact_table","exact",202921300,202921321,,25000,"certified","bounds-met",TRUE,85,85,105,105,105,0,105,0,TRUE,0.951003607939152,0.048996392060848,0.0489963920608469,TRUE,TRUE,TRUE,0.048996392060848,0.0502374226067699,0.0118339057804564,28,28,32,0,0,,,,,0,117,82,85,0,0,85,16.54,,
"regional-compression-exact-study-2026-08-13","production",TRUE,16,"crossed",93,0.05,0.05,"stochastic","precomputed_exact_table","iid",202921300,202921322,100,25000,"frontier_exhausted","tolerance-not-met",TRUE,1093,1093,105,9,8019,8010,8019,7914,FALSE,0.999999999999999,8.88178419700125e-16,0,TRUE,TRUE,TRUE,8.88178419700125e-16,8.88178419700126e-16,8.88178419700125e-16,1093,364,32,729,698,579,Inf,579,579,0,19074,852,1093,17949,0,19042,2861.53,,
"regional-compression-exact-study-2026-08-13","production",TRUE,16,"crossed",93,0.1,0.05,"exact","precomputed_exact_table","exact",202921300,202921331,,25000,"certified","bounds-met",TRUE,55,55,63,63,63,0,63,0,TRUE,0.905801963538642,0.0941980364613584,0.0941980364613571,TRUE,TRUE,TRUE,0.0941980364613584,0.0989345801226495,0.0324704927970855,18,18,32,0,0,,,,,0,87,62,55,0,0,55,11.2700000000004,,
"regional-compression-exact-study-2026-08-13","production",TRUE,16,"crossed",93,0.1,0.05,"stochastic","precomputed_exact_table","iid",202921300,202921332,100,25000,"frontier_exhausted","tolerance-not-met",TRUE,1093,1093,63,9,8019,8010,8019,7956,FALSE,0.999999999999999,8.88178419700125e-16,0,TRUE,TRUE,TRUE,8.88178419700125e-16,8.88178419700126e-16,8.88178419700125e-16,1093,364,32,729,698,579,Inf,579,579,0,19074,858,1093,17949,0,19042,2602.55,,
"regional-compression-exact-study-2026-08-13","production",TRUE,16,"crossed",93,0.2,0.05,"exact","precomputed_exact_table","exact",202921300,202921341,,25000,"certified","bounds-met",TRUE,49,49,30,30,30,0,30,0,TRUE,0.805166291744336,0.194833708255664,0.194833708255662,TRUE,TRUE,TRUE,0.194833708255664,0.216706449301512,0.0439246592513752,16,16,32,0,0,,,,,0,81,58,49,0,0,49,8.39000000000124,,
"regional-compression-exact-study-2026-08-13","production",TRUE,16,"crossed",93,0.2,0.05,"stochastic","precomputed_exact_table","iid",202921300,202921342,100,25000,"frontier_exhausted","tolerance-not-met",TRUE,1093,1093,30,8,8019,8011,8019,7989,FALSE,0.999999999999999,8.88178419700125e-16,0,TRUE,TRUE,TRUE,8.88178419700125e-16,8.88178419700126e-16,8.88178419700125e-16,1093,364,32,729,698,579,Inf,579,579,0,19074,852,1093,17949,0,19042,1703.76,,
"regional-compression-exact-study-2026-08-13","production",TRUE,16,"crossed",94,0.01,0.05,"exact","precomputed_exact_table","exact",202921400,202921411,,25000,"certified","bounds-met",TRUE,160,160,301,301,301,0,301,0,TRUE,0.990046781362955,0.00995321863704535,0.00995321863704481,TRUE,TRUE,TRUE,0.00995321863704535,0.0100030830679575,0.00354270639087831,53,53,32,0,0,,,,,0,192,132,160,0,0,160,58.42,,
"regional-compression-exact-study-2026-08-13","production",TRUE,16,"crossed",94,0.01,0.05,"stochastic","precomputed_exact_table","iid",202921400,202921412,100,25000,"frontier_exhausted","tolerance-not-met",TRUE,1093,1093,301,9,8019,8010,8019,7718,FALSE,0.999999999999999,5.55111512312578e-16,0,TRUE,TRUE,TRUE,5.55111512312578e-16,5.55111512312578e-16,5.55111512312578e-16,1093,364,32,729,729,108815,Inf,,,0,1125,753,1093,0,0,1093,2837.29,,
"regional-compression-exact-study-2026-08-13","production",TRUE,16,"crossed",94,0.05,0.05,"exact","precomputed_exact_table","exact",202921400,202921421,,25000,"certified","bounds-met",TRUE,88,88,114,114,114,0,114,0,TRUE,0.950129738366804,0.0498702616331963,0.0498702616331959,TRUE,TRUE,TRUE,0.0498702616331963,0.051156737010035,0.0203166807320881,29,29,32,0,0,,,,,0,120,84,88,0,0,88,18.9000000000001,,
"regional-compression-exact-study-2026-08-13","production",TRUE,16,"crossed",94,0.05,0.05,"stochastic","precomputed_exact_table","iid",202921400,202921422,100,25000,"frontier_exhausted","tolerance-not-met",TRUE,1093,1093,114,8,8019,8011,8019,7905,FALSE,0.999999999999999,5.55111512312578e-16,0,TRUE,TRUE,TRUE,5.55111512312578e-16,5.55111512312578e-16,5.55111512312578e-16,1093,364,32,729,729,108815,Inf,,,0,1125,753,1093,0,0,1093,2850.4,,
"regional-compression-exact-study-2026-08-13","production",TRUE,16,"crossed",94,0.1,0.05,"exact","precomputed_exact_table","exact",202921400,202921431,,25000,"certified","bounds-met",TRUE,70,70,73,73,73,0,73,0,TRUE,0.90926760686729,0.0907323931327099,0.0907323931327087,TRUE,TRUE,TRUE,0.0907323931327099,0.0951158311372314,0.0360447306796637,23,23,32,0,0,,,,,0,102,72,70,0,0,70,13.1899999999996,,
"regional-compression-exact-study-2026-08-13","production",TRUE,16,"crossed",94,0.1,0.05,"stochastic","precomputed_exact_table","iid",202921400,202921432,100,25000,"frontier_exhausted","tolerance-not-met",TRUE,1093,1093,73,8,8019,8011,8019,7946,FALSE,0.999999999999999,5.55111512312578e-16,0,TRUE,TRUE,TRUE,5.55111512312578e-16,5.55111512312578e-16,5.55111512312578e-16,1093,364,32,729,729,108815,Inf,,,0,1125,753,1093,0,0,1093,2611.36,,
"regional-compression-exact-study-2026-08-13","production",TRUE,16,"crossed",94,0.2,0.05,"exact","precomputed_exact_table","exact",202921400,202921441,,25000,"certified","bounds-met",TRUE,31,31,31,31,31,0,31,0,TRUE,0.803132310042438,0.196867689957562,0.196867689957561,TRUE,TRUE,TRUE,0.196867689957562,0.219235808941608,0.0734183496132643,10,10,32,0,0,,,,,0,63,46,31,0,0,31,4.40000000000146,,
"regional-compression-exact-study-2026-08-13","production",TRUE,16,"crossed",94,0.2,0.05,"stochastic","precomputed_exact_table","iid",202921400,202921442,100,25000,"frontier_exhausted","tolerance-not-met",TRUE,1093,1093,31,8,8019,8011,8019,7988,FALSE,0.999999999999999,5.55111512312578e-16,0,TRUE,TRUE,TRUE,5.55111512312578e-16,5.55111512312578e-16,5.55111512312578e-16,1093,364,32,729,729,108815,Inf,,,0,1125,753,1093,0,0,1093,1703.52,,
"regional-compression-exact-study-2026-08-13","production",TRUE,16,"crossed",95,0.01,0.05,"exact","precomputed_exact_table","exact",202921500,202921511,,25000,"certified","bounds-met",TRUE,226,226,368,368,368,0,368,0,TRUE,0.990028571266407,0.00997142873359302,0.00997142873359084,TRUE,TRUE,TRUE,0.00997142873359302,0.0100214764048818,0.00272952794434814,75,75,32,0,0,,,,,0,258,176,226,0,0,226,87.92,,
"regional-compression-exact-study-2026-08-13","production",TRUE,16,"crossed",95,0.01,0.05,"stochastic","precomputed_exact_table","iid",202921500,202921512,100,25000,"frontier_exhausted","tolerance-not-met",TRUE,1093,1093,368,9,8019,8010,8019,7651,FALSE,0.999999999999998,2.33146835171283e-15,0,TRUE,TRUE,TRUE,2.33146835171283e-15,2.33146835171283e-15,2.33146835171283e-15,1093,364,32,729,698,303,Inf,303,303,0,10518,847,1093,9393,0,10486,2926.89,,
"regional-compression-exact-study-2026-08-13","production",TRUE,16,"crossed",95,0.05,0.05,"exact","precomputed_exact_table","exact",202921500,202921521,,25000,"certified","bounds-met",TRUE,121,121,156,156,156,0,156,0,TRUE,0.951721806090775,0.0482781939092252,0.0482781939092227,TRUE,TRUE,TRUE,0.0482781939092252,0.0494825073883832,0.0203116029827859,40,40,32,0,0,,,,,0,153,106,121,0,0,121,25.2199999999998,,
"regional-compression-exact-study-2026-08-13","production",TRUE,16,"crossed",95,0.05,0.05,"stochastic","precomputed_exact_table","iid",202921500,202921522,100,25000,"frontier_exhausted","tolerance-not-met",TRUE,1093,1093,156,9,8019,8010,8019,7863,FALSE,0.999999999999998,2.33146835171283e-15,0,TRUE,TRUE,TRUE,2.33146835171283e-15,2.33146835171283e-15,2.33146835171283e-15,1093,364,32,729,698,303,Inf,303,303,0,10518,851,1093,9393,0,10486,2993.13,,
"regional-compression-exact-study-2026-08-13","production",TRUE,16,"crossed",95,0.1,0.05,"exact","precomputed_exact_table","exact",202921500,202921531,,25000,"certified","bounds-met",TRUE,94,94,93,93,93,0,93,0,TRUE,0.901558774934228,0.0984412250657725,0.0984412250657706,TRUE,TRUE,TRUE,0.0984412250657725,0.103630041642879,0.0218980414738911,31,31,32,0,0,,,,,0,126,88,94,0,0,94,18.46,,
"regional-compression-exact-study-2026-08-13","production",TRUE,16,"crossed",95,0.1,0.05,"stochastic","precomputed_exact_table","iid",202921500,202921532,100,25000,"frontier_exhausted","tolerance-not-met",TRUE,1093,1093,93,9,8019,8010,8019,7926,FALSE,0.999999999999998,2.33146835171283e-15,0,TRUE,TRUE,TRUE,2.33146835171283e-15,2.33146835171283e-15,2.33146835171283e-15,1093,364,32,729,698,303,Inf,303,303,0,10518,848,1093,9393,0,10486,2528.48,,
"regional-compression-exact-study-2026-08-13","production",TRUE,16,"crossed",95,0.2,0.05,"exact","precomputed_exact_table","exact",202921500,202921541,,25000,"certified","bounds-met",TRUE,43,43,40,40,40,0,40,0,TRUE,0.800151619074323,0.199848380925677,0.199848380925676,TRUE,TRUE,TRUE,0.199848380925677,0.222954045428681,0.0428842871206416,14,14,32,0,0,,,,,0,75,54,43,0,0,43,6.39000000000124,,
"regional-compression-exact-study-2026-08-13","production",TRUE,16,"crossed",95,0.2,0.05,"stochastic","precomputed_exact_table","iid",202921500,202921542,100,25000,"frontier_exhausted","tolerance-not-met",TRUE,1093,1093,40,9,8019,8010,8019,7979,FALSE,0.999999999999998,2.33146835171283e-15,0,TRUE,TRUE,TRUE,2.33146835171283e-15,2.33146835171283e-15,2.33146835171283e-15,1093,364,32,729,698,303,Inf,303,303,0,10518,850,1093,9393,0,10486,1510.64,,
"regional-compression-exact-study-2026-08-13","production",TRUE,16,"crossed",96,0.01,0.05,"exact","precomputed_exact_table","exact",202921600,202921611,,25000,"certified","bounds-met",TRUE,217,217,347,347,347,0,347,0,TRUE,0.990088835920205,0.00991116407979453,0.0099111640797927,TRUE,TRUE,TRUE,0.00991116407979453,0.00996060662655614,0.00370924100767855,72,72,32,0,0,,,,,0,249,170,217,0,0,217,76.78,,
"regional-compression-exact-study-2026-08-13","production",TRUE,16,"crossed",96,0.01,0.05,"stochastic","precomputed_exact_table","iid",202921600,202921612,100,25000,"frontier_exhausted","tolerance-not-met",TRUE,1093,1093,347,8,8019,8011,8019,7672,FALSE,0.999999999999998,1.88737914186277e-15,0,TRUE,TRUE,TRUE,1.88737914186277e-15,1.88737914186277e-15,1.88737914186277e-15,1093,364,32,729,729,10719,Inf,,,0,1125,753,1093,0,0,1093,2889.49,,
"regional-compression-exact-study-2026-08-13","production",TRUE,16,"crossed",96,0.05,0.05,"exact","precomputed_exact_table","exact",202921600,202921621,,25000,"certified","bounds-met",TRUE,109,109,129,129,129,0,129,0,TRUE,0.951875139701985,0.0481248602980153,0.0481248602980135,TRUE,TRUE,TRUE,0.0481248602980153,0.0493214085676687,0.0166629417763431,36,36,32,0,0,,,,,0,141,98,109,0,0,109,20.4200000000001,,
"regional-compression-exact-study-2026-08-13","production",TRUE,16,"crossed",96,0.05,0.05,"stochastic","precomputed_exact_table","iid",202921600,202921622,100,25000,"frontier_exhausted","tolerance-not-met",TRUE,1093,1093,129,8,8019,8011,8019,7890,FALSE,0.999999999999998,1.88737914186277e-15,0,TRUE,TRUE,TRUE,1.88737914186277e-15,1.88737914186277e-15,1.88737914186277e-15,1093,364,32,729,729,10719,Inf,,,0,1125,753,1093,0,0,1093,2623.77,,
"regional-compression-exact-study-2026-08-13","production",TRUE,16,"crossed",96,0.1,0.05,"exact","precomputed_exact_table","exact",202921600,202921631,,25000,"certified","bounds-met",TRUE,76,76,80,80,80,0,80,0,TRUE,0.905850693835324,0.0941493061646763,0.0941493061646748,TRUE,TRUE,TRUE,0.0941493061646763,0.0988807836109446,0.0213879089329235,25,25,32,0,0,,,,,0,108,76,76,0,0,76,12.3000000000002,,
"regional-compression-exact-study-2026-08-13","production",TRUE,16,"crossed",96,0.1,0.05,"stochastic","precomputed_exact_table","iid",202921600,202921632,100,25000,"frontier_exhausted","tolerance-not-met",TRUE,1093,1093,80,8,8019,8011,8019,7939,FALSE,0.999999999999998,1.88737914186277e-15,0,TRUE,TRUE,TRUE,1.88737914186277e-15,1.88737914186277e-15,1.88737914186277e-15,1093,364,32,729,729,10719,Inf,,,0,1125,753,1093,0,0,1093,1798.91,,
"regional-compression-exact-study-2026-08-13","production",TRUE,16,"crossed",96,0.2,0.05,"exact","precomputed_exact_table","exact",202921600,202921641,,25000,"certified","bounds-met",TRUE,46,46,38,38,38,0,38,0,TRUE,0.810423216485904,0.189576783514096,0.189576783514093,TRUE,TRUE,TRUE,0.189576783514096,0.210198678276988,0.0520289689917169,15,15,32,0,0,,,,,0,78,56,46,0,0,46,4.30000000000018,,
"regional-compression-exact-study-2026-08-13","production",TRUE,16,"crossed",96,0.2,0.05,"stochastic","precomputed_exact_table","iid",202921600,202921642,100,25000,"frontier_exhausted","tolerance-not-met",TRUE,1093,1093,38,8,8019,8011,8019,7981,FALSE,0.999999999999998,1.88737914186277e-15,0,TRUE,TRUE,TRUE,1.88737914186277e-15,1.88737914186277e-15,1.88737914186277e-15,1093,364,32,729,729,10719,Inf,,,0,1125,753,1093,0,0,1093,1047.5,,
"regional-compression-exact-study-2026-08-13","production",TRUE,16,"crossed",97,0.01,0.05,"exact","precomputed_exact_table","exact",202921700,202921711,,25000,"certified","bounds-met",TRUE,241,241,459,459,459,0,459,0,TRUE,0.990104750868918,0.00989524913108153,0.00989524913108543,TRUE,TRUE,TRUE,0.00989524913108153,0.00994453249237095,0.00343809354746976,80,80,32,0,0,,,,,0,273,186,241,0,0,241,95.39,,
"regional-compression-exact-study-2026-08-13","production",TRUE,16,"crossed",97,0.01,0.05,"stochastic","precomputed_exact_table","iid",202921700,202921712,100,25000,"frontier_exhausted","tolerance-not-met",TRUE,1093,1093,459,8,8019,8011,8019,7560,FALSE,1,-3.99680288865056e-15,0,TRUE,TRUE,TRUE,-3.99680288865056e-15,-3.99680288865056e-15,3.99680288865056e-15,1093,364,32,729,729,3374,Inf,,,0,1125,753,1093,0,0,1093,2845.99,,
"regional-compression-exact-study-2026-08-13","production",TRUE,16,"crossed",97,0.05,0.05,"exact","precomputed_exact_table","exact",202921700,202921721,,25000,"certified","bounds-met",TRUE,136,136,190,190,190,0,190,0,TRUE,0.951230434165328,0.0487695658346724,0.048769565834676,TRUE,TRUE,TRUE,0.0487695658346724,0.049998938569338,0.0170730333666932,45,45,32,0,0,,,,,0,168,116,136,0,0,136,24.6900000000001,,
"regional-compression-exact-study-2026-08-13","production",TRUE,16,"crossed",97,0.05,0.05,"stochastic","precomputed_exact_table","iid",202921700,202921722,100,25000,"frontier_exhausted","tolerance-not-met",TRUE,1093,1093,190,8,8019,8011,8019,7829,FALSE,1,-3.99680288865056e-15,0,TRUE,TRUE,TRUE,-3.99680288865056e-15,-3.99680288865056e-15,3.99680288865056e-15,1093,364,32,729,729,3374,Inf,,,0,1125,753,1093,0,0,1093,2236.93,,
"regional-compression-exact-study-2026-08-13","production",TRUE,16,"crossed",97,0.1,0.05,"exact","precomputed_exact_table","exact",202921700,202921731,,25000,"certified","bounds-met",TRUE,118,118,113,113,113,0,113,0,TRUE,0.901079059015559,0.0989209409844412,0.0989209409844442,TRUE,TRUE,TRUE,0.0989209409844412,0.104162279368015,0.029888265834798,39,39,32,0,0,,,,,0,150,104,118,0,0,118,12.6999999999998,,
"regional-compression-exact-study-2026-08-13","production",TRUE,16,"crossed",97,0.1,0.05,"stochastic","precomputed_exact_table","iid",202921700,202921732,100,25000,"frontier_exhausted","tolerance-not-met",TRUE,1093,1093,113,8,8019,8011,8019,7906,FALSE,1,-3.99680288865056e-15,0,TRUE,TRUE,TRUE,-3.99680288865056e-15,-3.99680288865056e-15,3.99680288865056e-15,1093,364,32,729,729,3374,Inf,,,0,1125,753,1093,0,0,1093,1325.83,,
"regional-compression-exact-study-2026-08-13","production",TRUE,16,"crossed",97,0.2,0.05,"exact","precomputed_exact_table","exact",202921700,202921741,,25000,"certified","bounds-met",TRUE,82,82,61,61,61,0,61,0,TRUE,0.800623308942082,0.199376691057918,0.199376691057921,TRUE,TRUE,TRUE,0.199376691057918,0.222364718505632,0.0596381273460872,27,27,32,0,0,,,,,0,114,80,82,0,0,82,5.10999999999967,,
"regional-compression-exact-study-2026-08-13","production",TRUE,16,"crossed",97,0.2,0.05,"stochastic","precomputed_exact_table","iid",202921700,202921742,100,25000,"frontier_exhausted","tolerance-not-met",TRUE,1093,1093,61,8,8019,8011,8019,7958,FALSE,1,-3.99680288865056e-15,0,TRUE,TRUE,TRUE,-3.99680288865056e-15,-3.99680288865056e-15,3.99680288865056e-15,1093,364,32,729,729,3374,Inf,,,0,1125,753,1093,0,0,1093,925.25,,
"regional-compression-exact-study-2026-08-13","production",TRUE,16,"crossed",98,0.01,0.05,"exact","precomputed_exact_table","exact",202921800,202921811,,25000,"certified","bounds-met",TRUE,259,259,451,451,451,0,451,0,TRUE,0.990043585355854,0.00995641464414598,0.00995641464413992,TRUE,TRUE,TRUE,0.00995641464414598,0.0100063112106265,0.00333200337254733,86,86,32,0,0,,,,,0,291,198,259,0,0,259,97.88,,
"regional-compression-exact-study-2026-08-13","production",TRUE,16,"crossed",98,0.01,0.05,"stochastic","precomputed_exact_table","iid",202921800,202921812,100,25000,"frontier_exhausted","tolerance-not-met",TRUE,1093,1093,451,8,8019,8011,8019,7568,FALSE,0.999999999999994,6.21724893790088e-15,0,TRUE,TRUE,TRUE,6.21724893790088e-15,6.2172489379009e-15,6.10622663543836e-15,1093,364,32,729,698,450,Inf,450,450,0,15075,854,1093,13950,0,15043,2764.56,,
"regional-compression-exact-study-2026-08-13","production",TRUE,16,"crossed",98,0.05,0.05,"exact","precomputed_exact_table","exact",202921800,202921821,,25000,"certified","bounds-met",TRUE,154,154,174,174,174,0,174,0,TRUE,0.951019252883706,0.0489807471162939,0.0489807471162883,TRUE,TRUE,TRUE,0.0489807471162939,0.0502209717586999,0.0143996226297516,51,51,32,0,0,,,,,0,186,128,154,0,0,154,25.9699999999998,,
"regional-compression-exact-study-2026-08-13","production",TRUE,16,"crossed",98,0.05,0.05,"stochastic","precomputed_exact_table","iid",202921800,202921822,100,25000,"frontier_exhausted","tolerance-not-met",TRUE,1093,1093,174,8,8019,8011,8019,7845,FALSE,0.999999999999994,6.21724893790088e-15,0,TRUE,TRUE,TRUE,6.21724893790088e-15,6.2172489379009e-15,6.10622663543836e-15,1093,364,32,729,698,450,Inf,450,450,0,15075,856,1093,13950,0,15043,1891.13,,
"regional-compression-exact-study-2026-08-13","production",TRUE,16,"crossed",98,0.1,0.05,"exact","precomputed_exact_table","exact",202921800,202921831,,25000,"certified","bounds-met",TRUE,91,91,93,93,93,0,93,0,TRUE,0.90266695686408,0.0973330431359199,0.0973330431359151,TRUE,TRUE,TRUE,0.0973330431359199,0.102401612129122,0.0294468557679201,30,30,32,0,0,,,,,0,123,86,91,0,0,91,9.05000000000018,,
"regional-compression-exact-study-2026-08-13","production",TRUE,16,"crossed",98,0.1,0.05,"stochastic","precomputed_exact_table","iid",202921800,202921832,100,25000,"frontier_exhausted","tolerance-not-met",TRUE,1093,1093,93,8,8019,8011,8019,7926,FALSE,0.999999999999994,6.21724893790088e-15,0,TRUE,TRUE,TRUE,6.21724893790088e-15,6.2172489379009e-15,6.10622663543836e-15,1093,364,32,729,698,450,Inf,450,450,0,15075,857,1093,13950,0,15043,1095.98,,
"regional-compression-exact-study-2026-08-13","production",TRUE,16,"crossed",98,0.2,0.05,"exact","precomputed_exact_table","exact",202921800,202921841,,25000,"certified","bounds-met",TRUE,61,61,51,51,51,0,51,0,TRUE,0.807656828596722,0.192343171403278,0.192343171403271,TRUE,TRUE,TRUE,0.192343171403278,0.213618027762153,0.0571904184724696,20,20,32,0,0,,,,,0,93,66,61,0,0,61,4.06999999999971,,
"regional-compression-exact-study-2026-08-13","production",TRUE,16,"crossed",98,0.2,0.05,"stochastic","precomputed_exact_table","iid",202921800,202921842,100,25000,"frontier_exhausted","tolerance-not-met",TRUE,1093,1093,51,8,8019,8011,8019,7968,FALSE,0.999999999999994,6.21724893790088e-15,0,TRUE,TRUE,TRUE,6.21724893790088e-15,6.2172489379009e-15,6.10622663543836e-15,1093,364,32,729,698,450,Inf,450,450,0,15075,856,1093,13950,0,15043,851.4,,
"regional-compression-exact-study-2026-08-13","production",TRUE,16,"crossed",99,0.01,0.05,"exact","precomputed_exact_table","exact",202921900,202921911,,25000,"certified","bounds-met",TRUE,205,205,305,305,305,0,305,0,TRUE,0.990022234581709,0.00997776541829076,0.00997776541829012,TRUE,TRUE,TRUE,0.00997776541829076,0.0100278769322612,0.00394048704899101,68,68,32,0,0,,,,,0,237,162,205,0,0,205,79.65,,
"regional-compression-exact-study-2026-08-13","production",TRUE,16,"crossed",99,0.01,0.05,"stochastic","precomputed_exact_table","iid",202921900,202921912,100,25000,"frontier_exhausted","tolerance-not-met",TRUE,1093,1093,305,8,8019,8011,8019,7714,FALSE,0.999999999999999,7.7715611723761e-16,0,TRUE,TRUE,TRUE,7.7715611723761e-16,7.7715611723761e-16,7.7715611723761e-16,1093,364,32,729,698,444,Inf,444,444,0,14889,850,1093,13764,0,14857,2597.34,,
"regional-compression-exact-study-2026-08-13","production",TRUE,16,"crossed",99,0.05,0.05,"exact","precomputed_exact_table","exact",202921900,202921921,,25000,"certified","bounds-met",TRUE,100,100,114,114,114,0,114,0,TRUE,0.950445038857279,0.0495549611427205,0.0495549611427201,TRUE,TRUE,TRUE,0.0495549611427205,0.0508249421265642,0.0163361166320414,33,33,32,0,0,,,,,0,132,92,100,0,0,100,14.46,,
"regional-compression-exact-study-2026-08-13","production",TRUE,16,"crossed",99,0.05,0.05,"stochastic","precomputed_exact_table","iid",202921900,202921922,100,25000,"frontier_exhausted","tolerance-not-met",TRUE,1093,1093,114,8,8019,8011,8019,7905,FALSE,0.999999999999999,7.7715611723761e-16,0,TRUE,TRUE,TRUE,7.7715611723761e-16,7.7715611723761e-16,7.7715611723761e-16,1093,364,32,729,698,444,Inf,444,444,0,14889,853,1093,13764,0,14857,1602.37,,
"regional-compression-exact-study-2026-08-13","production",TRUE,16,"crossed",99,0.1,0.05,"exact","precomputed_exact_table","exact",202921900,202921931,,25000,"certified","bounds-met",TRUE,85,85,71,71,71,0,71,0,TRUE,0.904007997504823,0.0959920024951767,0.0959920024951774,TRUE,TRUE,TRUE,0.0959920024951767,0.100917071831722,0.0252305362953054,28,28,32,0,0,,,,,0,117,82,85,0,0,85,5.76000000000022,,
"regional-compression-exact-study-2026-08-13","production",TRUE,16,"crossed",99,0.1,0.05,"stochastic","precomputed_exact_table","iid",202921900,202921932,100,25000,"frontier_exhausted","tolerance-not-met",TRUE,1093,1093,71,8,8019,8011,8019,7948,FALSE,0.999999999999999,7.7715611723761e-16,0,TRUE,TRUE,TRUE,7.7715611723761e-16,7.7715611723761e-16,7.7715611723761e-16,1093,364,32,729,698,444,Inf,444,444,0,14889,854,1093,13764,0,14857,987.14,,
"regional-compression-exact-study-2026-08-13","production",TRUE,16,"crossed",99,0.2,0.05,"exact","precomputed_exact_table","exact",202921900,202921941,,25000,"certified","bounds-met",TRUE,55,55,30,30,30,0,30,0,TRUE,0.812857403388773,0.187142596611227,0.187142596611226,TRUE,TRUE,TRUE,0.187142596611227,0.207199580403696,0.0444471332590071,18,18,32,0,0,,,,,0,87,62,55,0,0,55,3.10000000000036,,
"regional-compression-exact-study-2026-08-13","production",TRUE,16,"crossed",99,0.2,0.05,"stochastic","precomputed_exact_table","iid",202921900,202921942,100,25000,"frontier_exhausted","tolerance-not-met",TRUE,1093,1093,30,8,8019,8011,8019,7989,FALSE,0.999999999999999,7.7715611723761e-16,0,TRUE,TRUE,TRUE,7.7715611723761e-16,7.7715611723761e-16,7.7715611723761e-16,1093,364,32,729,698,444,Inf,444,444,0,14889,845,1093,13764,0,14857,811.69,,
"regional-compression-exact-study-2026-08-13","production",TRUE,16,"crossed",100,0.01,0.05,"exact","precomputed_exact_table","exact",202922000,202922011,,25000,"certified","bounds-met",TRUE,274,274,494,494,494,0,494,0,TRUE,0.99012550863543,0.00987449136456964,0.00987449136456351,TRUE,TRUE,TRUE,0.00987449136456964,0.00992356748952543,0.00423488838008777,91,91,32,0,0,,,,,0,306,208,274,0,0,274,101.21,,
"regional-compression-exact-study-2026-08-13","production",TRUE,16,"crossed",100,0.01,0.05,"stochastic","precomputed_exact_table","iid",202922000,202922012,100,25000,"budget_exhausted","budget-exhausted",TRUE,1045,1045,494,8,Inf,Inf,Inf,Inf,FALSE,0,1,1,TRUE,FALSE,TRUE,1,Inf,,1007,348,32,659,627,4,Inf,100,1729,0,24046,882,1045,22969,0,24014,2015.91,,
"regional-compression-exact-study-2026-08-13","production",TRUE,16,"crossed",100,0.05,0.05,"exact","precomputed_exact_table","exact",202922000,202922021,,25000,"certified","bounds-met",TRUE,136,136,199,199,199,0,199,0,TRUE,0.951648786965946,0.0483512130340537,0.0483512130340483,TRUE,TRUE,TRUE,0.0483512130340537,0.0495592335132174,0.015360145700465,45,45,32,0,0,,,,,0,168,116,136,0,0,136,19.6700000000001,,
"regional-compression-exact-study-2026-08-13","production",TRUE,16,"crossed",100,0.05,0.05,"stochastic","precomputed_exact_table","iid",202922000,202922022,100,25000,"budget_exhausted","budget-exhausted",TRUE,1045,1045,199,8,Inf,Inf,Inf,Inf,FALSE,0,1,1,TRUE,FALSE,TRUE,1,Inf,,1007,348,32,659,627,4,Inf,100,1729,0,24046,887,1045,22969,0,24014,1358.5,,
"regional-compression-exact-study-2026-08-13","production",TRUE,16,"crossed",100,0.1,0.05,"exact","precomputed_exact_table","exact",202922000,202922031,,25000,"certified","bounds-met",TRUE,118,118,122,122,122,0,122,0,TRUE,0.900127925388988,0.0998720746110123,0.0998720746110072,TRUE,TRUE,TRUE,0.0998720746110123,0.105218386437565,0.0311659670197552,39,39,32,0,0,,,,,0,150,104,118,0,0,118,11.25,,
"regional-compression-exact-study-2026-08-13","production",TRUE,16,"crossed",100,0.1,0.05,"stochastic","precomputed_exact_table","iid",202922000,202922032,100,25000,"budget_exhausted","budget-exhausted",TRUE,1045,1045,122,8,Inf,Inf,Inf,Inf,FALSE,0,1,1,TRUE,FALSE,TRUE,1,Inf,,1007,348,32,659,627,4,Inf,100,1729,0,24046,895,1045,22969,0,24014,851.66,,
"regional-compression-exact-study-2026-08-13","production",TRUE,16,"crossed",100,0.2,0.05,"exact","precomputed_exact_table","exact",202922000,202922041,,25000,"certified","bounds-met",TRUE,58,58,61,61,61,0,61,0,TRUE,0.80374520483513,0.19625479516487,0.196254795164865,TRUE,TRUE,TRUE,0.19625479516487,0.218472969438612,0.0745980921996449,19,19,32,0,0,,,,,0,90,64,58,0,0,58,3.72000000000025,,
"regional-compression-exact-study-2026-08-13","production",TRUE,16,"crossed",100,0.2,0.05,"stochastic","precomputed_exact_table","iid",202922000,202922042,100,25000,"budget_exhausted","budget-exhausted",TRUE,1045,1045,61,8,Inf,Inf,Inf,Inf,FALSE,0,1,1,TRUE,FALSE,TRUE,1,Inf,,1007,348,32,659,627,4,Inf,100,1729,0,24046,887,1045,22969,0,24014,737.64,,
