"protocol_id","run_mode","registered_production","p","regime","replication","epsilon","delta","interval_mode","score_oracle","evidence_method","data_seed","algorithm_seed","n_paths","score_budget","raw_status","status","simultaneous_interval_coverage","covered_nodes","bounded_nodes","exact_optimal_cost","certified_cost_lower","certified_cost_upper","certified_cost_gap","selected_cost","true_cost_suboptimality","exact_cost_optimal","retained_mass","true_omitted_mass","omitted_mass_bound","omitted_mass_covered","epsilon_feasible","cost_sandwich_covered","total_variation","reverse_kullback_leibler","maximum_pip_error","search_actions","search_expansions","screening_score_requests","preflight_nodes","preflight_blocked_nodes","minimum_required_paths","maximum_required_paths","minimum_scheduled_paths","maximum_scheduled_paths","budget_overshoot","raw_score_requests","distinct_score_evaluations","bound_score_requests","evidence_score_requests","downstream_score_requests","selection_score_requests","elapsed_seconds","peak_memory_bytes","error_message"
"constrained-tmlr-revision-2026-08-13","full",TRUE,16,"perturbed",1,0.01,0.05,"exact","precomputed_exact_table","exact",202902100,202902111,,25000,"certified","bounds-met",TRUE,109,109,158,158,158,0,158,0,TRUE,0.990344810192088,0.00965518980791158,0.00965518980790669,TRUE,TRUE,TRUE,0.00965518980791158,0.00970210337014977,0.0026065255506097,36,36,32,0,0,,,,,0,141,98,109,0,0,109,34.6,,
"constrained-tmlr-revision-2026-08-13","full",TRUE,16,"perturbed",1,0.01,0.05,"stochastic","precomputed_exact_table","iid",202902100,202902112,100,25000,"budget_exhausted","budget-exhausted",TRUE,361,361,158,30,363,333,363,205,FALSE,0.998984375278925,0.00101562472107497,0.00988668422463591,TRUE,TRUE,TRUE,0.00101562472107497,0.00101614081733167,0.000504509557461313,259,120,32,139,110,32,2043124,100,1981,0,23068,608,361,22675,0,23036,165.89,,
"constrained-tmlr-revision-2026-08-13","full",TRUE,16,"perturbed",1,0.05,0.05,"exact","precomputed_exact_table","exact",202902100,202902121,,25000,"certified","bounds-met",TRUE,61,61,62,62,62,0,62,0,TRUE,0.958825384509904,0.0411746154900962,0.0411746154900916,TRUE,TRUE,TRUE,0.0411746154900962,0.0420463014804407,0.0126663930838341,20,20,32,0,0,,,,,0,93,66,61,0,0,61,10.26,,
"constrained-tmlr-revision-2026-08-13","full",TRUE,16,"perturbed",1,0.05,0.05,"stochastic","precomputed_exact_table","iid",202902100,202902122,100,25000,"budget_exhausted","budget-exhausted",TRUE,361,361,62,10,195,185,195,133,FALSE,0.992223860044453,0.00777613995554705,0.0487116983152563,TRUE,TRUE,TRUE,0.00777613995554705,0.00780653178847118,0.0054507207878215,259,120,32,139,110,32,2043124,100,1981,0,23068,615,361,22675,0,23036,156.21,,
"constrained-tmlr-revision-2026-08-13","full",TRUE,16,"perturbed",1,0.1,0.05,"exact","precomputed_exact_table","exact",202902100,202902131,,25000,"certified","bounds-met",TRUE,49,49,40,40,40,0,40,0,TRUE,0.904090543181933,0.0959094568180673,0.0959094568180639,TRUE,TRUE,TRUE,0.0959094568180673,0.100825765218383,0.0225947078349561,16,16,32,0,0,,,,,0,81,58,49,0,0,49,10.47,,
"constrained-tmlr-revision-2026-08-13","full",TRUE,16,"perturbed",1,0.1,0.05,"stochastic","precomputed_exact_table","iid",202902100,202902132,100,25000,"budget_exhausted","budget-exhausted",TRUE,361,361,40,10,151,141,151,111,FALSE,0.988189827401061,0.0118101725989391,0.0974438230514602,TRUE,TRUE,TRUE,0.0118101725989391,0.0118804666924245,0.0053326158678693,259,120,32,139,110,32,2043124,100,1981,0,23068,605,361,22675,0,23036,175.82,,
"constrained-tmlr-revision-2026-08-13","full",TRUE,16,"perturbed",1,0.2,0.05,"exact","precomputed_exact_table","exact",202902100,202902141,,25000,"certified","bounds-met",TRUE,19,19,10,10,10,0,10,0,TRUE,0.804584979839691,0.195415020160309,0.195415020160306,TRUE,TRUE,TRUE,0.195415020160309,0.217428687500886,0.0497586774772626,6,6,32,0,0,,,,,0,51,38,19,0,0,19,3.31999999999994,,
"constrained-tmlr-revision-2026-08-13","full",TRUE,16,"perturbed",1,0.2,0.05,"stochastic","precomputed_exact_table","iid",202902100,202902142,100,25000,"budget_exhausted","budget-exhausted",TRUE,361,361,10,10,95,85,95,85,FALSE,0.981522283617844,0.0184777163821563,0.194140373159515,TRUE,TRUE,TRUE,0.0184777163821563,0.018650561888252,0.00544982293527856,259,120,32,139,110,32,2043124,100,1981,0,23068,595,361,22675,0,23036,181.09,,
"constrained-tmlr-revision-2026-08-13","full",TRUE,16,"perturbed",2,0.01,0.05,"exact","precomputed_exact_table","exact",202902200,202902211,,25000,"certified","bounds-met",TRUE,127,127,124,124,124,0,124,0,TRUE,0.990033953526718,0.00996604647328192,0.00996604647328382,TRUE,TRUE,TRUE,0.00996604647328192,0.0100160399499782,0.0023299370489804,42,42,32,0,0,,,,,0,159,110,127,0,0,127,36.77,,
"constrained-tmlr-revision-2026-08-13","full",TRUE,16,"perturbed",2,0.01,0.05,"stochastic","precomputed_exact_table","iid",202902200,202902212,100,25000,"budget_exhausted","budget-exhausted",TRUE,298,298,124,73,180,107,180,56,FALSE,0.994513492509426,0.00548650749057444,0.00950648104477178,TRUE,TRUE,TRUE,0.00548650749057444,0.00550161365150978,0.00185134110656985,178,99,32,79,30,25,4609,100,1239,0,24157,897,298,23827,0,24125,120.03,,
"constrained-tmlr-revision-2026-08-13","full",TRUE,16,"perturbed",2,0.05,0.05,"exact","precomputed_exact_table","exact",202902200,202902221,,25000,"certified","bounds-met",TRUE,61,61,62,62,62,0,62,0,TRUE,0.96513239457576,0.0348676054242396,0.0348676054242414,TRUE,TRUE,TRUE,0.0348676054242396,0.0354899906021584,0.0127611424087126,20,20,32,0,0,,,,,0,93,66,61,0,0,61,11.25,,
"constrained-tmlr-revision-2026-08-13","full",TRUE,16,"perturbed",2,0.05,0.05,"stochastic","precomputed_exact_table","iid",202902200,202902222,100,25000,"budget_exhausted","budget-exhausted",TRUE,298,298,62,30,73,43,73,11,FALSE,0.986000590434886,0.0139994095651137,0.0231241754595305,TRUE,TRUE,TRUE,0.0139994095651137,0.0140983255613378,0.00431902660997404,178,99,32,79,30,25,4609,100,1239,0,24157,924,298,23827,0,24125,101.83,,
"constrained-tmlr-revision-2026-08-13","full",TRUE,16,"perturbed",2,0.1,0.05,"exact","precomputed_exact_table","exact",202902200,202902231,,25000,"certified","bounds-met",TRUE,49,49,40,40,40,0,40,0,TRUE,0.918862355379296,0.0811376446207044,0.0811376446207059,TRUE,TRUE,TRUE,0.0811376446207044,0.0846189443627937,0.0163408502783252,16,16,32,0,0,,,,,0,81,58,49,0,0,49,9.42000000000002,,
"constrained-tmlr-revision-2026-08-13","full",TRUE,16,"perturbed",2,0.1,0.05,"stochastic","precomputed_exact_table","iid",202902200,202902232,100,25000,"budget_exhausted","budget-exhausted",TRUE,298,298,40,10,52,42,52,12,FALSE,0.935845784771291,0.0641542152287095,0.0993679314590384,TRUE,TRUE,TRUE,0.0641542152287095,0.066304575938674,0.0338889526194043,178,99,32,79,30,25,4609,100,1239,0,24157,939,298,23827,0,24125,111.08,,
"constrained-tmlr-revision-2026-08-13","full",TRUE,16,"perturbed",2,0.2,0.05,"exact","precomputed_exact_table","exact",202902200,202902241,,25000,"certified","bounds-met",TRUE,19,19,10,10,10,0,10,0,TRUE,0.831096429256164,0.168903570743836,0.168903570743837,TRUE,TRUE,TRUE,0.168903570743836,0.185009450839359,0.0338940027055669,6,6,32,0,0,,,,,0,51,38,19,0,0,19,3.36000000000001,,
"constrained-tmlr-revision-2026-08-13","full",TRUE,16,"perturbed",2,0.2,0.05,"stochastic","precomputed_exact_table","iid",202902200,202902242,100,25000,"budget_exhausted","budget-exhausted",TRUE,298,298,10,10,30,20,30,20,FALSE,0.889575745574826,0.110424254425174,0.178914529795991,TRUE,TRUE,TRUE,0.110424254425174,0.117010620274288,0.0338912576508435,178,99,32,79,30,25,4609,100,1239,0,24157,933,298,23827,0,24125,113.52,,
"constrained-tmlr-revision-2026-08-13","full",TRUE,16,"perturbed",3,0.01,0.05,"exact","precomputed_exact_table","exact",202902300,202902311,,25000,"certified","bounds-met",TRUE,112,112,172,172,172,0,172,0,TRUE,0.990299220928112,0.00970077907188771,0.0097007790718888,TRUE,TRUE,TRUE,0.00970077907188771,0.00974813815809538,0.00293634207148746,37,37,32,0,0,,,,,0,144,100,112,0,0,112,35.41,,
"constrained-tmlr-revision-2026-08-13","full",TRUE,16,"perturbed",3,0.01,0.05,"stochastic","precomputed_exact_table","iid",202902300,202902312,100,25000,"budget_exhausted","budget-exhausted",TRUE,376,376,172,10,617,607,617,445,FALSE,0.999765626659908,0.000234373340091798,0.00983814903496546,TRUE,TRUE,TRUE,0.000234373340091798,0.000234400809815269,0.000112914462953723,280,125,32,155,131,225,6758079,225,2341,0,23650,709,376,23242,0,23618,179.77,,
"constrained-tmlr-revision-2026-08-13","full",TRUE,16,"perturbed",3,0.05,0.05,"exact","precomputed_exact_table","exact",202902300,202902321,,25000,"certified","bounds-met",TRUE,73,73,73,73,73,0,73,0,TRUE,0.969132626324656,0.0308673736753436,0.0308673736753443,TRUE,TRUE,TRUE,0.0308673736753436,0.0313538071850239,0.0114730171387277,24,24,32,0,0,,,,,0,105,74,73,0,0,73,15.77,,
"constrained-tmlr-revision-2026-08-13","full",TRUE,16,"perturbed",3,0.05,0.05,"stochastic","precomputed_exact_table","iid",202902300,202902322,100,25000,"budget_exhausted","budget-exhausted",TRUE,376,376,73,10,421,411,421,348,FALSE,0.998952689332993,0.0010473106670067,0.0490362832453749,TRUE,TRUE,TRUE,0.0010473106670067,0.00104785948004193,0.000424928128060137,280,125,32,155,131,225,6758079,225,2341,0,23650,722,376,23242,0,23618,188.5,,
"constrained-tmlr-revision-2026-08-13","full",TRUE,16,"perturbed",3,0.1,0.05,"exact","precomputed_exact_table","exact",202902300,202902331,,25000,"certified","bounds-met",TRUE,43,43,41,41,41,0,41,0,TRUE,0.901474906145635,0.0985250938543647,0.0985250938543668,TRUE,TRUE,TRUE,0.0985250938543647,0.10372307239381,0.0262539935165398,14,14,32,0,0,,,,,0,75,54,43,0,0,43,8.58999999999992,,
"constrained-tmlr-revision-2026-08-13","full",TRUE,16,"perturbed",3,0.1,0.05,"stochastic","precomputed_exact_table","iid",202902300,202902332,100,25000,"budget_exhausted","budget-exhausted",TRUE,376,376,41,10,304,294,304,263,FALSE,0.998157060750356,0.00184293924964407,0.0965276027410912,TRUE,TRUE,TRUE,0.00184293924964407,0.00184463955153956,0.000826419507448425,280,125,32,155,131,225,6758079,225,2341,0,23650,726,376,23242,0,23618,185.49,,
"constrained-tmlr-revision-2026-08-13","full",TRUE,16,"perturbed",3,0.2,0.05,"exact","precomputed_exact_table","exact",202902300,202902341,,25000,"certified","bounds-met",TRUE,37,37,20,20,20,0,20,0,TRUE,0.801336859573463,0.198663140426537,0.198663140426538,TRUE,TRUE,TRUE,0.198663140426537,0.221473871538778,0.0603614632379136,12,12,32,0,0,,,,,0,69,50,37,0,0,37,7.03999999999996,,
"constrained-tmlr-revision-2026-08-13","full",TRUE,16,"perturbed",3,0.2,0.05,"stochastic","precomputed_exact_table","iid",202902300,202902342,100,25000,"budget_exhausted","budget-exhausted",TRUE,376,376,20,10,239,229,239,219,FALSE,0.99509198426303,0.00490801573696997,0.190562976594063,TRUE,TRUE,TRUE,0.00490801573696997,0.00492009960095064,0.00190926211083411,280,125,32,155,131,225,6758079,225,2341,0,23650,732,376,23242,0,23618,194.3,,
"constrained-tmlr-revision-2026-08-13","full",TRUE,16,"perturbed",4,0.01,0.05,"exact","precomputed_exact_table","exact",202902400,202902411,,25000,"certified","bounds-met",TRUE,115,115,147,147,147,0,147,0,TRUE,0.990556290481823,0.00944370951817652,0.00944370951818133,TRUE,TRUE,TRUE,0.00944370951817652,0.00948858408797403,0.00261499762852543,38,38,32,0,0,,,,,0,147,102,115,0,0,115,35.29,,
"constrained-tmlr-revision-2026-08-13","full",TRUE,16,"perturbed",4,0.01,0.05,"stochastic","precomputed_exact_table","iid",202902400,202902412,100,25000,"budget_exhausted","budget-exhausted",TRUE,532,532,147,40,271,231,271,124,FALSE,0.99896038513543,0.00103961486456994,0.00891390151667689,TRUE,TRUE,TRUE,0.00103961486456994,0.00104015563893379,0.000421683706269688,416,177,32,239,221,382,426763,382,2476,0,24898,1012,532,24334,0,24866,348.12,,
"constrained-tmlr-revision-2026-08-13","full",TRUE,16,"perturbed",4,0.05,0.05,"exact","precomputed_exact_table","exact",202902400,202902421,,25000,"certified","bounds-met",TRUE,61,61,62,62,62,0,62,0,TRUE,0.962068819357067,0.0379311806429328,0.0379311806429371,TRUE,TRUE,TRUE,0.0379311806429328,0.0386692930819273,0.0127646201632225,20,20,32,0,0,,,,,0,93,66,61,0,0,61,10.55,,
"constrained-tmlr-revision-2026-08-13","full",TRUE,16,"perturbed",4,0.05,0.05,"stochastic","precomputed_exact_table","iid",202902400,202902422,100,25000,"budget_exhausted","budget-exhausted",TRUE,532,532,62,10,193,183,193,131,FALSE,0.994110207619647,0.00588979238035292,0.0499832992932141,TRUE,TRUE,TRUE,0.00588979238035292,0.00590720561471612,0.00205755026846324,416,177,32,239,221,382,426763,382,2476,0,24898,990,532,24334,0,24866,352.25,,
"constrained-tmlr-revision-2026-08-13","full",TRUE,16,"perturbed",4,0.1,0.05,"exact","precomputed_exact_table","exact",202902400,202902431,,25000,"certified","bounds-met",TRUE,55,55,40,40,40,0,40,0,TRUE,0.905672213376256,0.0943277866237436,0.0943277866237481,TRUE,TRUE,TRUE,0.0943277866237436,0.0990778337933456,0.0210397896396331,18,18,32,0,0,,,,,0,87,62,55,0,0,55,11.3,,
"constrained-tmlr-revision-2026-08-13","full",TRUE,16,"perturbed",4,0.1,0.05,"stochastic","precomputed_exact_table","iid",202902400,202902432,100,25000,"budget_exhausted","budget-exhausted",TRUE,532,532,40,10,125,115,125,85,FALSE,0.988388916227387,0.0116110837726134,0.0961490407273832,TRUE,TRUE,TRUE,0.0116110837726134,0.0116790187838696,0.00339710484148253,416,177,32,239,221,382,426763,382,2476,0,24898,998,532,24334,0,24866,333.38,,
"constrained-tmlr-revision-2026-08-13","full",TRUE,16,"perturbed",4,0.2,0.05,"exact","precomputed_exact_table","exact",202902400,202902441,,25000,"certified","bounds-met",TRUE,19,19,10,10,10,0,10,0,TRUE,0.814268095651371,0.185731904348629,0.185731904348631,TRUE,TRUE,TRUE,0.185731904348629,0.20546561136826,0.0395513287043713,6,6,32,0,0,,,,,0,51,38,19,0,0,19,3.85000000000014,,
"constrained-tmlr-revision-2026-08-13","full",TRUE,16,"perturbed",4,0.2,0.05,"stochastic","precomputed_exact_table","iid",202902400,202902442,100,25000,"budget_exhausted","budget-exhausted",TRUE,532,532,10,10,73,63,73,63,FALSE,0.982590317712016,0.0174096822879836,0.133278246214768,TRUE,TRUE,TRUE,0.0174096822879836,0.0175630130392514,0.00534694111279109,416,177,32,239,221,382,426763,382,2476,0,24898,1013,532,24334,0,24866,493.08,,
"constrained-tmlr-revision-2026-08-13","full",TRUE,16,"perturbed",5,0.01,0.05,"exact","precomputed_exact_table","exact",202902500,202902511,,25000,"certified","bounds-met",TRUE,121,121,158,158,158,0,158,0,TRUE,0.990247405983164,0.00975259401683559,0.00975259401683916,TRUE,TRUE,TRUE,0.00975259401683559,0.0098004620410635,0.00294023430247995,40,40,32,0,0,,,,,0,153,106,121,0,0,121,37.3,,
"constrained-tmlr-revision-2026-08-13","full",TRUE,16,"perturbed",5,0.01,0.05,"stochastic","precomputed_exact_table","iid",202902500,202902512,100,25000,"budget_exhausted","budget-exhausted",TRUE,142,142,158,73,215,142,215,57,FALSE,0.995515226069768,0.00448477393023217,0.00978305850038585,TRUE,TRUE,TRUE,0.00448477393023217,0.00449486069804836,0.00174502240457076,71,47,32,24,6,108,3339,108,2378,0,24668,454,142,24494,0,24636,51.57,,
"constrained-tmlr-revision-2026-08-13","full",TRUE,16,"perturbed",5,0.05,0.05,"exact","precomputed_exact_table","exact",202902500,202902521,,25000,"certified","bounds-met",TRUE,61,61,62,62,62,0,62,0,TRUE,0.954301732521945,0.0456982674780551,0.0456982674780582,TRUE,TRUE,TRUE,0.0456982674780551,0.0467753760707467,0.0172019215402359,20,20,32,0,0,,,,,0,93,66,61,0,0,61,15.32,,
"constrained-tmlr-revision-2026-08-13","full",TRUE,16,"perturbed",5,0.05,0.05,"stochastic","precomputed_exact_table","iid",202902500,202902522,100,25000,"budget_exhausted","budget-exhausted",TRUE,142,142,62,20,73,53,73,11,FALSE,0.978744546457066,0.0212554535429342,0.0405117706334017,TRUE,TRUE,TRUE,0.0212554535429342,0.0214846036394514,0.00742650351766629,71,47,32,24,6,108,3339,108,2378,0,24668,455,142,24494,0,24636,39.5,,
"constrained-tmlr-revision-2026-08-13","full",TRUE,16,"perturbed",5,0.1,0.05,"exact","precomputed_exact_table","exact",202902500,202902531,,25000,"certified","bounds-met",TRUE,55,55,41,41,41,0,41,0,TRUE,0.908594968483263,0.0914050315167373,0.0914050315167398,TRUE,TRUE,TRUE,0.0914050315167373,0.0958558633309138,0.0238902130703713,18,18,32,0,0,,,,,0,87,62,55,0,0,55,10.98,,
"constrained-tmlr-revision-2026-08-13","full",TRUE,16,"perturbed",5,0.1,0.05,"stochastic","precomputed_exact_table","iid",202902500,202902532,100,25000,"budget_exhausted","budget-exhausted",TRUE,142,142,41,10,62,52,62,21,FALSE,0.954301732521945,0.0456982674780551,0.0785492580925243,TRUE,TRUE,TRUE,0.0456982674780551,0.0467753760707467,0.0172019215402359,71,47,32,24,6,108,3339,108,2378,0,24668,443,142,24494,0,24636,45.49,,
"constrained-tmlr-revision-2026-08-13","full",TRUE,16,"perturbed",5,0.2,0.05,"exact","precomputed_exact_table","exact",202902500,202902541,,25000,"certified","bounds-met",TRUE,43,43,20,20,20,0,20,0,TRUE,0.834978787110633,0.165021212889367,0.16502121288937,TRUE,TRUE,TRUE,0.165021212889367,0.18034895911191,0.0433972388162464,14,14,32,0,0,,,,,0,75,54,43,0,0,43,10.45,,
"constrained-tmlr-revision-2026-08-13","full",TRUE,16,"perturbed",5,0.2,0.05,"stochastic","precomputed_exact_table","iid",202902500,202902542,100,25000,"budget_exhausted","budget-exhausted",TRUE,142,142,20,10,41,31,41,21,FALSE,0.896388599442992,0.103611400557008,0.195829241021906,TRUE,TRUE,TRUE,0.103611400557008,0.109381255294439,0.0433982340932518,71,47,32,24,6,108,3339,108,2378,0,24668,444,142,24494,0,24636,49.04,,
"constrained-tmlr-revision-2026-08-13","full",TRUE,16,"perturbed",6,0.01,0.05,"exact","precomputed_exact_table","exact",202902600,202902611,,25000,"certified","bounds-met",TRUE,148,148,350,350,350,0,350,0,TRUE,0.990144547413614,0.00985545258638587,0.00985545258638825,TRUE,TRUE,TRUE,0.00985545258638587,0.00990433902305824,0.00299067390072649,49,49,32,0,0,,,,,0,180,124,148,0,0,148,51.78,,
"constrained-tmlr-revision-2026-08-13","full",TRUE,16,"perturbed",6,0.01,0.05,"stochastic","precomputed_exact_table","iid",202902600,202902612,100,25000,"budget_exhausted","budget-exhausted",TRUE,361,361,350,136,565,429,565,215,FALSE,0.997356404353242,0.00264359564675754,0.0098701147013081,TRUE,TRUE,TRUE,0.00264359564675754,0.00264709611630768,0.00107041803859934,250,120,32,130,118,1179,476296,1179,2485,0,23333,520,361,22940,0,23301,158.14,,
"constrained-tmlr-revision-2026-08-13","full",TRUE,16,"perturbed",6,0.05,0.05,"exact","precomputed_exact_table","exact",202902600,202902621,,25000,"certified","bounds-met",TRUE,67,67,137,137,137,0,137,0,TRUE,0.953427601244334,0.0465723987556664,0.0465723987556684,TRUE,TRUE,TRUE,0.0465723987556664,0.047691786300767,0.0119302427289756,22,22,32,0,0,,,,,0,99,70,67,0,0,67,13.99,,
"constrained-tmlr-revision-2026-08-13","full",TRUE,16,"perturbed",6,0.05,0.05,"stochastic","precomputed_exact_table","iid",202902600,202902622,100,25000,"budget_exhausted","budget-exhausted",TRUE,361,361,137,40,297,257,297,160,FALSE,0.986643318522015,0.0133566814779847,0.0495509749841212,TRUE,TRUE,TRUE,0.0133566814779847,0.0134466842722492,0.00431189591993546,250,120,32,130,118,1179,476296,1179,2485,0,23333,537,361,22940,0,23301,165.44,,
"constrained-tmlr-revision-2026-08-13","full",TRUE,16,"perturbed",6,0.1,0.05,"exact","precomputed_exact_table","exact",202902600,202902631,,25000,"certified","bounds-met",TRUE,64,64,92,92,92,0,92,0,TRUE,0.903342825882688,0.0966571741173121,0.0966571741173139,TRUE,TRUE,TRUE,0.0966571741173121,0.101653145474494,0.0199614995006665,21,21,32,0,0,,,,,0,96,68,64,0,0,64,12.47,,
"constrained-tmlr-revision-2026-08-13","full",TRUE,16,"perturbed",6,0.1,0.05,"stochastic","precomputed_exact_table","iid",202902600,202902632,100,25000,"budget_exhausted","budget-exhausted",TRUE,361,361,92,21,199,178,199,107,FALSE,0.972708596826163,0.0272914031738367,0.0997622581862011,TRUE,TRUE,TRUE,0.0272914031738367,0.0276707310393283,0.00920744807370044,250,120,32,130,118,1179,476296,1179,2485,0,23333,544,361,22940,0,23301,155.11,,
"constrained-tmlr-revision-2026-08-13","full",TRUE,16,"perturbed",6,0.2,0.05,"exact","precomputed_exact_table","exact",202902600,202902641,,25000,"certified","bounds-met",TRUE,43,43,42,42,42,0,42,0,TRUE,0.808450912492925,0.191549087507075,0.191549087507075,TRUE,TRUE,TRUE,0.191549087507075,0.212635316102628,0.038110561237917,14,14,32,0,0,,,,,0,75,54,43,0,0,43,9.17999999999995,,
"constrained-tmlr-revision-2026-08-13","full",TRUE,16,"perturbed",6,0.2,0.05,"stochastic","precomputed_exact_table","iid",202902600,202902642,100,25000,"budget_exhausted","budget-exhausted",TRUE,361,361,42,10,126,116,126,84,FALSE,0.945604084924309,0.0543959150756909,0.1856489877998,TRUE,TRUE,TRUE,0.0543959150756909,0.0559313124112193,0.0159278366746784,250,120,32,130,118,1179,476296,1179,2485,0,23333,533,361,22940,0,23301,177.06,,
"constrained-tmlr-revision-2026-08-13","full",TRUE,16,"perturbed",7,0.01,0.05,"exact","precomputed_exact_table","exact",202902700,202902711,,25000,"certified","bounds-met",TRUE,124,124,171,171,171,0,171,0,TRUE,0.990649654804831,0.00935034519516909,0.00935034519517102,TRUE,TRUE,TRUE,0.00935034519516909,0.00939433409513641,0.0036121448238511,41,41,32,0,0,,,,,0,156,108,124,0,0,124,42.07,,
"constrained-tmlr-revision-2026-08-13","full",TRUE,16,"perturbed",7,0.01,0.05,"stochastic","precomputed_exact_table","iid",202902700,202902712,100,25000,"budget_exhausted","budget-exhausted",TRUE,238,238,171,95,226,131,226,55,FALSE,0.995636939265944,0.00436306073405568,0.00907354201351205,TRUE,TRUE,TRUE,0.00436306073405568,0.00437260665996227,0.0013381366342622,134,79,32,55,32,362,6590,362,2461,0,22956,720,238,22686,0,22924,87.73,,
"constrained-tmlr-revision-2026-08-13","full",TRUE,16,"perturbed",7,0.05,0.05,"exact","precomputed_exact_table","exact",202902700,202902721,,25000,"certified","bounds-met",TRUE,79,79,73,73,73,0,73,0,TRUE,0.965880204669443,0.034119795330557,0.034119795330559,TRUE,TRUE,TRUE,0.034119795330557,0.0347154641890644,0.0124839336417806,26,26,32,0,0,,,,,0,111,78,79,0,0,79,17.38,,
"constrained-tmlr-revision-2026-08-13","full",TRUE,16,"perturbed",7,0.05,0.05,"stochastic","precomputed_exact_table","iid",202902700,202902722,100,25000,"budget_exhausted","budget-exhausted",TRUE,238,238,73,41,95,54,95,22,FALSE,0.97611022199878,0.0238897780012198,0.0481280966498319,TRUE,TRUE,TRUE,0.0238897780012198,0.0241797665696259,0.00647133927651146,134,79,32,55,32,362,6590,362,2461,0,22956,720,238,22686,0,22924,80.7,,
"constrained-tmlr-revision-2026-08-13","full",TRUE,16,"perturbed",7,0.1,0.05,"exact","precomputed_exact_table","exact",202902700,202902731,,25000,"certified","bounds-met",TRUE,55,55,41,41,41,0,41,0,TRUE,0.902020060647456,0.0979799393525439,0.0979799393525457,TRUE,TRUE,TRUE,0.0979799393525439,0.103118518981173,0.0242487616497646,18,18,32,0,0,,,,,0,87,62,55,0,0,55,10.58,,
"constrained-tmlr-revision-2026-08-13","full",TRUE,16,"perturbed",7,0.1,0.05,"stochastic","precomputed_exact_table","iid",202902700,202902732,100,25000,"budget_exhausted","budget-exhausted",TRUE,238,238,41,20,73,53,73,32,FALSE,0.965880204669443,0.034119795330557,0.0686970875310792,TRUE,TRUE,TRUE,0.034119795330557,0.0347154641890644,0.0124839336417806,134,79,32,55,32,362,6590,362,2461,0,22956,713,238,22686,0,22924,73.91,,
"constrained-tmlr-revision-2026-08-13","full",TRUE,16,"perturbed",7,0.2,0.05,"exact","precomputed_exact_table","exact",202902700,202902741,,25000,"certified","bounds-met",TRUE,31,31,21,21,21,0,21,0,TRUE,0.825445829973244,0.174554170026756,0.174554170026757,TRUE,TRUE,TRUE,0.174554170026756,0.191831638643367,0.0645869751042634,10,10,32,0,0,,,,,0,63,46,31,0,0,31,6.05000000000001,,
"constrained-tmlr-revision-2026-08-13","full",TRUE,16,"perturbed",7,0.2,0.05,"stochastic","precomputed_exact_table","iid",202902700,202902742,100,25000,"budget_exhausted","budget-exhausted",TRUE,238,238,21,10,41,31,41,20,FALSE,0.902020060647456,0.0979799393525439,0.181463008744172,TRUE,TRUE,TRUE,0.0979799393525439,0.103118518981173,0.0242487616497646,134,79,32,55,32,362,6590,362,2461,0,22956,710,238,22686,0,22924,92.83,,
"constrained-tmlr-revision-2026-08-13","full",TRUE,16,"perturbed",8,0.01,0.05,"exact","precomputed_exact_table","exact",202902800,202902811,,25000,"certified","bounds-met",TRUE,130,130,206,206,206,0,206,0,TRUE,0.990004972791748,0.0099950272082524,0.0099950272082543,TRUE,TRUE,TRUE,0.0099950272082524,0.0100453128441495,0.00330305533213222,43,43,32,0,0,,,,,0,162,112,130,0,0,130,46.13,,
"constrained-tmlr-revision-2026-08-13","full",TRUE,16,"perturbed",8,0.01,0.05,"stochastic","precomputed_exact_table","iid",202902800,202902812,100,25000,"budget_exhausted","budget-exhausted",TRUE,250,250,206,173,239,66,239,33,FALSE,0.993462797946348,0.00653720205365249,0.00991864179230647,TRUE,TRUE,TRUE,0.00653720205365249,0.0065586631404353,0.00211874292329094,132,83,32,49,0,36,1864,100,1864,0,24959,1180,250,24677,0,24927,84.54,,
"constrained-tmlr-revision-2026-08-13","full",TRUE,16,"perturbed",8,0.05,0.05,"exact","precomputed_exact_table","exact",202902800,202902821,,25000,"certified","bounds-met",TRUE,100,100,83,83,83,0,83,0,TRUE,0.951481363193848,0.0485186368061522,0.048518636806154,TRUE,TRUE,TRUE,0.0485186368061522,0.0497351792019728,0.0187416081743414,33,33,32,0,0,,,,,0,132,92,100,0,0,100,19.86,,
"constrained-tmlr-revision-2026-08-13","full",TRUE,16,"perturbed",8,0.05,0.05,"stochastic","precomputed_exact_table","iid",202902800,202902822,100,25000,"budget_exhausted","budget-exhausted",TRUE,250,250,83,63,106,43,106,23,FALSE,0.966473933426552,0.0335260665734479,0.0493733292825952,TRUE,TRUE,TRUE,0.0335260665734479,0.0341009507682708,0.00955248818141327,132,83,32,49,0,36,1864,100,1864,0,24959,1179,250,24677,0,24927,86.71,,
"constrained-tmlr-revision-2026-08-13","full",TRUE,16,"perturbed",8,0.1,0.05,"exact","precomputed_exact_table","exact",202902800,202902831,,25000,"certified","bounds-met",TRUE,61,61,52,52,52,0,52,0,TRUE,0.907614122595071,0.0923858774049292,0.0923858774049323,TRUE,TRUE,TRUE,0.0923858774049292,0.0969359658239212,0.0196311510283742,20,20,32,0,0,,,,,0,93,66,61,0,0,61,11.45,,
"constrained-tmlr-revision-2026-08-13","full",TRUE,16,"perturbed",8,0.1,0.05,"stochastic","precomputed_exact_table","iid",202902800,202902832,100,25000,"budget_exhausted","budget-exhausted",TRUE,250,250,52,42,63,21,63,11,FALSE,0.930567357656289,0.0694326423437107,0.0996055345406369,TRUE,TRUE,TRUE,0.0694326423437107,0.0719608168509961,0.0194522521771733,132,83,32,49,0,36,1864,100,1864,0,24959,1192,250,24677,0,24927,89.25,,
"constrained-tmlr-revision-2026-08-13","full",TRUE,16,"perturbed",8,0.2,0.05,"exact","precomputed_exact_table","exact",202902800,202902841,,25000,"certified","bounds-met",TRUE,52,52,31,31,31,0,31,0,TRUE,0.829548056262426,0.170451943737574,0.170451943737575,TRUE,TRUE,TRUE,0.170451943737574,0.186874237018385,0.0424824310000866,17,17,32,0,0,,,,,0,84,60,52,0,0,52,11.49,,
"constrained-tmlr-revision-2026-08-13","full",TRUE,16,"perturbed",8,0.2,0.05,"stochastic","precomputed_exact_table","iid",202902800,202902842,100,25000,"budget_exhausted","budget-exhausted",TRUE,250,250,31,20,42,22,42,11,FALSE,0.881591263914929,0.118408736085071,0.166768419296,TRUE,TRUE,TRUE,0.118408736085071,0.126026749984979,0.0197574690319673,132,83,32,49,0,36,1864,100,1864,0,24959,1161,250,24677,0,24927,89.8,,
"constrained-tmlr-revision-2026-08-13","full",TRUE,16,"perturbed",9,0.01,0.05,"exact","precomputed_exact_table","exact",202902900,202902911,,25000,"certified","bounds-met",TRUE,109,109,136,136,136,0,136,0,TRUE,0.990187453117581,0.00981254688241862,0.00981254688241544,TRUE,TRUE,TRUE,0.00981254688241862,0.00986100719388772,0.0024236548754734,36,36,32,0,0,,,,,0,141,98,109,0,0,109,32.2,,
"constrained-tmlr-revision-2026-08-13","full",TRUE,16,"perturbed",9,0.01,0.05,"stochastic","precomputed_exact_table","iid",202902900,202902912,100,25000,"budget_exhausted","budget-exhausted",TRUE,727,727,136,10,538,528,538,402,FALSE,0.999626863717955,0.000373136282045383,0.00964349287908283,TRUE,TRUE,TRUE,0.000373136282045383,0.00037320591471006,0.000265190639516341,598,242,32,356,342,237,21657483,237,2341,0,24705,725,727,23946,0,24673,731.92,,
"constrained-tmlr-revision-2026-08-13","full",TRUE,16,"perturbed",9,0.05,0.05,"exact","precomputed_exact_table","exact",202902900,202902921,,25000,"certified","bounds-met",TRUE,61,61,62,62,62,0,62,0,TRUE,0.962631693741793,0.0373683062582069,0.0373683062582044,TRUE,TRUE,TRUE,0.0373683062582069,0.0380843975130407,0.0142333436273466,20,20,32,0,0,,,,,0,93,66,61,0,0,61,11.14,,
"constrained-tmlr-revision-2026-08-13","full",TRUE,16,"perturbed",9,0.05,0.05,"stochastic","precomputed_exact_table","iid",202902900,202902922,100,25000,"budget_exhausted","budget-exhausted",TRUE,727,727,62,10,271,261,271,209,FALSE,0.999031058742714,0.000968941257286193,0.043008294447488,TRUE,TRUE,TRUE,0.000968941257286193,0.000969410984316008,0.000366940000322787,598,242,32,356,342,237,21657483,237,2341,0,24705,730,727,23946,0,24673,1033.17,,
"constrained-tmlr-revision-2026-08-13","full",TRUE,16,"perturbed",9,0.1,0.05,"exact","precomputed_exact_table","exact",202902900,202902931,,25000,"certified","bounds-met",TRUE,52,52,40,40,40,0,40,0,TRUE,0.913132854401487,0.0868671455985129,0.0868671455985098,TRUE,TRUE,TRUE,0.0868671455985129,0.0908738948424498,0.0181273276234171,17,17,32,0,0,,,,,0,84,60,52,0,0,52,17.8299999999999,,
"constrained-tmlr-revision-2026-08-13","full",TRUE,16,"perturbed",9,0.1,0.05,"stochastic","precomputed_exact_table","iid",202902900,202902932,100,25000,"budget_exhausted","budget-exhausted",TRUE,727,727,40,10,241,231,241,201,FALSE,0.996088231396198,0.00391176860380227,0.099238619395656,TRUE,TRUE,TRUE,0.00391176860380227,0.00391943958186935,0.00230563922969738,598,242,32,356,342,237,21657483,237,2341,0,24705,717,727,23946,0,24673,1049.57,,
"constrained-tmlr-revision-2026-08-13","full",TRUE,16,"perturbed",9,0.2,0.05,"exact","precomputed_exact_table","exact",202902900,202902941,,25000,"certified","bounds-met",TRUE,19,19,10,10,10,0,10,0,TRUE,0.827503790035609,0.172496209964391,0.172496209964388,TRUE,TRUE,TRUE,0.172496209964391,0.189341591637953,0.0361502268971679,6,6,32,0,0,,,,,0,51,38,19,0,0,19,2.75,,
"constrained-tmlr-revision-2026-08-13","full",TRUE,16,"perturbed",9,0.2,0.05,"stochastic","precomputed_exact_table","iid",202902900,202902942,100,25000,"budget_exhausted","budget-exhausted",TRUE,727,727,10,10,206,196,206,196,FALSE,0.994126389278181,0.00587361072181936,0.194935501613149,TRUE,TRUE,TRUE,0.00587361072181936,0.00589092821738909,0.00386357543827821,598,242,32,356,342,237,21657483,237,2341,0,24705,732,727,23946,0,24673,738.36,,
"constrained-tmlr-revision-2026-08-13","full",TRUE,16,"perturbed",10,0.01,0.05,"exact","precomputed_exact_table","exact",202903000,202903011,,25000,"certified","bounds-met",TRUE,118,118,182,182,182,0,182,0,TRUE,0.990220584820438,0.00977941517956227,0.00977941517956304,TRUE,TRUE,TRUE,0.00977941517956227,0.00982754772268305,0.00324938777092783,39,39,32,0,0,,,,,0,150,104,118,0,0,118,37.01,,
"constrained-tmlr-revision-2026-08-13","full",TRUE,16,"perturbed",10,0.01,0.05,"stochastic","precomputed_exact_table","iid",202903000,202903012,100,25000,"budget_exhausted","budget-exhausted",TRUE,490,490,182,10,539,529,539,357,FALSE,0.9993185354531,0.000681464546899657,0.0098987131404996,TRUE,TRUE,TRUE,0.000681464546899657,0.000681696849407275,0.000392096122943712,411,163,32,248,231,948,414381015,948,2329,0,23798,541,490,23276,0,23766,346.78,,
"constrained-tmlr-revision-2026-08-13","full",TRUE,16,"perturbed",10,0.05,0.05,"exact","precomputed_exact_table","exact",202903000,202903021,,25000,"certified","bounds-met",TRUE,94,94,72,72,72,0,72,0,TRUE,0.951259825004859,0.0487401749951409,0.0487401749951421,TRUE,TRUE,TRUE,0.0487401749951409,0.0499680413393605,0.0127763606690719,31,31,32,0,0,,,,,0,126,88,94,0,0,94,18.37,,
"constrained-tmlr-revision-2026-08-13","full",TRUE,16,"perturbed",10,0.05,0.05,"stochastic","precomputed_exact_table","iid",202903000,202903022,100,25000,"budget_exhausted","budget-exhausted",TRUE,490,490,72,10,344,334,344,272,FALSE,0.998116049041894,0.00188395095810612,0.0486161444131903,TRUE,TRUE,TRUE,0.00188395095810612,0.00188572782575078,0.000858848249572428,411,163,32,248,231,948,414381015,948,2329,0,23798,539,490,23276,0,23766,328.89,,
"constrained-tmlr-revision-2026-08-13","full",TRUE,16,"perturbed",10,0.1,0.05,"exact","precomputed_exact_table","exact",202903000,202903031,,25000,"certified","bounds-met",TRUE,58,58,51,51,51,0,51,0,TRUE,0.907792627349607,0.0922073726503929,0.0922073726503942,TRUE,TRUE,TRUE,0.0922073726503929,0.0967393104406392,0.0281824725996866,19,19,32,0,0,,,,,0,90,64,58,0,0,58,9.93999999999994,,
"constrained-tmlr-revision-2026-08-13","full",TRUE,16,"perturbed",10,0.1,0.05,"stochastic","precomputed_exact_table","iid",202903000,202903032,100,25000,"budget_exhausted","budget-exhausted",TRUE,490,490,51,10,271,261,271,220,FALSE,0.997645934317622,0.0023540656823775,0.0974810684376171,TRUE,TRUE,TRUE,0.0023540656823775,0.0023568408511378,0.000993335901673803,411,163,32,248,231,948,414381015,948,2329,0,23798,528,490,23276,0,23766,353.5,,
"constrained-tmlr-revision-2026-08-13","full",TRUE,16,"perturbed",10,0.2,0.05,"exact","precomputed_exact_table","exact",202903000,202903041,,25000,"certified","bounds-met",TRUE,31,31,21,21,21,0,21,0,TRUE,0.811868321521059,0.188131678478941,0.188131678478941,TRUE,TRUE,TRUE,0.188131678478941,0.208417117585184,0.0424469548667808,10,10,32,0,0,,,,,0,63,46,31,0,0,31,5.09999999999991,,
"constrained-tmlr-revision-2026-08-13","full",TRUE,16,"perturbed",10,0.2,0.05,"stochastic","precomputed_exact_table","iid",202903000,202903042,100,25000,"budget_exhausted","budget-exhausted",TRUE,490,490,21,10,207,197,207,186,FALSE,0.990886001998973,0.00911399800102719,0.189056172844958,TRUE,TRUE,TRUE,0.00911399800102719,0.00915578456972044,0.00438676221628359,411,163,32,248,231,948,414381015,948,2329,0,23798,526,490,23276,0,23766,531.61,,
"constrained-tmlr-revision-2026-08-13","full",TRUE,16,"perturbed",11,0.01,0.05,"exact","precomputed_exact_table","exact",202903100,202903111,,25000,"certified","bounds-met",TRUE,103,103,181,181,181,0,181,0,TRUE,0.990027942934507,0.00997205706549309,0.00997205706549045,TRUE,TRUE,TRUE,0.00997205706549309,0.0100221110654539,0.00301470228114224,34,34,32,0,0,,,,,0,135,94,103,0,0,103,30.65,,
"constrained-tmlr-revision-2026-08-13","full",TRUE,16,"perturbed",11,0.01,0.05,"stochastic","precomputed_exact_table","iid",202903100,202903112,100,25000,"budget_exhausted","budget-exhausted",TRUE,178,178,181,114,237,123,237,56,FALSE,0.995414601919321,0.00458539808067926,0.00887410466677826,TRUE,TRUE,TRUE,0.00458539808067926,0.00459594326672373,0.00160282838843815,97,59,32,38,19,79,43322,100,2342,0,23331,522,178,23121,0,23299,67.24,,
"constrained-tmlr-revision-2026-08-13","full",TRUE,16,"perturbed",11,0.05,0.05,"exact","precomputed_exact_table","exact",202903100,202903121,,25000,"certified","bounds-met",TRUE,61,61,73,73,73,0,73,0,TRUE,0.951346329638794,0.0486536703612058,0.0486536703612032,TRUE,TRUE,TRUE,0.0486536703612058,0.049877108558781,0.0174879334661008,20,20,32,0,0,,,,,0,93,66,61,0,0,61,13.46,,
"constrained-tmlr-revision-2026-08-13","full",TRUE,16,"perturbed",11,0.05,0.05,"stochastic","precomputed_exact_table","iid",202903100,202903122,100,25000,"budget_exhausted","budget-exhausted",TRUE,178,178,73,41,94,53,94,21,FALSE,0.97221694270749,0.0277830572925097,0.0486956054840846,TRUE,TRUE,TRUE,0.0277830572925097,0.0281763073394508,0.00986085777390652,97,59,32,38,19,79,43322,100,2342,0,23331,540,178,23121,0,23299,62.61,,
"constrained-tmlr-revision-2026-08-13","full",TRUE,16,"perturbed",11,0.1,0.05,"exact","precomputed_exact_table","exact",202903100,202903131,,25000,"certified","bounds-met",TRUE,49,49,51,51,51,0,51,0,TRUE,0.923373048906787,0.076626951093213,0.076626951093211,TRUE,TRUE,TRUE,0.076626951093213,0.0797219561374582,0.0174879334661008,16,16,32,0,0,,,,,0,81,58,49,0,0,49,12.12,,
"constrained-tmlr-revision-2026-08-13","full",TRUE,16,"perturbed",11,0.1,0.05,"stochastic","precomputed_exact_table","iid",202903100,202903132,100,25000,"budget_exhausted","budget-exhausted",TRUE,178,178,51,20,62,42,62,11,FALSE,0.943977361886967,0.0560226381130329,0.0952018766917155,TRUE,TRUE,TRUE,0.0560226381130329,0.057653094176128,0.0160838509364757,97,59,32,38,19,79,43322,100,2342,0,23331,549,178,23121,0,23299,63.7,,
"constrained-tmlr-revision-2026-08-13","full",TRUE,16,"perturbed",11,0.2,0.05,"exact","precomputed_exact_table","exact",202903100,202903141,,25000,"certified","bounds-met",TRUE,28,28,20,20,20,0,20,0,TRUE,0.806324753719411,0.193675246280589,0.193675246280588,TRUE,TRUE,TRUE,0.193675246280589,0.215268697378667,0.0407833768391798,9,9,32,0,0,,,,,0,60,44,28,0,0,28,5.68000000000001,,
"constrained-tmlr-revision-2026-08-13","full",TRUE,16,"perturbed",11,0.2,0.05,"stochastic","precomputed_exact_table","iid",202903100,202903142,100,25000,"budget_exhausted","budget-exhausted",TRUE,178,178,20,10,41,31,41,21,FALSE,0.88976207870724,0.11023792129276,0.180018718608908,TRUE,TRUE,TRUE,0.11023792129276,0.116801179289498,0.0392110243925125,97,59,32,38,19,79,43322,100,2342,0,23331,535,178,23121,0,23299,64.38,,
"constrained-tmlr-revision-2026-08-13","full",TRUE,16,"perturbed",12,0.01,0.05,"exact","precomputed_exact_table","exact",202903200,202903211,,25000,"certified","bounds-met",TRUE,151,151,228,228,228,0,228,0,TRUE,0.990441977372305,0.0095580226276949,0.0095580226276986,TRUE,TRUE,TRUE,0.0095580226276949,0.00960399368878007,0.0031457451059393,50,50,32,0,0,,,,,0,183,126,151,0,0,151,54,,
"constrained-tmlr-revision-2026-08-13","full",TRUE,16,"perturbed",12,0.01,0.05,"stochastic","precomputed_exact_table","iid",202903200,202903212,100,25000,"budget_exhausted","budget-exhausted",TRUE,262,262,228,94,459,365,459,231,FALSE,0.998098851202806,0.00190114879719394,0.00998527499759914,TRUE,TRUE,TRUE,0.00190114879719394,0.00190295827432236,0.000866840304030891,157,87,32,70,53,126,36699,126,2380,0,24053,450,262,23759,0,24021,97.77,,
"constrained-tmlr-revision-2026-08-13","full",TRUE,16,"perturbed",12,0.05,0.05,"exact","precomputed_exact_table","exact",202903200,202903221,,25000,"certified","bounds-met",TRUE,112,112,117,117,117,0,117,0,TRUE,0.954073530957918,0.0459264690420821,0.0459264690420852,TRUE,TRUE,TRUE,0.0459264690420821,0.0470145340282845,0.0133033780394475,37,37,32,0,0,,,,,0,144,100,112,0,0,112,25.8,,
"constrained-tmlr-revision-2026-08-13","full",TRUE,16,"perturbed",12,0.05,0.05,"stochastic","precomputed_exact_table","iid",202903200,202903222,100,25000,"budget_exhausted","budget-exhausted",TRUE,262,262,117,21,251,230,251,134,FALSE,0.992806384383764,0.00719361561623633,0.0498626588173307,TRUE,TRUE,TRUE,0.00719361561623633,0.0072196144277229,0.00252977654117251,157,87,32,70,53,126,36699,126,2380,0,24053,463,262,23759,0,24021,92.86,,
"constrained-tmlr-revision-2026-08-13","full",TRUE,16,"perturbed",12,0.1,0.05,"exact","precomputed_exact_table","exact",202903200,202903231,,25000,"certified","bounds-met",TRUE,70,70,62,62,62,0,62,0,TRUE,0.903972104822352,0.0960278951776478,0.0960278951776514,TRUE,TRUE,TRUE,0.0960278951776478,0.100956776563461,0.0209022820980934,23,23,32,0,0,,,,,0,102,72,70,0,0,70,15.89,,
"constrained-tmlr-revision-2026-08-13","full",TRUE,16,"perturbed",12,0.1,0.05,"stochastic","precomputed_exact_table","iid",202903200,202903232,100,25000,"budget_exhausted","budget-exhausted",TRUE,262,262,62,21,185,164,185,123,FALSE,0.982369497676036,0.0176305023239641,0.0969083422323793,TRUE,TRUE,TRUE,0.0176305023239641,0.0177877708538192,0.00817802621876371,157,87,32,70,53,126,36699,126,2380,0,24053,461,262,23759,0,24021,92.67,,
"constrained-tmlr-revision-2026-08-13","full",TRUE,16,"perturbed",12,0.2,0.05,"exact","precomputed_exact_table","exact",202903200,202903241,,25000,"certified","bounds-met",TRUE,49,49,31,31,31,0,31,0,TRUE,0.811330550065918,0.188669449934082,0.188669449934083,TRUE,TRUE,TRUE,0.188669449934082,0.20907972459438,0.0687282714287968,16,16,32,0,0,,,,,0,81,58,49,0,0,49,13.92,,
"constrained-tmlr-revision-2026-08-13","full",TRUE,16,"perturbed",12,0.2,0.05,"stochastic","precomputed_exact_table","iid",202903200,202903242,100,25000,"budget_exhausted","budget-exhausted",TRUE,262,262,31,10,129,119,129,98,FALSE,0.964989169767801,0.0350108302321993,0.187340754824648,TRUE,TRUE,TRUE,0.0350108302321993,0.0356384007446784,0.0151199296843696,157,87,32,70,53,126,36699,126,2380,0,24053,452,262,23759,0,24021,108.62,,
"constrained-tmlr-revision-2026-08-13","full",TRUE,16,"perturbed",13,0.01,0.05,"exact","precomputed_exact_table","exact",202903300,202903311,,25000,"certified","bounds-met",TRUE,121,121,162,162,162,0,162,0,TRUE,0.990126368472481,0.00987363152751852,0.0098736315275137,TRUE,TRUE,TRUE,0.00987363152751852,0.00992269907772281,0.0028202828254993,40,40,32,0,0,,,,,0,153,106,121,0,0,121,44.02,,
"constrained-tmlr-revision-2026-08-13","full",TRUE,16,"perturbed",13,0.01,0.05,"stochastic","precomputed_exact_table","iid",202903300,202903312,100,25000,"budget_exhausted","budget-exhausted",TRUE,976,976,162,10,515,505,515,353,FALSE,0.999520618145849,0.000479381854151084,0.00971252950535608,TRUE,TRUE,TRUE,0.000479381854151084,0.000479496794367099,0.000245561735194244,930,325,32,605,532,11,24982361,100,2310,0,24975,1717,976,23967,0,24943,2380.03,,
"constrained-tmlr-revision-2026-08-13","full",TRUE,16,"perturbed",13,0.05,0.05,"exact","precomputed_exact_table","exact",202903300,202903321,,25000,"certified","bounds-met",TRUE,64,64,62,62,62,0,62,0,TRUE,0.954433468156652,0.0455665318433479,0.0455665318433426,TRUE,TRUE,TRUE,0.0455665318433479,0.0466373415912972,0.0132472566708487,21,21,32,0,0,,,,,0,96,68,64,0,0,64,13.4000000000001,,
"constrained-tmlr-revision-2026-08-13","full",TRUE,16,"perturbed",13,0.05,0.05,"stochastic","precomputed_exact_table","iid",202903300,202903322,100,25000,"budget_exhausted","budget-exhausted",TRUE,976,976,62,10,306,296,306,244,FALSE,0.99848975237864,0.00151024762135998,0.0496603936201666,TRUE,TRUE,TRUE,0.00151024762135998,0.00151138919481606,0.000731387121367243,930,325,32,605,532,11,24982361,100,2310,0,24975,1734,976,23967,0,24943,1946.8,,
"constrained-tmlr-revision-2026-08-13","full",TRUE,16,"perturbed",13,0.1,0.05,"exact","precomputed_exact_table","exact",202903300,202903331,,25000,"certified","bounds-met",TRUE,58,58,42,42,42,0,42,0,TRUE,0.903004621166955,0.0969953788330454,0.0969953788330404,TRUE,TRUE,TRUE,0.0969953788330454,0.102027608006868,0.0262624401116012,19,19,32,0,0,,,,,0,90,64,58,0,0,58,10.8400000000001,,
"constrained-tmlr-revision-2026-08-13","full",TRUE,16,"perturbed",13,0.1,0.05,"stochastic","precomputed_exact_table","iid",202903300,202903332,100,25000,"budget_exhausted","budget-exhausted",TRUE,976,976,42,10,249,239,249,207,FALSE,0.996731361725014,0.00326863827498558,0.0974999133974639,TRUE,TRUE,TRUE,0.00326863827498558,0.00327399194238997,0.00125107246034495,930,325,32,605,532,11,24982361,100,2310,0,24975,1722,976,23967,0,24943,1829.21,,
"constrained-tmlr-revision-2026-08-13","full",TRUE,16,"perturbed",13,0.2,0.05,"exact","precomputed_exact_table","exact",202903300,202903341,,25000,"certified","bounds-met",TRUE,52,52,20,20,20,0,20,0,TRUE,0.813396267947361,0.186603732052639,0.186603732052636,TRUE,TRUE,TRUE,0.186603732052639,0.206536873732766,0.0497529075687535,17,17,32,0,0,,,,,0,84,60,52,0,0,52,10.3399999999992,,
"constrained-tmlr-revision-2026-08-13","full",TRUE,16,"perturbed",13,0.2,0.05,"stochastic","precomputed_exact_table","iid",202903300,202903342,100,25000,"budget_exhausted","budget-exhausted",TRUE,976,976,20,10,185,175,185,165,FALSE,0.991659626242952,0.00834037375704766,0.196414513179573,TRUE,TRUE,TRUE,0.00834037375704766,0.00837534928265761,0.00314007056874817,930,325,32,605,532,11,24982361,100,2310,0,24975,1718,976,23967,0,24943,1888.64,,
"constrained-tmlr-revision-2026-08-13","full",TRUE,16,"perturbed",14,0.01,0.05,"exact","precomputed_exact_table","exact",202903400,202903411,,25000,"certified","bounds-met",TRUE,121,121,147,147,147,0,147,0,TRUE,0.990430782127394,0.0095692178726059,0.00956921787260383,TRUE,TRUE,TRUE,0.0095692178726059,0.00961529703459815,0.00295601364586567,40,40,32,0,0,,,,,0,153,106,121,0,0,121,42.17,,
"constrained-tmlr-revision-2026-08-13","full",TRUE,16,"perturbed",14,0.01,0.05,"stochastic","precomputed_exact_table","iid",202903400,202903412,100,25000,"budget_exhausted","budget-exhausted",TRUE,298,298,147,51,238,187,238,91,FALSE,0.996530840491636,0.00346915950836413,0.00850520476825453,TRUE,TRUE,TRUE,0.00346915950836413,0.00347519099571271,0.00183853125889738,171,99,32,72,49,260,26505,260,2294,0,24092,603,298,23762,0,24060,121.22,,
"constrained-tmlr-revision-2026-08-13","full",TRUE,16,"perturbed",14,0.05,0.05,"exact","precomputed_exact_table","exact",202903400,202903421,,25000,"certified","bounds-met",TRUE,61,61,62,62,62,0,62,0,TRUE,0.960588186498629,0.0394118135013712,0.0394118135013693,TRUE,TRUE,TRUE,0.0394118135013712,0.040209487871352,0.0142639201617982,20,20,32,0,0,,,,,0,93,66,61,0,0,61,12.08,,
"constrained-tmlr-revision-2026-08-13","full",TRUE,16,"perturbed",14,0.05,0.05,"stochastic","precomputed_exact_table","iid",202903400,202903422,100,25000,"budget_exhausted","budget-exhausted",TRUE,298,298,62,10,119,109,119,57,FALSE,0.986383092085129,0.0136169079148708,0.0499917827527757,TRUE,TRUE,TRUE,0.0136169079148708,0.0137104683118302,0.00497849629369292,171,99,32,72,49,260,26505,260,2294,0,24092,608,298,23762,0,24060,103.82,,
"constrained-tmlr-revision-2026-08-13","full",TRUE,16,"perturbed",14,0.1,0.05,"exact","precomputed_exact_table","exact",202903400,202903431,,25000,"certified","bounds-met",TRUE,55,55,40,40,40,0,40,0,TRUE,0.901342939389396,0.0986570606106044,0.0986570606106021,TRUE,TRUE,TRUE,0.0986570606106044,0.103869472937606,0.0229266404879694,18,18,32,0,0,,,,,0,87,62,55,0,0,55,11.11,,
"constrained-tmlr-revision-2026-08-13","full",TRUE,16,"perturbed",14,0.1,0.05,"stochastic","precomputed_exact_table","iid",202903400,202903432,100,25000,"budget_exhausted","budget-exhausted",TRUE,298,298,40,10,73,63,73,33,FALSE,0.981957365552834,0.0180426344471657,0.078762869897152,TRUE,TRUE,TRUE,0.0180426344471657,0.0182073875041474,0.00564890918000369,171,99,32,72,49,260,26505,260,2294,0,24092,595,298,23762,0,24060,121.17,,
"constrained-tmlr-revision-2026-08-13","full",TRUE,16,"perturbed",14,0.2,0.05,"exact","precomputed_exact_table","exact",202903400,202903441,,25000,"certified","bounds-met",TRUE,19,19,10,10,10,0,10,0,TRUE,0.810375766048684,0.189624233951316,0.189624233951314,TRUE,TRUE,TRUE,0.189624233951316,0.210257230185947,0.0402293918648442,6,6,32,0,0,,,,,0,51,38,19,0,0,19,3.63999999999999,,
"constrained-tmlr-revision-2026-08-13","full",TRUE,16,"perturbed",14,0.2,0.05,"stochastic","precomputed_exact_table","iid",202903400,202903442,100,25000,"budget_exhausted","budget-exhausted",TRUE,298,298,10,10,53,43,53,43,FALSE,0.92497171602954,0.0750282839704598,0.163400674882058,TRUE,TRUE,TRUE,0.0750282839704598,0.0779921192025679,0.0333741897033318,171,99,32,72,49,260,26505,260,2294,0,24092,620,298,23762,0,24060,118.26,,
"constrained-tmlr-revision-2026-08-13","full",TRUE,16,"perturbed",15,0.01,0.05,"exact","precomputed_exact_table","exact",202903500,202903511,,25000,"certified","bounds-met",TRUE,121,121,147,147,147,0,147,0,TRUE,0.990851829965076,0.00914817003492407,0.0091481700349208,TRUE,TRUE,TRUE,0.00914817003492407,0.00919027150674016,0.00278987516413558,40,40,32,0,0,,,,,0,153,106,121,0,0,121,39.78,,
"constrained-tmlr-revision-2026-08-13","full",TRUE,16,"perturbed",15,0.01,0.05,"stochastic","precomputed_exact_table","iid",202903500,202903512,100,25000,"budget_exhausted","budget-exhausted",TRUE,415,415,147,30,249,219,249,102,FALSE,0.997411705749323,0.00258829425067653,0.00989300801515243,TRUE,TRUE,TRUE,0.00258829425067653,0.00259164967537543,0.00181566355236138,328,138,32,190,152,23,349108,100,1048,0,24795,862,415,24348,0,24763,246.37,,
"constrained-tmlr-revision-2026-08-13","full",TRUE,16,"perturbed",15,0.05,0.05,"exact","precomputed_exact_table","exact",202903500,202903521,,25000,"certified","bounds-met",TRUE,61,61,62,62,62,0,62,0,TRUE,0.960534415627722,0.0394655843722784,0.0394655843722757,TRUE,TRUE,TRUE,0.0394655843722784,0.0402654664651822,0.0131490348720678,20,20,32,0,0,,,,,0,93,66,61,0,0,61,11.71,,
"constrained-tmlr-revision-2026-08-13","full",TRUE,16,"perturbed",15,0.05,0.05,"stochastic","precomputed_exact_table","iid",202903500,202903522,100,25000,"budget_exhausted","budget-exhausted",TRUE,415,415,62,10,151,141,151,89,FALSE,0.989691949061616,0.0103080509383838,0.0486255440532645,TRUE,TRUE,TRUE,0.0103080509383838,0.010361546838641,0.00547948325569493,328,138,32,190,152,23,349108,100,1048,0,24795,857,415,24348,0,24763,236.08,,
"constrained-tmlr-revision-2026-08-13","full",TRUE,16,"perturbed",15,0.1,0.05,"exact","precomputed_exact_table","exact",202903500,202903531,,25000,"certified","bounds-met",TRUE,55,55,40,40,40,0,40,0,TRUE,0.907925941272265,0.0920740587277354,0.0920740587277324,TRUE,TRUE,TRUE,0.0920740587277354,0.0965924661827229,0.0217444995637732,18,18,32,0,0,,,,,0,87,62,55,0,0,55,9.66999999999996,,
"constrained-tmlr-revision-2026-08-13","full",TRUE,16,"perturbed",15,0.1,0.05,"stochastic","precomputed_exact_table","iid",202903500,202903532,100,25000,"budget_exhausted","budget-exhausted",TRUE,415,415,40,10,84,74,84,44,FALSE,0.982664590395665,0.0173354096043353,0.0960113153824057,TRUE,TRUE,TRUE,0.0173354096043353,0.0174874272377585,0.00531061705681153,328,138,32,190,152,23,349108,100,1048,0,24795,846,415,24348,0,24763,221.17,,
"constrained-tmlr-revision-2026-08-13","full",TRUE,16,"perturbed",15,0.2,0.05,"exact","precomputed_exact_table","exact",202903500,202903541,,25000,"certified","bounds-met",TRUE,19,19,10,10,10,0,10,0,TRUE,0.801913596292873,0.198086403707127,0.198086403707125,TRUE,TRUE,TRUE,0.198086403707127,0.220754412215156,0.0511202435823362,6,6,32,0,0,,,,,0,51,38,19,0,0,19,3.7600000000001,,
"constrained-tmlr-revision-2026-08-13","full",TRUE,16,"perturbed",15,0.2,0.05,"stochastic","precomputed_exact_table","iid",202903500,202903542,100,25000,"budget_exhausted","budget-exhausted",TRUE,415,415,10,10,63,53,63,53,FALSE,0.952282578946853,0.0477174210531475,0.170295530315403,TRUE,TRUE,TRUE,0.0477174210531475,0.0488934616102338,0.0340801752833524,328,138,32,190,152,23,349108,100,1048,0,24795,846,415,24348,0,24763,259.75,,
"constrained-tmlr-revision-2026-08-13","full",TRUE,16,"perturbed",16,0.01,0.05,"exact","precomputed_exact_table","exact",202903600,202903611,,25000,"certified","bounds-met",TRUE,100,100,174,174,174,0,174,0,TRUE,0.99041123842576,0.00958876157424038,0.00958876157423436,TRUE,TRUE,TRUE,0.00958876157424038,0.00963502975576655,0.00316828418218564,33,33,32,0,0,,,,,0,132,92,100,0,0,100,32.28,,
"constrained-tmlr-revision-2026-08-13","full",TRUE,16,"perturbed",16,0.01,0.05,"stochastic","precomputed_exact_table","iid",202903600,202903612,100,25000,"budget_exhausted","budget-exhausted",TRUE,670,670,174,10,657,647,657,483,FALSE,0.999729224509016,0.000270775490983977,0.00990365150305697,TRUE,TRUE,TRUE,0.000270775490983977,0.000270812157286275,0.000194747502203219,592,223,32,369,356,1215,705042544,1215,2497,0,24471,681,670,23769,0,24439,662.34,,
"constrained-tmlr-revision-2026-08-13","full",TRUE,16,"perturbed",16,0.05,0.05,"exact","precomputed_exact_table","exact",202903600,202903621,,25000,"certified","bounds-met",TRUE,58,58,62,62,62,0,62,0,TRUE,0.952390873968139,0.0476091260318611,0.0476091260318552,TRUE,TRUE,TRUE,0.0476091260318611,0.0487797465571496,0.0129644988696475,19,19,32,0,0,,,,,0,90,64,58,0,0,58,10.4799999999999,,
"constrained-tmlr-revision-2026-08-13","full",TRUE,16,"perturbed",16,0.05,0.05,"stochastic","precomputed_exact_table","iid",202903600,202903622,100,25000,"budget_exhausted","budget-exhausted",TRUE,670,670,62,10,447,437,447,385,FALSE,0.99901607098432,0.000983929015679896,0.049265280348078,TRUE,TRUE,TRUE,0.000983929015679896,0.000984413391587583,0.0006061204855419,592,223,32,369,356,1215,705042544,1215,2497,0,24471,693,670,23769,0,24439,905.42,,
"constrained-tmlr-revision-2026-08-13","full",TRUE,16,"perturbed",16,0.1,0.05,"exact","precomputed_exact_table","exact",202903600,202903631,,25000,"certified","bounds-met",TRUE,58,58,51,51,51,0,51,0,TRUE,0.905926439225681,0.0940735607743195,0.094073560774315,TRUE,TRUE,TRUE,0.0940735607743195,0.0987971691431177,0.0315489118594044,19,19,32,0,0,,,,,0,90,64,58,0,0,58,23.8099999999999,,
"constrained-tmlr-revision-2026-08-13","full",TRUE,16,"perturbed",16,0.1,0.05,"stochastic","precomputed_exact_table","iid",202903600,202903632,100,25000,"budget_exhausted","budget-exhausted",TRUE,670,670,51,10,368,358,368,317,FALSE,0.99780737018424,0.00219262981575963,0.0997363095563342,TRUE,TRUE,TRUE,0.00219262981575963,0.00219503714808359,0.00138289488730667,592,223,32,369,356,1215,705042544,1215,2497,0,24471,694,670,23769,0,24439,1033.35,,
"constrained-tmlr-revision-2026-08-13","full",TRUE,16,"perturbed",16,0.2,0.05,"exact","precomputed_exact_table","exact",202903600,202903641,,25000,"certified","bounds-met",TRUE,31,31,21,21,21,0,21,0,TRUE,0.824573113046875,0.175426886953125,0.175426886953119,TRUE,TRUE,TRUE,0.175426886953125,0.192889465296135,0.0360271018740665,10,10,32,0,0,,,,,0,63,46,31,0,0,31,5.88999999999987,,
"constrained-tmlr-revision-2026-08-13","full",TRUE,16,"perturbed",16,0.2,0.05,"stochastic","precomputed_exact_table","iid",202903600,202903642,100,25000,"budget_exhausted","budget-exhausted",TRUE,670,670,21,10,274,264,274,253,FALSE,0.996608088257277,0.00339191174272346,0.19179630791859,TRUE,TRUE,TRUE,0.00339191174272346,0.00339767731659569,0.00191952860004688,592,223,32,369,356,1215,705042544,1215,2497,0,24471,696,670,23769,0,24439,690.15,,
"constrained-tmlr-revision-2026-08-13","full",TRUE,16,"perturbed",17,0.01,0.05,"exact","precomputed_exact_table","exact",202903700,202903711,,25000,"certified","bounds-met",TRUE,151,151,240,240,240,0,240,0,TRUE,0.990004425449822,0.00999557455017841,0.00999557455017633,TRUE,TRUE,TRUE,0.00999557455017841,0.0100458657121576,0.00436741559192561,50,50,32,0,0,,,,,0,183,126,151,0,0,151,54.79,,
"constrained-tmlr-revision-2026-08-13","full",TRUE,16,"perturbed",17,0.01,0.05,"stochastic","precomputed_exact_table","iid",202903700,202903712,100,25000,"budget_exhausted","budget-exhausted",TRUE,211,211,240,217,306,89,306,66,FALSE,0.993591625691662,0.00640837430833796,0.00998188417054196,TRUE,TRUE,TRUE,0.00640837430833796,0.00642899608757303,0.00222213112314988,112,70,32,42,0,29,2400,100,2400,0,24782,781,211,24539,0,24750,67.89,,
"constrained-tmlr-revision-2026-08-13","full",TRUE,16,"perturbed",17,0.05,0.05,"exact","precomputed_exact_table","exact",202903700,202903721,,25000,"certified","bounds-met",TRUE,127,127,136,136,136,0,136,0,TRUE,0.950581405399559,0.049418594600441,0.0494185946004386,TRUE,TRUE,TRUE,0.049418594600441,0.0506814759029086,0.0220171944879866,42,42,32,0,0,,,,,0,159,110,127,0,0,127,34.96,,
"constrained-tmlr-revision-2026-08-13","full",TRUE,16,"perturbed",17,0.05,0.05,"stochastic","precomputed_exact_table","iid",202903700,202903722,100,25000,"budget_exhausted","budget-exhausted",TRUE,211,211,136,94,160,66,160,24,FALSE,0.96604259335068,0.0339574066493201,0.0492897377301283,TRUE,TRUE,TRUE,0.0339574066493201,0.0345473532461367,0.0132245860064757,112,70,32,42,0,29,2400,100,2400,0,24782,781,211,24539,0,24750,71.65,,
"constrained-tmlr-revision-2026-08-13","full",TRUE,16,"perturbed",17,0.1,0.05,"exact","precomputed_exact_table","exact",202903700,202903731,,25000,"certified","bounds-met",TRUE,79,79,72,72,72,0,72,0,TRUE,0.900359051531136,0.0996409484688636,0.0996409484688609,TRUE,TRUE,TRUE,0.0996409484688636,0.104961649069974,0.0214619138886321,26,26,32,0,0,,,,,0,111,78,79,0,0,79,20.36,,
"constrained-tmlr-revision-2026-08-13","full",TRUE,16,"perturbed",17,0.1,0.05,"stochastic","precomputed_exact_table","iid",202903700,202903732,100,25000,"budget_exhausted","budget-exhausted",TRUE,211,211,72,52,104,52,104,32,FALSE,0.935357429287935,0.0646425707120648,0.0916790502675715,TRUE,TRUE,TRUE,0.0646425707120648,0.0668265454295064,0.0240089765231388,112,70,32,42,0,29,2400,100,2400,0,24782,790,211,24539,0,24750,75.22,,
"constrained-tmlr-revision-2026-08-13","full",TRUE,16,"perturbed",17,0.2,0.05,"exact","precomputed_exact_table","exact",202903700,202903741,,25000,"certified","bounds-met",TRUE,52,52,42,42,42,0,42,0,TRUE,0.85386042015386,0.14613957984614,0.146139579846139,TRUE,TRUE,TRUE,0.14613957984614,0.157987540994525,0.0460649062928018,17,17,32,0,0,,,,,0,84,60,52,0,0,52,12.06,,
"constrained-tmlr-revision-2026-08-13","full",TRUE,16,"perturbed",17,0.2,0.05,"stochastic","precomputed_exact_table","iid",202903700,202903742,100,25000,"budget_exhausted","budget-exhausted",TRUE,211,211,42,31,52,21,52,10,FALSE,0.874574505864216,0.125425494135784,0.173673886516689,TRUE,TRUE,TRUE,0.125425494135784,0.134017789908829,0.0310001010267018,112,70,32,42,0,29,2400,100,2400,0,24782,780,211,24539,0,24750,66.39,,
"constrained-tmlr-revision-2026-08-13","full",TRUE,16,"perturbed",18,0.01,0.05,"exact","precomputed_exact_table","exact",202903800,202903811,,25000,"certified","bounds-met",TRUE,100,100,160,160,160,0,160,0,TRUE,0.990251901978366,0.00974809802163401,0.00974809802163261,TRUE,TRUE,TRUE,0.00974809802163401,0.00979592177671348,0.00328378957633093,33,33,32,0,0,,,,,0,132,92,100,0,0,100,34.09,,
"constrained-tmlr-revision-2026-08-13","full",TRUE,16,"perturbed",18,0.01,0.05,"stochastic","precomputed_exact_table","iid",202903800,202903812,100,25000,"budget_exhausted","budget-exhausted",TRUE,271,271,160,62,217,155,217,57,FALSE,0.993973530968775,0.0060264690312245,0.00989088161946955,TRUE,TRUE,TRUE,0.0060264690312245,0.00604470148416471,0.00342046093767927,150,90,32,60,20,2,9119,100,2382,0,23103,625,271,22800,0,23071,109.12,,
"constrained-tmlr-revision-2026-08-13","full",TRUE,16,"perturbed",18,0.05,0.05,"exact","precomputed_exact_table","exact",202903800,202903821,,25000,"certified","bounds-met",TRUE,61,61,62,62,62,0,62,0,TRUE,0.953976900940535,0.046023099059465,0.0460230990594637,TRUE,TRUE,TRUE,0.046023099059465,0.0471158206775786,0.0150508416146449,20,20,32,0,0,,,,,0,93,66,61,0,0,61,15.36,,
"constrained-tmlr-revision-2026-08-13","full",TRUE,16,"perturbed",18,0.05,0.05,"stochastic","precomputed_exact_table","iid",202903800,202903822,100,25000,"budget_exhausted","budget-exhausted",TRUE,271,271,62,10,106,96,106,44,FALSE,0.981165748391765,0.0188342516082353,0.0480402905365947,TRUE,TRUE,TRUE,0.0188342516082353,0.0190138750834068,0.00694950172751316,150,90,32,60,20,2,9119,100,2382,0,23103,608,271,22800,0,23071,104.92,,
"constrained-tmlr-revision-2026-08-13","full",TRUE,16,"perturbed",18,0.1,0.05,"exact","precomputed_exact_table","exact",202903800,202903831,,25000,"certified","bounds-met",TRUE,49,49,41,41,41,0,41,0,TRUE,0.904995109754791,0.0950048902452085,0.0950048902452079,TRUE,TRUE,TRUE,0.0950048902452085,0.0998257388826761,0.0301068216004435,16,16,32,0,0,,,,,0,81,58,49,0,0,49,9.57999999999998,,
"constrained-tmlr-revision-2026-08-13","full",TRUE,16,"perturbed",18,0.1,0.05,"stochastic","precomputed_exact_table","iid",202903800,202903832,100,25000,"budget_exhausted","budget-exhausted",TRUE,271,271,41,10,73,63,73,32,FALSE,0.976039085138406,0.0239609148615937,0.0712102062042856,TRUE,TRUE,TRUE,0.0239609148615937,0.024252647122507,0.0088949458014026,150,90,32,60,20,2,9119,100,2382,0,23103,613,271,22800,0,23071,89.7,,
"constrained-tmlr-revision-2026-08-13","full",TRUE,16,"perturbed",18,0.2,0.05,"exact","precomputed_exact_table","exact",202903800,202903841,,25000,"certified","bounds-met",TRUE,43,43,20,20,20,0,20,0,TRUE,0.826635378710833,0.173364621289167,0.173364621289166,TRUE,TRUE,TRUE,0.173364621289167,0.190391577541155,0.0398682079446198,14,14,32,0,0,,,,,0,75,54,43,0,0,43,7.38999999999999,,
"constrained-tmlr-revision-2026-08-13","full",TRUE,16,"perturbed",18,0.2,0.05,"stochastic","precomputed_exact_table","iid",202903800,202903842,100,25000,"budget_exhausted","budget-exhausted",TRUE,271,271,20,10,53,43,53,33,FALSE,0.917524146748412,0.082475853251588,0.145701617125631,TRUE,TRUE,TRUE,0.082475853251588,0.0860763814178033,0.0398644577180919,150,90,32,60,20,2,9119,100,2382,0,23103,615,271,22800,0,23071,96.15,,
"constrained-tmlr-revision-2026-08-13","full",TRUE,16,"perturbed",19,0.01,0.05,"exact","precomputed_exact_table","exact",202903900,202903911,,25000,"certified","bounds-met",TRUE,124,124,203,203,203,0,203,0,TRUE,0.990089585979495,0.00991041402050508,0.00991041402051136,TRUE,TRUE,TRUE,0.00991041402050508,0.00995984905917619,0.00350144701986171,41,41,32,0,0,,,,,0,156,108,124,0,0,124,40.94,,
"constrained-tmlr-revision-2026-08-13","full",TRUE,16,"perturbed",19,0.01,0.05,"stochastic","precomputed_exact_table","iid",202903900,202903912,100,25000,"budget_exhausted","budget-exhausted",TRUE,250,250,203,125,270,145,270,67,FALSE,0.994988578948161,0.00501142105183894,0.0099186862205518,TRUE,TRUE,TRUE,0.00501142105183894,0.00502402033348136,0.00197551249780062,142,83,32,59,32,2,12592,100,2333,0,23889,527,250,23607,0,23857,103.33,,
"constrained-tmlr-revision-2026-08-13","full",TRUE,16,"perturbed",19,0.05,0.05,"exact","precomputed_exact_table","exact",202903900,202903921,,25000,"certified","bounds-met",TRUE,85,85,83,83,83,0,83,0,TRUE,0.954135222204289,0.045864777795711,0.0458647777957172,TRUE,TRUE,TRUE,0.045864777795711,0.0469498752258444,0.0208200768931311,28,28,32,0,0,,,,,0,117,82,85,0,0,85,19.6,,
"constrained-tmlr-revision-2026-08-13","full",TRUE,16,"perturbed",19,0.05,0.05,"stochastic","precomputed_exact_table","iid",202903900,202903922,100,25000,"budget_exhausted","budget-exhausted",TRUE,250,250,83,51,126,75,126,43,FALSE,0.977290507213485,0.0227094927865147,0.0468742582548395,TRUE,TRUE,TRUE,0.0227094927865147,0.0229713249624447,0.00621742060794529,142,83,32,59,32,2,12592,100,2333,0,23889,538,250,23607,0,23857,80.03,,
"constrained-tmlr-revision-2026-08-13","full",TRUE,16,"perturbed",19,0.1,0.05,"exact","precomputed_exact_table","exact",202903900,202903931,,25000,"certified","bounds-met",TRUE,55,55,52,52,52,0,52,0,TRUE,0.911104227532634,0.0888957724673662,0.0888957724673711,TRUE,TRUE,TRUE,0.0888957724673662,0.0930979782416615,0.0194648715607579,18,18,32,0,0,,,,,0,87,62,55,0,0,55,11.5,,
"constrained-tmlr-revision-2026-08-13","full",TRUE,16,"perturbed",19,0.1,0.05,"stochastic","precomputed_exact_table","iid",202903900,202903932,100,25000,"budget_exhausted","budget-exhausted",TRUE,250,250,52,20,73,53,73,21,FALSE,0.949172633278688,0.0508273667213116,0.095401519947242,TRUE,TRUE,TRUE,0.0508273667213116,0.0521645861902599,0.025294215244083,142,83,32,59,32,2,12592,100,2333,0,23889,549,250,23607,0,23857,92.54,,
"constrained-tmlr-revision-2026-08-13","full",TRUE,16,"perturbed",19,0.2,0.05,"exact","precomputed_exact_table","exact",202903900,202903941,,25000,"certified","bounds-met",TRUE,28,28,20,20,20,0,20,0,TRUE,0.800787325710493,0.199212674289507,0.199212674289514,TRUE,TRUE,TRUE,0.199212674289507,0.222159878141224,0.0413938608819241,9,9,32,0,0,,,,,0,60,44,28,0,0,28,5.38999999999999,,
"constrained-tmlr-revision-2026-08-13","full",TRUE,16,"perturbed",19,0.2,0.05,"stochastic","precomputed_exact_table","iid",202903900,202903942,100,25000,"budget_exhausted","budget-exhausted",TRUE,250,250,20,10,52,42,52,32,FALSE,0.911104227532634,0.0888957724673662,0.164893371361268,TRUE,TRUE,TRUE,0.0888957724673662,0.0930979782416615,0.0194648715607579,142,83,32,59,32,2,12592,100,2333,0,23889,527,250,23607,0,23857,90.34,,
"constrained-tmlr-revision-2026-08-13","full",TRUE,16,"perturbed",20,0.01,0.05,"exact","precomputed_exact_table","exact",202904000,202904011,,25000,"certified","bounds-met",TRUE,109,109,147,147,147,0,147,0,TRUE,0.990124022417664,0.00987597758233583,0.00987597758234197,TRUE,TRUE,TRUE,0.00987597758233583,0.00992506853042243,0.00334170275303286,36,36,32,0,0,,,,,0,141,98,109,0,0,109,38.99,,
"constrained-tmlr-revision-2026-08-13","full",TRUE,16,"perturbed",20,0.01,0.05,"stochastic","precomputed_exact_table","iid",202904000,202904012,100,25000,"budget_exhausted","budget-exhausted",TRUE,151,151,147,103,203,100,203,56,FALSE,0.994351110994798,0.00564888900520177,0.00979951137515683,TRUE,TRUE,TRUE,0.00564888900520177,0.0056649043196649,0.00184504618792667,76,50,32,26,1,32,2698,100,2473,0,23732,569,151,23549,0,23700,58.42,,
"constrained-tmlr-revision-2026-08-13","full",TRUE,16,"perturbed",20,0.05,0.05,"exact","precomputed_exact_table","exact",202904000,202904021,,25000,"certified","bounds-met",TRUE,61,61,62,62,62,0,62,0,TRUE,0.957968534601292,0.0420314653987081,0.0420314653987139,TRUE,TRUE,TRUE,0.0420314653987081,0.0429403464345104,0.0163210665422961,20,20,32,0,0,,,,,0,93,66,61,0,0,61,16.89,,
"constrained-tmlr-revision-2026-08-13","full",TRUE,16,"perturbed",20,0.05,0.05,"stochastic","precomputed_exact_table","iid",202904000,202904022,100,25000,"budget_exhausted","budget-exhausted",TRUE,151,151,62,51,73,22,73,11,FALSE,0.981457710928108,0.0185422890718923,0.0298864597171669,TRUE,TRUE,TRUE,0.0185422890718923,0.0187163523598194,0.00597324902485429,76,50,32,26,1,32,2698,100,2473,0,23732,569,151,23549,0,23700,47.51,,
"constrained-tmlr-revision-2026-08-13","full",TRUE,16,"perturbed",20,0.1,0.05,"exact","precomputed_exact_table","exact",202904000,202904031,,25000,"certified","bounds-met",TRUE,55,55,40,40,40,0,40,0,TRUE,0.90299108816299,0.0970089118370097,0.0970089118370158,TRUE,TRUE,TRUE,0.0970089118370097,0.102042594757827,0.0213160712891597,18,18,32,0,0,,,,,0,87,62,55,0,0,55,12.35,,
"constrained-tmlr-revision-2026-08-13","full",TRUE,16,"perturbed",20,0.1,0.05,"stochastic","precomputed_exact_table","iid",202904000,202904032,100,25000,"budget_exhausted","budget-exhausted",TRUE,151,151,40,30,51,21,51,11,FALSE,0.936691917218014,0.0633080827819861,0.0940003576768157,TRUE,TRUE,TRUE,0.0633080827819861,0.0654008478018119,0.0163210665422961,76,50,32,26,1,32,2698,100,2473,0,23732,558,151,23549,0,23700,43.02,,
"constrained-tmlr-revision-2026-08-13","full",TRUE,16,"perturbed",20,0.2,0.05,"exact","precomputed_exact_table","exact",202904000,202904041,,25000,"certified","bounds-met",TRUE,19,19,10,10,10,0,10,0,TRUE,0.80710732712934,0.19289267287066,0.192892672870667,TRUE,TRUE,TRUE,0.19289267287066,0.214298624351624,0.043044181534923,6,6,32,0,0,,,,,0,51,38,19,0,0,19,3.48999999999995,,
"constrained-tmlr-revision-2026-08-13","full",TRUE,16,"perturbed",20,0.2,0.05,"stochastic","precomputed_exact_table","iid",202904000,202904042,100,25000,"budget_exhausted","budget-exhausted",TRUE,151,151,10,10,30,20,30,20,FALSE,0.874968099830954,0.125031900169046,0.178201890697216,TRUE,TRUE,TRUE,0.125031900169046,0.13356785062516,0.0288033470078631,76,50,32,26,1,32,2698,100,2473,0,23732,544,151,23549,0,23700,45.87,,
"constrained-tmlr-revision-2026-08-13","full",TRUE,16,"perturbed",21,0.01,0.05,"exact","precomputed_exact_table","exact",202904100,202904111,,25000,"certified","bounds-met",TRUE,94,94,171,171,171,0,171,0,TRUE,0.990046454474076,0.0099535455259242,0.00995354552592882,TRUE,TRUE,TRUE,0.0099535455259242,0.0100034132431967,0.00364266971838242,31,31,32,0,0,,,,,0,126,88,94,0,0,94,31.28,,
"constrained-tmlr-revision-2026-08-13","full",TRUE,16,"perturbed",21,0.01,0.05,"stochastic","precomputed_exact_table","iid",202904100,202904112,100,25000,"budget_exhausted","budget-exhausted",TRUE,247,247,171,62,389,327,389,218,FALSE,0.998508103694749,0.00149189630525115,0.00994267024863267,TRUE,TRUE,TRUE,0.00149189630525115,0.00149301029064895,0.000631386726178032,158,82,32,76,64,1273,29590,1273,2455,0,24376,463,247,24097,0,24344,106.3,,
"constrained-tmlr-revision-2026-08-13","full",TRUE,16,"perturbed",21,0.05,0.05,"exact","precomputed_exact_table","exact",202904100,202904121,,25000,"certified","bounds-met",TRUE,64,64,73,73,73,0,73,0,TRUE,0.954158189352368,0.0458418106476319,0.0458418106476365,TRUE,TRUE,TRUE,0.0458418106476319,0.0469258043487549,0.0183946027082191,21,21,32,0,0,,,,,0,96,68,64,0,0,64,14.5,,
"constrained-tmlr-revision-2026-08-13","full",TRUE,16,"perturbed",21,0.05,0.05,"stochastic","precomputed_exact_table","iid",202904100,202904122,100,25000,"budget_exhausted","budget-exhausted",TRUE,247,247,73,21,194,173,194,121,FALSE,0.99254305521179,0.00745694478820991,0.0486293986331238,TRUE,TRUE,TRUE,0.00745694478820991,0.00748488679566576,0.00223774219549074,158,82,32,76,64,1273,29590,1273,2455,0,24376,459,247,24097,0,24344,82.49,,
"constrained-tmlr-revision-2026-08-13","full",TRUE,16,"perturbed",21,0.1,0.05,"exact","precomputed_exact_table","exact",202904100,202904131,,25000,"certified","bounds-met",TRUE,55,55,51,51,51,0,51,0,TRUE,0.914666589949503,0.0853334100504973,0.0853334100505025,TRUE,TRUE,TRUE,0.0853334100504973,0.0891956626789248,0.0183460215502454,18,18,32,0,0,,,,,0,87,62,55,0,0,55,12.86,,
"constrained-tmlr-revision-2026-08-13","full",TRUE,16,"perturbed",21,0.1,0.05,"stochastic","precomputed_exact_table","iid",202904100,202904132,100,25000,"budget_exhausted","budget-exhausted",TRUE,247,247,51,10,130,120,130,79,FALSE,0.983249903520836,0.0167500964791639,0.0975359453632481,TRUE,TRUE,TRUE,0.0167500964791639,0.0168919657929424,0.00592885714620883,158,82,32,76,64,1273,29590,1273,2455,0,24376,470,247,24097,0,24344,100.53,,
"constrained-tmlr-revision-2026-08-13","full",TRUE,16,"perturbed",21,0.2,0.05,"exact","precomputed_exact_table","exact",202904100,202904141,,25000,"certified","bounds-met",TRUE,19,19,21,21,21,0,21,0,TRUE,0.830662850067505,0.169337149932495,0.169337149932496,TRUE,TRUE,TRUE,0.169337149932495,0.185531282375242,0.0565853396119626,6,6,32,0,0,,,,,0,51,38,19,0,0,19,3.39000000000004,,
"constrained-tmlr-revision-2026-08-13","full",TRUE,16,"perturbed",21,0.2,0.05,"stochastic","precomputed_exact_table","iid",202904100,202904142,100,25000,"budget_exhausted","budget-exhausted",TRUE,247,247,21,10,95,85,95,74,FALSE,0.969434662375143,0.030565337624857,0.18394548946132,TRUE,TRUE,TRUE,0.030565337624857,0.0310421996853088,0.0105813011224801,158,82,32,76,64,1273,29590,1273,2455,0,24376,470,247,24097,0,24344,95.47,,
"constrained-tmlr-revision-2026-08-13","full",TRUE,16,"perturbed",22,0.01,0.05,"exact","precomputed_exact_table","exact",202904200,202904211,,25000,"certified","bounds-met",TRUE,100,100,125,125,125,0,125,0,TRUE,0.99011696486833,0.00988303513166955,0.00988303513166757,TRUE,TRUE,TRUE,0.00988303513166955,0.00993219650058269,0.00251817623467227,33,33,32,0,0,,,,,0,132,92,100,0,0,100,29.32,,
"constrained-tmlr-revision-2026-08-13","full",TRUE,16,"perturbed",22,0.01,0.05,"stochastic","precomputed_exact_table","iid",202904200,202904212,100,25000,"budget_exhausted","budget-exhausted",TRUE,424,424,125,51,227,176,227,102,FALSE,0.995819026277023,0.00418097372297721,0.00973820586954135,TRUE,TRUE,TRUE,0.00418097372297721,0.00418973843215664,0.00320841981528359,357,141,32,216,197,907,18387071,907,1875,0,24005,642,424,23549,0,23973,256.27,,
"constrained-tmlr-revision-2026-08-13","full",TRUE,16,"perturbed",22,0.05,0.05,"exact","precomputed_exact_table","exact",202904200,202904221,,25000,"certified","bounds-met",TRUE,61,61,62,62,62,0,62,0,TRUE,0.963857909256675,0.0361420907433249,0.0361420907433227,TRUE,TRUE,TRUE,0.0361420907433249,0.0368113922722463,0.0126525966594551,20,20,32,0,0,,,,,0,93,66,61,0,0,61,11.03,,
"constrained-tmlr-revision-2026-08-13","full",TRUE,16,"perturbed",22,0.05,0.05,"stochastic","precomputed_exact_table","iid",202904200,202904222,100,25000,"budget_exhausted","budget-exhausted",TRUE,424,424,62,10,94,84,94,32,FALSE,0.986440200079041,0.0135597999209586,0.0486267803065481,TRUE,TRUE,TRUE,0.0135597999209586,0.0136525736243992,0.00547597461354243,357,141,32,216,197,907,18387071,907,1875,0,24005,644,424,23549,0,23973,342.05,,
"constrained-tmlr-revision-2026-08-13","full",TRUE,16,"perturbed",22,0.1,0.05,"exact","precomputed_exact_table","exact",202904200,202904231,,25000,"certified","bounds-met",TRUE,49,49,40,40,40,0,40,0,TRUE,0.918282673568447,0.0817173264315529,0.0817173264315511,TRUE,TRUE,TRUE,0.0817173264315529,0.0852500124831136,0.0164920224332002,16,16,32,0,0,,,,,0,81,58,49,0,0,49,18.61,,
"constrained-tmlr-revision-2026-08-13","full",TRUE,16,"perturbed",22,0.1,0.05,"stochastic","precomputed_exact_table","iid",202904200,202904232,100,25000,"budget_exhausted","budget-exhausted",TRUE,424,424,40,10,73,63,73,33,FALSE,0.98444657356501,0.0155534264349904,0.0587529254756272,TRUE,TRUE,TRUE,0.0155534264349904,0.0156756499580148,0.00540093098444513,357,141,32,216,197,907,18387071,907,1875,0,24005,642,424,23549,0,23973,434.85,,
"constrained-tmlr-revision-2026-08-13","full",TRUE,16,"perturbed",22,0.2,0.05,"exact","precomputed_exact_table","exact",202904200,202904241,,25000,"certified","bounds-met",TRUE,19,19,10,10,10,0,10,0,TRUE,0.8223245731711,0.1776754268289,0.177675426828897,TRUE,TRUE,TRUE,0.1776754268289,0.195620103989428,0.0429937497942194,6,6,32,0,0,,,,,0,51,38,19,0,0,19,5.62999999999988,,
"constrained-tmlr-revision-2026-08-13","full",TRUE,16,"perturbed",22,0.2,0.05,"stochastic","precomputed_exact_table","iid",202904200,202904242,100,25000,"budget_exhausted","budget-exhausted",TRUE,424,424,10,10,52,42,52,42,FALSE,0.926798383850003,0.073201616149997,0.192197715221041,TRUE,TRUE,TRUE,0.073201616149997,0.0760192302212898,0.0429746376659322,357,141,32,216,197,907,18387071,907,1875,0,24005,643,424,23549,0,23973,532.47,,
"constrained-tmlr-revision-2026-08-13","full",TRUE,16,"perturbed",23,0.01,0.05,"exact","precomputed_exact_table","exact",202904300,202904311,,25000,"certified","bounds-met",TRUE,133,133,159,159,159,0,159,0,TRUE,0.990136740441869,0.00986325955813117,0.00986325955812911,TRUE,TRUE,TRUE,0.00986325955813117,0.00991222373296609,0.00280781429283472,44,44,32,0,0,,,,,0,165,114,133,0,0,133,39.65,,
"constrained-tmlr-revision-2026-08-13","full",TRUE,16,"perturbed",23,0.01,0.05,"stochastic","precomputed_exact_table","iid",202904300,202904312,100,25000,"budget_exhausted","budget-exhausted",TRUE,211,211,159,84,216,132,216,57,FALSE,0.994439520737907,0.00556047926209269,0.00998675609552262,TRUE,TRUE,TRUE,0.00556047926209269,0.00557599627499024,0.0016956119066826,107,70,32,37,19,379,17094,379,2319,0,23793,595,211,23550,0,23761,73.73,,
"constrained-tmlr-revision-2026-08-13","full",TRUE,16,"perturbed",23,0.05,0.05,"exact","precomputed_exact_table","exact",202904300,202904321,,25000,"certified","bounds-met",TRUE,61,61,62,62,62,0,62,0,TRUE,0.953433794841534,0.046566205158466,0.0465662051584643,TRUE,TRUE,TRUE,0.046566205158466,0.0476852901839405,0.0216281791934562,20,20,32,0,0,,,,,0,93,66,61,0,0,61,14.55,,
"constrained-tmlr-revision-2026-08-13","full",TRUE,16,"perturbed",23,0.05,0.05,"stochastic","precomputed_exact_table","iid",202904300,202904322,100,25000,"budget_exhausted","budget-exhausted",TRUE,211,211,62,40,73,33,73,11,FALSE,0.976528343007939,0.0234716569920606,0.0458964139734526,TRUE,TRUE,TRUE,0.0234716569920606,0.0237515039888872,0.00848227346928983,107,70,32,37,19,379,17094,379,2319,0,23793,599,211,23550,0,23761,77.75,,
"constrained-tmlr-revision-2026-08-13","full",TRUE,16,"perturbed",23,0.1,0.05,"exact","precomputed_exact_table","exact",202904300,202904331,,25000,"certified","bounds-met",TRUE,55,55,41,41,41,0,41,0,TRUE,0.908526878240665,0.0914731217593352,0.0914731217593329,TRUE,TRUE,TRUE,0.0914731217593352,0.0959308062883742,0.0216281791934562,18,18,32,0,0,,,,,0,87,62,55,0,0,55,13.8,,
"constrained-tmlr-revision-2026-08-13","full",TRUE,16,"perturbed",23,0.1,0.05,"stochastic","precomputed_exact_table","iid",202904300,202904332,100,25000,"budget_exhausted","budget-exhausted",TRUE,211,211,41,20,62,42,62,21,FALSE,0.954341629895052,0.0456583701049478,0.078246045154003,TRUE,TRUE,TRUE,0.0456583701049478,0.0467335690219301,0.0138452696371346,107,70,32,37,19,379,17094,379,2319,0,23793,580,211,23550,0,23761,86.86,,
"constrained-tmlr-revision-2026-08-13","full",TRUE,16,"perturbed",23,0.2,0.05,"exact","precomputed_exact_table","exact",202904300,202904341,,25000,"certified","bounds-met",TRUE,19,19,10,10,10,0,10,0,TRUE,0.806781889863274,0.193218110136726,0.193218110136724,TRUE,TRUE,TRUE,0.193218110136726,0.214701920026506,0.0352299968219469,6,6,32,0,0,,,,,0,51,38,19,0,0,19,5.03000000000003,,
"constrained-tmlr-revision-2026-08-13","full",TRUE,16,"perturbed",23,0.2,0.05,"stochastic","precomputed_exact_table","iid",202904300,202904342,100,25000,"budget_exhausted","budget-exhausted",TRUE,211,211,10,10,41,31,41,31,FALSE,0.908526878240665,0.0914731217593352,0.160803509087765,TRUE,TRUE,TRUE,0.0914731217593352,0.0959308062883742,0.0216281791934562,107,70,32,37,19,379,17094,379,2319,0,23793,578,211,23550,0,23761,83.24,,
"constrained-tmlr-revision-2026-08-13","full",TRUE,16,"perturbed",24,0.01,0.05,"exact","precomputed_exact_table","exact",202904400,202904411,,25000,"certified","bounds-met",TRUE,112,112,147,147,147,0,147,0,TRUE,0.990667366463246,0.00933263353675429,0.00933263353675315,TRUE,TRUE,TRUE,0.00933263353675429,0.00937645542329829,0.00298490633463486,37,37,32,0,0,,,,,0,144,100,112,0,0,112,31.36,,
"constrained-tmlr-revision-2026-08-13","full",TRUE,16,"perturbed",24,0.01,0.05,"stochastic","precomputed_exact_table","iid",202904400,202904412,100,25000,"budget_exhausted","budget-exhausted",TRUE,277,277,147,40,259,219,259,112,FALSE,0.998149712753792,0.00185028724620806,0.00970237709655732,TRUE,TRUE,TRUE,0.00185028724620806,0.00185200114211426,0.000605139167931684,157,92,32,65,46,249,274201,249,2471,0,24495,553,277,24186,0,24463,106.41,,
"constrained-tmlr-revision-2026-08-13","full",TRUE,16,"perturbed",24,0.05,0.05,"exact","precomputed_exact_table","exact",202904400,202904421,,25000,"certified","bounds-met",TRUE,61,61,62,62,62,0,62,0,TRUE,0.959741787058304,0.0402582129416963,0.0402582129416952,TRUE,TRUE,TRUE,0.0402582129416963,0.0410910025139282,0.0126974218014772,20,20,32,0,0,,,,,0,93,66,61,0,0,61,13.79,,
"constrained-tmlr-revision-2026-08-13","full",TRUE,16,"perturbed",24,0.05,0.05,"stochastic","precomputed_exact_table","iid",202904400,202904422,100,25000,"budget_exhausted","budget-exhausted",TRUE,277,277,62,10,137,127,137,75,FALSE,0.989344921687674,0.0106550783123265,0.0489043794924829,TRUE,TRUE,TRUE,0.0106550783123265,0.0107122501354098,0.00416153446641079,157,92,32,65,46,249,274201,249,2471,0,24495,567,277,24186,0,24463,100.02,,
"constrained-tmlr-revision-2026-08-13","full",TRUE,16,"perturbed",24,0.1,0.05,"exact","precomputed_exact_table","exact",202904400,202904431,,25000,"certified","bounds-met",TRUE,49,49,40,40,40,0,40,0,TRUE,0.916037508123317,0.0839624918766834,0.0839624918766827,TRUE,TRUE,TRUE,0.0839624918766834,0.0876979674134639,0.0167924288956765,16,16,32,0,0,,,,,0,81,58,49,0,0,49,14.06,,
"constrained-tmlr-revision-2026-08-13","full",TRUE,16,"perturbed",24,0.1,0.05,"stochastic","precomputed_exact_table","iid",202904400,202904432,100,25000,"budget_exhausted","budget-exhausted",TRUE,277,277,40,10,73,63,73,33,FALSE,0.979801088724182,0.0201989112758179,0.0950725198200936,TRUE,TRUE,TRUE,0.0201989112758179,0.0204056986084676,0.0078787527661579,157,92,32,65,46,249,274201,249,2471,0,24495,553,277,24186,0,24463,129.95,,
"constrained-tmlr-revision-2026-08-13","full",TRUE,16,"perturbed",24,0.2,0.05,"exact","precomputed_exact_table","exact",202904400,202904441,,25000,"certified","bounds-met",TRUE,52,52,20,20,20,0,20,0,TRUE,0.850287168415552,0.149712831584448,0.149712831584448,TRUE,TRUE,TRUE,0.149712831584448,0.162181141359845,0.0409287372862624,17,17,32,0,0,,,,,0,84,60,52,0,0,52,12.07,,
"constrained-tmlr-revision-2026-08-13","full",TRUE,16,"perturbed",24,0.2,0.05,"stochastic","precomputed_exact_table","iid",202904400,202904442,100,25000,"budget_exhausted","budget-exhausted",TRUE,277,277,20,10,62,52,62,42,FALSE,0.959741787058304,0.0402582129416963,0.196796550041886,TRUE,TRUE,TRUE,0.0402582129416963,0.0410910025139282,0.0126974218014772,157,92,32,65,46,249,274201,249,2471,0,24495,553,277,24186,0,24463,175.68,,
"constrained-tmlr-revision-2026-08-13","full",TRUE,16,"perturbed",25,0.01,0.05,"exact","precomputed_exact_table","exact",202904500,202904511,,25000,"certified","bounds-met",TRUE,100,100,136,136,136,0,136,0,TRUE,0.990008412560017,0.0099915874399833,0.0099915874399897,TRUE,TRUE,TRUE,0.0099915874399833,0.0100418383542349,0.00261779362585125,33,33,32,0,0,,,,,0,132,92,100,0,0,100,30.91,,
"constrained-tmlr-revision-2026-08-13","full",TRUE,16,"perturbed",25,0.01,0.05,"stochastic","precomputed_exact_table","iid",202904500,202904512,100,25000,"budget_exhausted","budget-exhausted",TRUE,160,160,136,93,191,98,191,55,FALSE,0.99428013126645,0.00571986873354968,0.00943810709759095,TRUE,TRUE,TRUE,0.00571986873354968,0.00573628983033137,0.00169377715678945,79,53,32,26,2,60,3828,100,1966,0,24669,605,160,24477,0,24637,53.18,,
"constrained-tmlr-revision-2026-08-13","full",TRUE,16,"perturbed",25,0.05,0.05,"exact","precomputed_exact_table","exact",202904500,202904521,,25000,"certified","bounds-met",TRUE,61,61,62,62,62,0,62,0,TRUE,0.962484109234428,0.0375158907655725,0.0375158907655783,TRUE,TRUE,TRUE,0.0375158907655725,0.0382377228427965,0.0127371393777537,20,20,32,0,0,,,,,0,93,66,61,0,0,61,16.81,,
"constrained-tmlr-revision-2026-08-13","full",TRUE,16,"perturbed",25,0.05,0.05,"stochastic","precomputed_exact_table","iid",202904500,202904522,100,25000,"budget_exhausted","budget-exhausted",TRUE,160,160,62,51,73,22,73,11,FALSE,0.983092236392088,0.016907763607912,0.026695257241517,TRUE,TRUE,TRUE,0.016907763607912,0.0170523317088079,0.00475507721644795,79,53,32,26,2,60,3828,100,1966,0,24669,598,160,24477,0,24637,61.48,,
"constrained-tmlr-revision-2026-08-13","full",TRUE,16,"perturbed",25,0.1,0.05,"exact","precomputed_exact_table","exact",202904500,202904531,,25000,"certified","bounds-met",TRUE,55,55,40,40,40,0,40,0,TRUE,0.908561599790336,0.091438400209664,0.0914384002096697,TRUE,TRUE,TRUE,0.091438400209664,0.0958925896026209,0.0203551615832278,18,18,32,0,0,,,,,0,87,62,55,0,0,55,12.96,,
"constrained-tmlr-revision-2026-08-13","full",TRUE,16,"perturbed",25,0.1,0.05,"stochastic","precomputed_exact_table","iid",202904500,202904532,100,25000,"budget_exhausted","budget-exhausted",TRUE,160,160,40,30,51,21,51,11,FALSE,0.940518036607986,0.0594819633920139,0.0858449135313066,TRUE,TRUE,TRUE,0.0594819633920139,0.0613244527449987,0.0154464698159331,79,53,32,26,2,60,3828,100,1966,0,24669,597,160,24477,0,24637,54.87,,
"constrained-tmlr-revision-2026-08-13","full",TRUE,16,"perturbed",25,0.2,0.05,"exact","precomputed_exact_table","exact",202904500,202904541,,25000,"certified","bounds-met",TRUE,19,19,10,10,10,0,10,0,TRUE,0.819300471071502,0.180699528928498,0.180699528928502,TRUE,TRUE,TRUE,0.180699528928498,0.199304386866266,0.0352500839865204,6,6,32,0,0,,,,,0,51,38,19,0,0,19,4.49000000000001,,
"constrained-tmlr-revision-2026-08-13","full",TRUE,16,"perturbed",25,0.2,0.05,"stochastic","precomputed_exact_table","iid",202904500,202904542,100,25000,"budget_exhausted","budget-exhausted",TRUE,160,160,10,10,30,20,30,20,FALSE,0.880265197995783,0.119734802004217,0.162817332993883,TRUE,TRUE,TRUE,0.119734802004217,0.127532055551253,0.0326243390649391,79,53,32,26,2,60,3828,100,1966,0,24669,583,160,24477,0,24637,83.97,,
"constrained-tmlr-revision-2026-08-13","full",TRUE,16,"perturbed",26,0.01,0.05,"exact","precomputed_exact_table","exact",202904600,202904611,,25000,"certified","bounds-met",TRUE,130,130,228,228,228,0,228,0,TRUE,0.990054518913435,0.00994548108656479,0.00994548108656892,TRUE,TRUE,TRUE,0.00994548108656479,0.0099952677602462,0.00341476048401969,43,43,32,0,0,,,,,0,162,112,130,0,0,130,38.47,,
"constrained-tmlr-revision-2026-08-13","full",TRUE,16,"perturbed",26,0.01,0.05,"stochastic","precomputed_exact_table","iid",202904600,202904612,100,25000,"budget_exhausted","budget-exhausted",TRUE,325,325,228,52,571,519,571,343,FALSE,0.999050100039271,0.000949899960728695,0.00986274675434043,TRUE,TRUE,TRUE,0.000949899960728695,0.000950351401601478,0.000439856302025809,207,108,32,99,76,333,453235,333,1832,0,24422,763,325,24065,0,24390,143.83,,
"constrained-tmlr-revision-2026-08-13","full",TRUE,16,"perturbed",26,0.05,0.05,"exact","precomputed_exact_table","exact",202904600,202904621,,25000,"certified","bounds-met",TRUE,64,64,85,85,85,0,85,0,TRUE,0.954811608307742,0.0451883916922575,0.0451883916922613,TRUE,TRUE,TRUE,0.0451883916922575,0.0462412267491576,0.0104848995902857,21,21,32,0,0,,,,,0,96,68,64,0,0,64,11.99,,
"constrained-tmlr-revision-2026-08-13","full",TRUE,16,"perturbed",26,0.05,0.05,"stochastic","precomputed_exact_table","iid",202904600,202904622,100,25000,"budget_exhausted","budget-exhausted",TRUE,325,325,85,10,320,310,320,235,FALSE,0.996061488965102,0.00393851103489828,0.0480115847581717,TRUE,TRUE,TRUE,0.00393851103489828,0.00394628739438494,0.00127231445163062,207,108,32,99,76,333,453235,333,1832,0,24422,763,325,24065,0,24390,157.5,,
"constrained-tmlr-revision-2026-08-13","full",TRUE,16,"perturbed",26,0.1,0.05,"exact","precomputed_exact_table","exact",202904600,202904631,,25000,"certified","bounds-met",TRUE,70,70,63,63,63,0,63,0,TRUE,0.918070384128308,0.081929615871692,0.0819296158716967,TRUE,TRUE,TRUE,0.081929615871692,0.0854812201369958,0.0247576149848876,23,23,32,0,0,,,,,0,102,72,70,0,0,70,15.11,,
"constrained-tmlr-revision-2026-08-13","full",TRUE,16,"perturbed",26,0.1,0.05,"stochastic","precomputed_exact_table","iid",202904600,202904632,100,25000,"budget_exhausted","budget-exhausted",TRUE,325,325,63,10,242,232,242,179,FALSE,0.991269443482733,0.00873055651726717,0.0964775057863707,TRUE,TRUE,TRUE,0.00873055651726717,0.00876889111046418,0.00308506612776863,207,108,32,99,76,333,453235,333,1832,0,24422,741,325,24065,0,24390,212.01,,
"constrained-tmlr-revision-2026-08-13","full",TRUE,16,"perturbed",26,0.2,0.05,"exact","precomputed_exact_table","exact",202904600,202904641,,25000,"certified","bounds-met",TRUE,31,31,32,32,32,0,32,0,TRUE,0.835751758073701,0.164248241926299,0.164248241926299,TRUE,TRUE,TRUE,0.164248241926299,0.179423650096105,0.0337743476700797,10,10,32,0,0,,,,,0,63,46,31,0,0,31,11.86,,
"constrained-tmlr-revision-2026-08-13","full",TRUE,16,"perturbed",26,0.2,0.05,"stochastic","precomputed_exact_table","iid",202904600,202904642,100,25000,"budget_exhausted","budget-exhausted",TRUE,325,325,32,10,174,164,174,142,FALSE,0.980167024994926,0.0198329750050741,0.19637587579675,TRUE,TRUE,TRUE,0.0198329750050741,0.0200322881713953,0.00742996332624171,207,108,32,99,76,333,453235,333,1832,0,24422,741,325,24065,0,24390,196.87,,
"constrained-tmlr-revision-2026-08-13","full",TRUE,16,"perturbed",27,0.01,0.05,"exact","precomputed_exact_table","exact",202904700,202904711,,25000,"certified","bounds-met",TRUE,115,115,172,172,172,0,172,0,TRUE,0.990180377397594,0.00981962260240576,0.00981962260240045,TRUE,TRUE,TRUE,0.00981962260240576,0.00986815305828539,0.0024222500066127,38,38,32,0,0,,,,,0,147,102,115,0,0,115,35.35,,
"constrained-tmlr-revision-2026-08-13","full",TRUE,16,"perturbed",27,0.01,0.05,"stochastic","precomputed_exact_table","iid",202904700,202904712,100,25000,"budget_exhausted","budget-exhausted",TRUE,178,178,172,120,218,98,218,46,FALSE,0.99326954146746,0.00673045853254017,0.00992399571396275,TRUE,TRUE,TRUE,0.00673045853254017,0.00675321021219056,0.00164194133459507,98,59,32,39,0,40,1542,100,1542,0,24980,1619,178,24770,0,24948,62.7,,
"constrained-tmlr-revision-2026-08-13","full",TRUE,16,"perturbed",27,0.05,0.05,"exact","precomputed_exact_table","exact",202904700,202904721,,25000,"certified","bounds-met",TRUE,64,64,71,71,71,0,71,0,TRUE,0.958918557046439,0.0410814429535614,0.0410814429535561,TRUE,TRUE,TRUE,0.0410814429535614,0.0419491325783896,0.0132370638709796,21,21,32,0,0,,,,,0,96,68,64,0,0,64,16.75,,
"constrained-tmlr-revision-2026-08-13","full",TRUE,16,"perturbed",27,0.05,0.05,"stochastic","precomputed_exact_table","iid",202904700,202904722,100,25000,"budget_exhausted","budget-exhausted",TRUE,178,178,71,60,82,22,82,11,FALSE,0.978948484221686,0.0210515157783137,0.030501896779874,TRUE,TRUE,TRUE,0.0210515157783137,0.0212762586515882,0.00571429900005455,98,59,32,39,0,40,1542,100,1542,0,24980,1609,178,24770,0,24948,63.35,,
"constrained-tmlr-revision-2026-08-13","full",TRUE,16,"perturbed",27,0.1,0.05,"exact","precomputed_exact_table","exact",202904700,202904731,,25000,"certified","bounds-met",TRUE,61,61,49,49,49,0,49,0,TRUE,0.911856940597607,0.0881430594023931,0.088143059402388,TRUE,TRUE,TRUE,0.0881430594023931,0.0922721645919694,0.0167395260559146,20,20,32,0,0,,,,,0,93,66,61,0,0,61,13.64,,
"constrained-tmlr-revision-2026-08-13","full",TRUE,16,"perturbed",27,0.1,0.05,"stochastic","precomputed_exact_table","iid",202904700,202904732,100,25000,"budget_exhausted","budget-exhausted",TRUE,178,178,49,29,60,31,60,11,FALSE,0.937409708791888,0.0625902912081115,0.089926762330969,TRUE,TRUE,TRUE,0.0625902912081115,0.0646348363977226,0.0144941614196242,98,59,32,39,0,40,1542,100,1542,0,24980,1629,178,24770,0,24948,95.81,,
"constrained-tmlr-revision-2026-08-13","full",TRUE,16,"perturbed",27,0.2,0.05,"exact","precomputed_exact_table","exact",202904700,202904741,,25000,"certified","bounds-met",TRUE,28,28,19,19,19,0,19,0,TRUE,0.836726825902017,0.163273174097983,0.163273174097978,TRUE,TRUE,TRUE,0.163273174097983,0.178257634640801,0.0342680573879613,9,9,32,0,0,,,,,0,60,44,28,0,0,28,7.16999999999996,,
"constrained-tmlr-revision-2026-08-13","full",TRUE,16,"perturbed",27,0.2,0.05,"stochastic","precomputed_exact_table","iid",202904700,202904742,100,25000,"budget_exhausted","budget-exhausted",TRUE,178,178,19,10,29,19,29,10,FALSE,0.865911865942849,0.134088134057151,0.188057348504986,TRUE,TRUE,TRUE,0.134088134057151,0.143972147027345,0.0342635806572237,98,59,32,39,0,40,1542,100,1542,0,24980,1601,178,24770,0,24948,64.01,,
"constrained-tmlr-revision-2026-08-13","full",TRUE,16,"perturbed",28,0.01,0.05,"exact","precomputed_exact_table","exact",202904800,202904811,,25000,"certified","bounds-met",TRUE,124,124,251,251,251,0,251,0,TRUE,0.990099428555498,0.00990057144450196,0.00990057144450201,TRUE,TRUE,TRUE,0.00990057144450196,0.00994990801220446,0.00300768193997573,41,41,32,0,0,,,,,0,156,108,124,0,0,124,42.24,,
"constrained-tmlr-revision-2026-08-13","full",TRUE,16,"perturbed",28,0.01,0.05,"stochastic","precomputed_exact_table","iid",202904800,202904812,100,25000,"budget_exhausted","budget-exhausted",TRUE,358,358,251,62,506,444,506,255,FALSE,0.997784496274348,0.00221550372565216,0.00974345390348487,TRUE,TRUE,TRUE,0.00221550372565216,0.00221796158496669,0.00145881813239401,260,119,32,141,121,235,1367274,235,2328,0,24457,642,358,24067,0,24425,209.83,,
"constrained-tmlr-revision-2026-08-13","full",TRUE,16,"perturbed",28,0.05,0.05,"exact","precomputed_exact_table","exact",202904800,202904821,,25000,"certified","bounds-met",TRUE,73,73,107,107,107,0,107,0,TRUE,0.951678929293616,0.0483210707063839,0.0483210707063835,TRUE,TRUE,TRUE,0.0483210707063839,0.0495275602207888,0.0146080568852623,24,24,32,0,0,,,,,0,105,74,73,0,0,73,16.29,,
"constrained-tmlr-revision-2026-08-13","full",TRUE,16,"perturbed",28,0.05,0.05,"stochastic","precomputed_exact_table","iid",202904800,202904822,100,25000,"budget_exhausted","budget-exhausted",TRUE,358,358,107,21,289,268,289,182,FALSE,0.992362277109687,0.00763772289031339,0.0487416466221393,TRUE,TRUE,TRUE,0.00763772289031339,0.0076670396667973,0.00329711015552889,260,119,32,141,121,235,1367274,235,2328,0,24457,639,358,24067,0,24425,268.58,,
"constrained-tmlr-revision-2026-08-13","full",TRUE,16,"perturbed",28,0.1,0.05,"exact","precomputed_exact_table","exact",202904800,202904831,,25000,"certified","bounds-met",TRUE,58,58,64,64,64,0,64,0,TRUE,0.902016325349421,0.0979836746505794,0.0979836746505795,TRUE,TRUE,TRUE,0.0979836746505794,0.103122660026292,0.0342102691639535,19,19,32,0,0,,,,,0,90,64,58,0,0,58,21.3100000000001,,
"constrained-tmlr-revision-2026-08-13","full",TRUE,16,"perturbed",28,0.1,0.05,"stochastic","precomputed_exact_table","iid",202904800,202904832,100,25000,"budget_exhausted","budget-exhausted",TRUE,358,358,64,10,210,200,210,146,FALSE,0.984694801167078,0.0153051988329225,0.0979980071013133,TRUE,TRUE,TRUE,0.0153051988329225,0.0154235323532882,0.00659434038598819,260,119,32,141,121,235,1367274,235,2328,0,24457,647,358,24067,0,24425,280.75,,
"constrained-tmlr-revision-2026-08-13","full",TRUE,16,"perturbed",28,0.2,0.05,"exact","precomputed_exact_table","exact",202904800,202904841,,25000,"certified","bounds-met",TRUE,31,31,32,32,32,0,32,0,TRUE,0.835338426240926,0.164661573759074,0.164661573759074,TRUE,TRUE,TRUE,0.164661573759074,0.179918335356163,0.0342212198869604,10,10,32,0,0,,,,,0,63,46,31,0,0,31,11.14,,
"constrained-tmlr-revision-2026-08-13","full",TRUE,16,"perturbed",28,0.2,0.05,"stochastic","precomputed_exact_table","iid",202904800,202904842,100,25000,"budget_exhausted","budget-exhausted",TRUE,358,358,32,10,141,131,141,109,FALSE,0.966293491825432,0.0337065081745676,0.196543268111853,TRUE,TRUE,TRUE,0.0337065081745676,0.0342876691486474,0.0123822763042584,260,119,32,141,121,235,1367274,235,2328,0,24457,633,358,24067,0,24425,351.28,,
"constrained-tmlr-revision-2026-08-13","full",TRUE,16,"perturbed",29,0.01,0.05,"exact","precomputed_exact_table","exact",202904900,202904911,,25000,"certified","bounds-met",TRUE,151,151,204,204,204,0,204,0,TRUE,0.99003244710199,0.00996755289800977,0.00996755289801492,TRUE,TRUE,TRUE,0.00996755289800977,0.0100175615400899,0.00291257448320427,50,50,32,0,0,,,,,0,183,126,151,0,0,151,53.53,,
"constrained-tmlr-revision-2026-08-13","full",TRUE,16,"perturbed",29,0.01,0.05,"stochastic","precomputed_exact_table","iid",202904900,202904912,100,25000,"budget_exhausted","budget-exhausted",TRUE,436,436,204,84,377,293,377,173,FALSE,0.996691680889362,0.003308319110638,0.00980256525874398,TRUE,TRUE,TRUE,0.003308319110638,0.0033138036981582,0.00198700974938662,370,145,32,225,212,1382,4575527,1382,2367,0,24800,501,436,24332,0,24768,429.56,,
"constrained-tmlr-revision-2026-08-13","full",TRUE,16,"perturbed",29,0.05,0.05,"exact","precomputed_exact_table","exact",202904900,202904921,,25000,"certified","bounds-met",TRUE,97,97,106,106,106,0,106,0,TRUE,0.954699101418346,0.045300898581654,0.0453008985816594,TRUE,TRUE,TRUE,0.045300898581654,0.0463590651974612,0.0128249850776869,32,32,32,0,0,,,,,0,129,90,97,0,0,97,18.65,,
"constrained-tmlr-revision-2026-08-13","full",TRUE,16,"perturbed",29,0.05,0.05,"stochastic","precomputed_exact_table","iid",202904900,202904922,100,25000,"budget_exhausted","budget-exhausted",TRUE,436,436,106,21,162,141,162,56,FALSE,0.987189872786077,0.0128101272139231,0.0472271337214982,TRUE,TRUE,TRUE,0.0128101272139231,0.0128928844066504,0.00410633119369221,370,145,32,225,212,1382,4575527,1382,2367,0,24800,496,436,24332,0,24768,500.08,,
"constrained-tmlr-revision-2026-08-13","full",TRUE,16,"perturbed",29,0.1,0.05,"exact","precomputed_exact_table","exact",202904900,202904931,,25000,"certified","bounds-met",TRUE,85,85,63,63,63,0,63,0,TRUE,0.900253410934726,0.0997465890652743,0.0997465890652778,TRUE,TRUE,TRUE,0.0997465890652743,0.105078987585323,0.029773012625458,28,28,32,0,0,,,,,0,117,82,85,0,0,85,39.5899999999999,,
"constrained-tmlr-revision-2026-08-13","full",TRUE,16,"perturbed",29,0.1,0.05,"stochastic","precomputed_exact_table","iid",202904900,202904932,100,25000,"budget_exhausted","budget-exhausted",TRUE,436,436,63,21,130,109,130,67,FALSE,0.97266908894904,0.0273309110509602,0.0774682527451567,TRUE,TRUE,TRUE,0.0273309110509602,0.0277113482186224,0.0159168616065415,370,145,32,225,212,1382,4575527,1382,2367,0,24800,504,436,24332,0,24768,478.01,,
"constrained-tmlr-revision-2026-08-13","full",TRUE,16,"perturbed",29,0.2,0.05,"exact","precomputed_exact_table","exact",202904900,202904941,,25000,"certified","bounds-met",TRUE,31,31,21,21,21,0,21,0,TRUE,0.825545754264238,0.174454245735762,0.174454245735766,TRUE,TRUE,TRUE,0.174454245735762,0.191710591035286,0.03925618339975,10,10,32,0,0,,,,,0,63,46,31,0,0,31,5.23000000000002,,
"constrained-tmlr-revision-2026-08-13","full",TRUE,16,"perturbed",29,0.2,0.05,"stochastic","precomputed_exact_table","iid",202904900,202904942,100,25000,"budget_exhausted","budget-exhausted",TRUE,436,436,21,10,96,86,96,75,FALSE,0.938430309884187,0.0615696901158129,0.187690124001347,TRUE,TRUE,TRUE,0.0615696901158129,0.0635466826289114,0.0297395835514683,370,145,32,225,212,1382,4575527,1382,2367,0,24800,502,436,24332,0,24768,299.71,,
"constrained-tmlr-revision-2026-08-13","full",TRUE,16,"perturbed",30,0.01,0.05,"exact","precomputed_exact_table","exact",202905000,202905011,,25000,"certified","bounds-met",TRUE,130,130,196,196,196,0,196,0,TRUE,0.990060641537855,0.00993935846214522,0.00993935846214894,TRUE,TRUE,TRUE,0.00993935846214522,0.00998908365081472,0.00330045010373666,43,43,32,0,0,,,,,0,162,112,130,0,0,130,77.48,,
"constrained-tmlr-revision-2026-08-13","full",TRUE,16,"perturbed",30,0.01,0.05,"stochastic","precomputed_exact_table","iid",202905000,202905012,100,25000,"budget_exhausted","budget-exhausted",TRUE,343,343,196,51,390,339,390,194,FALSE,0.99738163128713,0.00261836871286991,0.00984161412308727,TRUE,TRUE,TRUE,0.00261836871286991,0.00262180263572203,0.00139327264674387,232,114,32,118,77,51,30203,100,2382,0,24956,1003,343,24581,0,24924,201.64,,
"constrained-tmlr-revision-2026-08-13","full",TRUE,16,"perturbed",30,0.05,0.05,"exact","precomputed_exact_table","exact",202905000,202905021,,25000,"certified","bounds-met",TRUE,64,64,73,73,73,0,73,0,TRUE,0.952780536541896,0.0472194634581042,0.0472194634581077,TRUE,TRUE,TRUE,0.0472194634581042,0.0483706887925404,0.0158503238222152,21,21,32,0,0,,,,,0,96,68,64,0,0,64,24.99,,
"constrained-tmlr-revision-2026-08-13","full",TRUE,16,"perturbed",30,0.05,0.05,"stochastic","precomputed_exact_table","iid",202905000,202905022,100,25000,"budget_exhausted","budget-exhausted",TRUE,343,343,73,10,197,187,197,124,FALSE,0.989298594259047,0.0107014057409526,0.0484166108053113,TRUE,TRUE,TRUE,0.0107014057409526,0.0107590775990345,0.00481798787406721,232,114,32,118,77,51,30203,100,2382,0,24956,1025,343,24581,0,24924,217.47,,
"constrained-tmlr-revision-2026-08-13","full",TRUE,16,"perturbed",30,0.1,0.05,"exact","precomputed_exact_table","exact",202905000,202905031,,25000,"certified","bounds-met",TRUE,61,61,51,51,51,0,51,0,TRUE,0.90967454659745,0.0903254534025496,0.0903254534025529,TRUE,TRUE,TRUE,0.0903254534025496,0.0946683845417754,0.0272256384812625,20,20,32,0,0,,,,,0,93,66,61,0,0,61,26.67,,
"constrained-tmlr-revision-2026-08-13","full",TRUE,16,"perturbed",30,0.1,0.05,"stochastic","precomputed_exact_table","iid",202905000,202905032,100,25000,"budget_exhausted","budget-exhausted",TRUE,343,343,51,10,141,131,141,90,FALSE,0.979781842660102,0.0202181573398984,0.0910129701580783,TRUE,TRUE,TRUE,0.0202181573398984,0.0204253416292073,0.0105639102082638,232,114,32,118,77,51,30203,100,2382,0,24956,982,343,24581,0,24924,328.9,,
"constrained-tmlr-revision-2026-08-13","full",TRUE,16,"perturbed",30,0.2,0.05,"exact","precomputed_exact_table","exact",202905000,202905041,,25000,"certified","bounds-met",TRUE,31,31,21,21,21,0,21,0,TRUE,0.834960620608814,0.165039379391186,0.165039379391191,TRUE,TRUE,TRUE,0.165039379391186,0.180370716190923,0.0404407322583341,10,10,32,0,0,,,,,0,63,46,31,0,0,31,12.0599999999999,,
"constrained-tmlr-revision-2026-08-13","full",TRUE,16,"perturbed",30,0.2,0.05,"stochastic","precomputed_exact_table","iid",202905000,202905042,100,25000,"budget_exhausted","budget-exhausted",TRUE,343,343,21,10,106,96,106,85,FALSE,0.966364071962619,0.0336359280373815,0.187709564059186,TRUE,TRUE,TRUE,0.0336359280373815,0.0342146296836745,0.0112399388491201,232,114,32,118,77,51,30203,100,2382,0,24956,979,343,24581,0,24924,309.04,,
"constrained-tmlr-revision-2026-08-13","full",TRUE,16,"perturbed",31,0.01,0.05,"exact","precomputed_exact_table","exact",202905100,202905111,,25000,"certified","bounds-met",TRUE,112,112,136,136,136,0,136,0,TRUE,0.990580661524662,0.00941933847533794,0.00941933847533635,TRUE,TRUE,TRUE,0.00941933847533794,0.00946398100052454,0.00255589516991946,37,37,32,0,0,,,,,0,144,100,112,0,0,112,39.89,,
"constrained-tmlr-revision-2026-08-13","full",TRUE,16,"perturbed",31,0.01,0.05,"stochastic","precomputed_exact_table","iid",202905100,202905112,100,25000,"budget_exhausted","budget-exhausted",TRUE,214,214,136,51,238,187,238,102,FALSE,0.996934623710294,0.00306537628970582,0.00953408151337602,TRUE,TRUE,TRUE,0.00306537628970582,0.00307008417903447,0.0012034003888483,121,71,32,50,34,368,33911,368,2431,0,24426,447,214,24180,0,24394,85.97,,
"constrained-tmlr-revision-2026-08-13","full",TRUE,16,"perturbed",31,0.05,0.05,"exact","precomputed_exact_table","exact",202905100,202905121,,25000,"certified","bounds-met",TRUE,61,61,62,62,62,0,62,0,TRUE,0.963204934615125,0.0367950653848753,0.036795065384874,TRUE,TRUE,TRUE,0.0367950653848753,0.037489081293772,0.0134122943200062,20,20,32,0,0,,,,,0,93,66,61,0,0,61,22.86,,
"constrained-tmlr-revision-2026-08-13","full",TRUE,16,"perturbed",31,0.05,0.05,"stochastic","precomputed_exact_table","iid",202905100,202905122,100,25000,"budget_exhausted","budget-exhausted",TRUE,214,214,62,10,129,119,129,67,FALSE,0.989223997995341,0.0107760020046588,0.0497391673101676,TRUE,TRUE,TRUE,0.0107760020046588,0.0108344836257673,0.00413318830381747,121,71,32,50,34,368,33911,368,2431,0,24426,437,214,24180,0,24394,140.68,,
"constrained-tmlr-revision-2026-08-13","full",TRUE,16,"perturbed",31,0.1,0.05,"exact","precomputed_exact_table","exact",202905100,202905131,,25000,"certified","bounds-met",TRUE,52,52,40,40,40,0,40,0,TRUE,0.908940248125512,0.091059751874488,0.0910597518744868,TRUE,TRUE,TRUE,0.091059751874488,0.0954759206005086,0.0197825930294965,17,17,32,0,0,,,,,0,84,60,52,0,0,52,21.25,,
"constrained-tmlr-revision-2026-08-13","full",TRUE,16,"perturbed",31,0.1,0.05,"stochastic","precomputed_exact_table","iid",202905100,202905132,100,25000,"budget_exhausted","budget-exhausted",TRUE,214,214,40,10,73,63,73,33,FALSE,0.984254727803911,0.0157452721960895,0.0869386286482783,TRUE,TRUE,TRUE,0.0157452721960895,0.0158705457114467,0.00528957486199928,121,71,32,50,34,368,33911,368,2431,0,24426,442,214,24180,0,24394,91.81,,
"constrained-tmlr-revision-2026-08-13","full",TRUE,16,"perturbed",31,0.2,0.05,"exact","precomputed_exact_table","exact",202905100,202905141,,25000,"certified","bounds-met",TRUE,19,19,10,10,10,0,10,0,TRUE,0.821821717481259,0.178178282518741,0.178178282518739,TRUE,TRUE,TRUE,0.178178282518741,0.196231796158645,0.0408752959026998,6,6,32,0,0,,,,,0,51,38,19,0,0,19,5.02999999999997,,
"constrained-tmlr-revision-2026-08-13","full",TRUE,16,"perturbed",31,0.2,0.05,"stochastic","precomputed_exact_table","iid",202905100,202905142,100,25000,"budget_exhausted","budget-exhausted",TRUE,214,214,10,10,53,43,53,43,FALSE,0.926016368220185,0.0739836317798155,0.191656531426011,TRUE,TRUE,TRUE,0.0739836317798155,0.0768633682284828,0.040873104263428,121,71,32,50,34,368,33911,368,2431,0,24426,436,214,24180,0,24394,144.59,,
"constrained-tmlr-revision-2026-08-13","full",TRUE,16,"perturbed",32,0.01,0.05,"exact","precomputed_exact_table","exact",202905200,202905211,,25000,"certified","bounds-met",TRUE,127,127,193,193,193,0,193,0,TRUE,0.990592844304075,0.0094071556959251,0.00940715569592998,TRUE,TRUE,TRUE,0.0094071556959251,0.00945168245183392,0.00327024663618752,42,42,32,0,0,,,,,0,159,110,127,0,0,127,56.26,,
"constrained-tmlr-revision-2026-08-13","full",TRUE,16,"perturbed",32,0.01,0.05,"stochastic","precomputed_exact_table","iid",202905200,202905212,100,25000,"budget_exhausted","budget-exhausted",TRUE,664,664,193,30,561,531,561,368,FALSE,0.999353991597193,0.00064600840280693,0.00987736027496174,TRUE,TRUE,TRUE,0.00064600840280693,0.000646217156144294,0.000252651065858867,599,221,32,378,367,939,3526706,939,2478,0,24617,618,664,23921,0,24585,1251.19,,
"constrained-tmlr-revision-2026-08-13","full",TRUE,16,"perturbed",32,0.05,0.05,"exact","precomputed_exact_table","exact",202905200,202905221,,25000,"certified","bounds-met",TRUE,64,64,73,73,73,0,73,0,TRUE,0.953705818352002,0.0462941816479979,0.0462941816480025,TRUE,TRUE,TRUE,0.0462941816479979,0.0474000215959137,0.0159788677764861,21,21,32,0,0,,,,,0,96,68,64,0,0,64,13.97,,
"constrained-tmlr-revision-2026-08-13","full",TRUE,16,"perturbed",32,0.05,0.05,"stochastic","precomputed_exact_table","iid",202905200,202905222,100,25000,"budget_exhausted","budget-exhausted",TRUE,664,664,73,10,327,317,327,254,FALSE,0.997033332516804,0.00296666748319574,0.0498334344768405,TRUE,TRUE,TRUE,0.00296666748319574,0.00297107676391282,0.00119987475105476,599,221,32,378,367,939,3526706,939,2478,0,24617,620,664,23921,0,24585,700.66,,
"constrained-tmlr-revision-2026-08-13","full",TRUE,16,"perturbed",32,0.1,0.05,"exact","precomputed_exact_table","exact",202905200,202905231,,25000,"certified","bounds-met",TRUE,61,61,51,51,51,0,51,0,TRUE,0.917360791777856,0.0826392082221443,0.0826392082221484,TRUE,TRUE,TRUE,0.0826392082221443,0.086254436147621,0.0205378796195314,20,20,32,0,0,,,,,0,93,66,61,0,0,61,20.0799999999999,,
"constrained-tmlr-revision-2026-08-13","full",TRUE,16,"perturbed",32,0.1,0.05,"stochastic","precomputed_exact_table","iid",202905200,202905232,100,25000,"budget_exhausted","budget-exhausted",TRUE,664,664,51,10,238,228,238,187,FALSE,0.994100472402791,0.00589952759720902,0.0976356773319157,TRUE,TRUE,TRUE,0.00589952759720902,0.00591699855764113,0.00200236070234464,599,221,32,378,367,939,3526706,939,2478,0,24617,611,664,23921,0,24585,711.91,,
"constrained-tmlr-revision-2026-08-13","full",TRUE,16,"perturbed",32,0.2,0.05,"exact","precomputed_exact_table","exact",202905200,202905241,,25000,"certified","bounds-met",TRUE,31,31,21,21,21,0,21,0,TRUE,0.828530596295005,0.171469403704995,0.171469403704999,TRUE,TRUE,TRUE,0.171469403704995,0.18810151305087,0.0405337027161679,10,10,32,0,0,,,,,0,63,46,31,0,0,31,10.8899999999999,,
"constrained-tmlr-revision-2026-08-13","full",TRUE,16,"perturbed",32,0.2,0.05,"stochastic","precomputed_exact_table","iid",202905200,202905242,100,25000,"budget_exhausted","budget-exhausted",TRUE,664,664,21,10,162,152,162,141,FALSE,0.987357552258464,0.012642447741536,0.190383535153077,TRUE,TRUE,TRUE,0.012642447741536,0.0127230434895234,0.0038233169970856,599,221,32,378,367,939,3526706,939,2478,0,24617,611,664,23921,0,24585,964.55,,
"constrained-tmlr-revision-2026-08-13","full",TRUE,16,"perturbed",33,0.01,0.05,"exact","precomputed_exact_table","exact",202905300,202905311,,25000,"certified","bounds-met",TRUE,124,124,169,169,169,0,169,0,TRUE,0.990069682411034,0.00993031758896568,0.00993031758896582,TRUE,TRUE,TRUE,0.00993031758896568,0.00997995205672693,0.00272931813725859,41,41,32,0,0,,,,,0,156,108,124,0,0,124,65.34,,
"constrained-tmlr-revision-2026-08-13","full",TRUE,16,"perturbed",33,0.01,0.05,"stochastic","precomputed_exact_table","iid",202905300,202905312,100,25000,"budget_exhausted","budget-exhausted",TRUE,232,232,169,51,280,229,280,111,FALSE,0.998192893646616,0.00180710635338377,0.00960300071589528,TRUE,TRUE,TRUE,0.00180710635338377,0.00180874113985554,0.000645208710908098,126,77,32,49,25,24,19916,100,2042,0,24735,727,232,24471,0,24703,156.96,,
"constrained-tmlr-revision-2026-08-13","full",TRUE,16,"perturbed",33,0.05,0.05,"exact","precomputed_exact_table","exact",202905300,202905321,,25000,"certified","bounds-met",TRUE,64,64,62,62,62,0,62,0,TRUE,0.953526748607159,0.046473251392841,0.0464732513928411,TRUE,TRUE,TRUE,0.046473251392841,0.0475878012599898,0.0149989435413611,21,21,32,0,0,,,,,0,96,68,64,0,0,64,28.75,,
"constrained-tmlr-revision-2026-08-13","full",TRUE,16,"perturbed",33,0.05,0.05,"stochastic","precomputed_exact_table","iid",202905300,202905322,100,25000,"budget_exhausted","budget-exhausted",TRUE,232,232,62,10,161,151,161,99,FALSE,0.986825869343169,0.0131741306568308,0.0468608190106281,TRUE,TRUE,TRUE,0.0131741306568308,0.0132616792842847,0.00685985637668947,126,77,32,49,25,24,19916,100,2042,0,24735,707,232,24471,0,24703,108.08,,
"constrained-tmlr-revision-2026-08-13","full",TRUE,16,"perturbed",33,0.1,0.05,"exact","precomputed_exact_table","exact",202905300,202905331,,25000,"certified","bounds-met",TRUE,58,58,41,41,41,0,41,0,TRUE,0.906764454125338,0.093235545874662,0.0932355458746625,TRUE,TRUE,TRUE,0.093235545874662,0.0978725603612972,0.018947184154314,19,19,32,0,0,,,,,0,90,64,58,0,0,58,22.95,,
"constrained-tmlr-revision-2026-08-13","full",TRUE,16,"perturbed",33,0.1,0.05,"stochastic","precomputed_exact_table","iid",202905300,202905332,100,25000,"budget_exhausted","budget-exhausted",TRUE,232,232,41,10,105,95,105,64,FALSE,0.981829201976605,0.0181707980233952,0.0988231169686985,TRUE,TRUE,TRUE,0.0181707980233952,0.0183379144957569,0.00668573108551546,126,77,32,49,25,24,19916,100,2042,0,24735,735,232,24471,0,24703,168.61,,
"constrained-tmlr-revision-2026-08-13","full",TRUE,16,"perturbed",33,0.2,0.05,"exact","precomputed_exact_table","exact",202905300,202905341,,25000,"certified","bounds-met",TRUE,49,49,20,20,20,0,20,0,TRUE,0.821989080511075,0.178010919488925,0.178010919488926,TRUE,TRUE,TRUE,0.178010919488925,0.196028168063978,0.037799214074716,16,16,32,0,0,,,,,0,81,58,49,0,0,49,19.4299999999999,,
"constrained-tmlr-revision-2026-08-13","full",TRUE,16,"perturbed",33,0.2,0.05,"stochastic","precomputed_exact_table","iid",202905300,202905342,100,25000,"budget_exhausted","budget-exhausted",TRUE,232,232,20,10,63,53,63,43,FALSE,0.954789693863225,0.0452103061367748,0.181411862649135,TRUE,TRUE,TRUE,0.0452103061367748,0.0462641786025034,0.0183721797479119,126,77,32,49,25,24,19916,100,2042,0,24735,736,232,24471,0,24703,173.43,,
"constrained-tmlr-revision-2026-08-13","full",TRUE,16,"perturbed",34,0.01,0.05,"exact","precomputed_exact_table","exact",202905400,202905411,,25000,"certified","bounds-met",TRUE,106,106,161,161,161,0,161,0,TRUE,0.990058633994242,0.00994136600575757,0.00994136600576161,TRUE,TRUE,TRUE,0.00994136600575757,0.0099911113504964,0.00286313470700798,35,35,32,0,0,,,,,0,138,96,106,0,0,106,59.65,,
"constrained-tmlr-revision-2026-08-13","full",TRUE,16,"perturbed",34,0.01,0.05,"stochastic","precomputed_exact_table","iid",202905400,202905412,100,25000,"budget_exhausted","budget-exhausted",TRUE,337,337,161,62,237,175,237,76,FALSE,0.99622464595863,0.00377535404137008,0.0092532257942817,TRUE,TRUE,TRUE,0.00377535404137008,0.00378249867846418,0.0016268679262971,223,112,32,111,86,140,68213,140,2497,0,24733,587,337,24364,0,24701,242.58,,
"constrained-tmlr-revision-2026-08-13","full",TRUE,16,"perturbed",34,0.05,0.05,"exact","precomputed_exact_table","exact",202905400,202905421,,25000,"certified","bounds-met",TRUE,61,61,62,62,62,0,62,0,TRUE,0.957789029356685,0.042210970643315,0.0422109706433194,TRUE,TRUE,TRUE,0.042210970643315,0.0431277451414339,0.0146996680498059,20,20,32,0,0,,,,,0,93,66,61,0,0,61,13.32,,
"constrained-tmlr-revision-2026-08-13","full",TRUE,16,"perturbed",34,0.05,0.05,"stochastic","precomputed_exact_table","iid",202905400,202905422,100,25000,"budget_exhausted","budget-exhausted",TRUE,337,337,62,30,94,64,94,32,FALSE,0.981662204239867,0.0183377957601325,0.0482766057553283,TRUE,TRUE,TRUE,0.0183377957601325,0.0185080173407313,0.00436261857596598,223,112,32,111,86,140,68213,140,2497,0,24733,586,337,24364,0,24701,294.11,,
"constrained-tmlr-revision-2026-08-13","full",TRUE,16,"perturbed",34,0.1,0.05,"exact","precomputed_exact_table","exact",202905400,202905431,,25000,"certified","bounds-met",TRUE,55,55,41,41,41,0,41,0,TRUE,0.901714872905423,0.0982851270945769,0.0982851270945815,TRUE,TRUE,TRUE,0.0982851270945769,0.103456914317725,0.0287720433968666,18,18,32,0,0,,,,,0,87,62,55,0,0,55,18.11,,
"constrained-tmlr-revision-2026-08-13","full",TRUE,16,"perturbed",34,0.1,0.05,"stochastic","precomputed_exact_table","iid",202905400,202905432,100,25000,"budget_exhausted","budget-exhausted",TRUE,337,337,41,10,73,63,73,32,FALSE,0.978871486281989,0.0211285137180109,0.0557486811973491,TRUE,TRUE,TRUE,0.0211285137180109,0.0213549154646732,0.00616558523362094,223,112,32,111,86,140,68213,140,2497,0,24733,599,337,24364,0,24701,289.19,,
"constrained-tmlr-revision-2026-08-13","full",TRUE,16,"perturbed",34,0.2,0.05,"exact","precomputed_exact_table","exact",202905400,202905441,,25000,"certified","bounds-met",TRUE,49,49,20,20,20,0,20,0,TRUE,0.829755108341733,0.170244891658267,0.170244891658273,TRUE,TRUE,TRUE,0.170244891658267,0.186624671918048,0.0323187209540961,16,16,32,0,0,,,,,0,81,58,49,0,0,49,18.6600000000001,,
"constrained-tmlr-revision-2026-08-13","full",TRUE,16,"perturbed",34,0.2,0.05,"stochastic","precomputed_exact_table","iid",202905400,202905442,100,25000,"budget_exhausted","budget-exhausted",TRUE,337,337,20,10,51,41,51,31,FALSE,0.928335330901686,0.0716646690983137,0.176787744698803,TRUE,TRUE,TRUE,0.0716646690983137,0.0743622635119821,0.0208591296547555,223,112,32,111,86,140,68213,140,2497,0,24733,593,337,24364,0,24701,240.56,,
"constrained-tmlr-revision-2026-08-13","full",TRUE,16,"perturbed",35,0.01,0.05,"exact","precomputed_exact_table","exact",202905500,202905511,,25000,"certified","bounds-met",TRUE,106,106,147,147,147,0,147,0,TRUE,0.990094354142382,0.00990564585761822,0.00990564585762181,TRUE,TRUE,TRUE,0.00990564585761822,0.00995503318041841,0.00268047797459271,35,35,32,0,0,,,,,0,138,96,106,0,0,106,71.19,,
"constrained-tmlr-revision-2026-08-13","full",TRUE,16,"perturbed",35,0.01,0.05,"stochastic","precomputed_exact_table","iid",202905500,202905512,100,25000,"budget_exhausted","budget-exhausted",TRUE,247,247,147,104,191,87,191,44,FALSE,0.99344225697098,0.00655774302902035,0.00980854059841281,TRUE,TRUE,TRUE,0.00655774302902035,0.00657933949365887,0.00227574018607069,144,82,32,62,2,13,2773,100,2443,0,23879,1518,247,23600,0,23847,158.29,,
"constrained-tmlr-revision-2026-08-13","full",TRUE,16,"perturbed",35,0.05,0.05,"exact","precomputed_exact_table","exact",202905500,202905521,,25000,"certified","bounds-met",TRUE,61,61,62,62,62,0,62,0,TRUE,0.959530541266548,0.0404694587334523,0.0404694587334559,TRUE,TRUE,TRUE,0.0404694587334523,0.0413111336433062,0.0142556286098542,20,20,32,0,0,,,,,0,93,66,61,0,0,61,13.3,,
"constrained-tmlr-revision-2026-08-13","full",TRUE,16,"perturbed",35,0.05,0.05,"stochastic","precomputed_exact_table","iid",202905500,202905522,100,25000,"budget_exhausted","budget-exhausted",TRUE,247,247,62,51,73,22,73,11,FALSE,0.981576882475125,0.0184231175248748,0.0280331162050165,TRUE,TRUE,TRUE,0.0184231175248748,0.0185949367234731,0.00437505795267252,144,82,32,62,2,13,2773,100,2443,0,23879,1489,247,23600,0,23847,140.66,,
"constrained-tmlr-revision-2026-08-13","full",TRUE,16,"perturbed",35,0.1,0.05,"exact","precomputed_exact_table","exact",202905500,202905531,,25000,"certified","bounds-met",TRUE,52,52,41,41,41,0,41,0,TRUE,0.91131553699964,0.08868446300036,0.0886844630003633,TRUE,TRUE,TRUE,0.08868446300036,0.0928660783555149,0.0263851472836252,17,17,32,0,0,,,,,0,84,60,52,0,0,52,21.1900000000001,,
"constrained-tmlr-revision-2026-08-13","full",TRUE,16,"perturbed",35,0.1,0.05,"stochastic","precomputed_exact_table","iid",202905500,202905532,100,25000,"budget_exhausted","budget-exhausted",TRUE,247,247,41,30,51,21,51,10,FALSE,0.937007894763744,0.0629921052362558,0.0914934982179319,TRUE,TRUE,TRUE,0.0629921052362558,0.0650635712042427,0.016679413285192,144,82,32,62,2,13,2773,100,2443,0,23879,1501,247,23600,0,23847,193.52,,
"constrained-tmlr-revision-2026-08-13","full",TRUE,16,"perturbed",35,0.2,0.05,"exact","precomputed_exact_table","exact",202905500,202905541,,25000,"certified","bounds-met",TRUE,19,19,10,10,10,0,10,0,TRUE,0.814335977600412,0.185664022399588,0.185664022399593,TRUE,TRUE,TRUE,0.185664022399588,0.205382249242135,0.028697274384905,6,6,32,0,0,,,,,0,51,38,19,0,0,19,6.40999999999997,,
"constrained-tmlr-revision-2026-08-13","full",TRUE,16,"perturbed",35,0.2,0.05,"stochastic","precomputed_exact_table","iid",202905500,202905542,100,25000,"budget_exhausted","budget-exhausted",TRUE,247,247,10,10,30,20,30,20,FALSE,0.872826803411315,0.127173196588685,0.178867359391978,TRUE,TRUE,TRUE,0.127173196588685,0.136018135251818,0.0267126990937737,144,82,32,62,2,13,2773,100,2443,0,23879,1509,247,23600,0,23847,197.75,,
"constrained-tmlr-revision-2026-08-13","full",TRUE,16,"perturbed",36,0.01,0.05,"exact","precomputed_exact_table","exact",202905600,202905611,,25000,"certified","bounds-met",TRUE,118,118,173,173,173,0,173,0,TRUE,0.990200923554701,0.00979907644529898,0.00979907644529635,TRUE,TRUE,TRUE,0.00979907644529898,0.00984740336013621,0.00360175314922596,39,39,32,0,0,,,,,0,150,104,118,0,0,118,38.39,,
"constrained-tmlr-revision-2026-08-13","full",TRUE,16,"perturbed",36,0.01,0.05,"stochastic","precomputed_exact_table","iid",202905600,202905612,100,25000,"budget_exhausted","budget-exhausted",TRUE,178,178,173,127,261,134,261,88,FALSE,0.996226354230181,0.00377364576981931,0.00985383694858744,TRUE,TRUE,TRUE,0.00377364576981931,0.0037807839346129,0.0014644354636455,88,59,32,29,3,42,6756,100,2201,0,23951,757,178,23741,0,23919,102.54,,
"constrained-tmlr-revision-2026-08-13","full",TRUE,16,"perturbed",36,0.05,0.05,"exact","precomputed_exact_table","exact",202905600,202905621,,25000,"certified","bounds-met",TRUE,67,67,73,73,73,0,73,0,TRUE,0.968724100821766,0.0312758991782336,0.0312758991782312,TRUE,TRUE,TRUE,0.0312758991782336,0.031775433307553,0.0141637316552922,22,22,32,0,0,,,,,0,99,70,67,0,0,67,33.8,,
"constrained-tmlr-revision-2026-08-13","full",TRUE,16,"perturbed",36,0.05,0.05,"stochastic","precomputed_exact_table","iid",202905600,202905622,100,25000,"budget_exhausted","budget-exhausted",TRUE,172,172,73,52,84,32,84,11,FALSE,0.977415426074648,0.0225845739253518,0.0392168124469845,TRUE,TRUE,TRUE,0.0225845739253518,0.0228435115054888,0.00694510521503961,86,57,32,29,3,42,6756,100,2201,0,23945,743,172,23741,0,23913,110.75,,
"constrained-tmlr-revision-2026-08-13","full",TRUE,16,"perturbed",36,0.1,0.05,"exact","precomputed_exact_table","exact",202905600,202905631,,25000,"certified","bounds-met",TRUE,46,46,42,42,42,0,42,0,TRUE,0.902899811594297,0.0971001884057034,0.0971001884057,TRUE,TRUE,TRUE,0.0971001884057034,0.102143682336023,0.0208493412020534,15,15,32,0,0,,,,,0,78,56,46,0,0,46,19.6999999999999,,
"constrained-tmlr-revision-2026-08-13","full",TRUE,16,"perturbed",36,0.1,0.05,"stochastic","precomputed_exact_table","iid",202905600,202905632,100,25000,"budget_exhausted","budget-exhausted",TRUE,172,172,42,31,73,42,73,31,FALSE,0.954746025368756,0.0452539746312436,0.0717884077717247,TRUE,TRUE,TRUE,0.0452539746312436,0.0463099158925018,0.0151501685986402,86,57,32,29,3,42,6756,100,2201,0,23945,752,172,23741,0,23913,116.72,,
"constrained-tmlr-revision-2026-08-13","full",TRUE,16,"perturbed",36,0.2,0.05,"exact","precomputed_exact_table","exact",202905600,202905641,,25000,"certified","bounds-met",TRUE,49,49,20,20,20,0,20,0,TRUE,0.813013624982013,0.186986375017987,0.186986375017985,TRUE,TRUE,TRUE,0.186986375017987,0.20700741067929,0.0420900076257317,16,16,32,0,0,,,,,0,81,58,49,0,0,49,22.7800000000001,,
"constrained-tmlr-revision-2026-08-13","full",TRUE,16,"perturbed",36,0.2,0.05,"stochastic","precomputed_exact_table","iid",202905600,202905642,100,25000,"budget_exhausted","budget-exhausted",TRUE,172,172,20,10,41,31,41,21,FALSE,0.895839546438021,0.104160453561979,0.171691459195562,TRUE,TRUE,TRUE,0.104160453561979,0.109993959679658,0.0336832096284153,86,57,32,29,3,42,6756,100,2201,0,23945,754,172,23741,0,23913,112.88,,
"constrained-tmlr-revision-2026-08-13","full",TRUE,16,"perturbed",37,0.01,0.05,"exact","precomputed_exact_table","exact",202905700,202905711,,25000,"certified","bounds-met",TRUE,172,172,339,339,339,0,339,0,TRUE,0.990201149106171,0.00979885089382859,0.00979885089382404,TRUE,TRUE,TRUE,0.00979885089382859,0.00984717557662345,0.0051684845600754,57,57,32,0,0,,,,,0,204,140,172,0,0,172,88.1,,
"constrained-tmlr-revision-2026-08-13","full",TRUE,16,"perturbed",37,0.01,0.05,"stochastic","precomputed_exact_table","iid",202905700,202905712,100,25000,"budget_exhausted","budget-exhausted",TRUE,619,619,339,10,968,958,968,629,FALSE,0.999364707884476,0.000635292115524377,0.00983410552683034,TRUE,TRUE,TRUE,0.000635292115524377,0.000635493999068278,0.00036056922074694,501,206,32,295,263,55,1752536587,100,2461,0,23245,720,619,22594,0,23213,944.22,,
"constrained-tmlr-revision-2026-08-13","full",TRUE,16,"perturbed",37,0.05,0.05,"exact","precomputed_exact_table","exact",202905700,202905721,,25000,"certified","bounds-met",TRUE,109,109,137,137,137,0,137,0,TRUE,0.956296089481208,0.0437039105187916,0.0437039105187878,TRUE,TRUE,TRUE,0.0437039105187916,0.0446876968526017,0.0192494185459319,36,36,32,0,0,,,,,0,141,98,109,0,0,109,22.7,,
"constrained-tmlr-revision-2026-08-13","full",TRUE,16,"perturbed",37,0.05,0.05,"stochastic","precomputed_exact_table","iid",202905700,202905722,100,25000,"budget_exhausted","budget-exhausted",TRUE,619,619,137,10,674,664,674,537,FALSE,0.996586430722948,0.00341356927705239,0.0497702839225099,TRUE,TRUE,TRUE,0.00341356927705239,0.00341940879751593,0.00208134509464381,501,206,32,295,263,55,1752536587,100,2461,0,23245,713,619,22594,0,23213,533.9,,
"constrained-tmlr-revision-2026-08-13","full",TRUE,16,"perturbed",37,0.1,0.05,"exact","precomputed_exact_table","exact",202905700,202905731,,25000,"certified","bounds-met",TRUE,67,67,84,84,84,0,84,0,TRUE,0.901975175082615,0.0980248249173847,0.0980248249173805,TRUE,TRUE,TRUE,0.0980248249173847,0.103168281379611,0.0411509997455601,22,22,32,0,0,,,,,0,99,70,67,0,0,67,10.5899999999999,,
"constrained-tmlr-revision-2026-08-13","full",TRUE,16,"perturbed",37,0.1,0.05,"stochastic","precomputed_exact_table","iid",202905700,202905732,100,25000,"budget_exhausted","budget-exhausted",TRUE,619,619,84,10,554,544,554,470,FALSE,0.995410755900018,0.00458924409998174,0.0998139682657146,TRUE,TRUE,TRUE,0.00458924409998174,0.00459980701025842,0.00241362805468559,501,206,32,295,263,55,1752536587,100,2461,0,23245,714,619,22594,0,23213,539.36,,
"constrained-tmlr-revision-2026-08-13","full",TRUE,16,"perturbed",37,0.2,0.05,"exact","precomputed_exact_table","exact",202905700,202905741,,25000,"certified","bounds-met",TRUE,58,58,41,41,41,0,41,0,TRUE,0.807151820251774,0.192848179748226,0.192848179748221,TRUE,TRUE,TRUE,0.192848179748226,0.214243499221909,0.0664726699406305,19,19,32,0,0,,,,,0,90,64,58,0,0,58,9.65999999999985,,
"constrained-tmlr-revision-2026-08-13","full",TRUE,16,"perturbed",37,0.2,0.05,"stochastic","precomputed_exact_table","iid",202905700,202905742,100,25000,"budget_exhausted","budget-exhausted",TRUE,619,619,41,10,438,428,438,397,FALSE,0.990096207004841,0.00990379299515876,0.198676598479338,TRUE,TRUE,TRUE,0.00990379299515876,0.0099531617822855,0.00531543519834893,501,206,32,295,263,55,1752536587,100,2461,0,23245,722,619,22594,0,23213,828.53,,
"constrained-tmlr-revision-2026-08-13","full",TRUE,16,"perturbed",38,0.01,0.05,"exact","precomputed_exact_table","exact",202905800,202905811,,25000,"certified","bounds-met",TRUE,169,169,270,270,270,0,270,0,TRUE,0.990020913104786,0.00997908689521354,0.00997908689521614,TRUE,TRUE,TRUE,0.00997908689521354,0.0100292117283482,0.00336870516237892,56,56,32,0,0,,,,,0,201,137,169,0,0,169,117.64,,
"constrained-tmlr-revision-2026-08-13","full",TRUE,16,"perturbed",38,0.01,0.05,"stochastic","precomputed_exact_table","iid",202905800,202905812,100,25000,"budget_exhausted","budget-exhausted",TRUE,223,223,270,141,Inf,Inf,Inf,Inf,FALSE,0,1,1,TRUE,FALSE,TRUE,1,Inf,,114,74,32,40,7,27,6853,100,2322,0,24892,984,223,24637,0,24860,162.14,,
"constrained-tmlr-revision-2026-08-13","full",TRUE,16,"perturbed",38,0.05,0.05,"exact","precomputed_exact_table","exact",202905800,202905821,,25000,"certified","bounds-met",TRUE,100,100,117,117,117,0,117,0,TRUE,0.953477100204445,0.0465228997955547,0.0465228997955571,TRUE,TRUE,TRUE,0.0465228997955547,0.0476398707959332,0.0122949617581545,33,33,32,0,0,,,,,0,132,92,100,0,0,100,45.34,,
"constrained-tmlr-revision-2026-08-13","full",TRUE,16,"perturbed",38,0.05,0.05,"stochastic","precomputed_exact_table","iid",202905800,202905822,100,25000,"budget_exhausted","budget-exhausted",TRUE,223,223,117,63,141,78,141,24,FALSE,0.978259033362973,0.0217409666370267,0.0471484785328252,TRUE,TRUE,TRUE,0.0217409666370267,0.0219807837272753,0.00808198933602745,114,74,32,40,7,27,6853,100,2322,0,24892,989,223,24637,0,24860,157.19,,
"constrained-tmlr-revision-2026-08-13","full",TRUE,16,"perturbed",38,0.1,0.05,"exact","precomputed_exact_table","exact",202905800,202905831,,25000,"certified","bounds-met",TRUE,67,67,73,73,73,0,73,0,TRUE,0.902725486140232,0.0972745138597684,0.09727451385977,TRUE,TRUE,TRUE,0.0972745138597684,0.102336773842689,0.0392983562784363,22,22,32,0,0,,,,,0,99,70,67,0,0,67,26.76,,
"constrained-tmlr-revision-2026-08-13","full",TRUE,16,"perturbed",38,0.1,0.05,"stochastic","precomputed_exact_table","iid",202905800,202905832,100,25000,"budget_exhausted","budget-exhausted",TRUE,223,223,73,21,118,97,118,45,FALSE,0.957063760621038,0.0429362393789623,0.0814203462186301,TRUE,TRUE,TRUE,0.0429362393789623,0.0438852642302383,0.0118747442458342,114,74,32,40,7,27,6853,100,2322,0,24892,1007,223,24637,0,24860,121.65,,
"constrained-tmlr-revision-2026-08-13","full",TRUE,16,"perturbed",38,0.2,0.05,"exact","precomputed_exact_table","exact",202905800,202905841,,25000,"certified","bounds-met",TRUE,52,52,31,31,31,0,31,0,TRUE,0.820885840483453,0.179114159516547,0.17911415951655,TRUE,TRUE,TRUE,0.179114159516547,0.197371228548206,0.0439529419306601,17,17,32,0,0,,,,,0,84,60,52,0,0,52,14.46,,
"constrained-tmlr-revision-2026-08-13","full",TRUE,16,"perturbed",38,0.2,0.05,"stochastic","precomputed_exact_table","iid",202905800,202905842,100,25000,"budget_exhausted","budget-exhausted",TRUE,223,223,31,21,74,53,74,43,FALSE,0.895976753153684,0.104023246846316,0.192512170833595,TRUE,TRUE,TRUE,0.104023246846316,0.109840811484766,0.0271854712751203,114,74,32,40,7,27,6853,100,2322,0,24892,982,223,24637,0,24860,93.9300000000001,,
"constrained-tmlr-revision-2026-08-13","full",TRUE,16,"perturbed",39,0.01,0.05,"exact","precomputed_exact_table","exact",202905900,202905911,,25000,"certified","bounds-met",TRUE,127,127,180,180,180,0,180,0,TRUE,0.990558398338401,0.00944160166159946,0.00944160166160167,TRUE,TRUE,TRUE,0.00944160166159946,0.00948645613789728,0.00255554455259573,42,42,32,0,0,,,,,0,159,110,127,0,0,127,81.22,,
"constrained-tmlr-revision-2026-08-13","full",TRUE,16,"perturbed",39,0.01,0.05,"stochastic","precomputed_exact_table","iid",202905900,202905912,100,25000,"budget_exhausted","budget-exhausted",TRUE,589,589,180,31,407,376,407,227,FALSE,0.998261078898283,0.00173892110171736,0.00987308662777769,TRUE,TRUE,TRUE,0.00173892110171736,0.00174043478004901,0.000924798718281217,533,196,32,337,325,479,6160340,479,2495,0,24222,530,589,23601,0,24190,829.25,,
"constrained-tmlr-revision-2026-08-13","full",TRUE,16,"perturbed",39,0.05,0.05,"exact","precomputed_exact_table","exact",202905900,202905921,,25000,"certified","bounds-met",TRUE,64,64,73,73,73,0,73,0,TRUE,0.963315140457109,0.0366848595428909,0.036684859542893,TRUE,TRUE,TRUE,0.0366848595428909,0.0373746720607402,0.0124588026538454,21,21,32,0,0,,,,,0,96,68,64,0,0,64,13.55,,
"constrained-tmlr-revision-2026-08-13","full",TRUE,16,"perturbed",39,0.05,0.05,"stochastic","precomputed_exact_table","iid",202905900,202905922,100,25000,"budget_exhausted","budget-exhausted",TRUE,589,589,73,10,226,216,226,153,FALSE,0.992713829397411,0.00728617060258896,0.0487248881208611,TRUE,TRUE,TRUE,0.00728617060258896,0.00731284438909752,0.00352333701080188,533,196,32,337,325,479,6160340,479,2495,0,24222,519,589,23601,0,24190,560.85,,
"constrained-tmlr-revision-2026-08-13","full",TRUE,16,"perturbed",39,0.1,0.05,"exact","precomputed_exact_table","exact",202905900,202905931,,25000,"certified","bounds-met",TRUE,70,70,50,50,50,0,50,0,TRUE,0.900000437395466,0.0999995626045342,0.0999995626045366,TRUE,TRUE,TRUE,0.0999995626045342,0.105360029662982,0.0273965925646262,23,23,32,0,0,,,,,0,102,72,70,0,0,70,14.0899999999999,,
"constrained-tmlr-revision-2026-08-13","full",TRUE,16,"perturbed",39,0.1,0.05,"stochastic","precomputed_exact_table","iid",202905900,202905932,100,25000,"budget_exhausted","budget-exhausted",TRUE,589,589,50,10,150,140,150,100,FALSE,0.987171901103459,0.0128280988965414,0.0976649346115739,TRUE,TRUE,TRUE,0.0128280988965414,0.012911089461931,0.00419413894201955,533,196,32,337,325,479,6160340,479,2495,0,24222,527,589,23601,0,24190,578.06,,
"constrained-tmlr-revision-2026-08-13","full",TRUE,16,"perturbed",39,0.2,0.05,"exact","precomputed_exact_table","exact",202905900,202905941,,25000,"certified","bounds-met",TRUE,31,31,21,21,21,0,21,0,TRUE,0.835403457098373,0.164596542901627,0.164596542901628,TRUE,TRUE,TRUE,0.164596542901627,0.179840488672449,0.0376982374155428,10,10,32,0,0,,,,,0,63,46,31,0,0,31,10.2000000000003,,
"constrained-tmlr-revision-2026-08-13","full",TRUE,16,"perturbed",39,0.2,0.05,"stochastic","precomputed_exact_table","iid",202905900,202905942,100,25000,"budget_exhausted","budget-exhausted",TRUE,589,589,21,10,107,97,107,86,FALSE,0.972730159459936,0.0272698405400635,0.190244275038391,TRUE,TRUE,TRUE,0.0272698405400635,0.02764856366582,0.00799009167254542,533,196,32,337,325,479,6160340,479,2495,0,24222,528,589,23601,0,24190,846.17,,
"constrained-tmlr-revision-2026-08-13","full",TRUE,16,"perturbed",40,0.01,0.05,"exact","precomputed_exact_table","exact",202906000,202906011,,25000,"certified","bounds-met",TRUE,148,148,226,226,226,0,226,0,TRUE,0.990142794854461,0.00985720514553945,0.00985720514553928,TRUE,TRUE,TRUE,0.00985720514553945,0.00990610902796225,0.00326775400077087,49,49,32,0,0,,,,,0,180,124,148,0,0,148,102.38,,
"constrained-tmlr-revision-2026-08-13","full",TRUE,16,"perturbed",40,0.01,0.05,"stochastic","precomputed_exact_table","iid",202906000,202906012,100,25000,"budget_exhausted","budget-exhausted",TRUE,811,811,226,126,339,213,339,113,FALSE,0.996380118037209,0.00361988196279095,0.00977693205779444,TRUE,TRUE,TRUE,0.00361988196279095,0.00362644958964954,0.0014412001277917,667,270,32,397,377,537,1813746,537,2176,0,24332,946,811,23489,0,24300,1180.33,,
"constrained-tmlr-revision-2026-08-13","full",TRUE,16,"perturbed",40,0.05,0.05,"exact","precomputed_exact_table","exact",202906000,202906021,,25000,"certified","bounds-met",TRUE,94,94,95,95,95,0,95,0,TRUE,0.95027740014603,0.0497225998539697,0.0497225998539695,TRUE,TRUE,TRUE,0.0497225998539697,0.051001336857582,0.0158786361845247,31,31,32,0,0,,,,,0,126,88,94,0,0,94,19.1700000000001,,
"constrained-tmlr-revision-2026-08-13","full",TRUE,16,"perturbed",40,0.05,0.05,"stochastic","precomputed_exact_table","iid",202906000,202906022,100,25000,"budget_exhausted","budget-exhausted",TRUE,811,811,95,51,161,110,161,66,FALSE,0.978058837730702,0.0219411622692975,0.048984997992919,TRUE,TRUE,TRUE,0.0219411622692975,0.0221854494781,0.010995111254121,667,270,32,397,377,537,1813746,537,2176,0,24332,948,811,23489,0,24300,1095.2,,
"constrained-tmlr-revision-2026-08-13","full",TRUE,16,"perturbed",40,0.1,0.05,"exact","precomputed_exact_table","exact",202906000,202906031,,25000,"certified","bounds-met",TRUE,70,70,62,62,62,0,62,0,TRUE,0.906259979791689,0.0937400202083106,0.0937400202083111,TRUE,TRUE,TRUE,0.0937400202083106,0.0984290606899531,0.0198565194157774,23,23,32,0,0,,,,,0,102,72,70,0,0,70,23.4100000000003,,
"constrained-tmlr-revision-2026-08-13","full",TRUE,16,"perturbed",40,0.1,0.05,"stochastic","precomputed_exact_table","iid",202906000,202906032,100,25000,"budget_exhausted","budget-exhausted",TRUE,811,811,62,31,116,85,116,54,FALSE,0.959224395101399,0.0407756048986012,0.0998868446913989,TRUE,TRUE,TRUE,0.0407756048986012,0.0416302428343177,0.0128662900055986,667,270,32,397,377,537,1813746,537,2176,0,24332,942,811,23489,0,24300,1023.93,,
"constrained-tmlr-revision-2026-08-13","full",TRUE,16,"perturbed",40,0.2,0.05,"exact","precomputed_exact_table","exact",202906000,202906041,,25000,"certified","bounds-met",TRUE,46,46,31,31,31,0,31,0,TRUE,0.837219924798471,0.162780075201529,0.162780075201528,TRUE,TRUE,TRUE,0.162780075201529,0.177668489364214,0.0376202175747187,15,15,32,0,0,,,,,0,78,56,46,0,0,46,9,,
"constrained-tmlr-revision-2026-08-13","full",TRUE,16,"perturbed",40,0.2,0.05,"stochastic","precomputed_exact_table","iid",202906000,202906042,100,25000,"budget_exhausted","budget-exhausted",TRUE,811,811,31,20,63,43,63,32,FALSE,0.907954727996223,0.0920452720037772,0.196304365482102,TRUE,TRUE,TRUE,0.0920452720037772,0.0965607606588437,0.0321893076601909,667,270,32,397,377,537,1813746,537,2176,0,24332,946,811,23489,0,24300,1030.74,,
"constrained-tmlr-revision-2026-08-13","full",TRUE,16,"perturbed",41,0.01,0.05,"exact","precomputed_exact_table","exact",202906100,202906111,,25000,"certified","bounds-met",TRUE,94,94,126,126,126,0,126,0,TRUE,0.9905657731804,0.00943422681959993,0.00943422681959584,TRUE,TRUE,TRUE,0.00943422681959993,0.00947901102960413,0.00362454856135518,31,31,32,0,0,,,,,0,126,88,94,0,0,94,55.5,,
"constrained-tmlr-revision-2026-08-13","full",TRUE,16,"perturbed",41,0.01,0.05,"stochastic","precomputed_exact_table","iid",202906100,202906112,100,25000,"budget_exhausted","budget-exhausted",TRUE,343,343,126,10,329,319,329,203,FALSE,0.998864551014329,0.00113544898567119,0.00989971357732351,TRUE,TRUE,TRUE,0.00113544898567119,0.00113609409624372,0.000718896605718264,218,114,32,104,80,130,553504,130,1931,0,24897,684,343,24522,0,24865,244.5,,
"constrained-tmlr-revision-2026-08-13","full",TRUE,16,"perturbed",41,0.05,0.05,"exact","precomputed_exact_table","exact",202906100,202906121,,25000,"certified","bounds-met",TRUE,61,61,62,62,62,0,62,0,TRUE,0.958693098819148,0.0413069011808521,0.041306901180848,TRUE,TRUE,TRUE,0.0413069011808521,0.0421842774030886,0.0136273089406759,20,20,32,0,0,,,,,0,93,66,61,0,0,61,15.06,,
"constrained-tmlr-revision-2026-08-13","full",TRUE,16,"perturbed",41,0.05,0.05,"stochastic","precomputed_exact_table","iid",202906100,202906122,100,25000,"budget_exhausted","budget-exhausted",TRUE,343,343,62,10,229,219,229,167,FALSE,0.992066626624015,0.00793337337598532,0.0434730764933076,TRUE,TRUE,TRUE,0.00793337337598532,0.00796501001716172,0.00520259766262171,218,114,32,104,80,130,553504,130,1931,0,24897,689,343,24522,0,24865,170.75,,
"constrained-tmlr-revision-2026-08-13","full",TRUE,16,"perturbed",41,0.1,0.05,"exact","precomputed_exact_table","exact",202906100,202906131,,25000,"certified","bounds-met",TRUE,58,58,40,40,40,0,40,0,TRUE,0.915487737210304,0.0845122627896958,0.0845122627896921,TRUE,TRUE,TRUE,0.0845122627896958,0.0882983095937588,0.0152685383405618,19,19,32,0,0,,,,,0,90,64,58,0,0,58,11.64,,
"constrained-tmlr-revision-2026-08-13","full",TRUE,16,"perturbed",41,0.1,0.05,"stochastic","precomputed_exact_table","iid",202906100,202906132,100,25000,"budget_exhausted","budget-exhausted",TRUE,343,343,40,10,185,175,185,145,FALSE,0.985208942739947,0.0147910572600533,0.0958456176889378,TRUE,TRUE,TRUE,0.0147910572600533,0.0149015356962089,0.0106475226818822,218,114,32,104,80,130,553504,130,1931,0,24897,688,343,24522,0,24865,155.74,,
"constrained-tmlr-revision-2026-08-13","full",TRUE,16,"perturbed",41,0.2,0.05,"exact","precomputed_exact_table","exact",202906100,202906141,,25000,"certified","bounds-met",TRUE,43,43,20,20,20,0,20,0,TRUE,0.861517673529164,0.138482326470836,0.138482326470832,TRUE,TRUE,TRUE,0.138482326470836,0.149059708390959,0.0382033869553128,14,14,32,0,0,,,,,0,75,54,43,0,0,43,8.26999999999998,,
"constrained-tmlr-revision-2026-08-13","full",TRUE,16,"perturbed",41,0.2,0.05,"stochastic","precomputed_exact_table","iid",202906100,202906142,100,25000,"budget_exhausted","budget-exhausted",TRUE,343,343,20,10,108,98,108,88,FALSE,0.981280880249607,0.0187191197503929,0.196513940941866,TRUE,TRUE,TRUE,0.0187191197503929,0.018896540062628,0.0103560636803692,218,114,32,104,80,130,553504,130,1931,0,24897,699,343,24522,0,24865,149.13,,
"constrained-tmlr-revision-2026-08-13","full",TRUE,16,"perturbed",42,0.01,0.05,"exact","precomputed_exact_table","exact",202906200,202906211,,25000,"certified","bounds-met",TRUE,112,112,194,194,194,0,194,0,TRUE,0.990654481789143,0.00934551821085716,0.00934551821085425,TRUE,TRUE,TRUE,0.00934551821085716,0.00938946156272427,0.00279807149939074,37,37,32,0,0,,,,,0,144,100,112,0,0,112,66.44,,
"constrained-tmlr-revision-2026-08-13","full",TRUE,16,"perturbed",42,0.01,0.05,"stochastic","precomputed_exact_table","iid",202906200,202906212,100,25000,"budget_exhausted","budget-exhausted",TRUE,337,337,194,94,283,189,283,89,FALSE,0.996957658296985,0.00304234170301532,0.00997145754824253,TRUE,TRUE,TRUE,0.00304234170301532,0.00304697903248328,0.00119247452413553,227,112,32,115,80,58,167284,100,1914,0,22900,853,337,22531,0,22868,187.56,,
"constrained-tmlr-revision-2026-08-13","full",TRUE,16,"perturbed",42,0.05,0.05,"exact","precomputed_exact_table","exact",202906200,202906221,,25000,"certified","bounds-met",TRUE,64,64,73,73,73,0,73,0,TRUE,0.959584541609904,0.0404154583900955,0.0404154583900926,TRUE,TRUE,TRUE,0.0404154583900955,0.0412548573482024,0.0126357323436983,21,21,32,0,0,,,,,0,96,68,64,0,0,64,15.89,,
"constrained-tmlr-revision-2026-08-13","full",TRUE,16,"perturbed",42,0.05,0.05,"stochastic","precomputed_exact_table","iid",202906200,202906222,100,25000,"budget_exhausted","budget-exhausted",TRUE,337,337,73,41,151,110,151,78,FALSE,0.983286669971403,0.0167133300285965,0.047938560869518,TRUE,TRUE,TRUE,0.0167133300285965,0.0168545737087399,0.0040608063917817,227,112,32,115,80,58,167284,100,1914,0,22900,849,337,22531,0,22868,168.37,,
"constrained-tmlr-revision-2026-08-13","full",TRUE,16,"perturbed",42,0.1,0.05,"exact","precomputed_exact_table","exact",202906200,202906231,,25000,"certified","bounds-met",TRUE,55,55,52,52,52,0,52,0,TRUE,0.918136003804916,0.0818639961950843,0.0818639961950812,TRUE,TRUE,TRUE,0.0818639961950843,0.0854097470421773,0.0200209493189714,18,18,32,0,0,,,,,0,87,62,55,0,0,55,13.3299999999999,,
"constrained-tmlr-revision-2026-08-13","full",TRUE,16,"perturbed",42,0.1,0.05,"stochastic","precomputed_exact_table","iid",202906200,202906232,100,25000,"budget_exhausted","budget-exhausted",TRUE,337,337,52,20,85,65,85,33,FALSE,0.965503803230668,0.0344961967693318,0.0951242783873152,TRUE,TRUE,TRUE,0.0344961967693318,0.0351052379906497,0.0108582220645807,227,112,32,115,80,58,167284,100,1914,0,22900,847,337,22531,0,22868,151.52,,
"constrained-tmlr-revision-2026-08-13","full",TRUE,16,"perturbed",42,0.2,0.05,"exact","precomputed_exact_table","exact",202906200,202906241,,25000,"certified","bounds-met",TRUE,19,19,21,21,21,0,21,0,TRUE,0.813091533732273,0.186908466267727,0.186908466267724,TRUE,TRUE,TRUE,0.186908466267727,0.206911588155264,0.0480978477059002,6,6,32,0,0,,,,,0,51,38,19,0,0,19,3.27999999999997,,
"constrained-tmlr-revision-2026-08-13","full",TRUE,16,"perturbed",42,0.2,0.05,"stochastic","precomputed_exact_table","iid",202906200,202906242,100,25000,"budget_exhausted","budget-exhausted",TRUE,337,337,21,10,62,52,62,41,FALSE,0.939741280897949,0.0602587191020508,0.166186250298804,TRUE,TRUE,TRUE,0.0602587191020508,0.0621506746889531,0.0141848683842692,227,112,32,115,80,58,167284,100,1914,0,22900,869,337,22531,0,22868,151.59,,
"constrained-tmlr-revision-2026-08-13","full",TRUE,16,"perturbed",43,0.01,0.05,"exact","precomputed_exact_table","exact",202906300,202906311,,25000,"certified","bounds-met",TRUE,106,106,136,136,136,0,136,0,TRUE,0.990038299722297,0.00996170027770282,0.00996170027769798,TRUE,TRUE,TRUE,0.00996170027770282,0.0100116500136292,0.00265906851237794,35,35,32,0,0,,,,,0,138,96,106,0,0,106,67.85,,
"constrained-tmlr-revision-2026-08-13","full",TRUE,16,"perturbed",43,0.01,0.05,"stochastic","precomputed_exact_table","iid",202906300,202906312,100,25000,"budget_exhausted","budget-exhausted",TRUE,469,469,136,30,271,241,271,135,FALSE,0.999022850348176,0.000977149651823828,0.00799051555828496,TRUE,TRUE,TRUE,0.000977149651823828,0.000977627373774103,0.00039943903809795,384,156,32,228,215,598,10974120,598,2173,0,23522,509,469,23021,0,23490,381.79,,
"constrained-tmlr-revision-2026-08-13","full",TRUE,16,"perturbed",43,0.05,0.05,"exact","precomputed_exact_table","exact",202906300,202906321,,25000,"certified","bounds-met",TRUE,61,61,62,62,62,0,62,0,TRUE,0.960262451342118,0.0397375486578823,0.0397375486578775,TRUE,TRUE,TRUE,0.0397375486578823,0.0405486450689148,0.0148394790267203,20,20,32,0,0,,,,,0,93,66,61,0,0,61,12.42,,
"constrained-tmlr-revision-2026-08-13","full",TRUE,16,"perturbed",43,0.05,0.05,"stochastic","precomputed_exact_table","iid",202906300,202906322,100,25000,"budget_exhausted","budget-exhausted",TRUE,469,469,62,10,172,162,172,110,FALSE,0.991830926484621,0.00816907351537866,0.0499403644041765,TRUE,TRUE,TRUE,0.00816907351537866,0.00820262323477266,0.00500293931923708,384,156,32,228,215,598,10974120,598,2173,0,23522,511,469,23021,0,23490,294.46,,
"constrained-tmlr-revision-2026-08-13","full",TRUE,16,"perturbed",43,0.1,0.05,"exact","precomputed_exact_table","exact",202906300,202906331,,25000,"certified","bounds-met",TRUE,52,52,40,40,40,0,40,0,TRUE,0.910304832423372,0.0896951675766278,0.0896951675766232,TRUE,TRUE,TRUE,0.0896951675766278,0.0939757548797201,0.0211744003175528,17,17,32,0,0,,,,,0,84,60,52,0,0,52,10.46,,
"constrained-tmlr-revision-2026-08-13","full",TRUE,16,"perturbed",43,0.1,0.05,"stochastic","precomputed_exact_table","iid",202906300,202906332,100,25000,"budget_exhausted","budget-exhausted",TRUE,469,469,40,10,115,105,115,75,FALSE,0.98793709212715,0.0120629078728497,0.0972781641804073,TRUE,TRUE,TRUE,0.0120629078728497,0.0121362551974957,0.00368405105393711,384,156,32,228,215,598,10974120,598,2173,0,23522,511,469,23021,0,23490,322.86,,
"constrained-tmlr-revision-2026-08-13","full",TRUE,16,"perturbed",43,0.2,0.05,"exact","precomputed_exact_table","exact",202906300,202906341,,25000,"certified","bounds-met",TRUE,19,19,10,10,10,0,10,0,TRUE,0.818935416849563,0.181064583150437,0.181064583150433,TRUE,TRUE,TRUE,0.181064583150437,0.199750054343914,0.0385514742293201,6,6,32,0,0,,,,,0,51,38,19,0,0,19,3.87000000000012,,
"constrained-tmlr-revision-2026-08-13","full",TRUE,16,"perturbed",43,0.2,0.05,"stochastic","precomputed_exact_table","iid",202906300,202906342,100,25000,"budget_exhausted","budget-exhausted",TRUE,469,469,10,10,73,63,73,63,FALSE,0.983380979718842,0.0166190202811582,0.131567170691897,TRUE,TRUE,TRUE,0.0166190202811582,0.0167586655388715,0.00515429835965694,384,156,32,228,215,598,10974120,598,2173,0,23522,514,469,23021,0,23490,305.72,,
"constrained-tmlr-revision-2026-08-13","full",TRUE,16,"perturbed",44,0.01,0.05,"exact","precomputed_exact_table","exact",202906400,202906411,,25000,"certified","bounds-met",TRUE,91,91,171,171,171,0,171,0,TRUE,0.990075921879181,0.00992407812081886,0.00992407812082555,TRUE,TRUE,TRUE,0.00992407812081886,0.00997365002708495,0.00330160441562216,30,30,32,0,0,,,,,0,123,86,91,0,0,91,48.54,,
"constrained-tmlr-revision-2026-08-13","full",TRUE,16,"perturbed",44,0.01,0.05,"stochastic","precomputed_exact_table","iid",202906400,202906412,100,25000,"budget_exhausted","budget-exhausted",TRUE,142,142,171,130,226,96,226,55,FALSE,0.994987086934443,0.00501291306555662,0.00955088148770832,TRUE,TRUE,TRUE,0.00501291306555662,0.00502551986309196,0.00163892794664605,75,47,32,28,5,66,3553,100,2466,0,24830,1212,142,24656,0,24798,78.28,,
"constrained-tmlr-revision-2026-08-13","full",TRUE,16,"perturbed",44,0.05,0.05,"exact","precomputed_exact_table","exact",202906400,202906421,,25000,"certified","bounds-met",TRUE,61,61,73,73,73,0,73,0,TRUE,0.951487655698273,0.0485123443017267,0.048512344301733,TRUE,TRUE,TRUE,0.0485123443017267,0.0497285658474062,0.0129823973526694,20,20,32,0,0,,,,,0,93,66,61,0,0,61,18.39,,
"constrained-tmlr-revision-2026-08-13","full",TRUE,16,"perturbed",44,0.05,0.05,"stochastic","precomputed_exact_table","iid",202906400,202906422,100,25000,"budget_exhausted","budget-exhausted",TRUE,142,142,73,51,84,33,84,11,FALSE,0.969739696529286,0.0302603034707141,0.0479182421262647,TRUE,TRUE,TRUE,0.0302603034707141,0.030727597591631,0.00994155977785079,75,47,32,28,5,66,3553,100,2466,0,24830,1202,142,24656,0,24798,53.33,,
"constrained-tmlr-revision-2026-08-13","full",TRUE,16,"perturbed",44,0.1,0.05,"exact","precomputed_exact_table","exact",202906400,202906431,,25000,"certified","bounds-met",TRUE,58,58,51,51,51,0,51,0,TRUE,0.92265809770244,0.0773419022975599,0.0773419022975652,TRUE,TRUE,TRUE,0.0773419022975599,0.0804965381280235,0.0165230495287798,19,19,32,0,0,,,,,0,90,64,58,0,0,58,21.42,,
"constrained-tmlr-revision-2026-08-13","full",TRUE,16,"perturbed",44,0.1,0.05,"stochastic","precomputed_exact_table","iid",202906400,202906432,100,25000,"budget_exhausted","budget-exhausted",TRUE,142,142,51,31,63,32,63,12,FALSE,0.939629401686516,0.0603705983134839,0.0907189158303726,TRUE,TRUE,TRUE,0.0603705983134839,0.0622697349814244,0.0244528818543142,75,47,32,28,5,66,3553,100,2466,0,24830,1189,142,24656,0,24798,53.5,,
"constrained-tmlr-revision-2026-08-13","full",TRUE,16,"perturbed",44,0.2,0.05,"exact","precomputed_exact_table","exact",202906400,202906441,,25000,"certified","bounds-met",TRUE,19,19,21,21,21,0,21,0,TRUE,0.820628359053416,0.179371640946584,0.179371640946592,TRUE,TRUE,TRUE,0.179371640946584,0.197684940646732,0.0574694002291596,6,6,32,0,0,,,,,0,51,38,19,0,0,19,3.81999999999999,,
"constrained-tmlr-revision-2026-08-13","full",TRUE,16,"perturbed",44,0.2,0.05,"stochastic","precomputed_exact_table","iid",202906400,202906442,100,25000,"budget_exhausted","budget-exhausted",TRUE,142,142,21,10,41,31,41,20,FALSE,0.899460581736071,0.100539418263929,0.176062364341334,TRUE,TRUE,TRUE,0.100539418263929,0.105960048968598,0.0243329230249871,75,47,32,28,5,66,3553,100,2466,0,24830,1209,142,24656,0,24798,52.9,,
"constrained-tmlr-revision-2026-08-13","full",TRUE,16,"perturbed",45,0.01,0.05,"exact","precomputed_exact_table","exact",202906500,202906511,,25000,"certified","bounds-met",TRUE,121,121,170,170,170,0,170,0,TRUE,0.990274342329222,0.00972565767077815,0.00972565767077349,TRUE,TRUE,TRUE,0.00972565767077815,0.00977326077848504,0.00297348797710949,40,40,32,0,0,,,,,0,153,106,121,0,0,121,50.67,,
"constrained-tmlr-revision-2026-08-13","full",TRUE,16,"perturbed",45,0.01,0.05,"stochastic","precomputed_exact_table","iid",202906500,202906512,100,25000,"budget_exhausted","budget-exhausted",TRUE,316,316,170,40,355,315,355,185,FALSE,0.998885349119598,0.00111465088040186,0.00995151195132877,TRUE,TRUE,TRUE,0.00111465088040186,0.0011152725657121,0.00050319416094026,204,105,32,99,78,196,75843,196,2498,0,24935,627,316,24587,0,24903,161.67,,
"constrained-tmlr-revision-2026-08-13","full",TRUE,16,"perturbed",45,0.05,0.05,"exact","precomputed_exact_table","exact",202906500,202906521,,25000,"certified","bounds-met",TRUE,64,64,62,62,62,0,62,0,TRUE,0.95084265184583,0.0491573481541696,0.0491573481541643,TRUE,TRUE,TRUE,0.0491573481541696,0.0504066855983263,0.017576753524984,21,21,32,0,0,,,,,0,96,68,64,0,0,64,12.79,,
"constrained-tmlr-revision-2026-08-13","full",TRUE,16,"perturbed",45,0.05,0.05,"stochastic","precomputed_exact_table","iid",202906500,202906522,100,25000,"budget_exhausted","budget-exhausted",TRUE,316,316,62,10,227,217,227,165,FALSE,0.995572304995394,0.00442769500460605,0.0485825980929199,TRUE,TRUE,TRUE,0.00442769500460605,0.00443752627678239,0.00178772683948957,204,105,32,99,78,196,75843,196,2498,0,24935,633,316,24587,0,24903,139.2,,
"constrained-tmlr-revision-2026-08-13","full",TRUE,16,"perturbed",45,0.1,0.05,"exact","precomputed_exact_table","exact",202906500,202906531,,25000,"certified","bounds-met",TRUE,61,61,51,51,51,0,51,0,TRUE,0.915934851917062,0.0840651480829379,0.084065148082933,TRUE,TRUE,TRUE,0.0840651480829379,0.0878100391986077,0.0225045700130914,20,20,32,0,0,,,,,0,93,66,61,0,0,61,14.76,,
"constrained-tmlr-revision-2026-08-13","full",TRUE,16,"perturbed",45,0.1,0.05,"stochastic","precomputed_exact_table","iid",202906500,202906532,100,25000,"budget_exhausted","budget-exhausted",TRUE,316,316,51,10,164,154,164,113,FALSE,0.988613595353298,0.0113864046467025,0.0991863957629309,TRUE,TRUE,TRUE,0.0113864046467025,0.0114517260762862,0.00488050692043773,204,105,32,99,78,196,75843,196,2498,0,24935,637,316,24587,0,24903,131.42,,
"constrained-tmlr-revision-2026-08-13","full",TRUE,16,"perturbed",45,0.2,0.05,"exact","precomputed_exact_table","exact",202906500,202906541,,25000,"certified","bounds-met",TRUE,43,43,20,20,20,0,20,0,TRUE,0.826540648921525,0.173459351078475,0.17345935107847,TRUE,TRUE,TRUE,0.173459351078475,0.190506180932238,0.0346504254910679,14,14,32,0,0,,,,,0,75,54,43,0,0,43,7.32000000000005,,
"constrained-tmlr-revision-2026-08-13","full",TRUE,16,"perturbed",45,0.2,0.05,"stochastic","precomputed_exact_table","iid",202906500,202906542,100,25000,"budget_exhausted","budget-exhausted",TRUE,316,316,20,10,84,74,84,64,FALSE,0.978687299230598,0.0213127007694019,0.197773402733776,TRUE,TRUE,TRUE,0.0213127007694019,0.0215430958179762,0.00594132387387854,204,105,32,99,78,196,75843,196,2498,0,24935,626,316,24587,0,24903,125.93,,
"constrained-tmlr-revision-2026-08-13","full",TRUE,16,"perturbed",46,0.01,0.05,"exact","precomputed_exact_table","exact",202906600,202906611,,25000,"certified","bounds-met",TRUE,127,127,180,180,180,0,180,0,TRUE,0.990486419613516,0.00951358038648431,0.00951358038648947,TRUE,TRUE,TRUE,0.00951358038648431,0.00955912357506403,0.00307617316920297,42,42,32,0,0,,,,,0,159,110,127,0,0,127,49.1,,
"constrained-tmlr-revision-2026-08-13","full",TRUE,16,"perturbed",46,0.01,0.05,"stochastic","precomputed_exact_table","iid",202906600,202906612,100,25000,"budget_exhausted","budget-exhausted",TRUE,232,232,180,72,248,176,248,68,FALSE,0.996348540671457,0.00365145932854294,0.00976894696452287,TRUE,TRUE,TRUE,0.00365145932854294,0.00365814217922177,0.00158033732162816,131,77,32,54,38,705,138467,705,2414,0,24656,538,232,24392,0,24624,103.8,,
"constrained-tmlr-revision-2026-08-13","full",TRUE,16,"perturbed",46,0.05,0.05,"exact","precomputed_exact_table","exact",202906600,202906621,,25000,"certified","bounds-met",TRUE,61,61,62,62,62,0,62,0,TRUE,0.951074564593949,0.0489254354060513,0.0489254354060567,TRUE,TRUE,TRUE,0.0489254354060513,0.0501628129972866,0.0154310284618196,20,20,32,0,0,,,,,0,93,66,61,0,0,61,17.41,,
"constrained-tmlr-revision-2026-08-13","full",TRUE,16,"perturbed",46,0.05,0.05,"stochastic","precomputed_exact_table","iid",202906600,202906622,100,25000,"budget_exhausted","budget-exhausted",TRUE,232,232,62,30,125,95,125,63,FALSE,0.982913449602579,0.0170865503974207,0.0490278194074187,TRUE,TRUE,TRUE,0.0170865503974207,0.0172342099111703,0.00526410721907185,131,77,32,54,38,705,138467,705,2414,0,24656,529,232,24392,0,24624,90.53,,
"constrained-tmlr-revision-2026-08-13","full",TRUE,16,"perturbed",46,0.1,0.05,"exact","precomputed_exact_table","exact",202906600,202906631,,25000,"certified","bounds-met",TRUE,70,70,51,51,51,0,51,0,TRUE,0.930981274790545,0.0690187252094545,0.069018725209459,TRUE,TRUE,TRUE,0.0690187252094545,0.0715161149142721,0.0154310284618196,23,23,32,0,0,,,,,0,102,72,70,0,0,70,16.6,,
"constrained-tmlr-revision-2026-08-13","full",TRUE,16,"perturbed",46,0.1,0.05,"stochastic","precomputed_exact_table","iid",202906600,202906632,100,25000,"budget_exhausted","budget-exhausted",TRUE,232,232,51,10,73,63,73,22,FALSE,0.972708806769574,0.0272911932304261,0.0767469419742883,TRUE,TRUE,TRUE,0.0272911932304261,0.0276705152055332,0.00935975497078383,131,77,32,54,38,705,138467,705,2414,0,24656,516,232,24392,0,24624,85.22,,
"constrained-tmlr-revision-2026-08-13","full",TRUE,16,"perturbed",46,0.2,0.05,"exact","precomputed_exact_table","exact",202906600,202906641,,25000,"certified","bounds-met",TRUE,43,43,20,20,20,0,20,0,TRUE,0.817639230600357,0.182360769399643,0.182360769399645,TRUE,TRUE,TRUE,0.182360769399643,0.201334078051296,0.0430933564546576,14,14,32,0,0,,,,,0,75,54,43,0,0,43,8.88999999999999,,
"constrained-tmlr-revision-2026-08-13","full",TRUE,16,"perturbed",46,0.2,0.05,"stochastic","precomputed_exact_table","iid",202906600,202906642,100,25000,"budget_exhausted","budget-exhausted",TRUE,232,232,20,10,51,41,51,31,FALSE,0.930981274790545,0.0690187252094545,0.19615509476359,TRUE,TRUE,TRUE,0.0690187252094545,0.0715161149142721,0.0154310284618196,131,77,32,54,38,705,138467,705,2414,0,24656,518,232,24392,0,24624,82.2099999999999,,
"constrained-tmlr-revision-2026-08-13","full",TRUE,16,"perturbed",47,0.01,0.05,"exact","precomputed_exact_table","exact",202906700,202906711,,25000,"certified","bounds-met",TRUE,127,127,181,181,181,0,181,0,TRUE,0.990391625791951,0.00960837420804916,0.00960837420804798,TRUE,TRUE,TRUE,0.00960837420804916,0.00965483246724655,0.00347874612145632,42,42,32,0,0,,,,,0,159,110,127,0,0,127,51.34,,
"constrained-tmlr-revision-2026-08-13","full",TRUE,16,"perturbed",47,0.01,0.05,"stochastic","precomputed_exact_table","iid",202906700,202906712,100,25000,"budget_exhausted","budget-exhausted",TRUE,280,280,181,51,329,278,329,148,FALSE,0.998353686724234,0.00164631327576614,0.0099471765930334,TRUE,TRUE,TRUE,0.00164631327576614,0.00164766993866635,0.000831995992299682,166,93,32,73,55,160,41273,160,2401,0,23840,618,280,23528,0,23808,118.77,,
"constrained-tmlr-revision-2026-08-13","full",TRUE,16,"perturbed",47,0.05,0.05,"exact","precomputed_exact_table","exact",202906700,202906721,,25000,"certified","bounds-met",TRUE,64,64,62,62,62,0,62,0,TRUE,0.951995399815123,0.0480046001848772,0.0480046001848766,TRUE,TRUE,TRUE,0.0480046001848772,0.0491950763294183,0.0142459808839758,21,21,32,0,0,,,,,0,96,68,64,0,0,64,14.83,,
"constrained-tmlr-revision-2026-08-13","full",TRUE,16,"perturbed",47,0.05,0.05,"stochastic","precomputed_exact_table","iid",202906700,202906722,100,25000,"budget_exhausted","budget-exhausted",TRUE,280,280,62,10,197,187,197,135,FALSE,0.988741614783684,0.0112583852163163,0.0497170939025663,TRUE,TRUE,TRUE,0.0112583852163163,0.0113222405595628,0.00692552796982629,166,93,32,73,55,160,41273,160,2401,0,23840,614,280,23528,0,23808,112.72,,
"constrained-tmlr-revision-2026-08-13","full",TRUE,16,"perturbed",47,0.1,0.05,"exact","precomputed_exact_table","exact",202906700,202906731,,25000,"certified","bounds-met",TRUE,61,61,51,51,51,0,51,0,TRUE,0.915725205589661,0.0842747944103394,0.0842747944103379,TRUE,TRUE,TRUE,0.0842747944103394,0.088038953212928,0.02483962691629,20,20,32,0,0,,,,,0,93,66,61,0,0,61,12.86,,
"constrained-tmlr-revision-2026-08-13","full",TRUE,16,"perturbed",47,0.1,0.05,"stochastic","precomputed_exact_table","iid",202906700,202906732,100,25000,"budget_exhausted","budget-exhausted",TRUE,280,280,51,10,150,140,150,99,FALSE,0.984395852662172,0.0156041473378278,0.0969785461184596,TRUE,TRUE,TRUE,0.0156041473378278,0.0157271735356998,0.00867939756819371,166,93,32,73,55,160,41273,160,2401,0,23840,634,280,23528,0,23808,115.43,,
"constrained-tmlr-revision-2026-08-13","full",TRUE,16,"perturbed",47,0.2,0.05,"exact","precomputed_exact_table","exact",202906700,202906741,,25000,"certified","bounds-met",TRUE,46,46,20,20,20,0,20,0,TRUE,0.807744232945574,0.192255767054426,0.192255767054426,TRUE,TRUE,TRUE,0.192255767054426,0.213509813955665,0.0378599879056618,15,15,32,0,0,,,,,0,78,56,46,0,0,46,8.52999999999997,,
"constrained-tmlr-revision-2026-08-13","full",TRUE,16,"perturbed",47,0.2,0.05,"stochastic","precomputed_exact_table","iid",202906700,202906742,100,25000,"budget_exhausted","budget-exhausted",TRUE,280,280,20,10,73,63,73,53,FALSE,0.972340326951916,0.0276596730480839,0.194286213720799,TRUE,TRUE,TRUE,0.0276596730480839,0.0280494051941486,0.00818423974235313,166,93,32,73,55,160,41273,160,2401,0,23840,613,280,23528,0,23808,106.61,,
"constrained-tmlr-revision-2026-08-13","full",TRUE,16,"perturbed",48,0.01,0.05,"exact","precomputed_exact_table","exact",202906800,202906811,,25000,"certified","bounds-met",TRUE,127,127,196,196,196,0,196,0,TRUE,0.990120618233588,0.00987938176641234,0.0098793817664067,TRUE,TRUE,TRUE,0.00987938176641234,0.00992850667539365,0.00423972427500741,42,42,32,0,0,,,,,0,159,110,127,0,0,127,43.85,,
"constrained-tmlr-revision-2026-08-13","full",TRUE,16,"perturbed",48,0.01,0.05,"stochastic","precomputed_exact_table","iid",202906800,202906812,100,25000,"budget_exhausted","budget-exhausted",TRUE,259,259,196,127,260,133,260,64,FALSE,0.995534690289872,0.00446530971012848,0.00935010680930375,TRUE,TRUE,TRUE,0.00446530971012848,0.00447530898320247,0.00183974163973856,138,86,32,52,20,4,29193,100,2235,0,23074,802,259,22783,0,23042,111.2,,
"constrained-tmlr-revision-2026-08-13","full",TRUE,16,"perturbed",48,0.05,0.05,"exact","precomputed_exact_table","exact",202906800,202906821,,25000,"certified","bounds-met",TRUE,64,64,73,73,73,0,73,0,TRUE,0.960068344349676,0.0399316556503241,0.0399316556503189,TRUE,TRUE,TRUE,0.0399316556503241,0.0407508050233751,0.0171502737845905,21,21,32,0,0,,,,,0,96,68,64,0,0,64,13.77,,
"constrained-tmlr-revision-2026-08-13","full",TRUE,16,"perturbed",48,0.05,0.05,"stochastic","precomputed_exact_table","iid",202906800,202906822,100,25000,"budget_exhausted","budget-exhausted",TRUE,259,259,73,51,108,57,108,35,FALSE,0.97357623067436,0.0264237693256404,0.0476151306872212,TRUE,TRUE,TRUE,0.0264237693256404,0.0267791514581577,0.00836428229757684,138,86,32,52,20,4,29193,100,2235,0,23074,816,259,22783,0,23042,98.49,,
"constrained-tmlr-revision-2026-08-13","full",TRUE,16,"perturbed",48,0.1,0.05,"exact","precomputed_exact_table","exact",202906800,202906831,,25000,"certified","bounds-met",TRUE,61,61,52,52,52,0,52,0,TRUE,0.906562447660654,0.0934375523393463,0.0934375523393418,TRUE,TRUE,TRUE,0.0934375523393463,0.0980953624002687,0.0293770793197018,20,20,32,0,0,,,,,0,93,66,61,0,0,61,13.78,,
"constrained-tmlr-revision-2026-08-13","full",TRUE,16,"perturbed",48,0.1,0.05,"stochastic","precomputed_exact_table","iid",202906800,202906832,100,25000,"budget_exhausted","budget-exhausted",TRUE,259,259,52,21,73,52,73,21,FALSE,0.960068344349676,0.0399316556503241,0.0878005444254166,TRUE,TRUE,TRUE,0.0399316556503241,0.0407508050233751,0.0171502737845905,138,86,32,52,20,4,29193,100,2235,0,23074,811,259,22783,0,23042,101.15,,
"constrained-tmlr-revision-2026-08-13","full",TRUE,16,"perturbed",48,0.2,0.05,"exact","precomputed_exact_table","exact",202906800,202906841,,25000,"certified","bounds-met",TRUE,31,31,21,21,21,0,21,0,TRUE,0.817099955897766,0.182900044102234,0.182900044102228,TRUE,TRUE,TRUE,0.182900044102234,0.201993846565573,0.0334705206950794,10,10,32,0,0,,,,,0,63,46,31,0,0,31,6.88999999999999,,
"constrained-tmlr-revision-2026-08-13","full",TRUE,16,"perturbed",48,0.2,0.05,"stochastic","precomputed_exact_table","iid",202906800,202906842,100,25000,"budget_exhausted","budget-exhausted",TRUE,259,259,21,10,43,33,43,22,FALSE,0.882090416332037,0.117909583667963,0.194978992773272,TRUE,TRUE,TRUE,0.117909583667963,0.125460715381314,0.0331674901957336,138,86,32,52,20,4,29193,100,2235,0,23074,803,259,22783,0,23042,109.34,,
"constrained-tmlr-revision-2026-08-13","full",TRUE,16,"perturbed",49,0.01,0.05,"exact","precomputed_exact_table","exact",202906900,202906911,,25000,"certified","bounds-met",TRUE,124,124,171,171,171,0,171,0,TRUE,0.99020961757181,0.00979038242818997,0.00979038242819314,TRUE,TRUE,TRUE,0.00979038242818997,0.00983862334515596,0.00317834713699049,41,41,32,0,0,,,,,0,156,108,124,0,0,124,44.75,,
"constrained-tmlr-revision-2026-08-13","full",TRUE,16,"perturbed",49,0.01,0.05,"stochastic","precomputed_exact_table","iid",202906900,202906912,100,25000,"budget_exhausted","budget-exhausted",TRUE,376,376,171,31,367,336,367,196,FALSE,0.998531953944091,0.00146804605590878,0.00996464696426209,TRUE,TRUE,TRUE,0.00146804605590878,0.00146912469130679,0.000821006425073253,283,125,32,158,93,68,64678,100,728,0,24653,1260,376,24245,0,24621,197.49,,
"constrained-tmlr-revision-2026-08-13","full",TRUE,16,"perturbed",49,0.05,0.05,"exact","precomputed_exact_table","exact",202906900,202906921,,25000,"certified","bounds-met",TRUE,73,73,73,73,73,0,73,0,TRUE,0.970294837270367,0.0297051627296334,0.029705162729636,TRUE,TRUE,TRUE,0.0297051627296334,0.0301552977211278,0.0107871114877284,24,24,32,0,0,,,,,0,105,74,73,0,0,73,15.98,,
"constrained-tmlr-revision-2026-08-13","full",TRUE,16,"perturbed",49,0.05,0.05,"stochastic","precomputed_exact_table","iid",202906900,202906922,100,25000,"budget_exhausted","budget-exhausted",TRUE,376,376,73,10,207,197,207,134,FALSE,0.988836441977438,0.0111635580225615,0.0457363751199633,TRUE,TRUE,TRUE,0.0111635580225615,0.0112263382071847,0.00853548729549039,283,125,32,158,93,68,64678,100,728,0,24653,1274,376,24245,0,24621,203.41,,
"constrained-tmlr-revision-2026-08-13","full",TRUE,16,"perturbed",49,0.1,0.05,"exact","precomputed_exact_table","exact",202906900,202906931,,25000,"certified","bounds-met",TRUE,61,61,51,51,51,0,51,0,TRUE,0.920714027353939,0.0792859726460607,0.0792859726460621,TRUE,TRUE,TRUE,0.0792859726460607,0.0826057932728017,0.0198306984677181,20,20,32,0,0,,,,,0,93,66,61,0,0,61,13.4699999999999,,
"constrained-tmlr-revision-2026-08-13","full",TRUE,16,"perturbed",49,0.1,0.05,"stochastic","precomputed_exact_table","iid",202906900,202906932,100,25000,"budget_exhausted","budget-exhausted",TRUE,376,376,51,10,162,152,162,111,FALSE,0.985932637159765,0.0140673628402352,0.0953361358489957,TRUE,TRUE,TRUE,0.0140673628402352,0.0141672460239554,0.00842201465973362,283,125,32,158,93,68,64678,100,728,0,24653,1287,376,24245,0,24621,200.8,,
"constrained-tmlr-revision-2026-08-13","full",TRUE,16,"perturbed",49,0.2,0.05,"exact","precomputed_exact_table","exact",202906900,202906941,,25000,"certified","bounds-met",TRUE,25,25,21,21,21,0,21,0,TRUE,0.833711046707999,0.166288953292001,0.166288953292002,TRUE,TRUE,TRUE,0.166288953292001,0.18186840343385,0.042796647494043,8,8,32,0,0,,,,,0,57,42,25,0,0,25,4.75,,
"constrained-tmlr-revision-2026-08-13","full",TRUE,16,"perturbed",49,0.2,0.05,"stochastic","precomputed_exact_table","iid",202906900,202906942,100,25000,"budget_exhausted","budget-exhausted",TRUE,376,376,21,10,106,96,106,85,FALSE,0.977761648385451,0.0222383516145487,0.195723153021989,TRUE,TRUE,TRUE,0.0222383516145487,0.0224893519575434,0.00809024813433723,283,125,32,158,93,68,64678,100,728,0,24653,1283,376,24245,0,24621,189.35,,
"constrained-tmlr-revision-2026-08-13","full",TRUE,16,"perturbed",50,0.01,0.05,"exact","precomputed_exact_table","exact",202907000,202907011,,25000,"certified","bounds-met",TRUE,118,118,136,136,136,0,136,0,TRUE,0.990592686804306,0.00940731319569388,0.00940731319568729,TRUE,TRUE,TRUE,0.00940731319569388,0.00945184144731043,0.00254936606513243,39,39,32,0,0,,,,,0,150,104,118,0,0,118,44.18,,
"constrained-tmlr-revision-2026-08-13","full",TRUE,16,"perturbed",50,0.01,0.05,"stochastic","precomputed_exact_table","iid",202907000,202907012,100,25000,"budget_exhausted","budget-exhausted",TRUE,391,391,136,62,224,162,224,88,FALSE,0.996626121810751,0.00337387818924917,0.00933264313701034,TRUE,TRUE,TRUE,0.00337387818924917,0.00337958255042752,0.00130912396252057,260,130,32,130,116,1106,116174,1106,2458,0,24993,486,391,24570,0,24961,191.58,,
"constrained-tmlr-revision-2026-08-13","full",TRUE,16,"perturbed",50,0.05,0.05,"exact","precomputed_exact_table","exact",202907000,202907021,,25000,"certified","bounds-met",TRUE,61,61,62,62,62,0,62,0,TRUE,0.962739307954131,0.0372606920458688,0.0372606920458623,TRUE,TRUE,TRUE,0.0372606920458688,0.037972612083266,0.0135118211109658,20,20,32,0,0,,,,,0,93,66,61,0,0,61,12.79,,
"constrained-tmlr-revision-2026-08-13","full",TRUE,16,"perturbed",50,0.05,0.05,"stochastic","precomputed_exact_table","iid",202907000,202907022,100,25000,"budget_exhausted","budget-exhausted",TRUE,391,391,62,20,73,53,73,11,FALSE,0.984002453804406,0.0159975461955937,0.0404174275111518,TRUE,TRUE,TRUE,0.0159975461955937,0.0161268882293279,0.00453338004380519,260,130,32,130,116,1106,116174,1106,2458,0,24993,484,391,24570,0,24961,207.64,,
"constrained-tmlr-revision-2026-08-13","full",TRUE,16,"perturbed",50,0.1,0.05,"exact","precomputed_exact_table","exact",202907000,202907031,,25000,"certified","bounds-met",TRUE,49,49,40,40,40,0,40,0,TRUE,0.917797568018428,0.0822024319815722,0.0822024319815662,TRUE,TRUE,TRUE,0.0822024319815722,0.0857784268196108,0.0162518863640129,16,16,32,0,0,,,,,0,81,58,49,0,0,49,10.14,,
"constrained-tmlr-revision-2026-08-13","full",TRUE,16,"perturbed",50,0.1,0.05,"stochastic","precomputed_exact_table","iid",202907000,202907032,100,25000,"budget_exhausted","budget-exhausted",TRUE,391,391,40,10,62,52,62,22,FALSE,0.962739307954131,0.0372606920458688,0.0956442726155543,TRUE,TRUE,TRUE,0.0372606920458688,0.037972612083266,0.0135118211109658,260,130,32,130,116,1106,116174,1106,2458,0,24993,487,391,24570,0,24961,181.7,,
"constrained-tmlr-revision-2026-08-13","full",TRUE,16,"perturbed",50,0.2,0.05,"exact","precomputed_exact_table","exact",202907000,202907041,,25000,"certified","bounds-met",TRUE,19,19,10,10,10,0,10,0,TRUE,0.824263555769399,0.175736444230601,0.175736444230593,TRUE,TRUE,TRUE,0.175736444230601,0.193264950978819,0.0367228311769985,6,6,32,0,0,,,,,0,51,38,19,0,0,19,2.54999999999995,,
"constrained-tmlr-revision-2026-08-13","full",TRUE,16,"perturbed",50,0.2,0.05,"stochastic","precomputed_exact_table","iid",202907000,202907042,100,25000,"budget_exhausted","budget-exhausted",TRUE,391,391,10,10,40,30,40,30,FALSE,0.917797568018428,0.0822024319815722,0.199875080513164,TRUE,TRUE,TRUE,0.0822024319815722,0.0857784268196108,0.0162518863640129,260,130,32,130,116,1106,116174,1106,2458,0,24993,474,391,24570,0,24961,179.08,,
"constrained-tmlr-revision-2026-08-13","full",TRUE,16,"perturbed",51,0.01,0.05,"exact","precomputed_exact_table","exact",202907100,202907111,,25000,"certified","bounds-met",TRUE,124,124,171,171,171,0,171,0,TRUE,0.990448560822295,0.00955143917770529,0.00955143917770245,TRUE,TRUE,TRUE,0.00955143917770529,0.00959734672887725,0.0031316944230795,41,41,32,0,0,,,,,0,156,108,124,0,0,124,45.84,,
"constrained-tmlr-revision-2026-08-13","full",TRUE,16,"perturbed",51,0.01,0.05,"stochastic","precomputed_exact_table","iid",202907100,202907112,100,25000,"budget_exhausted","budget-exhausted",TRUE,229,229,171,62,271,209,271,100,FALSE,0.998045790198917,0.00195420980108318,0.00971323938434458,TRUE,TRUE,TRUE,0.00195420980108318,0.00195612176037564,0.000746749600548845,125,76,32,49,30,216,27555,216,2476,0,23546,558,229,23285,0,23514,90.51,,
"constrained-tmlr-revision-2026-08-13","full",TRUE,16,"perturbed",51,0.05,0.05,"exact","precomputed_exact_table","exact",202907100,202907121,,25000,"certified","bounds-met",TRUE,58,58,62,62,62,0,62,0,TRUE,0.953110946512816,0.0468890534871835,0.0468890534871806,TRUE,TRUE,TRUE,0.0468890534871835,0.0480239639373548,0.014553049606871,19,19,32,0,0,,,,,0,90,64,58,0,0,58,13.85,,
"constrained-tmlr-revision-2026-08-13","full",TRUE,16,"perturbed",51,0.05,0.05,"stochastic","precomputed_exact_table","iid",202907100,202907122,100,25000,"budget_exhausted","budget-exhausted",TRUE,229,229,62,10,151,141,151,89,FALSE,0.986824445393447,0.0131755546065528,0.049247727867286,TRUE,TRUE,TRUE,0.0131755546065528,0.0132631222447843,0.00444753602227077,125,76,32,49,30,216,27555,216,2476,0,23546,572,229,23285,0,23514,91.28,,
"constrained-tmlr-revision-2026-08-13","full",TRUE,16,"perturbed",51,0.1,0.05,"exact","precomputed_exact_table","exact",202907100,202907131,,25000,"certified","bounds-met",TRUE,55,55,41,41,41,0,41,0,TRUE,0.904972128377256,0.0950278716227438,0.0950278716227408,TRUE,TRUE,TRUE,0.0950278716227438,0.0998511331296574,0.0196579720715866,18,18,32,0,0,,,,,0,87,62,55,0,0,55,11.5,,
"constrained-tmlr-revision-2026-08-13","full",TRUE,16,"perturbed",51,0.1,0.05,"stochastic","precomputed_exact_table","iid",202907100,202907132,100,25000,"budget_exhausted","budget-exhausted",TRUE,229,229,41,10,96,86,96,55,FALSE,0.978956040042715,0.0210439599572848,0.0975219124085816,TRUE,TRUE,TRUE,0.0210439599572848,0.0212685403783678,0.00527801317280785,125,76,32,49,30,216,27555,216,2476,0,23546,570,229,23285,0,23514,91.62,,
"constrained-tmlr-revision-2026-08-13","full",TRUE,16,"perturbed",51,0.2,0.05,"exact","precomputed_exact_table","exact",202907100,202907141,,25000,"certified","bounds-met",TRUE,49,49,21,21,21,0,21,0,TRUE,0.844172905966026,0.155827094033974,0.155827094033971,TRUE,TRUE,TRUE,0.155827094033974,0.169397940479469,0.0359227796350365,16,16,32,0,0,,,,,0,81,58,49,0,0,49,11.7,,
"constrained-tmlr-revision-2026-08-13","full",TRUE,16,"perturbed",51,0.2,0.05,"stochastic","precomputed_exact_table","iid",202907100,202907142,100,25000,"budget_exhausted","budget-exhausted",TRUE,229,229,21,10,63,53,63,42,FALSE,0.943564083697331,0.0564359163026692,0.183142561486035,TRUE,TRUE,TRUE,0.0564359163026692,0.0580909952322423,0.0277057669976205,125,76,32,49,30,216,27555,216,2476,0,23546,551,229,23285,0,23514,84.67,,
"constrained-tmlr-revision-2026-08-13","full",TRUE,16,"perturbed",52,0.01,0.05,"exact","precomputed_exact_table","exact",202907200,202907211,,25000,"certified","bounds-met",TRUE,118,118,147,147,147,0,147,0,TRUE,0.990097126970605,0.00990287302939508,0.00990287302940182,TRUE,TRUE,TRUE,0.00990287302939508,0.00995223261466546,0.00268932697781081,39,39,32,0,0,,,,,0,150,104,118,0,0,118,43.07,,
"constrained-tmlr-revision-2026-08-13","full",TRUE,16,"perturbed",52,0.01,0.05,"stochastic","precomputed_exact_table","iid",202907200,202907212,100,25000,"budget_exhausted","budget-exhausted",TRUE,145,145,147,103,Inf,Inf,Inf,Inf,FALSE,0,1,1,TRUE,FALSE,TRUE,1,Inf,,69,48,32,21,0,136,1875,136,1875,0,23660,578,145,23483,0,23628,57.36,,
"constrained-tmlr-revision-2026-08-13","full",TRUE,16,"perturbed",52,0.05,0.05,"exact","precomputed_exact_table","exact",202907200,202907221,,25000,"certified","bounds-met",TRUE,61,61,62,62,62,0,62,0,TRUE,0.958516890666142,0.0414831093338583,0.0414831093338648,TRUE,TRUE,TRUE,0.0414831093338583,0.0423680946734645,0.0170562493316526,20,20,32,0,0,,,,,0,93,66,61,0,0,61,16.32,,
"constrained-tmlr-revision-2026-08-13","full",TRUE,16,"perturbed",52,0.05,0.05,"stochastic","precomputed_exact_table","iid",202907200,202907222,100,25000,"budget_exhausted","budget-exhausted",TRUE,142,142,62,51,73,22,73,11,FALSE,0.981728091136347,0.0182719088636528,0.0374927356795938,TRUE,TRUE,TRUE,0.0182719088636528,0.0184409019061082,0.00554237285289923,68,47,32,21,0,136,1884,136,1884,0,24978,593,142,24804,0,24946,52.8,,
"constrained-tmlr-revision-2026-08-13","full",TRUE,16,"perturbed",52,0.1,0.05,"exact","precomputed_exact_table","exact",202907200,202907231,,25000,"certified","bounds-met",TRUE,49,49,40,40,40,0,40,0,TRUE,0.910602316826041,0.0893976831739594,0.0893976831739651,TRUE,TRUE,TRUE,0.0893976831739594,0.0936490117995606,0.0183515359428978,16,16,32,0,0,,,,,0,81,58,49,0,0,49,12.58,,
"constrained-tmlr-revision-2026-08-13","full",TRUE,16,"perturbed",52,0.1,0.05,"stochastic","precomputed_exact_table","iid",202907200,202907232,100,25000,"budget_exhausted","budget-exhausted",TRUE,142,142,40,30,51,21,51,11,FALSE,0.93801307477651,0.0619869252234898,0.0994813117778116,TRUE,TRUE,TRUE,0.0619869252234898,0.0639913910789119,0.0170562493316526,68,47,32,21,0,136,1884,136,1884,0,24978,567,142,24804,0,24946,51.3,,
"constrained-tmlr-revision-2026-08-13","full",TRUE,16,"perturbed",52,0.2,0.05,"exact","precomputed_exact_table","exact",202907200,202907241,,25000,"certified","bounds-met",TRUE,19,19,10,10,10,0,10,0,TRUE,0.812936999441246,0.187063000558754,0.187063000558758,TRUE,TRUE,TRUE,0.187063000558754,0.207101663899127,0.0405717304179103,6,6,32,0,0,,,,,0,51,38,19,0,0,19,4.14999999999998,,
"constrained-tmlr-revision-2026-08-13","full",TRUE,16,"perturbed",52,0.2,0.05,"stochastic","precomputed_exact_table","iid",202907200,202907242,100,25000,"budget_exhausted","budget-exhausted",TRUE,142,142,10,10,30,20,30,20,FALSE,0.880420091900202,0.119579908099798,0.176139761366982,TRUE,TRUE,TRUE,0.119579908099798,0.12735610825879,0.0347072429235229,68,47,32,21,0,136,1884,136,1884,0,24978,558,142,24804,0,24946,49.2,,
"constrained-tmlr-revision-2026-08-13","full",TRUE,16,"perturbed",53,0.01,0.05,"exact","precomputed_exact_table","exact",202907300,202907311,,25000,"certified","bounds-met",TRUE,118,118,236,236,236,0,236,0,TRUE,0.990003129660171,0.00999687033982932,0.00999687033982537,TRUE,TRUE,TRUE,0.00999687033982932,0.0100471745855986,0.00321539132492664,39,39,32,0,0,,,,,0,150,104,118,0,0,118,48.22,,
"constrained-tmlr-revision-2026-08-13","full",TRUE,16,"perturbed",53,0.01,0.05,"stochastic","precomputed_exact_table","iid",202907300,202907312,100,25000,"budget_exhausted","budget-exhausted",TRUE,313,313,236,40,547,507,547,311,FALSE,0.998376161162403,0.00162383883759665,0.00988371771359829,TRUE,TRUE,TRUE,0.00162383883759665,0.00162515869289694,0.00102630550398997,209,104,32,105,85,74,8343226,100,2454,0,24468,593,313,24123,0,24436,149.22,,
"constrained-tmlr-revision-2026-08-13","full",TRUE,16,"perturbed",53,0.05,0.05,"exact","precomputed_exact_table","exact",202907300,202907321,,25000,"certified","bounds-met",TRUE,67,67,94,94,94,0,94,0,TRUE,0.954372997543049,0.0456270024569511,0.0456270024569469,TRUE,TRUE,TRUE,0.0456270024569511,0.0467007011981615,0.0188657687387461,22,22,32,0,0,,,,,0,99,70,67,0,0,67,14.61,,
"constrained-tmlr-revision-2026-08-13","full",TRUE,16,"perturbed",53,0.05,0.05,"stochastic","precomputed_exact_table","iid",202907300,202907322,100,25000,"budget_exhausted","budget-exhausted",TRUE,313,313,94,10,296,286,296,202,FALSE,0.991367980062617,0.00863201993738283,0.0494482322514794,TRUE,TRUE,TRUE,0.00863201993738283,0.00866949161482744,0.00534748771874012,209,104,32,105,85,74,8343226,100,2454,0,24468,605,313,24123,0,24436,130.9,,
"constrained-tmlr-revision-2026-08-13","full",TRUE,16,"perturbed",53,0.1,0.05,"exact","precomputed_exact_table","exact",202907300,202907331,,25000,"certified","bounds-met",TRUE,61,61,62,62,62,0,62,0,TRUE,0.907441753539828,0.0925582464601721,0.0925582464601685,TRUE,TRUE,TRUE,0.0925582464601721,0.0971258983301624,0.0221599646282845,20,20,32,0,0,,,,,0,93,66,61,0,0,61,13.33,,
"constrained-tmlr-revision-2026-08-13","full",TRUE,16,"perturbed",53,0.1,0.05,"stochastic","precomputed_exact_table","iid",202907300,202907332,100,25000,"budget_exhausted","budget-exhausted",TRUE,313,313,62,10,229,219,229,167,FALSE,0.988287189947554,0.0117128100524455,0.0916394384019809,TRUE,TRUE,TRUE,0.0117128100524455,0.0117819453883893,0.00526324947010197,209,104,32,105,85,74,8343226,100,2454,0,24468,597,313,24123,0,24436,138.53,,
"constrained-tmlr-revision-2026-08-13","full",TRUE,16,"perturbed",53,0.2,0.05,"exact","precomputed_exact_table","exact",202907300,202907341,,25000,"certified","bounds-met",TRUE,55,55,30,30,30,0,30,0,TRUE,0.817404760291671,0.182595239708329,0.182595239708327,TRUE,TRUE,TRUE,0.182595239708329,0.201620884169786,0.0607690664578348,18,18,32,0,0,,,,,0,87,62,55,0,0,55,12.62,,
"constrained-tmlr-revision-2026-08-13","full",TRUE,16,"perturbed",53,0.2,0.05,"stochastic","precomputed_exact_table","iid",202907300,202907342,100,25000,"budget_exhausted","budget-exhausted",TRUE,313,313,30,10,162,152,162,132,FALSE,0.975639328709331,0.0243606712906689,0.197081299896678,TRUE,TRUE,TRUE,0.0243606712906689,0.0246623011227043,0.0123138914480432,209,104,32,105,85,74,8343226,100,2454,0,24468,600,313,24123,0,24436,150.41,,
"constrained-tmlr-revision-2026-08-13","full",TRUE,16,"perturbed",54,0.01,0.05,"exact","precomputed_exact_table","exact",202907400,202907411,,25000,"certified","bounds-met",TRUE,100,100,136,136,136,0,136,0,TRUE,0.990226120669327,0.00977387933067309,0.00977387933066819,TRUE,TRUE,TRUE,0.00977387933067309,0.00982195721739569,0.00316185324089676,33,33,32,0,0,,,,,0,132,92,100,0,0,100,37.92,,
"constrained-tmlr-revision-2026-08-13","full",TRUE,16,"perturbed",54,0.01,0.05,"stochastic","precomputed_exact_table","iid",202907400,202907412,100,25000,"budget_exhausted","budget-exhausted",TRUE,172,172,136,62,215,153,215,79,FALSE,0.995918255369561,0.00408174463043864,0.00915776823949969,TRUE,TRUE,TRUE,0.00408174463043864,0.00409009768783254,0.00160138932580417,92,57,32,35,14,76,7020,100,2437,0,24418,534,172,24214,0,24386,65.45,,
"constrained-tmlr-revision-2026-08-13","full",TRUE,16,"perturbed",54,0.05,0.05,"exact","precomputed_exact_table","exact",202907400,202907421,,25000,"certified","bounds-met",TRUE,61,61,62,62,62,0,62,0,TRUE,0.96292567186557,0.0370743281344305,0.0370743281344256,TRUE,TRUE,TRUE,0.0370743281344305,0.0377790541030636,0.0128046626967347,20,20,32,0,0,,,,,0,93,66,61,0,0,61,16.71,,
"constrained-tmlr-revision-2026-08-13","full",TRUE,16,"perturbed",54,0.05,0.05,"stochastic","precomputed_exact_table","iid",202907400,202907422,100,25000,"budget_exhausted","budget-exhausted",TRUE,172,172,62,20,73,53,73,11,FALSE,0.983585601369134,0.0164143986308657,0.0386261166490632,TRUE,TRUE,TRUE,0.0164143986308657,0.0165506074528846,0.00462864802751232,92,57,32,35,14,76,7020,100,2437,0,24418,530,172,24214,0,24386,58.73,,
"constrained-tmlr-revision-2026-08-13","full",TRUE,16,"perturbed",54,0.1,0.05,"exact","precomputed_exact_table","exact",202907400,202907431,,25000,"certified","bounds-met",TRUE,49,49,40,40,40,0,40,0,TRUE,0.908621514551878,0.0913784854481215,0.0913784854481167,TRUE,TRUE,TRUE,0.0913784854481215,0.0958266471435575,0.0202047712987979,16,16,32,0,0,,,,,0,81,58,49,0,0,49,10.11,,
"constrained-tmlr-revision-2026-08-13","full",TRUE,16,"perturbed",54,0.1,0.05,"stochastic","precomputed_exact_table","iid",202907400,202907432,100,25000,"budget_exhausted","budget-exhausted",TRUE,172,172,40,10,62,52,62,22,FALSE,0.96292567186557,0.0370743281344305,0.0946186021482339,TRUE,TRUE,TRUE,0.0370743281344305,0.0377790541030636,0.0128046626967347,92,57,32,35,14,76,7020,100,2437,0,24418,545,172,24214,0,24386,67.53,,
"constrained-tmlr-revision-2026-08-13","full",TRUE,16,"perturbed",54,0.2,0.05,"exact","precomputed_exact_table","exact",202907400,202907441,,25000,"certified","bounds-met",TRUE,19,19,10,10,10,0,10,0,TRUE,0.819846374620241,0.180153625379759,0.180153625379754,TRUE,TRUE,TRUE,0.180153625379759,0.198638304299768,0.0338269398359886,6,6,32,0,0,,,,,0,51,38,19,0,0,19,3.61000000000001,,
"constrained-tmlr-revision-2026-08-13","full",TRUE,16,"perturbed",54,0.2,0.05,"stochastic","precomputed_exact_table","iid",202907400,202907442,100,25000,"budget_exhausted","budget-exhausted",TRUE,172,172,10,10,41,31,41,31,FALSE,0.914168800104787,0.0858311998952133,0.191348673078998,TRUE,TRUE,TRUE,0.0858311998952133,0.0897400417517669,0.0279714870926794,92,57,32,35,14,76,7020,100,2437,0,24418,552,172,24214,0,24386,66.19,,
"constrained-tmlr-revision-2026-08-13","full",TRUE,16,"perturbed",55,0.01,0.05,"exact","precomputed_exact_table","exact",202907500,202907511,,25000,"certified","bounds-met",TRUE,124,124,170,170,170,0,170,0,TRUE,0.990040273855737,0.00995972614426299,0.0099597261442602,TRUE,TRUE,TRUE,0.00995972614426299,0.0100096560185765,0.00320977472835744,41,41,32,0,0,,,,,0,156,108,124,0,0,124,44.92,,
"constrained-tmlr-revision-2026-08-13","full",TRUE,16,"perturbed",55,0.01,0.05,"stochastic","precomputed_exact_table","iid",202907500,202907512,100,25000,"budget_exhausted","budget-exhausted",TRUE,430,430,170,10,444,434,444,274,FALSE,0.999103284425811,0.000896715574189133,0.00977881848906542,TRUE,TRUE,TRUE,0.000896715574189133,0.000897117864110702,0.000616929408429522,362,143,32,219,162,9,12057952,100,2286,0,25000,929,430,24538,0,24968,286.99,,
"constrained-tmlr-revision-2026-08-13","full",TRUE,16,"perturbed",55,0.05,0.05,"exact","precomputed_exact_table","exact",202907500,202907521,,25000,"certified","bounds-met",TRUE,64,64,62,62,62,0,62,0,TRUE,0.951726723608873,0.0482732763911274,0.0482732763911245,TRUE,TRUE,TRUE,0.0482732763911274,0.0494773404316507,0.0178908162265492,21,21,32,0,0,,,,,0,96,68,64,0,0,64,13.61,,
"constrained-tmlr-revision-2026-08-13","full",TRUE,16,"perturbed",55,0.05,0.05,"stochastic","precomputed_exact_table","iid",202907500,202907522,100,25000,"budget_exhausted","budget-exhausted",TRUE,430,430,62,10,239,229,239,177,FALSE,0.994075114130889,0.00592488586911111,0.0490381219279364,TRUE,TRUE,TRUE,0.00592488586911111,0.00594250764453991,0.0045311136519471,362,143,32,219,162,9,12057952,100,2286,0,25000,935,430,24538,0,24968,258.38,,
"constrained-tmlr-revision-2026-08-13","full",TRUE,16,"perturbed",55,0.1,0.05,"exact","precomputed_exact_table","exact",202907500,202907531,,25000,"certified","bounds-met",TRUE,61,61,51,51,51,0,51,0,TRUE,0.924656394783071,0.0753436052169288,0.0753436052169252,TRUE,TRUE,TRUE,0.0753436052169288,0.0783330755793449,0.0178908162265492,20,20,32,0,0,,,,,0,93,66,61,0,0,61,15.39,,
"constrained-tmlr-revision-2026-08-13","full",TRUE,16,"perturbed",55,0.1,0.05,"stochastic","precomputed_exact_table","iid",202907500,202907532,100,25000,"budget_exhausted","budget-exhausted",TRUE,430,430,51,10,196,186,196,145,FALSE,0.991429430141059,0.00857056985894145,0.0952475043909559,TRUE,TRUE,TRUE,0.00857056985894145,0.00860750840046088,0.00547437325854552,362,143,32,219,162,9,12057952,100,2286,0,25000,948,430,24538,0,24968,521.31,,
"constrained-tmlr-revision-2026-08-13","full",TRUE,16,"perturbed",55,0.2,0.05,"exact","precomputed_exact_table","exact",202907500,202907541,,25000,"certified","bounds-met",TRUE,19,19,10,10,10,0,10,0,TRUE,0.804596316579819,0.195403683420181,0.195403683420178,TRUE,TRUE,TRUE,0.195403683420181,0.21741459742893,0.0342971128020755,6,6,32,0,0,,,,,0,51,38,19,0,0,19,4.94000000000005,,
"constrained-tmlr-revision-2026-08-13","full",TRUE,16,"perturbed",55,0.2,0.05,"stochastic","precomputed_exact_table","iid",202907500,202907542,100,25000,"budget_exhausted","budget-exhausted",TRUE,430,430,10,10,151,141,151,141,FALSE,0.987589251276176,0.0124107487238238,0.198499763605995,TRUE,TRUE,TRUE,0.0124107487238238,0.0124884052518143,0.00536213621425913,362,143,32,219,162,9,12057952,100,2286,0,25000,934,430,24538,0,24968,340.01,,
"constrained-tmlr-revision-2026-08-13","full",TRUE,16,"perturbed",56,0.01,0.05,"exact","precomputed_exact_table","exact",202907600,202907611,,25000,"certified","bounds-met",TRUE,103,103,159,159,159,0,159,0,TRUE,0.990228905100173,0.00977109489982675,0.00977109489982673,TRUE,TRUE,TRUE,0.00977109489982675,0.00981914530719312,0.00274279904751782,34,34,32,0,0,,,,,0,135,94,103,0,0,103,37.12,,
"constrained-tmlr-revision-2026-08-13","full",TRUE,16,"perturbed",56,0.01,0.05,"stochastic","precomputed_exact_table","iid",202907600,202907612,100,25000,"budget_exhausted","budget-exhausted",TRUE,697,697,159,51,304,253,304,145,FALSE,0.99879493350737,0.00120506649263041,0.00994461742069071,TRUE,TRUE,TRUE,0.00120506649263041,0.00120579316911056,0.000465137979290736,571,232,32,339,307,98,345471,100,1963,0,23892,1216,697,23163,0,23860,842.74,,
"constrained-tmlr-revision-2026-08-13","full",TRUE,16,"perturbed",56,0.05,0.05,"exact","precomputed_exact_table","exact",202907600,202907621,,25000,"certified","bounds-met",TRUE,61,61,62,62,62,0,62,0,TRUE,0.957788683516305,0.0422113164836955,0.0422113164836954,TRUE,TRUE,TRUE,0.0422113164836955,0.0431281062235013,0.0127574066951524,20,20,32,0,0,,,,,0,93,66,61,0,0,61,21.7,,
"constrained-tmlr-revision-2026-08-13","full",TRUE,16,"perturbed",56,0.05,0.05,"stochastic","precomputed_exact_table","iid",202907600,202907622,100,25000,"budget_exhausted","budget-exhausted",TRUE,697,697,62,10,193,183,193,131,FALSE,0.993793686056672,0.00620631394332849,0.045007113724365,TRUE,TRUE,TRUE,0.00620631394332849,0.00622565316809865,0.00213392461594639,571,232,32,339,307,98,345471,100,1963,0,23892,1202,697,23163,0,23860,817.65,,
"constrained-tmlr-revision-2026-08-13","full",TRUE,16,"perturbed",56,0.1,0.05,"exact","precomputed_exact_table","exact",202907600,202907631,,25000,"certified","bounds-met",TRUE,43,43,41,41,41,0,41,0,TRUE,0.905628903874705,0.094371096125295,0.0943710961252951,TRUE,TRUE,TRUE,0.094371096125295,0.0991256552197746,0.025046527068476,14,14,32,0,0,,,,,0,75,54,43,0,0,43,7.81999999999994,,
"constrained-tmlr-revision-2026-08-13","full",TRUE,16,"perturbed",56,0.1,0.05,"stochastic","precomputed_exact_table","iid",202907600,202907632,100,25000,"budget_exhausted","budget-exhausted",TRUE,697,697,41,10,128,118,128,87,FALSE,0.986880374777297,0.0131196252227035,0.0933650118876122,TRUE,TRUE,TRUE,0.0131196252227035,0.0132064477276095,0.00324136924704882,571,232,32,339,307,98,345471,100,1963,0,23892,1197,697,23163,0,23860,712.61,,
"constrained-tmlr-revision-2026-08-13","full",TRUE,16,"perturbed",56,0.2,0.05,"exact","precomputed_exact_table","exact",202907600,202907641,,25000,"certified","bounds-met",TRUE,46,46,20,20,20,0,20,0,TRUE,0.821336367242406,0.178663632757594,0.178663632757595,TRUE,TRUE,TRUE,0.178663632757594,0.196822549120859,0.0361947234617325,15,15,32,0,0,,,,,0,78,56,46,0,0,46,14.1399999999999,,
"constrained-tmlr-revision-2026-08-13","full",TRUE,16,"perturbed",56,0.2,0.05,"stochastic","precomputed_exact_table","iid",202907600,202907642,100,25000,"budget_exhausted","budget-exhausted",TRUE,697,697,20,10,73,63,73,53,FALSE,0.977590190929418,0.0224098090705818,0.159540327199632,TRUE,TRUE,TRUE,0.0224098090705818,0.0226647244434819,0.00664742655935887,571,232,32,339,307,98,345471,100,1963,0,23892,1209,697,23163,0,23860,724.84,,
"constrained-tmlr-revision-2026-08-13","full",TRUE,16,"perturbed",57,0.01,0.05,"exact","precomputed_exact_table","exact",202907700,202907711,,25000,"certified","bounds-met",TRUE,103,103,158,158,158,0,158,0,TRUE,0.990176507642751,0.00982349235724878,0.00982349235724376,TRUE,TRUE,TRUE,0.00982349235724878,0.00987206119713879,0.00300577743605039,34,34,32,0,0,,,,,0,135,94,103,0,0,103,33.12,,
"constrained-tmlr-revision-2026-08-13","full",TRUE,16,"perturbed",57,0.01,0.05,"stochastic","precomputed_exact_table","iid",202907700,202907712,100,25000,"budget_exhausted","budget-exhausted",TRUE,319,319,158,51,239,188,239,81,FALSE,0.995789576601585,0.00421042339841549,0.00991039992542355,TRUE,TRUE,TRUE,0.00421042339841549,0.00421931219017099,0.00316070321356163,214,106,32,108,85,357,159899,357,2201,0,24578,570,319,24227,0,24546,142.97,,
"constrained-tmlr-revision-2026-08-13","full",TRUE,16,"perturbed",57,0.05,0.05,"exact","precomputed_exact_table","exact",202907700,202907721,,25000,"certified","bounds-met",TRUE,61,61,62,62,62,0,62,0,TRUE,0.957346657876389,0.0426533421236114,0.0426533421236069,TRUE,TRUE,TRUE,0.0426533421236114,0.0435897191844355,0.0133109439166316,20,20,32,0,0,,,,,0,93,66,61,0,0,61,14.3,,
"constrained-tmlr-revision-2026-08-13","full",TRUE,16,"perturbed",57,0.05,0.05,"stochastic","precomputed_exact_table","iid",202907700,202907722,100,25000,"budget_exhausted","budget-exhausted",TRUE,319,319,62,10,128,118,128,66,FALSE,0.985954638472944,0.0140453615270562,0.0490129203639072,TRUE,TRUE,TRUE,0.0140453615270562,0.0141449310433256,0.00638420253195255,214,106,32,108,85,357,159899,357,2201,0,24578,569,319,24227,0,24546,153.46,,
"constrained-tmlr-revision-2026-08-13","full",TRUE,16,"perturbed",57,0.1,0.05,"exact","precomputed_exact_table","exact",202907700,202907731,,25000,"certified","bounds-met",TRUE,46,46,41,41,41,0,41,0,TRUE,0.908462861368255,0.091537138631745,0.0915371386317403,TRUE,TRUE,TRUE,0.091537138631745,0.0960012710477955,0.031086366256965,15,15,32,0,0,,,,,0,78,56,46,0,0,46,15.15,,
"constrained-tmlr-revision-2026-08-13","full",TRUE,16,"perturbed",57,0.1,0.05,"stochastic","precomputed_exact_table","iid",202907700,202907732,100,25000,"budget_exhausted","budget-exhausted",TRUE,319,319,41,10,73,63,73,32,FALSE,0.977483748648191,0.0225162513518089,0.0910892243232879,TRUE,TRUE,TRUE,0.0225162513518089,0.0227736126846655,0.00723930790183955,214,106,32,108,85,357,159899,357,2201,0,24578,574,319,24227,0,24546,259.75,,
"constrained-tmlr-revision-2026-08-13","full",TRUE,16,"perturbed",57,0.2,0.05,"exact","precomputed_exact_table","exact",202907700,202907741,,25000,"certified","bounds-met",TRUE,43,43,20,20,20,0,20,0,TRUE,0.826361169477825,0.173638830522175,0.17363883052217,TRUE,TRUE,TRUE,0.173638830522175,0.190723349843794,0.0399859845635907,14,14,32,0,0,,,,,0,75,54,43,0,0,43,14.6700000000001,,
"constrained-tmlr-revision-2026-08-13","full",TRUE,16,"perturbed",57,0.2,0.05,"stochastic","precomputed_exact_table","iid",202907700,202907742,100,25000,"budget_exhausted","budget-exhausted",TRUE,319,319,20,10,62,52,62,42,FALSE,0.957346657876389,0.0426533421236114,0.177231067135273,TRUE,TRUE,TRUE,0.0426533421236114,0.0435897191844355,0.0133109439166316,214,106,32,108,85,357,159899,357,2201,0,24578,580,319,24227,0,24546,250.14,,
"constrained-tmlr-revision-2026-08-13","full",TRUE,16,"perturbed",58,0.01,0.05,"exact","precomputed_exact_table","exact",202907800,202907811,,25000,"certified","bounds-met",TRUE,130,130,182,182,182,0,182,0,TRUE,0.990204457598397,0.00979554240160341,0.00979554240160915,TRUE,TRUE,TRUE,0.00979554240160341,0.00984383434974146,0.00314603705902165,43,43,32,0,0,,,,,0,162,112,130,0,0,130,47.95,,
"constrained-tmlr-revision-2026-08-13","full",TRUE,16,"perturbed",58,0.01,0.05,"stochastic","precomputed_exact_table","iid",202907800,202907812,100,25000,"budget_exhausted","budget-exhausted",TRUE,373,373,182,20,470,450,470,288,FALSE,0.998834587564519,0.00116541243548118,0.00980954638814377,TRUE,TRUE,TRUE,0.00116541243548118,0.00116609205663084,0.000821366581713001,273,124,32,149,127,110,36944791,110,2229,0,23683,592,373,23278,0,23651,196.12,,
"constrained-tmlr-revision-2026-08-13","full",TRUE,16,"perturbed",58,0.05,0.05,"exact","precomputed_exact_table","exact",202907800,202907821,,25000,"certified","bounds-met",TRUE,64,64,73,73,73,0,73,0,TRUE,0.963645028193764,0.0363549718062357,0.0363549718062416,TRUE,TRUE,TRUE,0.0363549718062357,0.0370322801989417,0.0121035957971481,21,21,32,0,0,,,,,0,96,68,64,0,0,64,13.39,,
"constrained-tmlr-revision-2026-08-13","full",TRUE,16,"perturbed",58,0.05,0.05,"stochastic","precomputed_exact_table","iid",202907800,202907822,100,25000,"budget_exhausted","budget-exhausted",TRUE,373,373,73,10,297,287,297,224,FALSE,0.995627769288767,0.00437223071123338,0.0494436431262968,TRUE,TRUE,TRUE,0.00437223071123338,0.00438181686404852,0.00299987163271898,273,124,32,149,127,110,36944791,110,2229,0,23683,611,373,23278,0,23651,332.23,,
"constrained-tmlr-revision-2026-08-13","full",TRUE,16,"perturbed",58,0.1,0.05,"exact","precomputed_exact_table","exact",202907800,202907831,,25000,"certified","bounds-met",TRUE,61,61,51,51,51,0,51,0,TRUE,0.915513470414877,0.0844865295851231,0.0844865295851276,TRUE,TRUE,TRUE,0.0844865295851231,0.0882702012512114,0.0206141663609876,20,20,32,0,0,,,,,0,93,66,61,0,0,61,19.91,,
"constrained-tmlr-revision-2026-08-13","full",TRUE,16,"perturbed",58,0.1,0.05,"stochastic","precomputed_exact_table","iid",202907800,202907832,100,25000,"budget_exhausted","budget-exhausted",TRUE,373,373,51,10,218,208,218,167,FALSE,0.989100903035635,0.010899096964365,0.0980291577153905,TRUE,TRUE,TRUE,0.010899096964365,0.0109589272495633,0.00810119212712265,273,124,32,149,127,110,36944791,110,2229,0,23683,596,373,23278,0,23651,332.29,,
"constrained-tmlr-revision-2026-08-13","full",TRUE,16,"perturbed",58,0.2,0.05,"exact","precomputed_exact_table","exact",202907800,202907841,,25000,"certified","bounds-met",TRUE,31,31,21,21,21,0,21,0,TRUE,0.810894647471694,0.189105352528306,0.18910535252831,TRUE,TRUE,TRUE,0.189105352528306,0.209617137778908,0.0647216444834325,10,10,32,0,0,,,,,0,63,46,31,0,0,31,5.52999999999997,,
"constrained-tmlr-revision-2026-08-13","full",TRUE,16,"perturbed",58,0.2,0.05,"stochastic","precomputed_exact_table","iid",202907800,202907842,100,25000,"budget_exhausted","budget-exhausted",TRUE,373,373,21,10,151,141,151,130,FALSE,0.984254150139836,0.015745849860164,0.195919540336714,TRUE,TRUE,TRUE,0.015745849860164,0.0158711326166733,0.00782008684007567,273,124,32,149,127,110,36944791,110,2229,0,23683,608,373,23278,0,23651,226.39,,
"constrained-tmlr-revision-2026-08-13","full",TRUE,16,"perturbed",59,0.01,0.05,"exact","precomputed_exact_table","exact",202907900,202907911,,25000,"certified","bounds-met",TRUE,127,127,182,182,182,0,182,0,TRUE,0.990025500789451,0.00997449921054883,0.00997449921055141,TRUE,TRUE,TRUE,0.00997449921054883,0.0100245778120596,0.00301599226540633,42,42,32,0,0,,,,,0,159,110,127,0,0,127,45.2,,
"constrained-tmlr-revision-2026-08-13","full",TRUE,16,"perturbed",59,0.01,0.05,"stochastic","precomputed_exact_table","iid",202907900,202907912,100,25000,"budget_exhausted","budget-exhausted",TRUE,322,322,182,151,215,64,215,33,FALSE,0.993240580814727,0.00675941918527345,0.0093322426247065,TRUE,TRUE,TRUE,0.00675941918527345,0.00678236752924673,0.00214790752330623,190,107,32,83,0,2,1199,100,1199,0,24877,1502,322,24523,0,24845,133.93,,
"constrained-tmlr-revision-2026-08-13","full",TRUE,16,"perturbed",59,0.05,0.05,"exact","precomputed_exact_table","exact",202907900,202907921,,25000,"certified","bounds-met",TRUE,64,64,73,73,73,0,73,0,TRUE,0.963699365550876,0.0363006344491243,0.0363006344491266,TRUE,TRUE,TRUE,0.0363006344491243,0.036975894472237,0.0166788818590142,21,21,32,0,0,,,,,0,96,68,64,0,0,64,12.35,,
"constrained-tmlr-revision-2026-08-13","full",TRUE,16,"perturbed",59,0.05,0.05,"stochastic","precomputed_exact_table","iid",202907900,202907922,100,25000,"budget_exhausted","budget-exhausted",TRUE,322,322,73,62,83,21,83,10,FALSE,0.965524464950664,0.0344755350493361,0.0482383296296547,TRUE,TRUE,TRUE,0.0344755350493361,0.035083838283212,0.0167927465101879,190,107,32,83,0,2,1199,100,1199,0,24877,1507,322,24523,0,24845,196.84,,
"constrained-tmlr-revision-2026-08-13","full",TRUE,16,"perturbed",59,0.1,0.05,"exact","precomputed_exact_table","exact",202907900,202907931,,25000,"certified","bounds-met",TRUE,64,64,51,51,51,0,51,0,TRUE,0.920175224263376,0.0798247757366242,0.079824775736627,TRUE,TRUE,TRUE,0.0798247757366242,0.083191165918631,0.0170662097213551,21,21,32,0,0,,,,,0,96,68,64,0,0,64,22.36,,
"constrained-tmlr-revision-2026-08-13","full",TRUE,16,"perturbed",59,0.1,0.05,"stochastic","precomputed_exact_table","iid",202907900,202907932,100,25000,"budget_exhausted","budget-exhausted",TRUE,322,322,51,41,62,21,62,11,FALSE,0.943398437064483,0.056601562935517,0.0785798851595277,TRUE,TRUE,TRUE,0.056601562935517,0.0582665648383693,0.0153996984025,190,107,32,83,0,2,1199,100,1199,0,24877,1511,322,24523,0,24845,244.11,,
"constrained-tmlr-revision-2026-08-13","full",TRUE,16,"perturbed",59,0.2,0.05,"exact","precomputed_exact_table","exact",202907900,202907941,,25000,"certified","bounds-met",TRUE,31,31,21,21,21,0,21,0,TRUE,0.822179822830592,0.177820177169408,0.177820177169409,TRUE,TRUE,TRUE,0.177820177169408,0.195796145283368,0.0452818999526631,10,10,32,0,0,,,,,0,63,46,31,0,0,31,11.73,,
"constrained-tmlr-revision-2026-08-13","full",TRUE,16,"perturbed",59,0.2,0.05,"stochastic","precomputed_exact_table","iid",202907900,202907942,100,25000,"budget_exhausted","budget-exhausted",TRUE,322,322,21,20,31,11,31,10,FALSE,0.859519251406907,0.140480748593093,0.187082299279246,TRUE,TRUE,TRUE,0.140480748593093,0.151382056030891,0.0450028159155966,190,107,32,83,0,2,1199,100,1199,0,24877,1460,322,24523,0,24845,204.96,,
"constrained-tmlr-revision-2026-08-13","full",TRUE,16,"perturbed",60,0.01,0.05,"exact","precomputed_exact_table","exact",202908000,202908011,,25000,"certified","bounds-met",TRUE,130,130,170,170,170,0,170,0,TRUE,0.990397935780946,0.0096020642190543,0.00960206421906026,TRUE,TRUE,TRUE,0.0096020642190543,0.00964846128161704,0.00329173352712387,43,43,32,0,0,,,,,0,162,112,130,0,0,130,45.52,,
"constrained-tmlr-revision-2026-08-13","full",TRUE,16,"perturbed",60,0.01,0.05,"stochastic","precomputed_exact_table","iid",202908000,202908012,100,25000,"budget_exhausted","budget-exhausted",TRUE,319,319,170,51,271,220,271,101,FALSE,0.998227372272907,0.00177262772709286,0.00974168827746944,TRUE,TRUE,TRUE,0.00177262772709286,0.0017742006907498,0.000788935259636178,202,106,32,96,78,129,548498,129,2330,0,24647,454,319,24296,0,24615,144,,
"constrained-tmlr-revision-2026-08-13","full",TRUE,16,"perturbed",60,0.05,0.05,"exact","precomputed_exact_table","exact",202908000,202908021,,25000,"certified","bounds-met",TRUE,64,64,62,62,62,0,62,0,TRUE,0.954743400983072,0.0452565990169282,0.045256599016934,TRUE,TRUE,TRUE,0.0452565990169282,0.0463126646751329,0.0138490123048746,21,21,32,0,0,,,,,0,96,68,64,0,0,64,13.03,,
"constrained-tmlr-revision-2026-08-13","full",TRUE,16,"perturbed",60,0.05,0.05,"stochastic","precomputed_exact_table","iid",202908000,202908022,100,25000,"budget_exhausted","budget-exhausted",TRUE,319,319,62,10,183,173,183,121,FALSE,0.989568157456823,0.0104318425431765,0.049588181551635,TRUE,TRUE,TRUE,0.0104318425431765,0.0104866356074657,0.00474020643402793,202,106,32,96,78,129,548498,129,2330,0,24647,451,319,24296,0,24615,229.47,,
"constrained-tmlr-revision-2026-08-13","full",TRUE,16,"perturbed",60,0.1,0.05,"exact","precomputed_exact_table","exact",202908000,202908031,,25000,"certified","bounds-met",TRUE,55,55,41,41,41,0,41,0,TRUE,0.904893062354861,0.0951069376451393,0.0951069376451454,TRUE,TRUE,TRUE,0.0951069376451393,0.0999385054078256,0.0281897103847932,18,18,32,0,0,,,,,0,87,62,55,0,0,55,21.92,,
"constrained-tmlr-revision-2026-08-13","full",TRUE,16,"perturbed",60,0.1,0.05,"stochastic","precomputed_exact_table","iid",202908000,202908032,100,25000,"budget_exhausted","budget-exhausted",TRUE,319,319,41,10,106,96,106,65,FALSE,0.980614137526835,0.0193858624731647,0.0998832528345073,TRUE,TRUE,TRUE,0.0193858624731647,0.0195762326480101,0.00689682637766171,202,106,32,96,78,129,548498,129,2330,0,24647,448,319,24296,0,24615,247.84,,
"constrained-tmlr-revision-2026-08-13","full",TRUE,16,"perturbed",60,0.2,0.05,"exact","precomputed_exact_table","exact",202908000,202908041,,25000,"certified","bounds-met",TRUE,49,49,20,20,20,0,20,0,TRUE,0.820878533873851,0.179121466126149,0.179121466126155,TRUE,TRUE,TRUE,0.179121466126149,0.197380129471769,0.0394426880798947,16,16,32,0,0,,,,,0,81,58,49,0,0,49,15.55,,
"constrained-tmlr-revision-2026-08-13","full",TRUE,16,"perturbed",60,0.2,0.05,"stochastic","precomputed_exact_table","iid",202908000,202908042,100,25000,"budget_exhausted","budget-exhausted",TRUE,319,319,20,10,63,53,63,43,FALSE,0.930379237300715,0.0696207626992851,0.189946456576752,TRUE,TRUE,TRUE,0.0696207626992851,0.0721629939115576,0.0537036200688835,202,106,32,96,78,129,548498,129,2330,0,24647,458,319,24296,0,24615,176.09,,
"constrained-tmlr-revision-2026-08-13","full",TRUE,16,"perturbed",61,0.01,0.05,"exact","precomputed_exact_table","exact",202908100,202908111,,25000,"certified","bounds-met",TRUE,115,115,162,162,162,0,162,0,TRUE,0.990105126903388,0.00989487309661208,0.00989487309661554,TRUE,TRUE,TRUE,0.00989487309661208,0.00994415269983111,0.00277305818018408,38,38,32,0,0,,,,,0,147,102,115,0,0,115,38.09,,
"constrained-tmlr-revision-2026-08-13","full",TRUE,16,"perturbed",61,0.01,0.05,"stochastic","precomputed_exact_table","iid",202908100,202908112,100,25000,"budget_exhausted","budget-exhausted",TRUE,388,388,162,10,492,482,492,330,FALSE,0.999401473377873,0.000598526622126672,0.00979738540247712,TRUE,TRUE,TRUE,0.000598526622126672,0.000598705810688353,0.000352001332568491,283,129,32,154,136,645,2924130,645,2493,0,23961,630,388,23541,0,23929,300.96,,
"constrained-tmlr-revision-2026-08-13","full",TRUE,16,"perturbed",61,0.05,0.05,"exact","precomputed_exact_table","exact",202908100,202908121,,25000,"certified","bounds-met",TRUE,64,64,62,62,62,0,62,0,TRUE,0.954051324031924,0.0459486759680759,0.0459486759680788,TRUE,TRUE,TRUE,0.0459486759680759,0.047037810205351,0.0131393132245251,21,21,32,0,0,,,,,0,96,68,64,0,0,64,27.97,,
"constrained-tmlr-revision-2026-08-13","full",TRUE,16,"perturbed",61,0.05,0.05,"stochastic","precomputed_exact_table","iid",202908100,202908122,100,25000,"budget_exhausted","budget-exhausted",TRUE,388,388,62,10,282,272,282,220,FALSE,0.998190631419955,0.00180936858004543,0.0493208428189899,TRUE,TRUE,TRUE,0.00180936858004543,0.00181100746457047,0.00092561901967856,283,129,32,154,136,645,2924130,645,2493,0,23961,638,388,23541,0,23929,364.06,,
"constrained-tmlr-revision-2026-08-13","full",TRUE,16,"perturbed",61,0.1,0.05,"exact","precomputed_exact_table","exact",202908100,202908131,,25000,"certified","bounds-met",TRUE,55,55,41,41,41,0,41,0,TRUE,0.902608587192954,0.0973914128070459,0.0973914128070499,TRUE,TRUE,TRUE,0.0973914128070459,0.102466277793418,0.0212062277985047,18,18,32,0,0,,,,,0,87,62,55,0,0,55,15.99,,
"constrained-tmlr-revision-2026-08-13","full",TRUE,16,"perturbed",61,0.1,0.05,"stochastic","precomputed_exact_table","iid",202908100,202908132,100,25000,"budget_exhausted","budget-exhausted",TRUE,388,388,41,10,228,218,228,187,FALSE,0.994694385968274,0.00530561403172636,0.0904255193855994,TRUE,TRUE,TRUE,0.00530561403172636,0.00531973878432882,0.00284183651721065,283,129,32,154,136,645,2924130,645,2493,0,23961,622,388,23541,0,23929,200.41,,
"constrained-tmlr-revision-2026-08-13","full",TRUE,16,"perturbed",61,0.2,0.05,"exact","precomputed_exact_table","exact",202908100,202908141,,25000,"certified","bounds-met",TRUE,46,46,20,20,20,0,20,0,TRUE,0.8129198619112,0.1870801380888,0.187080138088801,TRUE,TRUE,TRUE,0.1870801380888,0.207122745127683,0.0517475226170035,15,15,32,0,0,,,,,0,78,56,46,0,0,46,13.6999999999998,,
"constrained-tmlr-revision-2026-08-13","full",TRUE,16,"perturbed",61,0.2,0.05,"stochastic","precomputed_exact_table","iid",202908100,202908142,100,25000,"budget_exhausted","budget-exhausted",TRUE,388,388,20,10,163,153,163,143,FALSE,0.98957998974618,0.0104200102538198,0.197612233477677,TRUE,TRUE,TRUE,0.0104200102538198,0.0104746786558109,0.00397488463096926,283,129,32,154,136,645,2924130,645,2493,0,23961,622,388,23541,0,23929,183.75,,
"constrained-tmlr-revision-2026-08-13","full",TRUE,16,"perturbed",62,0.01,0.05,"exact","precomputed_exact_table","exact",202908200,202908211,,25000,"certified","bounds-met",TRUE,91,91,228,228,228,0,228,0,TRUE,0.990142890898072,0.00985710910192816,0.00985710910192877,TRUE,TRUE,TRUE,0.00985710910192816,0.00990601202820916,0.00352675953769625,30,30,32,0,0,,,,,0,123,86,91,0,0,91,29.42,,
"constrained-tmlr-revision-2026-08-13","full",TRUE,16,"perturbed",62,0.01,0.05,"stochastic","precomputed_exact_table","iid",202908200,202908212,100,25000,"budget_exhausted","budget-exhausted",TRUE,490,490,228,104,435,331,435,207,FALSE,0.997376432031828,0.00262356796817231,0.00990139935541273,TRUE,TRUE,TRUE,0.00262356796817231,0.002627015553918,0.0012995769325429,414,163,32,251,233,707,969848,707,2418,0,24811,550,490,24289,0,24779,593.03,,
"constrained-tmlr-revision-2026-08-13","full",TRUE,16,"perturbed",62,0.05,0.05,"exact","precomputed_exact_table","exact",202908200,202908221,,25000,"certified","bounds-met",TRUE,85,85,115,115,115,0,115,0,TRUE,0.9519506334291,0.0480493665709003,0.0480493665709013,TRUE,TRUE,TRUE,0.0480493665709003,0.049242101177024,0.016459914721875,28,28,32,0,0,,,,,0,117,82,85,0,0,85,30.1799999999999,,
"constrained-tmlr-revision-2026-08-13","full",TRUE,16,"perturbed",62,0.05,0.05,"stochastic","precomputed_exact_table","iid",202908200,202908222,100,25000,"budget_exhausted","budget-exhausted",TRUE,490,490,115,31,217,186,217,102,FALSE,0.988707891305869,0.0112921086941308,0.0489849487028183,TRUE,TRUE,TRUE,0.0112921086941308,0.0113563486141189,0.00347027795561087,414,163,32,251,233,707,969848,707,2418,0,24811,556,490,24289,0,24779,396.08,,
"constrained-tmlr-revision-2026-08-13","full",TRUE,16,"perturbed",62,0.1,0.05,"exact","precomputed_exact_table","exact",202908200,202908231,,25000,"certified","bounds-met",TRUE,49,49,62,62,62,0,62,0,TRUE,0.904354438941204,0.0956455610587961,0.095645561058797,TRUE,TRUE,TRUE,0.0956455610587961,0.100533916957858,0.0173419994683777,16,16,32,0,0,,,,,0,81,58,49,0,0,49,9,,
"constrained-tmlr-revision-2026-08-13","full",TRUE,16,"perturbed",62,0.1,0.05,"stochastic","precomputed_exact_table","iid",202908200,202908232,100,25000,"budget_exhausted","budget-exhausted",TRUE,490,490,62,21,161,140,161,99,FALSE,0.974333343527167,0.0256666564728334,0.0989013377589654,TRUE,TRUE,TRUE,0.0256666564728334,0.0260017920766335,0.0133178367288485,414,163,32,251,233,707,969848,707,2418,0,24811,544,490,24289,0,24779,335.91,,
"constrained-tmlr-revision-2026-08-13","full",TRUE,16,"perturbed",62,0.2,0.05,"exact","precomputed_exact_table","exact",202908200,202908241,,25000,"certified","bounds-met",TRUE,28,28,31,31,31,0,31,0,TRUE,0.814535608911511,0.185464391088489,0.18546439108849,TRUE,TRUE,TRUE,0.185464391088489,0.205137133158398,0.047075856073709,9,9,32,0,0,,,,,0,60,44,28,0,0,28,4.37999999999988,,
"constrained-tmlr-revision-2026-08-13","full",TRUE,16,"perturbed",62,0.2,0.05,"stochastic","precomputed_exact_table","iid",202908200,202908242,100,25000,"budget_exhausted","budget-exhausted",TRUE,490,490,31,10,117,107,117,86,FALSE,0.951219407203735,0.0487805927962652,0.190347510016941,TRUE,TRUE,TRUE,0.0487805927962652,0.0500105309502284,0.016500704766754,414,163,32,251,233,707,969848,707,2418,0,24811,545,490,24289,0,24779,336.32,,
"constrained-tmlr-revision-2026-08-13","full",TRUE,16,"perturbed",63,0.01,0.05,"exact","precomputed_exact_table","exact",202908300,202908311,,25000,"certified","bounds-met",TRUE,91,91,136,136,136,0,136,0,TRUE,0.990262666675045,0.00973733332495463,0.00973733332495582,TRUE,TRUE,TRUE,0.00973733332495463,0.00978505117081149,0.00258778881532789,30,30,32,0,0,,,,,0,123,86,91,0,0,91,30.31,,
"constrained-tmlr-revision-2026-08-13","full",TRUE,16,"perturbed",63,0.01,0.05,"stochastic","precomputed_exact_table","iid",202908300,202908312,100,25000,"budget_exhausted","budget-exhausted",TRUE,349,349,136,40,250,210,250,114,FALSE,0.997252090670396,0.00274790932960423,0.00990004426150129,TRUE,TRUE,TRUE,0.00274790932960423,0.00275169176322491,0.00167016972386458,226,116,32,110,94,98,233898,100,2323,0,24333,486,349,23952,0,24301,270.88,,
"constrained-tmlr-revision-2026-08-13","full",TRUE,16,"perturbed",63,0.05,0.05,"exact","precomputed_exact_table","exact",202908300,202908321,,25000,"certified","bounds-met",TRUE,61,61,62,62,62,0,62,0,TRUE,0.961647854430524,0.0383521455694756,0.0383521455694771,TRUE,TRUE,TRUE,0.0383521455694756,0.0391069510166932,0.0132281763630765,20,20,32,0,0,,,,,0,93,66,61,0,0,61,21.06,,
"constrained-tmlr-revision-2026-08-13","full",TRUE,16,"perturbed",63,0.05,0.05,"stochastic","precomputed_exact_table","iid",202908300,202908322,100,25000,"budget_exhausted","budget-exhausted",TRUE,349,349,62,10,139,129,139,77,FALSE,0.988963670331345,0.0110363296686554,0.0499208156715364,TRUE,TRUE,TRUE,0.0110363296686554,0.0110976817739184,0.00386705416148475,226,116,32,110,94,98,233898,100,2323,0,24333,490,349,23952,0,24301,292.16,,
"constrained-tmlr-revision-2026-08-13","full",TRUE,16,"perturbed",63,0.1,0.05,"exact","precomputed_exact_table","exact",202908300,202908331,,25000,"certified","bounds-met",TRUE,49,49,40,40,40,0,40,0,TRUE,0.909194840206478,0.0908051597935218,0.0908051597935227,TRUE,TRUE,TRUE,0.0908051597935218,0.0951958621117152,0.0205004177834422,16,16,32,0,0,,,,,0,81,58,49,0,0,49,18.3000000000001,,
"constrained-tmlr-revision-2026-08-13","full",TRUE,16,"perturbed",63,0.1,0.05,"stochastic","precomputed_exact_table","iid",202908300,202908332,100,25000,"budget_exhausted","budget-exhausted",TRUE,349,349,40,10,73,63,73,33,FALSE,0.982344697992095,0.0176553020079053,0.0892927898568884,TRUE,TRUE,TRUE,0.0176553020079053,0.0178130159342459,0.00617050634467657,226,116,32,110,94,98,233898,100,2323,0,24333,470,349,23952,0,24301,192.56,,
"constrained-tmlr-revision-2026-08-13","full",TRUE,16,"perturbed",63,0.2,0.05,"exact","precomputed_exact_table","exact",202908300,202908341,,25000,"certified","bounds-met",TRUE,19,19,10,10,10,0,10,0,TRUE,0.810572127759848,0.189427872240152,0.189427872240153,TRUE,TRUE,TRUE,0.189427872240152,0.210014950081973,0.0451564672545714,6,6,32,0,0,,,,,0,51,38,19,0,0,19,3.74000000000001,,
"constrained-tmlr-revision-2026-08-13","full",TRUE,16,"perturbed",63,0.2,0.05,"stochastic","precomputed_exact_table","iid",202908300,202908342,100,25000,"budget_exhausted","budget-exhausted",TRUE,349,349,10,10,62,52,62,52,FALSE,0.961592629216568,0.0384073707834316,0.195615247781809,TRUE,TRUE,TRUE,0.0384073707834316,0.039164380354772,0.0132170613455946,226,116,32,110,94,98,233898,100,2323,0,24333,490,349,23952,0,24301,172.49,,
"constrained-tmlr-revision-2026-08-13","full",TRUE,16,"perturbed",64,0.01,0.05,"exact","precomputed_exact_table","exact",202908400,202908411,,25000,"certified","bounds-met",TRUE,118,118,136,136,136,0,136,0,TRUE,0.990539219358277,0.00946078064172318,0.00946078064172713,TRUE,TRUE,TRUE,0.00946078064172318,0.00950581811173743,0.00234658756349799,39,39,32,0,0,,,,,0,150,104,118,0,0,118,58.37,,
"constrained-tmlr-revision-2026-08-13","full",TRUE,16,"perturbed",64,0.01,0.05,"stochastic","precomputed_exact_table","iid",202908400,202908412,100,25000,"budget_exhausted","budget-exhausted",TRUE,352,352,136,40,271,231,271,135,FALSE,0.999094025985626,0.000905974014374089,0.00740017835464827,TRUE,TRUE,TRUE,0.000905974014374089,0.000906384656871138,0.000340217845050506,234,117,32,117,104,1037,34727,1037,2413,0,24325,483,352,23941,0,24293,295.39,,
"constrained-tmlr-revision-2026-08-13","full",TRUE,16,"perturbed",64,0.05,0.05,"exact","precomputed_exact_table","exact",202908400,202908421,,25000,"certified","bounds-met",TRUE,61,61,62,62,62,0,62,0,TRUE,0.963630455280216,0.0363695447197842,0.036369544719788,TRUE,TRUE,TRUE,0.0363695447197842,0.0370474030121292,0.0128097840277753,20,20,32,0,0,,,,,0,93,66,61,0,0,61,22.49,,
"constrained-tmlr-revision-2026-08-13","full",TRUE,16,"perturbed",64,0.05,0.05,"stochastic","precomputed_exact_table","iid",202908400,202908422,100,25000,"budget_exhausted","budget-exhausted",TRUE,352,352,62,10,183,173,183,121,FALSE,0.994153070571082,0.00584692942891785,0.0490251253095706,TRUE,TRUE,TRUE,0.00584692942891785,0.00586408964319275,0.00168498602725869,234,117,32,117,104,1037,34727,1037,2413,0,24325,493,352,23941,0,24293,280.2,,
"constrained-tmlr-revision-2026-08-13","full",TRUE,16,"perturbed",64,0.1,0.05,"exact","precomputed_exact_table","exact",202908400,202908431,,25000,"certified","bounds-met",TRUE,52,52,40,40,40,0,40,0,TRUE,0.90541543202164,0.0945845679783602,0.0945845679783649,TRUE,TRUE,TRUE,0.0945845679783602,0.0993613997013675,0.0203363856141423,17,17,32,0,0,,,,,0,84,60,52,0,0,52,10.0599999999999,,
"constrained-tmlr-revision-2026-08-13","full",TRUE,16,"perturbed",64,0.1,0.05,"stochastic","precomputed_exact_table","iid",202908400,202908432,100,25000,"budget_exhausted","budget-exhausted",TRUE,352,352,40,10,104,94,104,64,FALSE,0.987595487137162,0.0124045128628379,0.0997638579320426,TRUE,TRUE,TRUE,0.0124045128628379,0.0124820910465002,0.00348495575914756,234,117,32,117,104,1037,34727,1037,2413,0,24325,494,352,23941,0,24293,186.16,,
"constrained-tmlr-revision-2026-08-13","full",TRUE,16,"perturbed",64,0.2,0.05,"exact","precomputed_exact_table","exact",202908400,202908441,,25000,"certified","bounds-met",TRUE,19,19,10,10,10,0,10,0,TRUE,0.821960902909552,0.178039097090448,0.178039097090452,TRUE,TRUE,TRUE,0.178039097090448,0.196062448427505,0.0345738327913383,6,6,32,0,0,,,,,0,51,38,19,0,0,19,4.03999999999996,,
"constrained-tmlr-revision-2026-08-13","full",TRUE,16,"perturbed",64,0.2,0.05,"stochastic","precomputed_exact_table","iid",202908400,202908442,100,25000,"budget_exhausted","budget-exhausted",TRUE,352,352,10,10,73,63,73,63,FALSE,0.984337577399576,0.0156624226004239,0.121888759246869,TRUE,TRUE,TRUE,0.0156624226004239,0.0157863743007433,0.00461743588269607,234,117,32,117,104,1037,34727,1037,2413,0,24325,488,352,23941,0,24293,171.54,,
"constrained-tmlr-revision-2026-08-13","full",TRUE,16,"perturbed",65,0.01,0.05,"exact","precomputed_exact_table","exact",202908500,202908511,,25000,"certified","bounds-met",TRUE,118,118,147,147,147,0,147,0,TRUE,0.99068140109888,0.00931859890111952,0.00931859890112097,TRUE,TRUE,TRUE,0.00931859890111952,0.00936228867399623,0.00295061694816361,39,39,32,0,0,,,,,0,150,104,118,0,0,118,66.16,,
"constrained-tmlr-revision-2026-08-13","full",TRUE,16,"perturbed",65,0.01,0.05,"stochastic","precomputed_exact_table","iid",202908500,202908512,100,25000,"budget_exhausted","budget-exhausted",TRUE,820,820,147,40,271,231,271,124,FALSE,0.998447550559633,0.0015524494403667,0.00794318345188342,TRUE,TRUE,TRUE,0.0015524494403667,0.00155365573863885,0.000918793238987498,701,273,32,428,400,585,115326490,585,1182,0,23852,975,820,23000,0,23820,1234.51,,
"constrained-tmlr-revision-2026-08-13","full",TRUE,16,"perturbed",65,0.05,0.05,"exact","precomputed_exact_table","exact",202908500,202908521,,25000,"certified","bounds-met",TRUE,61,61,62,62,62,0,62,0,TRUE,0.955009362284591,0.0449906377154095,0.0449906377154108,TRUE,TRUE,TRUE,0.0449906377154095,0.0460341351100984,0.013569868641025,20,20,32,0,0,,,,,0,93,66,61,0,0,61,10.3699999999999,,
"constrained-tmlr-revision-2026-08-13","full",TRUE,16,"perturbed",65,0.05,0.05,"stochastic","precomputed_exact_table","iid",202908500,202908522,100,25000,"budget_exhausted","budget-exhausted",TRUE,820,820,62,10,159,149,159,97,FALSE,0.99135635412782,0.00864364587217992,0.0484779889386999,TRUE,TRUE,TRUE,0.00864364587217992,0.00868121884750093,0.00328314665358406,701,273,32,428,400,585,115326490,585,1182,0,23852,968,820,23000,0,23820,1107.6,,
"constrained-tmlr-revision-2026-08-13","full",TRUE,16,"perturbed",65,0.1,0.05,"exact","precomputed_exact_table","exact",202908500,202908531,,25000,"certified","bounds-met",TRUE,49,49,40,40,40,0,40,0,TRUE,0.908098675092028,0.0919013249079721,0.0919013249079739,TRUE,TRUE,TRUE,0.0919013249079721,0.0964022332764861,0.0168878299667951,16,16,32,0,0,,,,,0,81,58,49,0,0,49,9.75,,
"constrained-tmlr-revision-2026-08-13","full",TRUE,16,"perturbed",65,0.1,0.05,"stochastic","precomputed_exact_table","iid",202908500,202908532,100,25000,"budget_exhausted","budget-exhausted",TRUE,820,820,40,10,93,83,93,53,FALSE,0.981772171208589,0.0182278287914112,0.0995440101050727,TRUE,TRUE,TRUE,0.0182278287914112,0.018396002424204,0.00617346802753721,701,273,32,428,400,585,115326490,585,1182,0,23852,980,820,23000,0,23820,809.94,,
"constrained-tmlr-revision-2026-08-13","full",TRUE,16,"perturbed",65,0.2,0.05,"exact","precomputed_exact_table","exact",202908500,202908541,,25000,"certified","bounds-met",TRUE,40,40,20,20,20,0,20,0,TRUE,0.846210472758898,0.153789527241102,0.153789527241103,TRUE,TRUE,TRUE,0.153789527241102,0.166987164550942,0.0402589080648277,13,13,32,0,0,,,,,0,72,52,40,0,0,40,4.19000000000005,,
"constrained-tmlr-revision-2026-08-13","full",TRUE,16,"perturbed",65,0.2,0.05,"stochastic","precomputed_exact_table","iid",202908500,202908542,100,25000,"budget_exhausted","budget-exhausted",TRUE,820,820,20,10,73,63,73,53,FALSE,0.975404234331045,0.0245957656689553,0.124185747887089,TRUE,TRUE,TRUE,0.0245957656689553,0.0249032945929453,0.0121422212872513,701,273,32,428,400,585,115326490,585,1182,0,23852,966,820,23000,0,23820,390.74,,
"constrained-tmlr-revision-2026-08-13","full",TRUE,16,"perturbed",66,0.01,0.05,"exact","precomputed_exact_table","exact",202908600,202908611,,25000,"certified","bounds-met",TRUE,118,118,136,136,136,0,136,0,TRUE,0.990544815505174,0.00945518449482641,0.0094551844948254,TRUE,TRUE,TRUE,0.00945518449482641,0.00950016853120646,0.00267569455764964,39,39,32,0,0,,,,,0,150,104,118,0,0,118,49.69,,
"constrained-tmlr-revision-2026-08-13","full",TRUE,16,"perturbed",66,0.01,0.05,"stochastic","precomputed_exact_table","iid",202908600,202908612,100,25000,"budget_exhausted","budget-exhausted",TRUE,142,142,136,93,180,87,180,44,FALSE,0.994057083655962,0.00594291634403799,0.00913317870503435,TRUE,TRUE,TRUE,0.00594291634403799,0.00596064574918652,0.00186655942515759,70,47,32,23,0,38,2042,100,2042,0,23803,754,142,23629,0,23771,56.62,,
"constrained-tmlr-revision-2026-08-13","full",TRUE,16,"perturbed",66,0.05,0.05,"exact","precomputed_exact_table","exact",202908600,202908621,,25000,"certified","bounds-met",TRUE,61,61,62,62,62,0,62,0,TRUE,0.959959940850609,0.0400400591493912,0.0400400591493903,TRUE,TRUE,TRUE,0.0400400591493912,0.0408637236715199,0.0157256714603376,20,20,32,0,0,,,,,0,93,66,61,0,0,61,17.72,,
"constrained-tmlr-revision-2026-08-13","full",TRUE,16,"perturbed",66,0.05,0.05,"stochastic","precomputed_exact_table","iid",202908600,202908622,100,25000,"budget_exhausted","budget-exhausted",TRUE,142,142,62,51,72,21,72,10,FALSE,0.964741593190273,0.0352584068097274,0.0498292293979704,TRUE,TRUE,TRUE,0.0352584068097274,0.0358949925798077,0.0126711708666073,70,47,32,23,0,38,2042,100,2042,0,23803,721,142,23629,0,23771,62.8,,
"constrained-tmlr-revision-2026-08-13","full",TRUE,16,"perturbed",66,0.1,0.05,"exact","precomputed_exact_table","exact",202908600,202908631,,25000,"certified","bounds-met",TRUE,52,52,40,40,40,0,40,0,TRUE,0.912664735910532,0.087335264089468,0.0873352640894669,TRUE,TRUE,TRUE,0.087335264089468,0.0913866773148295,0.0181701242879746,17,17,32,0,0,,,,,0,84,60,52,0,0,52,12.13,,
"constrained-tmlr-revision-2026-08-13","full",TRUE,16,"perturbed",66,0.1,0.05,"stochastic","precomputed_exact_table","iid",202908600,202908632,100,25000,"budget_exhausted","budget-exhausted",TRUE,142,142,40,30,51,21,51,11,FALSE,0.939378498856895,0.060621501143105,0.0851706991844108,TRUE,TRUE,TRUE,0.060621501143105,0.0625367938171428,0.0157256714603376,70,47,32,23,0,38,2042,100,2042,0,23803,713,142,23629,0,23771,49.28,,
"constrained-tmlr-revision-2026-08-13","full",TRUE,16,"perturbed",66,0.2,0.05,"exact","precomputed_exact_table","exact",202908600,202908641,,25000,"certified","bounds-met",TRUE,19,19,10,10,10,0,10,0,TRUE,0.820712984659435,0.179287015340565,0.179287015340565,TRUE,TRUE,TRUE,0.179287015340565,0.197581823027209,0.0388207481210049,6,6,32,0,0,,,,,0,51,38,19,0,0,19,3.79000000000002,,
"constrained-tmlr-revision-2026-08-13","full",TRUE,16,"perturbed",66,0.2,0.05,"stochastic","precomputed_exact_table","iid",202908600,202908642,100,25000,"budget_exhausted","budget-exhausted",TRUE,142,142,10,10,20,10,20,10,FALSE,0.855893728164361,0.144106271835639,0.193849503593638,TRUE,TRUE,TRUE,0.144106271835639,0.155609059888262,0.0338452312638881,70,47,32,23,0,38,2042,100,2042,0,23803,760,142,23629,0,23771,53.68,,
"constrained-tmlr-revision-2026-08-13","full",TRUE,16,"perturbed",67,0.01,0.05,"exact","precomputed_exact_table","exact",202908700,202908711,,25000,"certified","bounds-met",TRUE,136,136,249,249,249,0,249,0,TRUE,0.990153317547931,0.00984668245206854,0.00984668245207451,TRUE,TRUE,TRUE,0.00984668245206854,0.00989548163400324,0.00448502269303556,45,45,32,0,0,,,,,0,168,116,136,0,0,136,53.69,,
"constrained-tmlr-revision-2026-08-13","full",TRUE,16,"perturbed",67,0.01,0.05,"stochastic","precomputed_exact_table","iid",202908700,202908712,100,25000,"budget_exhausted","budget-exhausted",TRUE,283,283,249,73,448,375,448,199,FALSE,0.997259397484389,0.0027406025156107,0.00944266568551231,TRUE,TRUE,TRUE,0.0027406025156107,0.00274436484228517,0.00119500871972933,171,94,32,77,54,19,144987,100,2485,0,24160,531,283,23845,0,24128,128.06,,
"constrained-tmlr-revision-2026-08-13","full",TRUE,16,"perturbed",67,0.05,0.05,"exact","precomputed_exact_table","exact",202908700,202908721,,25000,"certified","bounds-met",TRUE,73,73,96,96,96,0,96,0,TRUE,0.951068732571498,0.0489312674285017,0.048931267428507,TRUE,TRUE,TRUE,0.0489312674285017,0.0501689450510169,0.015771427244302,24,24,32,0,0,,,,,0,105,74,73,0,0,73,14.83,,
"constrained-tmlr-revision-2026-08-13","full",TRUE,16,"perturbed",67,0.05,0.05,"stochastic","precomputed_exact_table","iid",202908700,202908722,100,25000,"budget_exhausted","budget-exhausted",TRUE,283,283,96,20,242,222,242,146,FALSE,0.9886730865665,0.0113269134335002,0.0489927567185152,TRUE,TRUE,TRUE,0.0113269134335002,0.011391551480701,0.00447216528076288,171,94,32,77,54,19,144987,100,2485,0,24160,524,283,23845,0,24128,110.67,,
"constrained-tmlr-revision-2026-08-13","full",TRUE,16,"perturbed",67,0.1,0.05,"exact","precomputed_exact_table","exact",202908700,202908731,,25000,"certified","bounds-met",TRUE,61,61,63,63,63,0,63,0,TRUE,0.913538076390021,0.0864619236099785,0.0864619236099838,TRUE,TRUE,TRUE,0.0864619236099785,0.090430222160796,0.0290437825292362,20,20,32,0,0,,,,,0,93,66,61,0,0,61,13.08,,
"constrained-tmlr-revision-2026-08-13","full",TRUE,16,"perturbed",67,0.1,0.05,"stochastic","precomputed_exact_table","iid",202908700,202908732,100,25000,"budget_exhausted","budget-exhausted",TRUE,283,283,63,10,175,165,175,112,FALSE,0.977624420332634,0.0223755796673658,0.0919643847773378,TRUE,TRUE,TRUE,0.0223755796673658,0.0226297109948074,0.00711491699821643,171,94,32,77,54,19,144987,100,2485,0,24160,520,283,23845,0,24128,118.81,,
"constrained-tmlr-revision-2026-08-13","full",TRUE,16,"perturbed",67,0.2,0.05,"exact","precomputed_exact_table","exact",202908700,202908741,,25000,"certified","bounds-met",TRUE,37,37,32,32,32,0,32,0,TRUE,0.809717230662154,0.190282769337846,0.190282769337849,TRUE,TRUE,TRUE,0.190282769337846,0.211070190212484,0.0632368311697388,12,12,32,0,0,,,,,0,69,50,37,0,0,37,6.99000000000001,,
"constrained-tmlr-revision-2026-08-13","full",TRUE,16,"perturbed",67,0.2,0.05,"stochastic","precomputed_exact_table","iid",202908700,202908742,100,25000,"budget_exhausted","budget-exhausted",TRUE,283,283,32,10,119,109,119,87,FALSE,0.962861296592367,0.0371387034076334,0.183899353725879,TRUE,TRUE,TRUE,0.0371387034076334,0.0378459101720695,0.010469322510596,171,94,32,77,54,19,144987,100,2485,0,24160,531,283,23845,0,24128,118.69,,
"constrained-tmlr-revision-2026-08-13","full",TRUE,16,"perturbed",68,0.01,0.05,"exact","precomputed_exact_table","exact",202908800,202908811,,25000,"certified","bounds-met",TRUE,97,97,125,125,125,0,125,0,TRUE,0.990060127794669,0.00993987220533088,0.00993987220533706,TRUE,TRUE,TRUE,0.00993987220533088,0.00998960255167533,0.00256498992496744,32,32,32,0,0,,,,,0,129,90,97,0,0,97,31.84,,
"constrained-tmlr-revision-2026-08-13","full",TRUE,16,"perturbed",68,0.01,0.05,"stochastic","precomputed_exact_table","iid",202908800,202908812,100,25000,"budget_exhausted","budget-exhausted",TRUE,472,472,125,10,383,373,383,258,FALSE,0.999418597855562,0.00058140214443847,0.00997997962686699,TRUE,TRUE,TRUE,0.00058140214443847,0.000581571224203984,0.000349815169125439,423,157,32,266,190,22,355693,100,972,0,24413,1137,472,23909,0,24381,383.34,,
"constrained-tmlr-revision-2026-08-13","full",TRUE,16,"perturbed",68,0.05,0.05,"exact","precomputed_exact_table","exact",202908800,202908821,,25000,"certified","bounds-met",TRUE,61,61,62,62,62,0,62,0,TRUE,0.96163376201223,0.0383662379877702,0.0383662379877762,TRUE,TRUE,TRUE,0.0383662379877702,0.0391216055718809,0.0129290131202613,20,20,32,0,0,,,,,0,93,66,61,0,0,61,13.48,,
"constrained-tmlr-revision-2026-08-13","full",TRUE,16,"perturbed",68,0.05,0.05,"stochastic","precomputed_exact_table","iid",202908800,202908822,100,25000,"budget_exhausted","budget-exhausted",TRUE,472,472,62,10,238,228,238,176,FALSE,0.996684967772752,0.00331503222724794,0.0486416639149015,TRUE,TRUE,TRUE,0.00331503222724794,0.0033205391203018,0.00261566603885966,423,157,32,266,190,22,355693,100,972,0,24413,1109,472,23909,0,24381,358.86,,
"constrained-tmlr-revision-2026-08-13","full",TRUE,16,"perturbed",68,0.1,0.05,"exact","precomputed_exact_table","exact",202908800,202908831,,25000,"certified","bounds-met",TRUE,49,49,40,40,40,0,40,0,TRUE,0.919441291936252,0.0805587080637475,0.0805587080637521,TRUE,TRUE,TRUE,0.0805587080637475,0.0839890847887869,0.0141322305555124,16,16,32,0,0,,,,,0,81,58,49,0,0,49,10.1999999999999,,
"constrained-tmlr-revision-2026-08-13","full",TRUE,16,"perturbed",68,0.1,0.05,"stochastic","precomputed_exact_table","iid",202908800,202908832,100,25000,"budget_exhausted","budget-exhausted",TRUE,472,472,40,10,194,184,194,154,FALSE,0.99366625135729,0.0063337486427103,0.0995538911744342,TRUE,TRUE,TRUE,0.0063337486427103,0.00635389192869703,0.0035700581229612,423,157,32,266,190,22,355693,100,972,0,24413,1112,472,23909,0,24381,473.23,,
"constrained-tmlr-revision-2026-08-13","full",TRUE,16,"perturbed",68,0.2,0.05,"exact","precomputed_exact_table","exact",202908800,202908841,,25000,"certified","bounds-met",TRUE,19,19,10,10,10,0,10,0,TRUE,0.805023602938297,0.194976397061703,0.194976397061709,TRUE,TRUE,TRUE,0.194976397061703,0.216883681573164,0.0472566254527484,6,6,32,0,0,,,,,0,51,38,19,0,0,19,2.91000000000008,,
"constrained-tmlr-revision-2026-08-13","full",TRUE,16,"perturbed",68,0.2,0.05,"stochastic","precomputed_exact_table","iid",202908800,202908842,100,25000,"budget_exhausted","budget-exhausted",TRUE,472,472,10,10,126,116,126,116,FALSE,0.990423313308118,0.00957668669188216,0.195568972867645,TRUE,TRUE,TRUE,0.00957668669188216,0.00962283804359373,0.00346777916397945,423,157,32,266,190,22,355693,100,972,0,24413,1141,472,23909,0,24381,371.73,,
"constrained-tmlr-revision-2026-08-13","full",TRUE,16,"perturbed",69,0.01,0.05,"exact","precomputed_exact_table","exact",202908900,202908911,,25000,"certified","bounds-met",TRUE,130,130,170,170,170,0,170,0,TRUE,0.990116917468016,0.00988308253198411,0.00988308253198454,TRUE,TRUE,TRUE,0.00988308253198411,0.00993224437403338,0.00337021688942717,43,43,32,0,0,,,,,0,162,112,130,0,0,130,57.53,,
"constrained-tmlr-revision-2026-08-13","full",TRUE,16,"perturbed",69,0.01,0.05,"stochastic","precomputed_exact_table","iid",202908900,202908912,100,25000,"budget_exhausted","budget-exhausted",TRUE,472,472,170,50,302,252,302,132,FALSE,0.998381274958469,0.00161872504153093,0.009940743529739,TRUE,TRUE,TRUE,0.00161872504153093,0.00162003659246228,0.000741563138849106,387,157,32,230,187,98,167465,100,2454,0,24279,1195,472,23775,0,24247,341.47,,
"constrained-tmlr-revision-2026-08-13","full",TRUE,16,"perturbed",69,0.05,0.05,"exact","precomputed_exact_table","exact",202908900,202908921,,25000,"certified","bounds-met",TRUE,64,64,62,62,62,0,62,0,TRUE,0.95413580184836,0.0458641981516398,0.0458641981516405,TRUE,TRUE,TRUE,0.0458641981516398,0.0469492677187724,0.0137284549240367,21,21,32,0,0,,,,,0,96,68,64,0,0,64,10.64,,
"constrained-tmlr-revision-2026-08-13","full",TRUE,16,"perturbed",69,0.05,0.05,"stochastic","precomputed_exact_table","iid",202908900,202908922,100,25000,"budget_exhausted","budget-exhausted",TRUE,472,472,62,10,183,173,183,121,FALSE,0.990361812945174,0.00963818705482578,0.0491610935299219,TRUE,TRUE,TRUE,0.00963818705482578,0.00968493499913751,0.0049365933856532,387,157,32,230,187,98,167465,100,2454,0,24279,1228,472,23775,0,24247,318.24,,
"constrained-tmlr-revision-2026-08-13","full",TRUE,16,"perturbed",69,0.1,0.05,"exact","precomputed_exact_table","exact",202908900,202908931,,25000,"certified","bounds-met",TRUE,64,64,51,51,51,0,51,0,TRUE,0.928565235847847,0.0714347641521534,0.071434764152154,TRUE,TRUE,TRUE,0.0714347641521534,0.0741146412628948,0.0188213527741342,21,21,32,0,0,,,,,0,96,68,64,0,0,64,12.35,,
"constrained-tmlr-revision-2026-08-13","full",TRUE,16,"perturbed",69,0.1,0.05,"stochastic","precomputed_exact_table","iid",202908900,202908932,100,25000,"budget_exhausted","budget-exhausted",TRUE,472,472,51,10,116,106,116,65,FALSE,0.98321267923418,0.0167873207658198,0.096107881297204,TRUE,TRUE,TRUE,0.0167873207658198,0.0169298249284142,0.0066205219106318,387,157,32,230,187,98,167465,100,2454,0,24279,1201,472,23775,0,24247,429.33,,
"constrained-tmlr-revision-2026-08-13","full",TRUE,16,"perturbed",69,0.2,0.05,"exact","precomputed_exact_table","exact",202908900,202908941,,25000,"certified","bounds-met",TRUE,49,49,20,20,20,0,20,0,TRUE,0.820325378761022,0.179674621238978,0.179674621238978,TRUE,TRUE,TRUE,0.179674621238978,0.198054214062374,0.0392127643977215,16,16,32,0,0,,,,,0,81,58,49,0,0,49,11.3899999999999,,
"constrained-tmlr-revision-2026-08-13","full",TRUE,16,"perturbed",69,0.2,0.05,"stochastic","precomputed_exact_table","iid",202908900,202908942,100,25000,"budget_exhausted","budget-exhausted",TRUE,472,472,20,10,73,63,73,53,FALSE,0.975486628038238,0.0245133719617621,0.150146455734625,TRUE,TRUE,TRUE,0.0245133719617621,0.0248188268158579,0.0085837116508426,387,157,32,230,187,98,167465,100,2454,0,24279,1208,472,23775,0,24247,356.94,,
"constrained-tmlr-revision-2026-08-13","full",TRUE,16,"perturbed",70,0.01,0.05,"exact","precomputed_exact_table","exact",202909000,202909011,,25000,"certified","bounds-met",TRUE,100,100,194,194,194,0,194,0,TRUE,0.99028164734406,0.00971835265594001,0.0097183526559365,TRUE,TRUE,TRUE,0.00971835265594001,0.00976588404702552,0.00337875963413685,33,33,32,0,0,,,,,0,132,92,100,0,0,100,35.36,,
"constrained-tmlr-revision-2026-08-13","full",TRUE,16,"perturbed",70,0.01,0.05,"stochastic","precomputed_exact_table","iid",202909000,202909012,100,25000,"budget_exhausted","budget-exhausted",TRUE,217,217,194,126,294,168,294,100,FALSE,0.995443042303734,0.00455695769626596,0.00993694872831156,TRUE,TRUE,TRUE,0.00455695769626596,0.00456737227924227,0.0015806333448032,123,72,32,51,25,12,37625,100,2348,0,24963,578,217,24714,0,24931,79.32,,
"constrained-tmlr-revision-2026-08-13","full",TRUE,16,"perturbed",70,0.05,0.05,"exact","precomputed_exact_table","exact",202909000,202909021,,25000,"certified","bounds-met",TRUE,67,67,84,84,84,0,84,0,TRUE,0.959087898794276,0.0409121012057242,0.0409121012057208,TRUE,TRUE,TRUE,0.0409121012057242,0.0417725515791322,0.0128323678247969,22,22,32,0,0,,,,,0,99,70,67,0,0,67,16.59,,
"constrained-tmlr-revision-2026-08-13","full",TRUE,16,"perturbed",70,0.05,0.05,"stochastic","precomputed_exact_table","iid",202909000,202909022,100,25000,"budget_exhausted","budget-exhausted",TRUE,217,217,84,51,139,88,139,55,FALSE,0.97830935000932,0.0216906499906802,0.0495390168407684,TRUE,TRUE,TRUE,0.0216906499906802,0.0219293501594171,0.00788172551399867,123,72,32,51,25,12,37625,100,2348,0,24963,564,217,24714,0,24931,87.78,,
"constrained-tmlr-revision-2026-08-13","full",TRUE,16,"perturbed",70,0.1,0.05,"exact","precomputed_exact_table","exact",202909000,202909031,,25000,"certified","bounds-met",TRUE,58,58,51,51,51,0,51,0,TRUE,0.90786543193453,0.0921345680654702,0.0921345680654663,TRUE,TRUE,TRUE,0.0921345680654702,0.0966591140792268,0.020822501595031,19,19,32,0,0,,,,,0,90,64,58,0,0,58,12.94,,
"constrained-tmlr-revision-2026-08-13","full",TRUE,16,"perturbed",70,0.1,0.05,"stochastic","precomputed_exact_table","iid",202909000,202909032,100,25000,"budget_exhausted","budget-exhausted",TRUE,217,217,51,31,84,53,84,33,FALSE,0.959087898794276,0.0409121012057242,0.0879437576796917,TRUE,TRUE,TRUE,0.0409121012057242,0.0417725515791322,0.0128323678247969,123,72,32,51,25,12,37625,100,2348,0,24963,596,217,24714,0,24931,80.66,,
"constrained-tmlr-revision-2026-08-13","full",TRUE,16,"perturbed",70,0.2,0.05,"exact","precomputed_exact_table","exact",202909000,202909041,,25000,"certified","bounds-met",TRUE,49,49,31,31,31,0,31,0,TRUE,0.860900871726447,0.139099128273553,0.13909912827355,TRUE,TRUE,TRUE,0.139099128273553,0.14977591274301,0.0337639534826843,16,16,32,0,0,,,,,0,81,58,49,0,0,49,10.33,,
"constrained-tmlr-revision-2026-08-13","full",TRUE,16,"perturbed",70,0.2,0.05,"stochastic","precomputed_exact_table","iid",202909000,202909042,100,25000,"budget_exhausted","budget-exhausted",TRUE,217,217,31,10,51,41,51,20,FALSE,0.90786543193453,0.0921345680654702,0.194660117743079,TRUE,TRUE,TRUE,0.0921345680654702,0.0966591140792268,0.020822501595031,123,72,32,51,25,12,37625,100,2348,0,24963,575,217,24714,0,24931,80.62,,
"constrained-tmlr-revision-2026-08-13","full",TRUE,16,"perturbed",71,0.01,0.05,"exact","precomputed_exact_table","exact",202909100,202909111,,25000,"certified","bounds-met",TRUE,112,112,136,136,136,0,136,0,TRUE,0.99016498545322,0.00983501454677971,0.00983501454678311,TRUE,TRUE,TRUE,0.00983501454677971,0.00988369776544909,0.00273380762605264,37,37,32,0,0,,,,,0,144,100,112,0,0,112,39.79,,
"constrained-tmlr-revision-2026-08-13","full",TRUE,16,"perturbed",71,0.01,0.05,"stochastic","precomputed_exact_table","iid",202909100,202909112,100,25000,"budget_exhausted","budget-exhausted",TRUE,328,328,136,72,224,152,224,88,FALSE,0.996350235137031,0.00364976486296942,0.00997790663853631,TRUE,TRUE,TRUE,0.00364976486296942,0.0036564415051469,0.00149283848070583,218,109,32,109,97,1215,23420,1215,2448,0,22740,466,328,22380,0,22708,152.56,,
"constrained-tmlr-revision-2026-08-13","full",TRUE,16,"perturbed",71,0.05,0.05,"exact","precomputed_exact_table","exact",202909100,202909121,,25000,"certified","bounds-met",TRUE,61,61,62,62,62,0,62,0,TRUE,0.962031914772821,0.0379680852271794,0.0379680852271821,TRUE,TRUE,TRUE,0.0379680852271794,0.0387076534272009,0.0143232466009285,20,20,32,0,0,,,,,0,93,66,61,0,0,61,13.75,,
"constrained-tmlr-revision-2026-08-13","full",TRUE,16,"perturbed",71,0.05,0.05,"stochastic","precomputed_exact_table","iid",202909100,202909122,100,25000,"budget_exhausted","budget-exhausted",TRUE,328,328,62,30,73,43,73,11,FALSE,0.984089486134454,0.0159105138655457,0.0386633862493807,TRUE,TRUE,TRUE,0.0159105138655457,0.0160384448712321,0.00429333090261004,218,109,32,109,97,1215,23420,1215,2448,0,22740,459,328,22380,0,22708,149.7,,
"constrained-tmlr-revision-2026-08-13","full",TRUE,16,"perturbed",71,0.1,0.05,"exact","precomputed_exact_table","exact",202909100,202909131,,25000,"certified","bounds-met",TRUE,55,55,40,40,40,0,40,0,TRUE,0.91104479580054,0.0889552041994605,0.0889552041994623,TRUE,TRUE,TRUE,0.0889552041994605,0.0931632108119445,0.021364601767274,18,18,32,0,0,,,,,0,87,62,55,0,0,55,13.3,,
"constrained-tmlr-revision-2026-08-13","full",TRUE,16,"perturbed",71,0.1,0.05,"stochastic","precomputed_exact_table","iid",202909100,202909132,100,25000,"budget_exhausted","budget-exhausted",TRUE,328,328,40,10,62,52,62,22,FALSE,0.962463188085887,0.0375368119141128,0.0893395075264814,TRUE,TRUE,TRUE,0.0375368119141128,0.038259459696133,0.0141288373659686,218,109,32,109,97,1215,23420,1215,2448,0,22740,473,328,22380,0,22708,148.91,,
"constrained-tmlr-revision-2026-08-13","full",TRUE,16,"perturbed",71,0.2,0.05,"exact","precomputed_exact_table","exact",202909100,202909141,,25000,"certified","bounds-met",TRUE,19,19,10,10,10,0,10,0,TRUE,0.826040318099953,0.173959681900047,0.173959681900047,TRUE,TRUE,TRUE,0.173959681900047,0.191111695393366,0.0327825892033792,6,6,32,0,0,,,,,0,51,38,19,0,0,19,3.35000000000002,,
"constrained-tmlr-revision-2026-08-13","full",TRUE,16,"perturbed",71,0.2,0.05,"stochastic","precomputed_exact_table","iid",202909100,202909142,100,25000,"budget_exhausted","budget-exhausted",TRUE,328,328,10,10,40,30,40,30,FALSE,0.91104479580054,0.0889552041994605,0.196921775436855,TRUE,TRUE,TRUE,0.0889552041994605,0.0931632108119445,0.021364601767274,218,109,32,109,97,1215,23420,1215,2448,0,22740,465,328,22380,0,22708,151.17,,
"constrained-tmlr-revision-2026-08-13","full",TRUE,16,"perturbed",72,0.01,0.05,"exact","precomputed_exact_table","exact",202909200,202909211,,25000,"certified","bounds-met",TRUE,130,130,194,194,194,0,194,0,TRUE,0.990038795047256,0.00996120495274366,0.00996120495274586,TRUE,TRUE,TRUE,0.00996120495274366,0.010011149704868,0.00312424389835057,43,43,32,0,0,,,,,0,162,112,130,0,0,130,44.63,,
"constrained-tmlr-revision-2026-08-13","full",TRUE,16,"perturbed",72,0.01,0.05,"stochastic","precomputed_exact_table","iid",202909200,202909212,100,25000,"budget_exhausted","budget-exhausted",TRUE,247,247,194,73,328,255,328,134,FALSE,0.997738230064094,0.00226176993590566,0.00997017470555774,TRUE,TRUE,TRUE,0.00226176993590566,0.00226433160085389,0.00104140350329333,141,82,32,59,39,60,13291,100,2187,0,24314,485,247,24035,0,24282,97.48,,
"constrained-tmlr-revision-2026-08-13","full",TRUE,16,"perturbed",72,0.05,0.05,"exact","precomputed_exact_table","exact",202909200,202909221,,25000,"certified","bounds-met",TRUE,64,64,73,73,73,0,73,0,TRUE,0.961058256202703,0.0389417437972966,0.0389417437972984,TRUE,TRUE,TRUE,0.0389417437972966,0.0397202514509521,0.0137145408522044,21,21,32,0,0,,,,,0,96,68,64,0,0,64,12.39,,
"constrained-tmlr-revision-2026-08-13","full",TRUE,16,"perturbed",72,0.05,0.05,"stochastic","precomputed_exact_table","iid",202909200,202909222,100,25000,"budget_exhausted","budget-exhausted",TRUE,247,247,73,30,183,153,183,110,FALSE,0.988488076892231,0.0115119231077695,0.0472483748147435,TRUE,TRUE,TRUE,0.0115119231077695,0.0115786982628941,0.0040541527385362,141,82,32,59,39,60,13291,100,2187,0,24314,486,247,24035,0,24282,95.02,,
"constrained-tmlr-revision-2026-08-13","full",TRUE,16,"perturbed",72,0.1,0.05,"exact","precomputed_exact_table","exact",202909200,202909231,,25000,"certified","bounds-met",TRUE,61,61,52,52,52,0,52,0,TRUE,0.917164349675595,0.0828356503244049,0.0828356503244055,TRUE,TRUE,TRUE,0.0828356503244049,0.0864685974022939,0.0293295007229598,20,20,32,0,0,,,,,0,93,66,61,0,0,61,14.2,,
"constrained-tmlr-revision-2026-08-13","full",TRUE,16,"perturbed",72,0.1,0.05,"stochastic","precomputed_exact_table","iid",202909200,202909232,100,25000,"budget_exhausted","budget-exhausted",TRUE,247,247,52,10,117,107,117,65,FALSE,0.976494245349966,0.023505754650034,0.0968645692044394,TRUE,TRUE,TRUE,0.023505754650034,0.0237864218215638,0.00690810586163387,141,82,32,59,39,60,13291,100,2187,0,24314,483,247,24035,0,24282,94,,
"constrained-tmlr-revision-2026-08-13","full",TRUE,16,"perturbed",72,0.2,0.05,"exact","precomputed_exact_table","exact",202909200,202909241,,25000,"certified","bounds-met",TRUE,55,55,30,30,30,0,30,0,TRUE,0.801567576542606,0.198432423457394,0.198432423457392,TRUE,TRUE,TRUE,0.198432423457394,0.221185997894489,0.0485856963466625,18,18,32,0,0,,,,,0,87,62,55,0,0,55,12.37,,
"constrained-tmlr-revision-2026-08-13","full",TRUE,16,"perturbed",72,0.2,0.05,"stochastic","precomputed_exact_table","iid",202909200,202909242,100,25000,"budget_exhausted","budget-exhausted",TRUE,247,247,30,10,73,63,73,43,FALSE,0.961058256202703,0.0389417437972966,0.163768991558682,TRUE,TRUE,TRUE,0.0389417437972966,0.0397202514509521,0.0137145408522044,141,82,32,59,39,60,13291,100,2187,0,24314,492,247,24035,0,24282,86.06,,
"constrained-tmlr-revision-2026-08-13","full",TRUE,16,"perturbed",73,0.01,0.05,"exact","precomputed_exact_table","exact",202909300,202909311,,25000,"certified","bounds-met",TRUE,121,121,147,147,147,0,147,0,TRUE,0.990476697469487,0.00952330253051348,0.00952330253051215,TRUE,TRUE,TRUE,0.00952330253051348,0.00956893914805013,0.00257323386265249,40,40,32,0,0,,,,,0,153,106,121,0,0,121,37.47,,
"constrained-tmlr-revision-2026-08-13","full",TRUE,16,"perturbed",73,0.01,0.05,"stochastic","precomputed_exact_table","iid",202909300,202909312,100,25000,"budget_exhausted","budget-exhausted",TRUE,406,406,147,104,181,77,181,34,FALSE,0.993551781298118,0.00644821870188161,0.00980795346696583,TRUE,TRUE,TRUE,0.00644821870188161,0.00646909826984014,0.00225023271332948,280,135,32,145,18,39,12954,100,1708,0,24896,1868,406,24458,0,24864,224.44,,
"constrained-tmlr-revision-2026-08-13","full",TRUE,16,"perturbed",73,0.05,0.05,"exact","precomputed_exact_table","exact",202909300,202909321,,25000,"certified","bounds-met",TRUE,61,61,62,62,62,0,62,0,TRUE,0.960004640675775,0.0399953593242246,0.0399953593242231,TRUE,TRUE,TRUE,0.0399953593242246,0.040817160494673,0.0130443113220933,20,20,32,0,0,,,,,0,93,66,61,0,0,61,12.11,,
"constrained-tmlr-revision-2026-08-13","full",TRUE,16,"perturbed",73,0.05,0.05,"stochastic","precomputed_exact_table","iid",202909300,202909322,100,25000,"budget_exhausted","budget-exhausted",TRUE,406,406,62,51,73,22,73,11,FALSE,0.980310534609803,0.0196894653901974,0.0289419994899313,TRUE,TRUE,TRUE,0.0196894653901974,0.0198858854600458,0.00723886113818369,280,135,32,145,18,39,12954,100,1708,0,24896,1828,406,24458,0,24864,219.33,,
"constrained-tmlr-revision-2026-08-13","full",TRUE,16,"perturbed",73,0.1,0.05,"exact","precomputed_exact_table","exact",202909300,202909331,,25000,"certified","bounds-met",TRUE,52,52,41,41,41,0,41,0,TRUE,0.913078215646566,0.0869217843534336,0.0869217843534327,TRUE,TRUE,TRUE,0.0869217843534336,0.0909337332213021,0.0300135693035285,17,17,32,0,0,,,,,0,84,60,52,0,0,52,9.07999999999993,,
"constrained-tmlr-revision-2026-08-13","full",TRUE,16,"perturbed",73,0.1,0.05,"stochastic","precomputed_exact_table","iid",202909300,202909332,100,25000,"budget_exhausted","budget-exhausted",TRUE,406,406,41,30,51,21,51,10,FALSE,0.93973669589133,0.0602633041086704,0.0875935541348586,TRUE,TRUE,TRUE,0.0602633041086704,0.062155553710337,0.0130443113220933,280,135,32,145,18,39,12954,100,1708,0,24896,1851,406,24458,0,24864,234.69,,
"constrained-tmlr-revision-2026-08-13","full",TRUE,16,"perturbed",73,0.2,0.05,"exact","precomputed_exact_table","exact",202909300,202909341,,25000,"certified","bounds-met",TRUE,58,58,19,19,19,0,19,0,TRUE,0.800019730087659,0.199980269912341,0.19998026991234,TRUE,TRUE,TRUE,0.199980269912341,0.223118889008753,0.0514675162387939,19,19,32,0,0,,,,,0,90,64,58,0,0,58,18.8199999999999,,
"constrained-tmlr-revision-2026-08-13","full",TRUE,16,"perturbed",73,0.2,0.05,"stochastic","precomputed_exact_table","iid",202909300,202909342,100,25000,"budget_exhausted","budget-exhausted",TRUE,406,406,19,10,30,20,30,11,FALSE,0.870673840403246,0.129326159596754,0.180208445176563,TRUE,TRUE,TRUE,0.129326159596754,0.138487837927325,0.0298206540268344,280,135,32,145,18,39,12954,100,1708,0,24896,1870,406,24458,0,24864,275.23,,
"constrained-tmlr-revision-2026-08-13","full",TRUE,16,"perturbed",74,0.01,0.05,"exact","precomputed_exact_table","exact",202909400,202909411,,25000,"certified","bounds-met",TRUE,73,73,163,163,163,0,163,0,TRUE,0.990022792495893,0.00997720750410669,0.00997720750410502,TRUE,TRUE,TRUE,0.00997720750410669,0.0100273133953957,0.00292103615405264,24,24,32,0,0,,,,,0,105,74,73,0,0,73,23.01,,
"constrained-tmlr-revision-2026-08-13","full",TRUE,16,"perturbed",74,0.01,0.05,"stochastic","precomputed_exact_table","iid",202909400,202909412,100,25000,"budget_exhausted","budget-exhausted",TRUE,247,247,163,73,283,210,283,120,FALSE,0.997438786364347,0.00256121363565298,0.00982457725386608,TRUE,TRUE,TRUE,0.00256121363565298,0.00256449915443938,0.00108564187232436,146,82,32,64,20,2,11882,100,2335,0,24325,895,247,24046,0,24293,98.42,,
"constrained-tmlr-revision-2026-08-13","full",TRUE,16,"perturbed",74,0.05,0.05,"exact","precomputed_exact_table","exact",202909400,202909421,,25000,"certified","bounds-met",TRUE,61,61,73,73,73,0,73,0,TRUE,0.950160016266098,0.0498399837339021,0.0498399837339004,TRUE,TRUE,TRUE,0.0498399837339021,0.0511248703968272,0.013186409408274,20,20,32,0,0,,,,,0,93,66,61,0,0,61,15.36,,
"constrained-tmlr-revision-2026-08-13","full",TRUE,16,"perturbed",74,0.05,0.05,"stochastic","precomputed_exact_table","iid",202909400,202909422,100,25000,"budget_exhausted","budget-exhausted",TRUE,247,247,73,21,141,120,141,68,FALSE,0.987605967738518,0.0123940322614815,0.0469859688423933,TRUE,TRUE,TRUE,0.0123940322614815,0.0124714788617728,0.00402487951102401,146,82,32,64,20,2,11882,100,2335,0,24325,874,247,24046,0,24293,95.84,,
"constrained-tmlr-revision-2026-08-13","full",TRUE,16,"perturbed",74,0.1,0.05,"exact","precomputed_exact_table","exact",202909400,202909431,,25000,"certified","bounds-met",TRUE,40,40,42,42,42,0,42,0,TRUE,0.900457074666559,0.0995429253334408,0.0995429253334387,TRUE,TRUE,TRUE,0.0995429253334408,0.104852783834825,0.0337632693561119,13,13,32,0,0,,,,,0,72,52,40,0,0,40,8.03000000000003,,
"constrained-tmlr-revision-2026-08-13","full",TRUE,16,"perturbed",74,0.1,0.05,"stochastic","precomputed_exact_table","iid",202909400,202909432,100,25000,"budget_exhausted","budget-exhausted",TRUE,247,247,42,10,97,87,97,55,FALSE,0.972792333846619,0.0272076661533811,0.0974879496511642,TRUE,TRUE,TRUE,0.0272076661533811,0.0275846483043503,0.00828472375642031,146,82,32,64,20,2,11882,100,2335,0,24325,875,247,24046,0,24293,96.28,,
"constrained-tmlr-revision-2026-08-13","full",TRUE,16,"perturbed",74,0.2,0.05,"exact","precomputed_exact_table","exact",202909400,202909441,,25000,"certified","bounds-met",TRUE,19,19,21,21,21,0,21,0,TRUE,0.840322457185148,0.159677542814852,0.15967754281485,TRUE,TRUE,TRUE,0.159677542814852,0.173969583205567,0.0337630298922017,6,6,32,0,0,,,,,0,51,38,19,0,0,19,2.94,,
"constrained-tmlr-revision-2026-08-13","full",TRUE,16,"perturbed",74,0.2,0.05,"stochastic","precomputed_exact_table","iid",202909400,202909442,100,25000,"budget_exhausted","budget-exhausted",TRUE,247,247,21,10,73,63,73,52,FALSE,0.963819427006477,0.0361805729935231,0.162849187350284,TRUE,TRUE,TRUE,0.0361805729935231,0.036851318300819,0.0124911160724203,146,82,32,64,20,2,11882,100,2335,0,24325,892,247,24046,0,24293,92.64,,
"constrained-tmlr-revision-2026-08-13","full",TRUE,16,"perturbed",75,0.01,0.05,"exact","precomputed_exact_table","exact",202909500,202909511,,25000,"certified","bounds-met",TRUE,136,136,224,224,224,0,224,0,TRUE,0.990094614742503,0.0099053852574974,0.00990538525749207,TRUE,TRUE,TRUE,0.0099053852574974,0.00995476997309334,0.0041224483212477,45,45,32,0,0,,,,,0,168,116,136,0,0,136,49.28,,
"constrained-tmlr-revision-2026-08-13","full",TRUE,16,"perturbed",75,0.01,0.05,"stochastic","precomputed_exact_table","iid",202909500,202909512,100,25000,"budget_exhausted","budget-exhausted",TRUE,475,475,224,20,640,620,640,416,FALSE,0.999270233534136,0.000729766465863868,0.00999479896645287,TRUE,TRUE,TRUE,0.000729766465863868,0.000730032875030087,0.000391207329861587,423,158,32,265,237,200,167192551,200,2250,0,24798,933,475,24291,0,24766,365,,
"constrained-tmlr-revision-2026-08-13","full",TRUE,16,"perturbed",75,0.05,0.05,"exact","precomputed_exact_table","exact",202909500,202909521,,25000,"certified","bounds-met",TRUE,70,70,83,83,83,0,83,0,TRUE,0.95190134987887,0.0480986501211303,0.0480986501211257,TRUE,TRUE,TRUE,0.0480986501211303,0.0492938736369349,0.0185625674313032,23,23,32,0,0,,,,,0,102,72,70,0,0,70,15.2599999999999,,
"constrained-tmlr-revision-2026-08-13","full",TRUE,16,"perturbed",75,0.05,0.05,"stochastic","precomputed_exact_table","iid",202909500,202909522,100,25000,"budget_exhausted","budget-exhausted",TRUE,475,475,83,10,398,388,398,315,FALSE,0.997546238880735,0.00245376111926543,0.0493704463286339,TRUE,TRUE,TRUE,0.00245376111926543,0.00245677652481387,0.0010547799046437,423,158,32,265,237,200,167192551,200,2250,0,24798,929,475,24291,0,24766,466.81,,
"constrained-tmlr-revision-2026-08-13","full",TRUE,16,"perturbed",75,0.1,0.05,"exact","precomputed_exact_table","exact",202909500,202909531,,25000,"certified","bounds-met",TRUE,55,55,52,52,52,0,52,0,TRUE,0.903707045637929,0.0962929543620712,0.0962929543620655,TRUE,TRUE,TRUE,0.0962929543620712,0.10125003567004,0.0257946400574867,18,18,32,0,0,,,,,0,87,62,55,0,0,55,10.48,,
"constrained-tmlr-revision-2026-08-13","full",TRUE,16,"perturbed",75,0.1,0.05,"stochastic","precomputed_exact_table","iid",202909500,202909532,100,25000,"budget_exhausted","budget-exhausted",TRUE,475,475,52,10,316,306,316,264,FALSE,0.995570079209327,0.0044299207906725,0.0991114549789799,TRUE,TRUE,TRUE,0.0044299207906725,0.00443976196427929,0.00192216768611408,423,158,32,265,237,200,167192551,200,2250,0,24798,922,475,24291,0,24766,386.23,,
"constrained-tmlr-revision-2026-08-13","full",TRUE,16,"perturbed",75,0.2,0.05,"exact","precomputed_exact_table","exact",202909500,202909541,,25000,"certified","bounds-met",TRUE,52,52,30,30,30,0,30,0,TRUE,0.815109584130594,0.184890415869406,0.1848904158694,TRUE,TRUE,TRUE,0.184890415869406,0.20443271572414,0.0527744419003725,17,17,32,0,0,,,,,0,84,60,52,0,0,52,8.28999999999996,,
"constrained-tmlr-revision-2026-08-13","full",TRUE,16,"perturbed",75,0.2,0.05,"stochastic","precomputed_exact_table","iid",202909500,202909542,100,25000,"budget_exhausted","budget-exhausted",TRUE,475,475,30,10,219,209,219,189,FALSE,0.985429950569254,0.0145700494307465,0.192646191137198,TRUE,TRUE,TRUE,0.0145700494307465,0.0146772350077533,0.00706993648585003,423,158,32,265,237,200,167192551,200,2250,0,24798,926,475,24291,0,24766,337.28,,
"constrained-tmlr-revision-2026-08-13","full",TRUE,16,"perturbed",76,0.01,0.05,"exact","precomputed_exact_table","exact",202909600,202909611,,25000,"certified","bounds-met",TRUE,112,112,170,170,170,0,170,0,TRUE,0.990678949053388,0.00932105094661162,0.00932105094661609,TRUE,TRUE,TRUE,0.00932105094661162,0.00936476378710921,0.00291759205883525,37,37,32,0,0,,,,,0,144,100,112,0,0,112,41.47,,
"constrained-tmlr-revision-2026-08-13","full",TRUE,16,"perturbed",76,0.01,0.05,"stochastic","precomputed_exact_table","iid",202909600,202909612,100,25000,"budget_exhausted","budget-exhausted",TRUE,238,238,170,41,340,299,340,170,FALSE,0.998833009756531,0.00116699024346933,0.00985790789861682,TRUE,TRUE,TRUE,0.00116699024346933,0.00116767170680915,0.000425392058322524,154,79,32,75,62,1052,116697,1052,2496,0,23599,476,238,23329,0,23567,99.03,,
"constrained-tmlr-revision-2026-08-13","full",TRUE,16,"perturbed",76,0.05,0.05,"exact","precomputed_exact_table","exact",202909600,202909621,,25000,"certified","bounds-met",TRUE,61,61,62,62,62,0,62,0,TRUE,0.95537930221849,0.0446206977815098,0.0446206977815135,TRUE,TRUE,TRUE,0.0446206977815098,0.0456468422566622,0.0129295143969018,20,20,32,0,0,,,,,0,93,66,61,0,0,61,13.91,,
"constrained-tmlr-revision-2026-08-13","full",TRUE,16,"perturbed",76,0.05,0.05,"stochastic","precomputed_exact_table","iid",202909600,202909622,100,25000,"budget_exhausted","budget-exhausted",TRUE,238,238,62,10,204,194,204,142,FALSE,0.993840202317736,0.00615979768226405,0.0499841601207614,TRUE,TRUE,TRUE,0.00615979768226405,0.00617884750499841,0.00207730762837818,154,79,32,75,62,1052,116697,1052,2496,0,23599,488,238,23329,0,23567,100.23,,
"constrained-tmlr-revision-2026-08-13","full",TRUE,16,"perturbed",76,0.1,0.05,"exact","precomputed_exact_table","exact",202909600,202909631,,25000,"certified","bounds-met",TRUE,43,43,41,41,41,0,41,0,TRUE,0.903647575272895,0.0963524247271049,0.0963524247271094,TRUE,TRUE,TRUE,0.0963524247271049,0.101315844963211,0.026506801612369,14,14,32,0,0,,,,,0,75,54,43,0,0,43,8.51999999999998,,
"constrained-tmlr-revision-2026-08-13","full",TRUE,16,"perturbed",76,0.1,0.05,"stochastic","precomputed_exact_table","iid",202909600,202909632,100,25000,"budget_exhausted","budget-exhausted",TRUE,238,238,41,10,140,130,140,99,FALSE,0.987368888139386,0.0126311118606136,0.0992997980087753,TRUE,TRUE,TRUE,0.0126311118606136,0.0127115625261954,0.00340310331253288,154,79,32,75,62,1052,116697,1052,2496,0,23599,488,238,23329,0,23567,91.87,,
"constrained-tmlr-revision-2026-08-13","full",TRUE,16,"perturbed",76,0.2,0.05,"exact","precomputed_exact_table","exact",202909600,202909641,,25000,"certified","bounds-met",TRUE,40,40,20,20,20,0,20,0,TRUE,0.811151744494295,0.188848255505705,0.188848255505711,TRUE,TRUE,TRUE,0.188848255505705,0.209300134484764,0.042250534215462,13,13,32,0,0,,,,,0,72,52,40,0,0,40,7.48000000000002,,
"constrained-tmlr-revision-2026-08-13","full",TRUE,16,"perturbed",76,0.2,0.05,"stochastic","precomputed_exact_table","iid",202909600,202909642,100,25000,"budget_exhausted","budget-exhausted",TRUE,238,238,20,10,73,63,73,53,FALSE,0.975091331985281,0.0249086680147188,0.198747966715152,TRUE,TRUE,TRUE,0.0249086680147188,0.0252241385403516,0.00741597035729775,154,79,32,75,62,1052,116697,1052,2496,0,23599,481,238,23329,0,23567,94.1900000000001,,
"constrained-tmlr-revision-2026-08-13","full",TRUE,16,"perturbed",77,0.01,0.05,"exact","precomputed_exact_table","exact",202909700,202909711,,25000,"certified","bounds-met",TRUE,136,136,193,193,193,0,193,0,TRUE,0.990361644926256,0.00963835507374378,0.00963835507374347,TRUE,TRUE,TRUE,0.00963835507374378,0.00968510465322762,0.00245218877074799,45,45,32,0,0,,,,,0,168,116,136,0,0,136,52.99,,
"constrained-tmlr-revision-2026-08-13","full",TRUE,16,"perturbed",77,0.01,0.05,"stochastic","precomputed_exact_table","iid",202909700,202909712,100,25000,"budget_exhausted","budget-exhausted",TRUE,238,238,193,141,259,118,259,66,FALSE,0.993343236205214,0.00665676379478575,0.00992744044465995,TRUE,TRUE,TRUE,0.00665676379478575,0.00667901886638178,0.00202709649010142,165,79,32,86,0,2,750,100,750,0,24900,1959,238,24630,0,24868,97.27,,
"constrained-tmlr-revision-2026-08-13","full",TRUE,16,"perturbed",77,0.05,0.05,"exact","precomputed_exact_table","exact",202909700,202909721,,25000,"certified","bounds-met",TRUE,64,64,106,106,106,0,106,0,TRUE,0.956747147170672,0.043252852829328,0.0432528528293276,TRUE,TRUE,TRUE,0.043252852829328,0.0442161364725954,0.0136677866447146,21,21,32,0,0,,,,,0,96,68,64,0,0,64,17.89,,
"constrained-tmlr-revision-2026-08-13","full",TRUE,16,"perturbed",77,0.05,0.05,"stochastic","precomputed_exact_table","iid",202909700,202909722,100,25000,"budget_exhausted","budget-exhausted",TRUE,238,238,106,84,118,34,118,12,FALSE,0.969982498664032,0.0300175013359681,0.0439980949337527,TRUE,TRUE,TRUE,0.0300175013359681,0.0304772502618786,0.00959202239703458,165,79,32,86,0,2,750,100,750,0,24900,1938,238,24630,0,24868,104.93,,
"constrained-tmlr-revision-2026-08-13","full",TRUE,16,"perturbed",77,0.1,0.05,"exact","precomputed_exact_table","exact",202909700,202909731,,25000,"certified","bounds-met",TRUE,61,61,62,62,62,0,62,0,TRUE,0.905763999582737,0.0942360004172633,0.0942360004172631,TRUE,TRUE,TRUE,0.0942360004172633,0.0989764929833273,0.0227387606493285,20,20,32,0,0,,,,,0,93,66,61,0,0,61,14.91,,
"constrained-tmlr-revision-2026-08-13","full",TRUE,16,"perturbed",77,0.1,0.05,"stochastic","precomputed_exact_table","iid",202909700,202909732,100,25000,"budget_exhausted","budget-exhausted",TRUE,238,238,62,41,84,43,84,22,FALSE,0.933218226687308,0.066781773312692,0.0965864019674679,TRUE,TRUE,TRUE,0.066781773312692,0.0691162076418552,0.0212236232704661,165,79,32,86,0,2,750,100,750,0,24900,1912,238,24630,0,24868,103.41,,
"constrained-tmlr-revision-2026-08-13","full",TRUE,16,"perturbed",77,0.2,0.05,"exact","precomputed_exact_table","exact",202909700,202909741,,25000,"certified","bounds-met",TRUE,19,19,21,21,21,0,21,0,TRUE,0.836066448182575,0.163933551817425,0.163933551817423,TRUE,TRUE,TRUE,0.163933551817425,0.1790471855841,0.0348764247385672,6,6,32,0,0,,,,,0,51,38,19,0,0,19,4.13999999999999,,
"constrained-tmlr-revision-2026-08-13","full",TRUE,16,"perturbed",77,0.2,0.05,"stochastic","precomputed_exact_table","iid",202909700,202909742,100,25000,"budget_exhausted","budget-exhausted",TRUE,238,238,21,21,41,20,41,20,FALSE,0.871435762736451,0.128564237263549,0.180398562727772,TRUE,TRUE,TRUE,0.128564237263549,0.137613125589581,0.0260244606141393,165,79,32,86,0,2,750,100,750,0,24900,1918,238,24630,0,24868,97.59,,
"constrained-tmlr-revision-2026-08-13","full",TRUE,16,"perturbed",78,0.01,0.05,"exact","precomputed_exact_table","exact",202909800,202909811,,25000,"certified","bounds-met",TRUE,133,133,181,181,181,0,181,0,TRUE,0.990176804154513,0.00982319584548652,0.00982319584548992,TRUE,TRUE,TRUE,0.00982319584548652,0.00987176174374278,0.00282511615841877,44,44,32,0,0,,,,,0,165,114,133,0,0,133,48.14,,
"constrained-tmlr-revision-2026-08-13","full",TRUE,16,"perturbed",78,0.01,0.05,"stochastic","precomputed_exact_table","iid",202909800,202909812,100,25000,"budget_exhausted","budget-exhausted",TRUE,649,649,181,51,339,288,339,158,FALSE,0.997938715103742,0.00206128489625756,0.00951116047984494,TRUE,TRUE,TRUE,0.00206128489625756,0.00206341226788472,0.000906430852233631,569,216,32,353,338,1029,69084827,1029,2406,0,22878,653,649,22197,0,22846,794.62,,
"constrained-tmlr-revision-2026-08-13","full",TRUE,16,"perturbed",78,0.05,0.05,"exact","precomputed_exact_table","exact",202909800,202909821,,25000,"certified","bounds-met",TRUE,64,64,73,73,73,0,73,0,TRUE,0.955454187631354,0.0445458123686459,0.0445458123686486,TRUE,TRUE,TRUE,0.0445458123686459,0.0455684624152997,0.02466408387276,21,21,32,0,0,,,,,0,96,68,64,0,0,64,11.77,,
"constrained-tmlr-revision-2026-08-13","full",TRUE,16,"perturbed",78,0.05,0.05,"stochastic","precomputed_exact_table","iid",202909800,202909822,100,25000,"budget_exhausted","budget-exhausted",TRUE,649,649,73,20,172,152,172,99,FALSE,0.989117522786617,0.0108824772133825,0.0499146368447179,TRUE,TRUE,TRUE,0.0108824772133825,0.01094212450345,0.004573003809167,569,216,32,353,338,1029,69084827,1029,2406,0,22878,663,649,22197,0,22846,663.22,,
"constrained-tmlr-revision-2026-08-13","full",TRUE,16,"perturbed",78,0.1,0.05,"exact","precomputed_exact_table","exact",202909800,202909831,,25000,"certified","bounds-met",TRUE,61,61,51,51,51,0,51,0,TRUE,0.912645675012544,0.0873543249874559,0.0873543249874579,TRUE,TRUE,TRUE,0.0873543249874559,0.0914075624178503,0.0209261328048751,20,20,32,0,0,,,,,0,93,66,61,0,0,61,8.98000000000002,,
"constrained-tmlr-revision-2026-08-13","full",TRUE,16,"perturbed",78,0.1,0.05,"stochastic","precomputed_exact_table","iid",202909800,202909832,100,25000,"budget_exhausted","budget-exhausted",TRUE,649,649,51,10,116,106,116,65,FALSE,0.978499839200671,0.0215001607993287,0.0967797307742692,TRUE,TRUE,TRUE,0.0215001607993287,0.0217346564784966,0.00975056358677465,569,216,32,353,338,1029,69084827,1029,2406,0,22878,655,649,22197,0,22846,422.22,,
"constrained-tmlr-revision-2026-08-13","full",TRUE,16,"perturbed",78,0.2,0.05,"exact","precomputed_exact_table","exact",202909800,202909841,,25000,"certified","bounds-met",TRUE,34,34,20,20,20,0,20,0,TRUE,0.826674085467358,0.173325914532642,0.173325914532646,TRUE,TRUE,TRUE,0.173325914532642,0.190344754175813,0.0345207341966285,11,11,32,0,0,,,,,0,66,48,34,0,0,34,2.89000000000033,,
"constrained-tmlr-revision-2026-08-13","full",TRUE,16,"perturbed",78,0.2,0.05,"stochastic","precomputed_exact_table","iid",202909800,202909842,100,25000,"budget_exhausted","budget-exhausted",TRUE,649,649,20,10,73,63,73,53,FALSE,0.955454187631354,0.0445458123686459,0.19881595175689,TRUE,TRUE,TRUE,0.0445458123686459,0.0455684624152997,0.02466408387276,569,216,32,353,338,1029,69084827,1029,2406,0,22878,661,649,22197,0,22846,263.17,,
"constrained-tmlr-revision-2026-08-13","full",TRUE,16,"perturbed",79,0.01,0.05,"exact","precomputed_exact_table","exact",202909900,202909911,,25000,"certified","bounds-met",TRUE,97,97,126,126,126,0,126,0,TRUE,0.990176146618325,0.00982385338167469,0.00982385338167786,TRUE,TRUE,TRUE,0.00982385338167469,0.00987242580333672,0.00225722886142228,32,32,32,0,0,,,,,0,129,89,97,0,0,97,32.34,,
"constrained-tmlr-revision-2026-08-13","full",TRUE,16,"perturbed",79,0.01,0.05,"stochastic","precomputed_exact_table","iid",202909900,202909912,100,25000,"budget_exhausted","budget-exhausted",TRUE,190,190,126,73,192,119,192,66,FALSE,0.994128928910143,0.00587107108985663,0.00976251013496858,TRUE,TRUE,TRUE,0.00587107108985663,0.00588837358374673,0.00159329376988223,98,63,32,35,11,84,6072,100,2267,0,23549,646,190,23327,0,23517,72.18,,
"constrained-tmlr-revision-2026-08-13","full",TRUE,16,"perturbed",79,0.05,0.05,"exact","precomputed_exact_table","exact",202909900,202909921,,25000,"certified","bounds-met",TRUE,61,61,62,62,62,0,62,0,TRUE,0.963920216499208,0.0360797835007919,0.0360797835007947,TRUE,TRUE,TRUE,0.0360797835007919,0.0367467507642613,0.0132592429542722,20,20,32,0,0,,,,,0,93,66,61,0,0,61,12.72,,
"constrained-tmlr-revision-2026-08-13","full",TRUE,16,"perturbed",79,0.05,0.05,"stochastic","precomputed_exact_table","iid",202909900,202909922,100,25000,"budget_exhausted","budget-exhausted",TRUE,190,190,62,40,73,33,73,11,FALSE,0.985283711548832,0.0147162884511685,0.0277089133166484,TRUE,TRUE,TRUE,0.0147162884511685,0.014825647254039,0.00409033860220548,98,63,32,35,11,84,6072,100,2267,0,23549,685,190,23327,0,23517,66.36,,
"constrained-tmlr-revision-2026-08-13","full",TRUE,16,"perturbed",79,0.1,0.05,"exact","precomputed_exact_table","exact",202909900,202909931,,25000,"certified","bounds-met",TRUE,58,58,40,40,40,0,40,0,TRUE,0.910400952025387,0.0895990479746129,0.0895990479746161,TRUE,TRUE,TRUE,0.0895990479746129,0.0938701698885314,0.0194770227710643,19,19,32,0,0,,,,,0,90,64,58,0,0,58,15.78,,
"constrained-tmlr-revision-2026-08-13","full",TRUE,16,"perturbed",79,0.1,0.05,"stochastic","precomputed_exact_table","iid",202909900,202909932,100,25000,"budget_exhausted","budget-exhausted",TRUE,190,190,40,10,53,43,53,13,FALSE,0.939637209381067,0.0603627906189326,0.0943537520696368,TRUE,TRUE,TRUE,0.0603627906189326,0.0622614256819292,0.0213295901396378,98,63,32,35,11,84,6072,100,2267,0,23549,658,190,23327,0,23517,130.63,,
"constrained-tmlr-revision-2026-08-13","full",TRUE,16,"perturbed",79,0.2,0.05,"exact","precomputed_exact_table","exact",202909900,202909941,,25000,"certified","bounds-met",TRUE,19,19,10,10,10,0,10,0,TRUE,0.831481532195518,0.168518467804482,0.168518467804484,TRUE,TRUE,TRUE,0.168518467804482,0.184546190823686,0.0335375307815745,6,6,32,0,0,,,,,0,51,38,19,0,0,19,6.58999999999997,,
"constrained-tmlr-revision-2026-08-13","full",TRUE,16,"perturbed",79,0.2,0.05,"stochastic","precomputed_exact_table","iid",202909900,202909942,100,25000,"budget_exhausted","budget-exhausted",TRUE,190,190,10,10,32,22,32,22,FALSE,0.885000796669339,0.114999203330661,0.195321591923029,TRUE,TRUE,TRUE,0.114999203330661,0.12216673378327,0.0337044506362557,98,63,32,35,11,84,6072,100,2267,0,23549,670,190,23327,0,23517,105.67,,
"constrained-tmlr-revision-2026-08-13","full",TRUE,16,"perturbed",80,0.01,0.05,"exact","precomputed_exact_table","exact",202910000,202910011,,25000,"certified","bounds-met",TRUE,109,109,136,136,136,0,136,0,TRUE,0.990397145417989,0.0096028545820106,0.00960285458201748,TRUE,TRUE,TRUE,0.0096028545820106,0.0096492593075853,0.00278529694400819,36,36,32,0,0,,,,,0,141,98,109,0,0,109,35.42,,
"constrained-tmlr-revision-2026-08-13","full",TRUE,16,"perturbed",80,0.01,0.05,"stochastic","precomputed_exact_table","iid",202910000,202910012,100,25000,"budget_exhausted","budget-exhausted",TRUE,277,277,136,51,237,186,237,101,FALSE,0.997048153487165,0.00295184651283464,0.00971867247214972,TRUE,TRUE,TRUE,0.00295184651283464,0.00295621180431574,0.00121180436290096,162,92,32,70,40,64,7771,100,2440,0,23758,832,277,23449,0,23726,113.93,,
"constrained-tmlr-revision-2026-08-13","full",TRUE,16,"perturbed",80,0.05,0.05,"exact","precomputed_exact_table","exact",202910000,202910021,,25000,"certified","bounds-met",TRUE,61,61,62,62,62,0,62,0,TRUE,0.95977592938506,0.0402240706149399,0.0402240706149468,TRUE,TRUE,TRUE,0.0402240706149399,0.0410554286544452,0.0154256186319714,20,20,32,0,0,,,,,0,93,66,61,0,0,61,23.23,,
"constrained-tmlr-revision-2026-08-13","full",TRUE,16,"perturbed",80,0.05,0.05,"stochastic","precomputed_exact_table","iid",202910000,202910022,100,25000,"budget_exhausted","budget-exhausted",TRUE,277,277,62,10,95,85,95,33,FALSE,0.986078926556049,0.0139210734439507,0.0497271845655923,TRUE,TRUE,TRUE,0.0139210734439507,0.0140188803660206,0.00364268528234507,162,92,32,70,40,64,7771,100,2440,0,23758,827,277,23449,0,23726,185.75,,
"constrained-tmlr-revision-2026-08-13","full",TRUE,16,"perturbed",80,0.1,0.05,"exact","precomputed_exact_table","exact",202910000,202910031,,25000,"certified","bounds-met",TRUE,52,52,40,40,40,0,40,0,TRUE,0.905210197291083,0.0947898027089168,0.0947898027089229,TRUE,TRUE,TRUE,0.0947898027089168,0.099588100050808,0.021712580226249,17,17,32,0,0,,,,,0,84,60,52,0,0,52,13.59,,
"constrained-tmlr-revision-2026-08-13","full",TRUE,16,"perturbed",80,0.1,0.05,"stochastic","precomputed_exact_table","iid",202910000,202910032,100,25000,"budget_exhausted","budget-exhausted",TRUE,277,277,40,10,73,63,73,33,FALSE,0.98361738683273,0.0163826131672697,0.0626732093868553,TRUE,TRUE,TRUE,0.0163826131672697,0.0165182920652105,0.00479652747276059,162,92,32,70,40,64,7771,100,2440,0,23758,827,277,23449,0,23726,120.03,,
"constrained-tmlr-revision-2026-08-13","full",TRUE,16,"perturbed",80,0.2,0.05,"exact","precomputed_exact_table","exact",202910000,202910041,,25000,"certified","bounds-met",TRUE,19,19,10,10,10,0,10,0,TRUE,0.817563650865981,0.182436349134019,0.182436349134027,TRUE,TRUE,TRUE,0.182436349134019,0.201426518855169,0.0345938308913437,6,6,32,0,0,,,,,0,51,38,19,0,0,19,3.02999999999997,,
"constrained-tmlr-revision-2026-08-13","full",TRUE,16,"perturbed",80,0.2,0.05,"stochastic","precomputed_exact_table","iid",202910000,202910042,100,25000,"budget_exhausted","budget-exhausted",TRUE,277,277,10,10,53,43,53,43,FALSE,0.926076676682425,0.0739233233175749,0.183189535184497,TRUE,TRUE,TRUE,0.0739233233175749,0.0767982435713519,0.0341021297350652,162,92,32,70,40,64,7771,100,2440,0,23758,833,277,23449,0,23726,111.05,,
"constrained-tmlr-revision-2026-08-13","full",TRUE,16,"perturbed",81,0.01,0.05,"exact","precomputed_exact_table","exact",202910100,202910111,,25000,"certified","bounds-met",TRUE,145,145,229,229,229,0,229,0,TRUE,0.990207757484967,0.00979224251503286,0.00979224251503095,TRUE,TRUE,TRUE,0.00979224251503286,0.00984050182477981,0.00285113493340886,48,48,32,0,0,,,,,0,177,122,145,0,0,145,46.54,,
"constrained-tmlr-revision-2026-08-13","full",TRUE,16,"perturbed",81,0.01,0.05,"stochastic","precomputed_exact_table","iid",202910100,202910112,100,25000,"budget_exhausted","budget-exhausted",TRUE,412,412,229,21,780,759,780,551,FALSE,0.99967285969924,0.000327140300760309,0.00998948881190447,TRUE,TRUE,TRUE,0.000327140300760309,0.000327193822821634,0.000159951367350253,297,137,32,160,140,41,1967894,100,2500,0,23837,700,412,23393,0,23805,347.3,,
"constrained-tmlr-revision-2026-08-13","full",TRUE,16,"perturbed",81,0.05,0.05,"exact","precomputed_exact_table","exact",202910100,202910121,,25000,"certified","bounds-met",TRUE,94,94,96,96,96,0,96,0,TRUE,0.953498064633284,0.0465019353667155,0.0465019353667137,TRUE,TRUE,TRUE,0.0465019353667155,0.0476178836938182,0.0129637940392876,31,31,32,0,0,,,,,0,126,88,94,0,0,94,19.32,,
"constrained-tmlr-revision-2026-08-13","full",TRUE,16,"perturbed",81,0.05,0.05,"stochastic","precomputed_exact_table","iid",202910100,202910122,100,25000,"budget_exhausted","budget-exhausted",TRUE,412,412,96,10,492,482,492,396,FALSE,0.998353584339616,0.00164641566038437,0.0496779367693628,TRUE,TRUE,TRUE,0.00164641566038437,0.00164777249212494,0.000728541510541886,297,137,32,160,140,41,1967894,100,2500,0,23837,708,412,23393,0,23805,242.01,,
"constrained-tmlr-revision-2026-08-13","full",TRUE,16,"perturbed",81,0.1,0.05,"exact","precomputed_exact_table","exact",202910100,202910131,,25000,"certified","bounds-met",TRUE,64,64,62,62,62,0,62,0,TRUE,0.906492372651526,0.0935076273484743,0.0935076273484728,TRUE,TRUE,TRUE,0.0935076273484743,0.0981726628860321,0.0290586548969848,21,21,32,0,0,,,,,0,96,68,64,0,0,64,12.0799999999999,,
"constrained-tmlr-revision-2026-08-13","full",TRUE,16,"perturbed",81,0.1,0.05,"stochastic","precomputed_exact_table","iid",202910100,202910132,100,25000,"budget_exhausted","budget-exhausted",TRUE,412,412,62,10,378,368,378,316,FALSE,0.996916922928803,0.00308307707119737,0.0988115656560486,TRUE,TRUE,TRUE,0.00308307707119737,0.00308783954454485,0.0011996458238305,297,137,32,160,140,41,1967894,100,2500,0,23837,723,412,23393,0,23805,224.3,,
"constrained-tmlr-revision-2026-08-13","full",TRUE,16,"perturbed",81,0.2,0.05,"exact","precomputed_exact_table","exact",202910100,202910141,,25000,"certified","bounds-met",TRUE,37,37,32,32,32,0,32,0,TRUE,0.836921893052557,0.163078106947443,0.163078106947442,TRUE,TRUE,TRUE,0.163078106947443,0.178024530585914,0.0497658785887642,12,12,32,0,0,,,,,0,69,50,37,0,0,37,5.92000000000007,,
"constrained-tmlr-revision-2026-08-13","full",TRUE,16,"perturbed",81,0.2,0.05,"stochastic","precomputed_exact_table","iid",202910100,202910142,100,25000,"budget_exhausted","budget-exhausted",TRUE,412,412,32,10,287,277,287,255,FALSE,0.993572973343597,0.00642702665640338,0.197907165180455,TRUE,TRUE,TRUE,0.00642702665640338,0.00644776891401632,0.00230042655002813,297,137,32,160,140,41,1967894,100,2500,0,23837,703,412,23393,0,23805,204.66,,
"constrained-tmlr-revision-2026-08-13","full",TRUE,16,"perturbed",82,0.01,0.05,"exact","precomputed_exact_table","exact",202910200,202910211,,25000,"certified","bounds-met",TRUE,109,109,169,169,169,0,169,0,TRUE,0.990072375364335,0.00992762463566488,0.00992762463566776,TRUE,TRUE,TRUE,0.00992762463566488,0.00997723209702482,0.00265713347230578,36,36,32,0,0,,,,,0,141,98,109,0,0,109,51.5,,
"constrained-tmlr-revision-2026-08-13","full",TRUE,16,"perturbed",82,0.01,0.05,"stochastic","precomputed_exact_table","iid",202910200,202910212,100,25000,"budget_exhausted","budget-exhausted",TRUE,325,325,169,73,226,153,226,57,FALSE,0.995892169577786,0.00410783042221352,0.00902225967541643,TRUE,TRUE,TRUE,0.00410783042221352,0.00411629073456996,0.00173416245165138,222,108,32,114,84,204,288050,204,2205,0,24332,840,325,23975,0,24300,235.39,,
"constrained-tmlr-revision-2026-08-13","full",TRUE,16,"perturbed",82,0.05,0.05,"exact","precomputed_exact_table","exact",202910200,202910221,,25000,"certified","bounds-met",TRUE,61,61,62,62,62,0,62,0,TRUE,0.953142426283096,0.0468575737169039,0.0468575737169059,TRUE,TRUE,TRUE,0.0468575737169039,0.0479909360400861,0.0128010902813578,20,20,32,0,0,,,,,0,93,66,61,0,0,61,12.47,,
"constrained-tmlr-revision-2026-08-13","full",TRUE,16,"perturbed",82,0.05,0.05,"stochastic","precomputed_exact_table","iid",202910200,202910222,100,25000,"budget_exhausted","budget-exhausted",TRUE,325,325,62,31,94,63,94,32,FALSE,0.976927675247604,0.0230723247523956,0.0492465782362179,TRUE,TRUE,TRUE,0.0230723247523956,0.0233426570617021,0.00809021302840142,222,108,32,114,84,204,288050,204,2205,0,24332,859,325,23975,0,24300,137.27,,
"constrained-tmlr-revision-2026-08-13","full",TRUE,16,"perturbed",82,0.1,0.05,"exact","precomputed_exact_table","exact",202910200,202910231,,25000,"certified","bounds-met",TRUE,55,55,51,51,51,0,51,0,TRUE,0.933198150694879,0.0668018493051212,0.0668018493051247,TRUE,TRUE,TRUE,0.0668018493051212,0.0691377205182672,0.013387726499901,18,18,32,0,0,,,,,0,87,62,55,0,0,55,11.15,,
"constrained-tmlr-revision-2026-08-13","full",TRUE,16,"perturbed",82,0.1,0.05,"stochastic","precomputed_exact_table","iid",202910200,202910232,100,25000,"budget_exhausted","budget-exhausted",TRUE,325,325,51,10,73,63,73,22,FALSE,0.972355614970755,0.027644385029245,0.060633450088189,TRUE,TRUE,TRUE,0.027644385029245,0.0280336824083808,0.00888732579900255,222,108,32,114,84,204,288050,204,2205,0,24332,841,325,23975,0,24300,163.54,,
"constrained-tmlr-revision-2026-08-13","full",TRUE,16,"perturbed",82,0.2,0.05,"exact","precomputed_exact_table","exact",202910200,202910241,,25000,"certified","bounds-met",TRUE,40,40,20,20,20,0,20,0,TRUE,0.800607447027684,0.199392552972316,0.199392552972318,TRUE,TRUE,TRUE,0.199392552972316,0.222384530658677,0.0466714011263208,13,13,32,0,0,,,,,0,72,52,40,0,0,40,7.18999999999994,,
"constrained-tmlr-revision-2026-08-13","full",TRUE,16,"perturbed",82,0.2,0.05,"stochastic","precomputed_exact_table","iid",202910200,202910242,100,25000,"budget_exhausted","budget-exhausted",TRUE,325,325,20,10,51,41,51,31,FALSE,0.933198150694879,0.0668018493051212,0.151643978379365,TRUE,TRUE,TRUE,0.0668018493051212,0.0691377205182672,0.013387726499901,222,108,32,114,84,204,288050,204,2205,0,24332,846,325,23975,0,24300,144.58,,
"constrained-tmlr-revision-2026-08-13","full",TRUE,16,"perturbed",83,0.01,0.05,"exact","precomputed_exact_table","exact",202910300,202910311,,25000,"certified","bounds-met",TRUE,112,112,148,148,148,0,148,0,TRUE,0.990025891656695,0.00997410834330537,0.00997410834330483,TRUE,TRUE,TRUE,0.00997410834330537,0.0100241830069097,0.00313945785363154,37,37,32,0,0,,,,,0,144,100,112,0,0,112,81.97,,
"constrained-tmlr-revision-2026-08-13","full",TRUE,16,"perturbed",83,0.01,0.05,"stochastic","precomputed_exact_table","iid",202910300,202910312,100,25000,"budget_exhausted","budget-exhausted",TRUE,229,229,148,62,238,176,238,90,FALSE,0.996651278722182,0.00334872127781805,0.00851288945689892,TRUE,TRUE,TRUE,0.00334872127781805,0.00335434079388552,0.0015031848736329,127,76,32,51,30,77,16414,100,2272,0,24993,642,229,24732,0,24961,145.08,,
"constrained-tmlr-revision-2026-08-13","full",TRUE,16,"perturbed",83,0.05,0.05,"exact","precomputed_exact_table","exact",202910300,202910321,,25000,"certified","bounds-met",TRUE,61,61,62,62,62,0,62,0,TRUE,0.956877989235557,0.0431220107644432,0.0431220107644427,TRUE,TRUE,TRUE,0.0431220107644432,0.0440793886189019,0.0176607363931645,20,20,32,0,0,,,,,0,93,66,61,0,0,61,16.66,,
"constrained-tmlr-revision-2026-08-13","full",TRUE,16,"perturbed",83,0.05,0.05,"stochastic","precomputed_exact_table","iid",202910300,202910322,100,25000,"budget_exhausted","budget-exhausted",TRUE,229,229,62,10,105,95,105,43,FALSE,0.985701461776713,0.0142985382232865,0.0497158013754905,TRUE,TRUE,TRUE,0.0142985382232865,0.0144017473284676,0.00369758638186765,127,76,32,51,30,77,16414,100,2272,0,24993,630,229,24732,0,24961,88.84,,
"constrained-tmlr-revision-2026-08-13","full",TRUE,16,"perturbed",83,0.1,0.05,"exact","precomputed_exact_table","exact",202910300,202910331,,25000,"certified","bounds-met",TRUE,58,58,40,40,40,0,40,0,TRUE,0.900950823150058,0.0990491768499422,0.0990491768499421,TRUE,TRUE,TRUE,0.0990491768499422,0.104304603162961,0.020639912784625,19,19,32,0,0,,,,,0,90,64,58,0,0,58,14.7,,
"constrained-tmlr-revision-2026-08-13","full",TRUE,16,"perturbed",83,0.1,0.05,"stochastic","precomputed_exact_table","iid",202910300,202910332,100,25000,"budget_exhausted","budget-exhausted",TRUE,229,229,40,10,73,63,73,33,FALSE,0.982183384740166,0.0178166152598341,0.0650268540628796,TRUE,TRUE,TRUE,0.0178166152598341,0.0179772418913185,0.00510105339211326,127,76,32,51,30,77,16414,100,2272,0,24993,618,229,24732,0,24961,106.55,,
"constrained-tmlr-revision-2026-08-13","full",TRUE,16,"perturbed",83,0.2,0.05,"exact","precomputed_exact_table","exact",202910300,202910341,,25000,"certified","bounds-met",TRUE,19,19,10,10,10,0,10,0,TRUE,0.812864065703016,0.187135934296984,0.187135934296984,TRUE,TRUE,TRUE,0.187135934296984,0.207191384271247,0.0357998666958626,6,6,32,0,0,,,,,0,51,38,19,0,0,19,3.55999999999995,,
"constrained-tmlr-revision-2026-08-13","full",TRUE,16,"perturbed",83,0.2,0.05,"stochastic","precomputed_exact_table","iid",202910300,202910342,100,25000,"budget_exhausted","budget-exhausted",TRUE,229,229,10,10,53,43,53,43,FALSE,0.924760899311724,0.0752391006882757,0.164858882611285,TRUE,TRUE,TRUE,0.0752391006882757,0.0782200621138624,0.0323611536714817,127,76,32,51,30,77,16414,100,2272,0,24993,622,229,24732,0,24961,88.5600000000001,,
"constrained-tmlr-revision-2026-08-13","full",TRUE,16,"perturbed",84,0.01,0.05,"exact","precomputed_exact_table","exact",202910400,202910411,,25000,"certified","bounds-met",TRUE,76,76,126,126,126,0,126,0,TRUE,0.990051573605616,0.00994842639438376,0.0099484263943799,TRUE,TRUE,TRUE,0.00994842639438376,0.00999824265924793,0.0026254257214491,25,25,32,0,0,,,,,0,108,76,76,0,0,76,42.19,,
"constrained-tmlr-revision-2026-08-13","full",TRUE,16,"perturbed",84,0.01,0.05,"stochastic","precomputed_exact_table","iid",202910400,202910412,100,25000,"budget_exhausted","budget-exhausted",TRUE,262,262,126,51,228,177,228,102,FALSE,0.995628671347702,0.00437132865229795,0.00894158781170711,TRUE,TRUE,TRUE,0.00437132865229795,0.00438091084419389,0.00367067273356942,169,87,32,82,51,78,19583,100,1930,0,24400,702,262,24106,0,24368,173.72,,
"constrained-tmlr-revision-2026-08-13","full",TRUE,16,"perturbed",84,0.05,0.05,"exact","precomputed_exact_table","exact",202910400,202910421,,25000,"certified","bounds-met",TRUE,61,61,62,62,62,0,62,0,TRUE,0.963965743349067,0.0360342566509332,0.0360342566509291,TRUE,TRUE,TRUE,0.0360342566509332,0.0366995209479595,0.0129806812828621,20,20,32,0,0,,,,,0,93,66,61,0,0,61,12.86,,
"constrained-tmlr-revision-2026-08-13","full",TRUE,16,"perturbed",84,0.05,0.05,"stochastic","precomputed_exact_table","iid",202910400,202910422,100,25000,"budget_exhausted","budget-exhausted",TRUE,262,262,62,10,95,85,95,33,FALSE,0.987023540271411,0.0129764597285887,0.0480515703866912,TRUE,TRUE,TRUE,0.0129764597285887,0.0130613895074253,0.00438035661832455,169,87,32,82,51,78,19583,100,1930,0,24400,704,262,24106,0,24368,99.72,,
"constrained-tmlr-revision-2026-08-13","full",TRUE,16,"perturbed",84,0.1,0.05,"exact","precomputed_exact_table","exact",202910400,202910431,,25000,"certified","bounds-met",TRUE,49,49,40,40,40,0,40,0,TRUE,0.907984452656188,0.0920155473438117,0.0920155473438096,TRUE,TRUE,TRUE,0.0920155473438117,0.0965280231527808,0.0213933267560013,16,16,32,0,0,,,,,0,81,58,49,0,0,49,12.11,,
"constrained-tmlr-revision-2026-08-13","full",TRUE,16,"perturbed",84,0.1,0.05,"stochastic","precomputed_exact_table","iid",202910400,202910432,100,25000,"budget_exhausted","budget-exhausted",TRUE,262,262,40,10,73,63,73,33,FALSE,0.984827176560879,0.0151728234391207,0.057219901683077,TRUE,TRUE,TRUE,0.0151728234391207,0.0152891084722673,0.00431531277824813,169,87,32,82,51,78,19583,100,1930,0,24400,704,262,24106,0,24368,132.15,,
"constrained-tmlr-revision-2026-08-13","full",TRUE,16,"perturbed",84,0.2,0.05,"exact","precomputed_exact_table","exact",202910400,202910441,,25000,"certified","bounds-met",TRUE,19,19,10,10,10,0,10,0,TRUE,0.825932566923501,0.174067433076499,0.174067433076497,TRUE,TRUE,TRUE,0.174067433076499,0.191242146900873,0.0325836078012639,6,6,32,0,0,,,,,0,51,38,19,0,0,19,3.87,,
"constrained-tmlr-revision-2026-08-13","full",TRUE,16,"perturbed",84,0.2,0.05,"stochastic","precomputed_exact_table","iid",202910400,202910442,100,25000,"budget_exhausted","budget-exhausted",TRUE,262,262,10,10,52,42,52,42,FALSE,0.935393149546142,0.0646068504538584,0.199607511147252,TRUE,TRUE,TRUE,0.0646068504538584,0.0667883572727153,0.0326370619161268,169,87,32,82,51,78,19583,100,1930,0,24400,719,262,24106,0,24368,112.08,,
"constrained-tmlr-revision-2026-08-13","full",TRUE,16,"perturbed",85,0.01,0.05,"exact","precomputed_exact_table","exact",202910500,202910511,,25000,"certified","bounds-met",TRUE,73,73,151,151,151,0,151,0,TRUE,0.990043175460056,0.0099568245399444,0.00995682453994049,TRUE,TRUE,TRUE,0.0099568245399444,0.0100067252286448,0.00341029433648157,24,24,32,0,0,,,,,0,105,74,73,0,0,73,39.94,,
"constrained-tmlr-revision-2026-08-13","full",TRUE,16,"perturbed",85,0.01,0.05,"stochastic","precomputed_exact_table","iid",202910500,202910512,100,25000,"budget_exhausted","budget-exhausted",TRUE,286,286,151,73,215,142,215,64,FALSE,0.995427999756051,0.00457200024394888,0.00910101606005896,TRUE,TRUE,TRUE,0.00457200024394888,0.0045824838031586,0.00179368246756457,177,95,32,82,63,209,40076,209,2340,0,23677,592,286,23359,0,23645,189.42,,
"constrained-tmlr-revision-2026-08-13","full",TRUE,16,"perturbed",85,0.05,0.05,"exact","precomputed_exact_table","exact",202910500,202910521,,25000,"certified","bounds-met",TRUE,61,61,62,62,62,0,62,0,TRUE,0.956298219167637,0.0437017808323631,0.0437017808323597,TRUE,TRUE,TRUE,0.0437017808323631,0.044685469839357,0.0138104881853392,20,20,32,0,0,,,,,0,93,66,61,0,0,61,13.22,,
"constrained-tmlr-revision-2026-08-13","full",TRUE,16,"perturbed",85,0.05,0.05,"stochastic","precomputed_exact_table","iid",202910500,202910522,100,25000,"budget_exhausted","budget-exhausted",TRUE,286,286,62,31,73,42,73,11,FALSE,0.977160930307424,0.0228390696925762,0.0460000801300246,TRUE,TRUE,TRUE,0.0228390696925762,0.0231039216632517,0.00744550215833381,177,95,32,82,63,209,40076,209,2340,0,23677,574,286,23359,0,23645,118.09,,
"constrained-tmlr-revision-2026-08-13","full",TRUE,16,"perturbed",85,0.1,0.05,"exact","precomputed_exact_table","exact",202910500,202910531,,25000,"certified","bounds-met",TRUE,46,46,41,41,41,0,41,0,TRUE,0.905321608845838,0.0946783911541617,0.0946783911541594,TRUE,TRUE,TRUE,0.0946783911541617,0.0994650295203505,0.0295341178080798,15,15,32,0,0,,,,,0,78,56,46,0,0,46,9.40000000000003,,
"constrained-tmlr-revision-2026-08-13","full",TRUE,16,"perturbed",85,0.1,0.05,"stochastic","precomputed_exact_table","iid",202910500,202910532,100,25000,"budget_exhausted","budget-exhausted",TRUE,286,286,41,10,62,52,62,21,FALSE,0.956298219167637,0.0437017808323631,0.0866174152171978,TRUE,TRUE,TRUE,0.0437017808323631,0.044685469839357,0.0138104881853392,177,95,32,82,63,209,40076,209,2340,0,23677,589,286,23359,0,23645,135.09,,
"constrained-tmlr-revision-2026-08-13","full",TRUE,16,"perturbed",85,0.2,0.05,"exact","precomputed_exact_table","exact",202910500,202910541,,25000,"certified","bounds-met",TRUE,43,43,20,20,20,0,20,0,TRUE,0.813616670009492,0.186383329990508,0.186383329990504,TRUE,TRUE,TRUE,0.186383329990508,0.206265945262147,0.0457140405463641,14,14,32,0,0,,,,,0,75,54,43,0,0,43,9.22000000000003,,
"constrained-tmlr-revision-2026-08-13","full",TRUE,16,"perturbed",85,0.2,0.05,"stochastic","precomputed_exact_table","iid",202910500,202910542,100,25000,"budget_exhausted","budget-exhausted",TRUE,286,286,20,10,41,31,41,21,FALSE,0.902788995847589,0.0972110041524108,0.172669550426385,TRUE,TRUE,TRUE,0.0972110041524108,0.102266423027985,0.0336112572585931,177,95,32,82,63,209,40076,209,2340,0,23677,594,286,23359,0,23645,124.9,,
"constrained-tmlr-revision-2026-08-13","full",TRUE,16,"perturbed",86,0.01,0.05,"exact","precomputed_exact_table","exact",202910600,202910611,,25000,"certified","bounds-met",TRUE,121,121,147,147,147,0,147,0,TRUE,0.990180550938611,0.00981944906138943,0.00981944906139607,TRUE,TRUE,TRUE,0.00981944906138943,0.00986797779627748,0.00285049681695224,40,40,32,0,0,,,,,0,153,106,121,0,0,121,43.47,,
"constrained-tmlr-revision-2026-08-13","full",TRUE,16,"perturbed",86,0.01,0.05,"stochastic","precomputed_exact_table","iid",202910600,202910612,100,25000,"budget_exhausted","budget-exhausted",TRUE,256,256,147,40,249,209,249,102,FALSE,0.997450583109183,0.00254941689081667,0.00875274925144341,TRUE,TRUE,TRUE,0.00254941689081667,0.00255267218797501,0.00147227869610406,149,85,32,64,46,26,63264,100,2356,0,23673,624,256,23385,0,23641,120.87,,
"constrained-tmlr-revision-2026-08-13","full",TRUE,16,"perturbed",86,0.05,0.05,"exact","precomputed_exact_table","exact",202910600,202910621,,25000,"certified","bounds-met",TRUE,61,61,62,62,62,0,62,0,TRUE,0.960551565365056,0.039448434634944,0.0394484346349505,TRUE,TRUE,TRUE,0.039448434634944,0.0402476122540697,0.0137167417207275,20,20,32,0,0,,,,,0,93,66,61,0,0,61,15.7,,
"constrained-tmlr-revision-2026-08-13","full",TRUE,16,"perturbed",86,0.05,0.05,"stochastic","precomputed_exact_table","iid",202910600,202910622,100,25000,"budget_exhausted","budget-exhausted",TRUE,256,256,62,10,150,140,150,88,FALSE,0.989515317957329,0.0104846820426706,0.0478048879057263,TRUE,TRUE,TRUE,0.0104846820426706,0.0105400335567316,0.0040827753411308,149,85,32,64,46,26,63264,100,2356,0,23673,640,256,23385,0,23641,105.75,,
"constrained-tmlr-revision-2026-08-13","full",TRUE,16,"perturbed",86,0.1,0.05,"exact","precomputed_exact_table","exact",202910600,202910631,,25000,"certified","bounds-met",TRUE,55,55,41,41,41,0,41,0,TRUE,0.91142670686254,0.0885732931374602,0.0885732931374668,TRUE,TRUE,TRUE,0.0885732931374602,0.092744097462811,0.0279773350428946,18,18,32,0,0,,,,,0,87,62,55,0,0,55,13.21,,
"constrained-tmlr-revision-2026-08-13","full",TRUE,16,"perturbed",86,0.1,0.05,"stochastic","precomputed_exact_table","iid",202910600,202910632,100,25000,"budget_exhausted","budget-exhausted",TRUE,256,256,41,10,73,63,73,32,FALSE,0.98148469122132,0.0185153087786805,0.097005734554803,TRUE,TRUE,TRUE,0.0185153087786805,0.0186888627165329,0.00520346744192413,149,85,32,64,46,26,63264,100,2356,0,23673,629,256,23385,0,23641,98.3,,
"constrained-tmlr-revision-2026-08-13","full",TRUE,16,"perturbed",86,0.2,0.05,"exact","precomputed_exact_table","exact",202910600,202910641,,25000,"certified","bounds-met",TRUE,19,19,10,10,10,0,10,0,TRUE,0.807739434275484,0.192260565724516,0.192260565724523,TRUE,TRUE,TRUE,0.192260565724516,0.213515754801973,0.0358798727728181,6,6,32,0,0,,,,,0,51,38,19,0,0,19,3.88,,
"constrained-tmlr-revision-2026-08-13","full",TRUE,16,"perturbed",86,0.2,0.05,"stochastic","precomputed_exact_table","iid",202910600,202910642,100,25000,"budget_exhausted","budget-exhausted",TRUE,256,256,10,10,63,53,63,53,FALSE,0.955402576647236,0.0445974233527635,0.147393013981153,TRUE,TRUE,TRUE,0.0445974233527635,0.0456224810995831,0.0258329678722711,149,85,32,64,46,26,63264,100,2356,0,23673,636,256,23385,0,23641,98.15,,
"constrained-tmlr-revision-2026-08-13","full",TRUE,16,"perturbed",87,0.01,0.05,"exact","precomputed_exact_table","exact",202910700,202910711,,25000,"certified","bounds-met",TRUE,118,118,147,147,147,0,147,0,TRUE,0.990887774590005,0.00911222540999501,0.00911222540999269,TRUE,TRUE,TRUE,0.00911222540999501,0.00915399567630271,0.00247610083300641,39,39,32,0,0,,,,,0,150,104,118,0,0,118,39.47,,
"constrained-tmlr-revision-2026-08-13","full",TRUE,16,"perturbed",87,0.01,0.05,"stochastic","precomputed_exact_table","iid",202910700,202910712,100,25000,"budget_exhausted","budget-exhausted",TRUE,367,367,147,40,271,231,271,124,FALSE,0.998928162652981,0.00107183734701866,0.00897098791414024,TRUE,TRUE,TRUE,0.00107183734701866,0.00107241217545299,0.000419311676455938,270,122,32,148,122,493,292344,493,1361,0,24425,730,367,24026,0,24393,203.18,,
"constrained-tmlr-revision-2026-08-13","full",TRUE,16,"perturbed",87,0.05,0.05,"exact","precomputed_exact_table","exact",202910700,202910721,,25000,"certified","bounds-met",TRUE,61,61,62,62,62,0,62,0,TRUE,0.962298739856884,0.0377012601431165,0.0377012601431143,TRUE,TRUE,TRUE,0.0377012601431165,0.0384303361323472,0.0129779377427358,20,20,32,0,0,,,,,0,93,66,61,0,0,61,11.47,,
"constrained-tmlr-revision-2026-08-13","full",TRUE,16,"perturbed",87,0.05,0.05,"stochastic","precomputed_exact_table","iid",202910700,202910722,100,25000,"budget_exhausted","budget-exhausted",TRUE,367,367,62,10,194,184,194,132,FALSE,0.99341777507202,0.00658222492797955,0.0498314678435527,TRUE,TRUE,TRUE,0.00658222492797955,0.00660398330204559,0.00223499826027074,270,122,32,148,122,493,292344,493,1361,0,24425,733,367,24026,0,24393,181.28,,
"constrained-tmlr-revision-2026-08-13","full",TRUE,16,"perturbed",87,0.1,0.05,"exact","precomputed_exact_table","exact",202910700,202910731,,25000,"certified","bounds-met",TRUE,55,55,40,40,40,0,40,0,TRUE,0.910728564140723,0.0892714358592771,0.0892714358592747,TRUE,TRUE,TRUE,0.0892714358592771,0.09351037986156,0.0191507942244636,18,18,32,0,0,,,,,0,87,62,55,0,0,55,10.4100000000001,,
"constrained-tmlr-revision-2026-08-13","full",TRUE,16,"perturbed",87,0.1,0.05,"stochastic","precomputed_exact_table","iid",202910700,202910732,100,25000,"budget_exhausted","budget-exhausted",TRUE,367,367,40,10,115,105,115,75,FALSE,0.987506004133703,0.0124939958662968,0.0985532077771782,TRUE,TRUE,TRUE,0.0124939958662968,0.0125727020899485,0.00288442990752935,270,122,32,148,122,493,292344,493,1361,0,24425,738,367,24026,0,24393,174.49,,
"constrained-tmlr-revision-2026-08-13","full",TRUE,16,"perturbed",87,0.2,0.05,"exact","precomputed_exact_table","exact",202910700,202910741,,25000,"certified","bounds-met",TRUE,19,19,10,10,10,0,10,0,TRUE,0.821036286940157,0.178963713059843,0.178963713059841,TRUE,TRUE,TRUE,0.178963713059843,0.197187972040955,0.0344961056354872,6,6,32,0,0,,,,,0,51,38,19,0,0,19,4.95000000000005,,
"constrained-tmlr-revision-2026-08-13","full",TRUE,16,"perturbed",87,0.2,0.05,"stochastic","precomputed_exact_table","iid",202910700,202910742,100,25000,"budget_exhausted","budget-exhausted",TRUE,367,367,10,10,73,63,73,63,FALSE,0.983039092017013,0.016960907982987,0.132255996940261,TRUE,TRUE,TRUE,0.016960907982987,0.0171063915514237,0.00464832976032285,270,122,32,148,122,493,292344,493,1361,0,24425,746,367,24026,0,24393,189.71,,
"constrained-tmlr-revision-2026-08-13","full",TRUE,16,"perturbed",88,0.01,0.05,"exact","precomputed_exact_table","exact",202910800,202910811,,25000,"certified","bounds-met",TRUE,133,133,183,183,183,0,183,0,TRUE,0.990134015156191,0.00986598484380874,0.00986598484381269,TRUE,TRUE,TRUE,0.00986598484380874,0.00991497617039907,0.0027808241104973,44,44,32,0,0,,,,,0,165,114,133,0,0,133,49.66,,
"constrained-tmlr-revision-2026-08-13","full",TRUE,16,"perturbed",88,0.01,0.05,"stochastic","precomputed_exact_table","iid",202910800,202910812,100,25000,"budget_exhausted","budget-exhausted",TRUE,277,277,183,62,425,363,425,242,FALSE,0.998079968432448,0.00192003156755194,0.0096637540994083,TRUE,TRUE,TRUE,0.00192003156755194,0.00192187719097735,0.000810020569390113,160,92,32,68,47,166,1030645,166,2491,0,23643,589,277,23334,0,23611,108.71,,
"constrained-tmlr-revision-2026-08-13","full",TRUE,16,"perturbed",88,0.05,0.05,"exact","precomputed_exact_table","exact",202910800,202910821,,25000,"certified","bounds-met",TRUE,76,76,95,95,95,0,95,0,TRUE,0.950863722224621,0.0491362777753789,0.049136277775382,TRUE,TRUE,TRUE,0.0491362777753789,0.0503845261534416,0.0182034779790912,25,25,32,0,0,,,,,0,108,76,76,0,0,76,15,,
"constrained-tmlr-revision-2026-08-13","full",TRUE,16,"perturbed",88,0.05,0.05,"stochastic","precomputed_exact_table","iid",202910800,202910822,100,25000,"budget_exhausted","budget-exhausted",TRUE,277,277,95,21,187,166,187,92,FALSE,0.989725582126011,0.0102744178739891,0.0499548101296198,TRUE,TRUE,TRUE,0.0102744178739891,0.010327564049393,0.00368684140938917,160,92,32,68,47,166,1030645,166,2491,0,23643,579,277,23334,0,23611,105.92,,
"constrained-tmlr-revision-2026-08-13","full",TRUE,16,"perturbed",88,0.1,0.05,"exact","precomputed_exact_table","exact",202910800,202910831,,25000,"certified","bounds-met",TRUE,70,70,62,62,62,0,62,0,TRUE,0.910061216580213,0.0899387834197869,0.0899387834197909,TRUE,TRUE,TRUE,0.0899387834197869,0.0942434107665642,0.0251961305810203,23,23,32,0,0,,,,,0,102,72,70,0,0,70,14.59,,
"constrained-tmlr-revision-2026-08-13","full",TRUE,16,"perturbed",88,0.1,0.05,"stochastic","precomputed_exact_table","iid",202910800,202910832,100,25000,"budget_exhausted","budget-exhausted",TRUE,277,277,62,20,141,121,141,79,FALSE,0.987370451171138,0.0126295488288616,0.0749102192323456,TRUE,TRUE,TRUE,0.0126295488288616,0.0127099795003034,0.00439100924217075,160,92,32,68,47,166,1030645,166,2491,0,23643,582,277,23334,0,23611,104.39,,
"constrained-tmlr-revision-2026-08-13","full",TRUE,16,"perturbed",88,0.2,0.05,"exact","precomputed_exact_table","exact",202910800,202910841,,25000,"certified","bounds-met",TRUE,25,25,21,21,21,0,21,0,TRUE,0.845465840307805,0.154534159692195,0.154534159692196,TRUE,TRUE,TRUE,0.154534159692195,0.167867513224543,0.0407125215656759,8,8,32,0,0,,,,,0,57,42,25,0,0,25,4.70000000000005,,
"constrained-tmlr-revision-2026-08-13","full",TRUE,16,"perturbed",88,0.2,0.05,"stochastic","precomputed_exact_table","iid",202910800,202910842,100,25000,"budget_exhausted","budget-exhausted",TRUE,277,277,21,10,109,99,109,88,FALSE,0.953394475000069,0.046605524999931,0.199098856105598,TRUE,TRUE,TRUE,0.046605524999931,0.047726531277428,0.0169969631155623,160,92,32,68,47,166,1030645,166,2491,0,23643,590,277,23334,0,23611,125.45,,
"constrained-tmlr-revision-2026-08-13","full",TRUE,16,"perturbed",89,0.01,0.05,"exact","precomputed_exact_table","exact",202910900,202910911,,25000,"certified","bounds-met",TRUE,130,130,171,171,171,0,171,0,TRUE,0.990371764294207,0.00962823570579319,0.00962823570579115,TRUE,TRUE,TRUE,0.00962823570579319,0.00967488685420069,0.00325646638197049,43,43,32,0,0,,,,,0,162,112,130,0,0,130,40.58,,
"constrained-tmlr-revision-2026-08-13","full",TRUE,16,"perturbed",89,0.01,0.05,"stochastic","precomputed_exact_table","iid",202910900,202910912,100,25000,"budget_exhausted","budget-exhausted",TRUE,379,379,171,21,470,449,470,299,FALSE,0.999380516761839,0.000619483238161189,0.00937137371465578,TRUE,TRUE,TRUE,0.000619483238161189,0.000619675197183396,0.000277162767563087,274,126,32,148,131,604,595768,604,2407,0,23615,635,379,23204,0,23583,193.71,,
"constrained-tmlr-revision-2026-08-13","full",TRUE,16,"perturbed",89,0.05,0.05,"exact","precomputed_exact_table","exact",202910900,202910921,,25000,"certified","bounds-met",TRUE,73,73,73,73,73,0,73,0,TRUE,0.968481849387537,0.0315181506124633,0.0315181506124611,TRUE,TRUE,TRUE,0.0315181506124633,0.0320255372631663,0.0105996974743865,24,24,32,0,0,,,,,0,105,74,73,0,0,73,15.19,,
"constrained-tmlr-revision-2026-08-13","full",TRUE,16,"perturbed",89,0.05,0.05,"stochastic","precomputed_exact_table","iid",202910900,202910922,100,25000,"budget_exhausted","budget-exhausted",TRUE,379,379,73,10,260,250,260,187,FALSE,0.997206578823417,0.00279342117658321,0.0492315309850349,TRUE,TRUE,TRUE,0.00279342117658321,0.00279733005865114,0.000992042658951718,274,126,32,148,131,604,595768,604,2407,0,23615,650,379,23204,0,23583,217.23,,
"constrained-tmlr-revision-2026-08-13","full",TRUE,16,"perturbed",89,0.1,0.05,"exact","precomputed_exact_table","exact",202910900,202910931,,25000,"certified","bounds-met",TRUE,73,73,51,51,51,0,51,0,TRUE,0.921251998754307,0.0787480012456933,0.0787480012456918,TRUE,TRUE,TRUE,0.0787480012456933,0.0820216658697565,0.0184924799049654,24,24,32,0,0,,,,,0,105,74,73,0,0,73,11.8299999999999,,
"constrained-tmlr-revision-2026-08-13","full",TRUE,16,"perturbed",89,0.1,0.05,"stochastic","precomputed_exact_table","iid",202910900,202910932,100,25000,"budget_exhausted","budget-exhausted",TRUE,379,379,51,10,216,206,216,165,FALSE,0.994080309059055,0.00591969094094547,0.0966956459740873,TRUE,TRUE,TRUE,0.00591969094094547,0.00593728176722161,0.00181374720839448,274,126,32,148,131,604,595768,604,2407,0,23615,650,379,23204,0,23583,156.95,,
"constrained-tmlr-revision-2026-08-13","full",TRUE,16,"perturbed",89,0.2,0.05,"exact","precomputed_exact_table","exact",202910900,202910941,,25000,"certified","bounds-met",TRUE,31,31,21,21,21,0,21,0,TRUE,0.839249101114006,0.160750898885994,0.160750898885995,TRUE,TRUE,TRUE,0.160750898885994,0.175247714181243,0.0358458913813253,10,10,32,0,0,,,,,0,63,46,31,0,0,31,5.34000000000003,,
"constrained-tmlr-revision-2026-08-13","full",TRUE,16,"perturbed",89,0.2,0.05,"stochastic","precomputed_exact_table","iid",202910900,202910942,100,25000,"budget_exhausted","budget-exhausted",TRUE,379,379,21,10,141,131,141,120,FALSE,0.98738443481668,0.0126155651833195,0.189804096655941,TRUE,TRUE,TRUE,0.0126155651833195,0.012695817088916,0.00425411726708905,274,126,32,148,131,604,595768,604,2407,0,23615,638,379,23204,0,23583,122.05,,
"constrained-tmlr-revision-2026-08-13","full",TRUE,16,"perturbed",90,0.01,0.05,"exact","precomputed_exact_table","exact",202911000,202911011,,25000,"certified","bounds-met",TRUE,133,133,158,158,158,0,158,0,TRUE,0.990539675448467,0.00946032455153323,0.00946032455153902,TRUE,TRUE,TRUE,0.00946032455153323,0.00950535766547136,0.00273503819417517,44,44,32,0,0,,,,,0,165,114,133,0,0,133,42.93,,
"constrained-tmlr-revision-2026-08-13","full",TRUE,16,"perturbed",90,0.01,0.05,"stochastic","precomputed_exact_table","iid",202911000,202911012,100,25000,"budget_exhausted","budget-exhausted",TRUE,352,352,158,10,376,366,376,218,FALSE,0.999242179752526,0.000757820247474061,0.00995880113035127,TRUE,TRUE,TRUE,0.000757820247474061,0.000758107538390221,0.000381753359429693,253,117,32,136,120,446,829102,446,2388,0,23496,637,352,23112,0,23464,179.44,,
"constrained-tmlr-revision-2026-08-13","full",TRUE,16,"perturbed",90,0.05,0.05,"exact","precomputed_exact_table","exact",202911000,202911021,,25000,"certified","bounds-met",TRUE,61,61,62,62,62,0,62,0,TRUE,0.950590053573467,0.0494099464265325,0.0494099464265384,TRUE,TRUE,TRUE,0.0494099464265325,0.0506723781712256,0.0200848691647577,20,20,32,0,0,,,,,0,93,66,61,0,0,61,11.25,,
"constrained-tmlr-revision-2026-08-13","full",TRUE,16,"perturbed",90,0.05,0.05,"stochastic","precomputed_exact_table","iid",202911000,202911022,100,25000,"budget_exhausted","budget-exhausted",TRUE,352,352,62,10,217,207,217,155,FALSE,0.994300345435578,0.00569965456442212,0.0463219498941809,TRUE,TRUE,TRUE,0.00569965456442212,0.00571595958032129,0.00394701437437336,253,117,32,136,120,446,829102,446,2388,0,23496,646,352,23112,0,23464,176.3,,
"constrained-tmlr-revision-2026-08-13","full",TRUE,16,"perturbed",90,0.1,0.05,"exact","precomputed_exact_table","exact",202911000,202911031,,25000,"certified","bounds-met",TRUE,58,58,41,41,41,0,41,0,TRUE,0.900159455520752,0.0998405444792478,0.0998405444792515,TRUE,TRUE,TRUE,0.0998405444792478,0.105183358550238,0.0295461594954879,19,19,32,0,0,,,,,0,90,64,58,0,0,58,20.6999999999999,,
"constrained-tmlr-revision-2026-08-13","full",TRUE,16,"perturbed",90,0.1,0.05,"stochastic","precomputed_exact_table","iid",202911000,202911032,100,25000,"budget_exhausted","budget-exhausted",TRUE,352,352,41,10,173,163,173,132,FALSE,0.991187162748555,0.00881283725144522,0.099997749237619,TRUE,TRUE,TRUE,0.00881283725144522,0.00885189997327274,0.00475111282265145,253,117,32,136,120,446,829102,446,2388,0,23496,627,352,23112,0,23464,162.05,,
"constrained-tmlr-revision-2026-08-13","full",TRUE,16,"perturbed",90,0.2,0.05,"exact","precomputed_exact_table","exact",202911000,202911041,,25000,"certified","bounds-met",TRUE,19,19,10,10,10,0,10,0,TRUE,0.805612425985736,0.194387574014264,0.194387574014269,TRUE,TRUE,TRUE,0.194387574014264,0.216152513186146,0.0337897701137786,6,6,32,0,0,,,,,0,51,38,19,0,0,19,2.81000000000006,,
"constrained-tmlr-revision-2026-08-13","full",TRUE,16,"perturbed",90,0.2,0.05,"stochastic","precomputed_exact_table","iid",202911000,202911042,100,25000,"budget_exhausted","budget-exhausted",TRUE,352,352,10,10,117,107,117,107,FALSE,0.986395341835656,0.0136046581643442,0.193086362632854,TRUE,TRUE,TRUE,0.0136046581643442,0.0136980495319853,0.00461038273168229,253,117,32,136,120,446,829102,446,2388,0,23496,637,352,23112,0,23464,113.11,,
"constrained-tmlr-revision-2026-08-13","full",TRUE,16,"perturbed",91,0.01,0.05,"exact","precomputed_exact_table","exact",202911100,202911111,,25000,"certified","bounds-met",TRUE,100,100,147,147,147,0,147,0,TRUE,0.990310099340685,0.00968990065931463,0.0096899006593153,TRUE,TRUE,TRUE,0.00968990065931463,0.00973715324303731,0.00263885328748259,33,33,32,0,0,,,,,0,132,92,100,0,0,100,33.95,,
"constrained-tmlr-revision-2026-08-13","full",TRUE,16,"perturbed",91,0.01,0.05,"stochastic","precomputed_exact_table","iid",202911100,202911112,100,25000,"budget_exhausted","budget-exhausted",TRUE,316,316,147,40,371,331,371,224,FALSE,0.998782311459965,0.00121768854003523,0.00998712660481852,TRUE,TRUE,TRUE,0.00121768854003523,0.00121843052512449,0.000675682850115392,198,105,32,93,77,571,314320,571,2265,0,24801,521,316,24453,0,24769,138.9,,
"constrained-tmlr-revision-2026-08-13","full",TRUE,16,"perturbed",91,0.05,0.05,"exact","precomputed_exact_table","exact",202911100,202911121,,25000,"certified","bounds-met",TRUE,61,61,62,62,62,0,62,0,TRUE,0.953780557257099,0.0462194427429009,0.0462194427429012,TRUE,TRUE,TRUE,0.0462194427429009,0.0473216578329103,0.0135739419220095,20,20,32,0,0,,,,,0,93,66,61,0,0,61,14.48,,
"constrained-tmlr-revision-2026-08-13","full",TRUE,16,"perturbed",91,0.05,0.05,"stochastic","precomputed_exact_table","iid",202911100,202911122,100,25000,"budget_exhausted","budget-exhausted",TRUE,316,316,62,10,225,215,225,163,FALSE,0.993277808276285,0.00672219172371502,0.0492142804035407,TRUE,TRUE,TRUE,0.00672219172371502,0.00674488742156967,0.00405681630094117,198,105,32,93,77,571,314320,571,2265,0,24801,509,316,24453,0,24769,119.29,,
"constrained-tmlr-revision-2026-08-13","full",TRUE,16,"perturbed",91,0.1,0.05,"exact","precomputed_exact_table","exact",202911100,202911131,,25000,"certified","bounds-met",TRUE,52,52,40,40,40,0,40,0,TRUE,0.907363167528522,0.0926368324714785,0.0926368324714795,TRUE,TRUE,TRUE,0.0926368324714785,0.0972125037944117,0.021951284805475,17,17,32,0,0,,,,,0,84,60,52,0,0,52,19.43,,
"constrained-tmlr-revision-2026-08-13","full",TRUE,16,"perturbed",91,0.1,0.05,"stochastic","precomputed_exact_table","iid",202911100,202911132,100,25000,"budget_exhausted","budget-exhausted",TRUE,316,316,40,10,161,151,161,121,FALSE,0.986792968887484,0.013207031112516,0.0985763328112821,TRUE,TRUE,TRUE,0.013207031112516,0.0132950195170094,0.00584479959948181,198,105,32,93,77,571,314320,571,2265,0,24801,531,316,24453,0,24769,143.73,,
"constrained-tmlr-revision-2026-08-13","full",TRUE,16,"perturbed",91,0.2,0.05,"exact","precomputed_exact_table","exact",202911100,202911141,,25000,"certified","bounds-met",TRUE,31,31,20,20,20,0,20,0,TRUE,0.852458984137162,0.147541015862838,0.147541015862838,TRUE,TRUE,TRUE,0.147541015862838,0.159630183430983,0.0329828567105158,10,10,32,0,0,,,,,0,63,46,31,0,0,31,6.02999999999997,,
"constrained-tmlr-revision-2026-08-13","full",TRUE,16,"perturbed",91,0.2,0.05,"stochastic","precomputed_exact_table","iid",202911100,202911142,100,25000,"budget_exhausted","budget-exhausted",TRUE,316,316,20,10,83,73,83,63,FALSE,0.975407550031132,0.024592449968868,0.198896735094404,TRUE,TRUE,TRUE,0.024592449968868,0.0248998952900357,0.0120913119115759,198,105,32,93,77,571,314320,571,2265,0,24801,514,316,24453,0,24769,97.1099999999999,,
"constrained-tmlr-revision-2026-08-13","full",TRUE,16,"perturbed",92,0.01,0.05,"exact","precomputed_exact_table","exact",202911200,202911211,,25000,"certified","bounds-met",TRUE,106,106,186,186,186,0,186,0,TRUE,0.990081474766006,0.00991852523399406,0.00991852523399637,TRUE,TRUE,TRUE,0.00991852523399406,0.0099680414963346,0.00335936242426881,35,35,32,0,0,,,,,0,138,96,106,0,0,106,36.28,,
"constrained-tmlr-revision-2026-08-13","full",TRUE,16,"perturbed",92,0.01,0.05,"stochastic","precomputed_exact_table","iid",202911200,202911212,100,25000,"budget_exhausted","budget-exhausted",TRUE,472,472,186,62,354,292,354,168,FALSE,0.997863124729093,0.00213687527090745,0.00946440011090716,TRUE,TRUE,TRUE,0.00213687527090745,0.00213916164658292,0.00101698562417137,388,157,32,231,220,1252,889247,1252,2496,0,23125,450,472,22621,0,23093,321.03,,
"constrained-tmlr-revision-2026-08-13","full",TRUE,16,"perturbed",92,0.05,0.05,"exact","precomputed_exact_table","exact",202911200,202911221,,25000,"certified","bounds-met",TRUE,64,64,73,73,73,0,73,0,TRUE,0.956969253544843,0.0430307464551575,0.0430307464551597,TRUE,TRUE,TRUE,0.0430307464551575,0.043984016002619,0.017763500472681,21,21,32,0,0,,,,,0,96,68,64,0,0,64,18.49,,
"constrained-tmlr-revision-2026-08-13","full",TRUE,16,"perturbed",92,0.05,0.05,"stochastic","precomputed_exact_table","iid",202911200,202911222,100,25000,"budget_exhausted","budget-exhausted",TRUE,472,472,73,20,186,166,186,113,FALSE,0.989159958459157,0.0108400415408425,0.0465012123618963,TRUE,TRUE,TRUE,0.0108400415408425,0.0108992228650815,0.00495999799720515,388,157,32,231,220,1252,889247,1252,2496,0,23125,462,472,22621,0,23093,265.29,,
"constrained-tmlr-revision-2026-08-13","full",TRUE,16,"perturbed",92,0.1,0.05,"exact","precomputed_exact_table","exact",202911200,202911231,,25000,"certified","bounds-met",TRUE,55,55,52,52,52,0,52,0,TRUE,0.915100316264603,0.0848996837353971,0.0848996837353987,TRUE,TRUE,TRUE,0.0848996837353971,0.0887215844542608,0.0304709353774269,18,18,32,0,0,,,,,0,87,62,55,0,0,55,7.30000000000007,,
"constrained-tmlr-revision-2026-08-13","full",TRUE,16,"perturbed",92,0.1,0.05,"stochastic","precomputed_exact_table","iid",202911200,202911232,100,25000,"budget_exhausted","budget-exhausted",TRUE,472,472,52,10,139,129,139,87,FALSE,0.979377988741727,0.0206220112582735,0.0973100551957255,TRUE,TRUE,TRUE,0.0206220112582735,0.0208376141938263,0.00779952196104911,388,157,32,231,220,1252,889247,1252,2496,0,23125,458,472,22621,0,23093,171.85,,
"constrained-tmlr-revision-2026-08-13","full",TRUE,16,"perturbed",92,0.2,0.05,"exact","precomputed_exact_table","exact",202911200,202911241,,25000,"certified","bounds-met",TRUE,31,31,21,21,21,0,21,0,TRUE,0.801293358977179,0.198706641022821,0.198706641022822,TRUE,TRUE,TRUE,0.198706641022821,0.22152815804329,0.0445766456032956,10,10,32,0,0,,,,,0,63,46,31,0,0,31,3.29999999999995,,
"constrained-tmlr-revision-2026-08-13","full",TRUE,16,"perturbed",92,0.2,0.05,"stochastic","precomputed_exact_table","iid",202911200,202911242,100,25000,"budget_exhausted","budget-exhausted",TRUE,472,472,21,10,85,75,85,64,FALSE,0.965580066529729,0.0344199334702712,0.167654756822517,TRUE,TRUE,TRUE,0.0344199334702712,0.0350262530223689,0.0121757080477647,388,157,32,231,220,1252,889247,1252,2496,0,23125,459,472,22621,0,23093,153.15,,
"constrained-tmlr-revision-2026-08-13","full",TRUE,16,"perturbed",93,0.01,0.05,"exact","precomputed_exact_table","exact",202911300,202911311,,25000,"certified","bounds-met",TRUE,109,109,161,161,161,0,161,0,TRUE,0.990754213984632,0.00924578601536752,0.00924578601537195,TRUE,TRUE,TRUE,0.00924578601536752,0.00928879359272233,0.00293566437268516,36,36,32,0,0,,,,,0,141,98,109,0,0,109,34.41,,
"constrained-tmlr-revision-2026-08-13","full",TRUE,16,"perturbed",93,0.01,0.05,"stochastic","precomputed_exact_table","iid",202911300,202911312,100,25000,"budget_exhausted","budget-exhausted",TRUE,325,325,161,83,260,177,260,99,FALSE,0.996902578886611,0.00309742111338929,0.0092274075896947,TRUE,TRUE,TRUE,0.00309742111338929,0.00310222805080543,0.00164396114359126,218,108,32,110,89,453,498912,453,2137,0,24882,578,325,24525,0,24850,150.92,,
"constrained-tmlr-revision-2026-08-13","full",TRUE,16,"perturbed",93,0.05,0.05,"exact","precomputed_exact_table","exact",202911300,202911321,,25000,"certified","bounds-met",TRUE,73,73,73,73,73,0,73,0,TRUE,0.965010756009151,0.0349892439908491,0.0349892439908537,TRUE,TRUE,TRUE,0.0349892439908491,0.0356160315817963,0.018077892686307,24,24,32,0,0,,,,,0,105,74,73,0,0,73,13.95,,
"constrained-tmlr-revision-2026-08-13","full",TRUE,16,"perturbed",93,0.05,0.05,"stochastic","precomputed_exact_table","iid",202911300,202911322,100,25000,"budget_exhausted","budget-exhausted",TRUE,325,325,73,31,118,87,118,45,FALSE,0.982153997015448,0.0178460029845522,0.0498166435946464,TRUE,TRUE,TRUE,0.0178460029845522,0.0180071631512743,0.00553492725711291,218,108,32,110,89,453,498912,453,2137,0,24882,595,325,24525,0,24850,148.16,,
"constrained-tmlr-revision-2026-08-13","full",TRUE,16,"perturbed",93,0.1,0.05,"exact","precomputed_exact_table","exact",202911300,202911331,,25000,"certified","bounds-met",TRUE,58,58,51,51,51,0,51,0,TRUE,0.924027071993059,0.075972928006941,0.0759729280069455,TRUE,TRUE,TRUE,0.075972928006941,0.0790139090758644,0.0156285552998659,19,19,32,0,0,,,,,0,90,64,58,0,0,58,17.83,,
"constrained-tmlr-revision-2026-08-13","full",TRUE,16,"perturbed",93,0.1,0.05,"stochastic","precomputed_exact_table","iid",202911300,202911332,100,25000,"budget_exhausted","budget-exhausted",TRUE,325,325,51,10,73,63,73,22,FALSE,0.965010756009151,0.0349892439908491,0.0995709973013802,TRUE,TRUE,TRUE,0.0349892439908491,0.0356160315817963,0.018077892686307,218,108,32,110,89,453,498912,453,2137,0,24882,580,325,24525,0,24850,140.5,,
"constrained-tmlr-revision-2026-08-13","full",TRUE,16,"perturbed",93,0.2,0.05,"exact","precomputed_exact_table","exact",202911300,202911341,,25000,"certified","bounds-met",TRUE,25,25,21,21,21,0,21,0,TRUE,0.847869290865894,0.152130709134106,0.15213070913411,TRUE,TRUE,TRUE,0.152130709134106,0.165028793200578,0.033868549377852,8,8,32,0,0,,,,,0,57,42,25,0,0,25,3.91000000000008,,
"constrained-tmlr-revision-2026-08-13","full",TRUE,16,"perturbed",93,0.2,0.05,"stochastic","precomputed_exact_table","iid",202911300,202911342,100,25000,"budget_exhausted","budget-exhausted",TRUE,325,325,21,10,52,42,52,31,FALSE,0.920677408542413,0.0793225914575875,0.188555226933147,TRUE,TRUE,TRUE,0.0793225914575875,0.0826455662518845,0.0338283867249914,218,108,32,110,89,453,498912,453,2137,0,24882,585,325,24525,0,24850,103.11,,
"constrained-tmlr-revision-2026-08-13","full",TRUE,16,"perturbed",94,0.01,0.05,"exact","precomputed_exact_table","exact",202911400,202911411,,25000,"certified","bounds-met",TRUE,130,130,169,169,169,0,169,0,TRUE,0.990740619985676,0.0092593800143238,0.00925938001432228,TRUE,TRUE,TRUE,0.0092593800143238,0.0093025145459375,0.00291306924310852,43,43,32,0,0,,,,,0,162,112,130,0,0,130,42.67,,
"constrained-tmlr-revision-2026-08-13","full",TRUE,16,"perturbed",94,0.01,0.05,"stochastic","precomputed_exact_table","iid",202911400,202911412,100,25000,"budget_exhausted","budget-exhausted",TRUE,442,442,169,51,260,209,260,91,FALSE,0.998154344928126,0.00184565507187362,0.00892366034888278,TRUE,TRUE,TRUE,0.00184565507187362,0.00184736039180709,0.000832186759657211,321,147,32,174,155,611,583989,611,2357,0,24127,608,442,23653,0,24095,245.4,,
"constrained-tmlr-revision-2026-08-13","full",TRUE,16,"perturbed",94,0.05,0.05,"exact","precomputed_exact_table","exact",202911400,202911421,,25000,"certified","bounds-met",TRUE,61,61,62,62,62,0,62,0,TRUE,0.953495761344934,0.0465042386550663,0.0465042386550645,TRUE,TRUE,TRUE,0.0465042386550663,0.0476202993160602,0.0173634620315292,20,20,32,0,0,,,,,0,93,66,61,0,0,61,18.21,,
"constrained-tmlr-revision-2026-08-13","full",TRUE,16,"perturbed",94,0.05,0.05,"stochastic","precomputed_exact_table","iid",202911400,202911422,100,25000,"budget_exhausted","budget-exhausted",TRUE,442,442,62,10,150,140,150,88,FALSE,0.988680621456137,0.0113193785438632,0.0489387382759539,TRUE,TRUE,TRUE,0.0113193785438632,0.0113839302952687,0.00297373097813852,321,147,32,174,155,611,583989,611,2357,0,24127,605,442,23653,0,24095,227.49,,
"constrained-tmlr-revision-2026-08-13","full",TRUE,16,"perturbed",94,0.1,0.05,"exact","precomputed_exact_table","exact",202911400,202911431,,25000,"certified","bounds-met",TRUE,55,55,41,41,41,0,41,0,TRUE,0.901561446428803,0.0984385535711968,0.0984385535711953,TRUE,TRUE,TRUE,0.0984385535711968,0.103627078452134,0.0181331532988533,18,18,32,0,0,,,,,0,87,62,55,0,0,55,8.55999999999995,,
"constrained-tmlr-revision-2026-08-13","full",TRUE,16,"perturbed",94,0.1,0.05,"stochastic","precomputed_exact_table","iid",202911400,202911432,100,25000,"budget_exhausted","budget-exhausted",TRUE,442,442,41,10,73,63,73,32,FALSE,0.979773800501448,0.0202261994985516,0.0894737097076261,TRUE,TRUE,TRUE,0.0202261994985516,0.0204335497744379,0.0055054916294292,321,147,32,174,155,611,583989,611,2357,0,24127,600,442,23653,0,24095,147.07,,
"constrained-tmlr-revision-2026-08-13","full",TRUE,16,"perturbed",94,0.2,0.05,"exact","precomputed_exact_table","exact",202911400,202911441,,25000,"certified","bounds-met",TRUE,19,19,10,10,10,0,10,0,TRUE,0.802587039412385,0.197412960587615,0.197412960587613,TRUE,TRUE,TRUE,0.197412960587615,0.219914969532403,0.0346239823676431,6,6,32,0,0,,,,,0,51,38,19,0,0,19,1.84000000000003,,
"constrained-tmlr-revision-2026-08-13","full",TRUE,16,"perturbed",94,0.2,0.05,"stochastic","precomputed_exact_table","iid",202911400,202911442,100,25000,"budget_exhausted","budget-exhausted",TRUE,442,442,10,10,62,52,62,52,FALSE,0.95495715561001,0.0450428443899898,0.19786278620786,TRUE,TRUE,TRUE,0.0450428443899898,0.0460888027433833,0.0171270214312164,321,147,32,174,155,611,583989,611,2357,0,24127,598,442,23653,0,24095,124.6,,
"constrained-tmlr-revision-2026-08-13","full",TRUE,16,"perturbed",95,0.01,0.05,"exact","precomputed_exact_table","exact",202911500,202911511,,25000,"certified","bounds-met",TRUE,106,106,136,136,136,0,136,0,TRUE,0.990033876185873,0.00996612381412709,0.00996612381412917,TRUE,TRUE,TRUE,0.00996612381412709,0.0100161180693679,0.00286756475662128,35,35,32,0,0,,,,,0,138,96,106,0,0,106,35.06,,
"constrained-tmlr-revision-2026-08-13","full",TRUE,16,"perturbed",95,0.01,0.05,"stochastic","precomputed_exact_table","iid",202911500,202911512,100,25000,"budget_exhausted","budget-exhausted",TRUE,211,211,136,62,248,186,248,112,FALSE,0.997537098815075,0.0024629011849252,0.00995136992452336,TRUE,TRUE,TRUE,0.0024629011849252,0.00246593911515497,0.00104655668072908,109,70,32,39,20,128,5679,128,2454,0,24192,528,211,23949,0,24160,78.45,,
"constrained-tmlr-revision-2026-08-13","full",TRUE,16,"perturbed",95,0.05,0.05,"exact","precomputed_exact_table","exact",202911500,202911521,,25000,"certified","bounds-met",TRUE,61,61,62,62,62,0,62,0,TRUE,0.958425733533002,0.0415742664669982,0.0415742664670001,TRUE,TRUE,TRUE,0.0415742664669982,0.0424632014670199,0.0157978174937402,20,20,32,0,0,,,,,0,93,66,61,0,0,61,14.21,,
"constrained-tmlr-revision-2026-08-13","full",TRUE,16,"perturbed",95,0.05,0.05,"stochastic","precomputed_exact_table","iid",202911500,202911522,100,25000,"budget_exhausted","budget-exhausted",TRUE,211,211,62,10,105,95,105,43,FALSE,0.98623614110824,0.0137638588917602,0.0499893399716795,TRUE,TRUE,TRUE,0.0137638588917602,0.0138594590290335,0.00309651305858327,109,70,32,39,20,128,5679,128,2454,0,24192,523,211,23949,0,24160,79.08,,
"constrained-tmlr-revision-2026-08-13","full",TRUE,16,"perturbed",95,0.1,0.05,"exact","precomputed_exact_table","exact",202911500,202911531,,25000,"certified","bounds-met",TRUE,49,49,40,40,40,0,40,0,TRUE,0.910758505612692,0.0892414943873076,0.0892414943873092,TRUE,TRUE,TRUE,0.0892414943873076,0.0934775040070239,0.016215443986656,16,16,32,0,0,,,,,0,81,58,49,0,0,49,17,,
"constrained-tmlr-revision-2026-08-13","full",TRUE,16,"perturbed",95,0.1,0.05,"stochastic","precomputed_exact_table","iid",202911500,202911532,100,25000,"budget_exhausted","budget-exhausted",TRUE,211,211,40,10,73,63,73,33,FALSE,0.983051921679409,0.016948078320591,0.0617912928415004,TRUE,TRUE,TRUE,0.016948078320591,0.01709334061705,0.00481086598412024,109,70,32,39,20,128,5679,128,2454,0,24192,522,211,23949,0,24160,81.1,,
"constrained-tmlr-revision-2026-08-13","full",TRUE,16,"perturbed",95,0.2,0.05,"exact","precomputed_exact_table","exact",202911500,202911541,,25000,"certified","bounds-met",TRUE,19,19,10,10,10,0,10,0,TRUE,0.814641303679039,0.185358696320961,0.185358696320964,TRUE,TRUE,TRUE,0.185358696320961,0.205007380806938,0.0339335974081456,6,6,32,0,0,,,,,0,51,38,19,0,0,19,4.38,,
"constrained-tmlr-revision-2026-08-13","full",TRUE,16,"perturbed",95,0.2,0.05,"stochastic","precomputed_exact_table","iid",202911500,202911542,100,25000,"budget_exhausted","budget-exhausted",TRUE,211,211,10,10,62,52,62,52,FALSE,0.961357703568554,0.0386422964314456,0.176185079637112,TRUE,TRUE,TRUE,0.0386422964314456,0.0394087191139978,0.0144088470615571,109,70,32,39,20,128,5679,128,2454,0,24192,521,211,23949,0,24160,71.8099999999999,,
"constrained-tmlr-revision-2026-08-13","full",TRUE,16,"perturbed",96,0.01,0.05,"exact","precomputed_exact_table","exact",202911600,202911611,,25000,"certified","bounds-met",TRUE,109,109,136,136,136,0,136,0,TRUE,0.990489444626765,0.00951055537323453,0.00951055537323278,TRUE,TRUE,TRUE,0.00951055537323453,0.00955606951135292,0.00270825155881889,36,36,32,0,0,,,,,0,141,98,109,0,0,109,38.01,,
"constrained-tmlr-revision-2026-08-13","full",TRUE,16,"perturbed",96,0.01,0.05,"stochastic","precomputed_exact_table","iid",202911600,202911612,100,25000,"budget_exhausted","budget-exhausted",TRUE,454,454,136,62,226,164,226,90,FALSE,0.996983353167576,0.00301664683242409,0.00962318150383419,TRUE,TRUE,TRUE,0.00301664683242409,0.00302120608288756,0.00107480266224481,364,151,32,213,192,300,462751,300,2458,0,24969,696,454,24483,0,24937,320,,
"constrained-tmlr-revision-2026-08-13","full",TRUE,16,"perturbed",96,0.05,0.05,"exact","precomputed_exact_table","exact",202911600,202911621,,25000,"certified","bounds-met",TRUE,61,61,62,62,62,0,62,0,TRUE,0.962622712308038,0.0373772876919616,0.0373772876919605,TRUE,TRUE,TRUE,0.0373772876919616,0.0380937276397258,0.0127585072489881,20,20,32,0,0,,,,,0,93,66,61,0,0,61,9.34000000000003,,
"constrained-tmlr-revision-2026-08-13","full",TRUE,16,"perturbed",96,0.05,0.05,"stochastic","precomputed_exact_table","iid",202911600,202911622,100,25000,"budget_exhausted","budget-exhausted",TRUE,454,454,62,20,83,63,83,21,FALSE,0.984559348919342,0.0154406510806584,0.0471376411306809,TRUE,TRUE,TRUE,0.0154406510806584,0.0155610994092658,0.00438955892474482,364,151,32,213,192,300,462751,300,2458,0,24969,692,454,24483,0,24937,190.6,,
"constrained-tmlr-revision-2026-08-13","full",TRUE,16,"perturbed",96,0.1,0.05,"exact","precomputed_exact_table","exact",202911600,202911631,,25000,"certified","bounds-met",TRUE,49,49,40,40,40,0,40,0,TRUE,0.910512127144142,0.0894878728558577,0.0894878728558571,TRUE,TRUE,TRUE,0.0894878728558577,0.0937480606893992,0.0199275238550106,16,16,32,0,0,,,,,0,81,58,49,0,0,49,5.70000000000005,,
"constrained-tmlr-revision-2026-08-13","full",TRUE,16,"perturbed",96,0.1,0.05,"stochastic","precomputed_exact_table","iid",202911600,202911632,100,25000,"budget_exhausted","budget-exhausted",TRUE,454,454,40,10,73,63,73,33,FALSE,0.983098571927341,0.0169014280726592,0.0514889069494121,TRUE,TRUE,TRUE,0.0169014280726592,0.017045887232284,0.00581436607715435,364,151,32,213,192,300,462751,300,2458,0,24969,674,454,24483,0,24937,143.11,,
"constrained-tmlr-revision-2026-08-13","full",TRUE,16,"perturbed",96,0.2,0.05,"exact","precomputed_exact_table","exact",202911600,202911641,,25000,"certified","bounds-met",TRUE,19,19,10,10,10,0,10,0,TRUE,0.814284333169799,0.185715666830201,0.185715666830199,TRUE,TRUE,TRUE,0.185715666830201,0.205445670323511,0.043722138777431,6,6,32,0,0,,,,,0,51,38,19,0,0,19,1.72000000000003,,
"constrained-tmlr-revision-2026-08-13","full",TRUE,16,"perturbed",96,0.2,0.05,"stochastic","precomputed_exact_table","iid",202911600,202911642,100,25000,"budget_exhausted","budget-exhausted",TRUE,454,454,10,10,51,41,51,41,FALSE,0.941529234955434,0.0584707650445656,0.16949956631045,TRUE,TRUE,TRUE,0.0584707650445656,0.0602498799008092,0.0137136066220605,364,151,32,213,192,300,462751,300,2458,0,24969,689,454,24483,0,24937,127.69,,
"constrained-tmlr-revision-2026-08-13","full",TRUE,16,"perturbed",97,0.01,0.05,"exact","precomputed_exact_table","exact",202911700,202911711,,25000,"certified","bounds-met",TRUE,196,196,325,325,325,0,325,0,TRUE,0.990159357669999,0.00984064233000082,0.00984064233000252,TRUE,TRUE,TRUE,0.00984064233000082,0.00988938146392067,0.00326520023326737,65,65,32,0,0,,,,,0,228,156,196,0,0,196,72.8,,
"constrained-tmlr-revision-2026-08-13","full",TRUE,16,"perturbed",97,0.01,0.05,"stochastic","precomputed_exact_table","iid",202911700,202911712,100,25000,"budget_exhausted","budget-exhausted",TRUE,619,619,325,129,555,426,555,230,FALSE,0.997929637335728,0.00207036266427185,0.00997703453369876,TRUE,TRUE,TRUE,0.00207036266427185,0.00207250882778884,0.000947020243128149,491,206,32,285,273,1023,148256,1023,2422,0,24201,598,619,23550,0,24169,643.96,,
"constrained-tmlr-revision-2026-08-13","full",TRUE,16,"perturbed",97,0.05,0.05,"exact","precomputed_exact_table","exact",202911700,202911721,,25000,"certified","bounds-met",TRUE,109,109,141,141,141,0,141,0,TRUE,0.957533876101961,0.0424661238980394,0.0424661238980411,TRUE,TRUE,TRUE,0.0424661238980394,0.0433941788122332,0.0166769440371706,36,36,32,0,0,,,,,0,141,98,109,0,0,109,31.6099999999999,,
"constrained-tmlr-revision-2026-08-13","full",TRUE,16,"perturbed",97,0.05,0.05,"stochastic","precomputed_exact_table","iid",202911700,202911722,100,25000,"budget_exhausted","budget-exhausted",TRUE,619,619,141,43,314,271,314,173,FALSE,0.989144097023448,0.0108559029765519,0.0487380819806986,TRUE,TRUE,TRUE,0.0108559029765519,0.0109152582522261,0.00357008037093703,491,206,32,285,273,1023,148256,1023,2422,0,24201,592,619,23550,0,24169,600.4,,
"constrained-tmlr-revision-2026-08-13","full",TRUE,16,"perturbed",97,0.1,0.05,"exact","precomputed_exact_table","exact",202911700,202911731,,25000,"certified","bounds-met",TRUE,100,100,96,96,96,0,96,0,TRUE,0.900091436987942,0.0999085630120583,0.0999085630120602,TRUE,TRUE,TRUE,0.0999085630120583,0.105258924165148,0.0229049905156544,33,33,32,0,0,,,,,0,132,92,100,0,0,100,24.5899999999999,,
"constrained-tmlr-revision-2026-08-13","full",TRUE,16,"perturbed",97,0.1,0.05,"stochastic","precomputed_exact_table","iid",202911700,202911732,100,25000,"budget_exhausted","budget-exhausted",TRUE,619,619,96,21,224,203,224,128,FALSE,0.97798803737223,0.0220119626277697,0.0989648976406907,TRUE,TRUE,TRUE,0.0220119626277697,0.0222578407478638,0.006528022963186,491,206,32,285,273,1023,148256,1023,2422,0,24201,603,619,23550,0,24169,616.3,,
"constrained-tmlr-revision-2026-08-13","full",TRUE,16,"perturbed",97,0.2,0.05,"exact","precomputed_exact_table","exact",202911700,202911741,,25000,"certified","bounds-met",TRUE,55,55,44,44,44,0,44,0,TRUE,0.816936084290826,0.183063915709174,0.183063915709176,TRUE,TRUE,TRUE,0.183063915709174,0.202194419384603,0.0372926212743733,18,18,32,0,0,,,,,0,87,62,55,0,0,55,18.5300000000002,,
"constrained-tmlr-revision-2026-08-13","full",TRUE,16,"perturbed",97,0.2,0.05,"stochastic","precomputed_exact_table","iid",202911700,202911742,100,25000,"budget_exhausted","budget-exhausted",TRUE,619,619,44,11,141,130,141,97,FALSE,0.957533876101961,0.0424661238980394,0.192341617239756,TRUE,TRUE,TRUE,0.0424661238980394,0.0433941788122332,0.0166769440371706,491,206,32,285,273,1023,148256,1023,2422,0,24201,602,619,23550,0,24169,586.33,,
"constrained-tmlr-revision-2026-08-13","full",TRUE,16,"perturbed",98,0.01,0.05,"exact","precomputed_exact_table","exact",202911800,202911811,,25000,"certified","bounds-met",TRUE,100,100,170,170,170,0,170,0,TRUE,0.990345976728369,0.00965402327163145,0.00965402327162792,TRUE,TRUE,TRUE,0.00965402327163145,0.0097009254616263,0.00279965697773292,33,33,32,0,0,,,,,0,132,92,100,0,0,100,36.47,,
"constrained-tmlr-revision-2026-08-13","full",TRUE,16,"perturbed",98,0.01,0.05,"stochastic","precomputed_exact_table","iid",202911800,202911812,100,25000,"budget_exhausted","budget-exhausted",TRUE,445,445,170,10,447,437,447,277,FALSE,0.999089221235432,0.000910778764567799,0.00979107443023685,TRUE,TRUE,TRUE,0.000910778764567799,0.000911193775554724,0.000522501690269683,363,148,32,215,203,1214,11150397,1214,2366,0,23721,475,445,23244,0,23689,373.25,,
"constrained-tmlr-revision-2026-08-13","full",TRUE,16,"perturbed",98,0.05,0.05,"exact","precomputed_exact_table","exact",202911800,202911821,,25000,"certified","bounds-met",TRUE,55,55,62,62,62,0,62,0,TRUE,0.956381951125077,0.043618048874923,0.0436180488749196,TRUE,TRUE,TRUE,0.043618048874923,0.0445979152562186,0.0127698572847252,18,18,32,0,0,,,,,0,87,62,55,0,0,55,13.67,,
"constrained-tmlr-revision-2026-08-13","full",TRUE,16,"perturbed",98,0.05,0.05,"stochastic","precomputed_exact_table","iid",202911800,202911822,100,25000,"budget_exhausted","budget-exhausted",TRUE,445,445,62,10,249,239,249,187,FALSE,0.997102904027024,0.00289709597297616,0.0477176715188038,TRUE,TRUE,TRUE,0.00289709597297616,0.00290130067843495,0.00113767147910759,363,148,32,215,203,1214,11150397,1214,2366,0,23721,477,445,23244,0,23689,353.4,,
"constrained-tmlr-revision-2026-08-13","full",TRUE,16,"perturbed",98,0.1,0.05,"exact","precomputed_exact_table","exact",202911800,202911831,,25000,"certified","bounds-met",TRUE,58,58,51,51,51,0,51,0,TRUE,0.916846858476588,0.083153141523412,0.0831531415234082,TRUE,TRUE,TRUE,0.083153141523412,0.086814823423997,0.0297693061769447,19,19,32,0,0,,,,,0,90,64,58,0,0,58,12.72,,
"constrained-tmlr-revision-2026-08-13","full",TRUE,16,"perturbed",98,0.1,0.05,"stochastic","precomputed_exact_table","iid",202911800,202911832,100,25000,"budget_exhausted","budget-exhausted",TRUE,445,445,51,10,206,196,206,155,FALSE,0.991675180386236,0.00832481961376408,0.0940885810431098,TRUE,TRUE,TRUE,0.00832481961376408,0.00835966444393859,0.00457793002373053,363,148,32,215,203,1214,11150397,1214,2366,0,23721,477,445,23244,0,23689,364.72,,
"constrained-tmlr-revision-2026-08-13","full",TRUE,16,"perturbed",98,0.2,0.05,"exact","precomputed_exact_table","exact",202911800,202911841,,25000,"certified","bounds-met",TRUE,46,46,20,20,20,0,20,0,TRUE,0.817484566751797,0.182515433248203,0.1825154332482,TRUE,TRUE,TRUE,0.182515433248203,0.201523254980005,0.0319612252749872,15,15,32,0,0,,,,,0,78,56,46,0,0,46,9.1400000000001,,
"constrained-tmlr-revision-2026-08-13","full",TRUE,16,"perturbed",98,0.2,0.05,"stochastic","precomputed_exact_table","iid",202911800,202911842,100,25000,"budget_exhausted","budget-exhausted",TRUE,445,445,20,10,150,140,150,130,FALSE,0.986456536059131,0.0135434639408692,0.190809840532777,TRUE,TRUE,TRUE,0.0135434639408692,0.0136360132238567,0.00564401531214337,363,148,32,215,203,1214,11150397,1214,2366,0,23721,471,445,23244,0,23689,356.36,,
"constrained-tmlr-revision-2026-08-13","full",TRUE,16,"perturbed",99,0.01,0.05,"exact","precomputed_exact_table","exact",202911900,202911911,,25000,"certified","bounds-met",TRUE,112,112,147,147,147,0,147,0,TRUE,0.990609012520256,0.00939098747974398,0.00939098747974169,TRUE,TRUE,TRUE,0.00939098747974398,0.00943536082753726,0.00249485230900677,37,37,32,0,0,,,,,0,144,100,112,0,0,112,39.42,,
"constrained-tmlr-revision-2026-08-13","full",TRUE,16,"perturbed",99,0.01,0.05,"stochastic","precomputed_exact_table","iid",202911900,202911912,100,25000,"budget_exhausted","budget-exhausted",TRUE,199,199,147,72,227,155,227,80,FALSE,0.995383918380381,0.00461608161961935,0.00888237534385259,TRUE,TRUE,TRUE,0.00461608161961935,0.00462676862512102,0.00264390004087824,104,66,32,38,11,17,11725,100,2028,0,24883,729,199,24652,0,24851,75.15,,
"constrained-tmlr-revision-2026-08-13","full",TRUE,16,"perturbed",99,0.05,0.05,"exact","precomputed_exact_table","exact",202911900,202911921,,25000,"certified","bounds-met",TRUE,61,61,62,62,62,0,62,0,TRUE,0.95567504423701,0.0443249557629901,0.0443249557629878,TRUE,TRUE,TRUE,0.0443249557629901,0.0453373355998483,0.015722263152408,20,20,32,0,0,,,,,0,93,66,61,0,0,61,15.97,,
"constrained-tmlr-revision-2026-08-13","full",TRUE,16,"perturbed",99,0.05,0.05,"stochastic","precomputed_exact_table","iid",202911900,202911922,100,25000,"budget_exhausted","budget-exhausted",TRUE,199,199,62,20,73,53,73,11,FALSE,0.979880349592748,0.0201196504072519,0.0442362774746797,TRUE,TRUE,TRUE,0.0201196504072519,0.0203248070236831,0.0071994068469696,104,66,32,38,11,17,11725,100,2028,0,24883,732,199,24652,0,24851,81.27,,
"constrained-tmlr-revision-2026-08-13","full",TRUE,16,"perturbed",99,0.1,0.05,"exact","precomputed_exact_table","exact",202911900,202911931,,25000,"certified","bounds-met",TRUE,55,55,40,40,40,0,40,0,TRUE,0.903719291615159,0.0962807083848413,0.0962807083848387,TRUE,TRUE,TRUE,0.0962807083848413,0.10123648493552,0.0186385468628781,18,18,32,0,0,,,,,0,87,62,55,0,0,55,20.98,,
"constrained-tmlr-revision-2026-08-13","full",TRUE,16,"perturbed",99,0.1,0.05,"stochastic","precomputed_exact_table","iid",202911900,202911932,100,25000,"budget_exhausted","budget-exhausted",TRUE,199,199,40,10,63,53,63,23,FALSE,0.95356946856967,0.0464305314303305,0.0875421292979845,TRUE,TRUE,TRUE,0.0464305314303305,0.0475430002036688,0.0296261958441227,104,66,32,38,11,17,11725,100,2028,0,24883,722,199,24652,0,24851,120.44,,
"constrained-tmlr-revision-2026-08-13","full",TRUE,16,"perturbed",99,0.2,0.05,"exact","precomputed_exact_table","exact",202911900,202911941,,25000,"certified","bounds-met",TRUE,43,43,20,20,20,0,20,0,TRUE,0.844821496796804,0.155178503203196,0.155178503203194,TRUE,TRUE,TRUE,0.155178503203196,0.16862992033494,0.0380402460943625,14,14,32,0,0,,,,,0,75,54,43,0,0,43,11.98,,
"constrained-tmlr-revision-2026-08-13","full",TRUE,16,"perturbed",99,0.2,0.05,"stochastic","precomputed_exact_table","iid",202911900,202911942,100,25000,"budget_exhausted","budget-exhausted",TRUE,199,199,20,10,52,42,52,32,FALSE,0.931222748303812,0.0687772516961875,0.165578096204631,TRUE,TRUE,TRUE,0.0687772516961875,0.0712567732829302,0.0295554655916324,104,66,32,38,11,17,11725,100,2028,0,24883,732,199,24652,0,24851,115.44,,
"constrained-tmlr-revision-2026-08-13","full",TRUE,16,"perturbed",100,0.01,0.05,"exact","precomputed_exact_table","exact",202912000,202912011,,25000,"certified","bounds-met",TRUE,109,109,162,162,162,0,162,0,TRUE,0.990302972119802,0.00969702788019755,0.00969702788019982,TRUE,TRUE,TRUE,0.00969702788019755,0.00974435022763329,0.0030037644187081,36,36,32,0,0,,,,,0,141,98,109,0,0,109,41.18,,
"constrained-tmlr-revision-2026-08-13","full",TRUE,16,"perturbed",100,0.01,0.05,"stochastic","precomputed_exact_table","iid",202912000,202912012,100,25000,"budget_exhausted","budget-exhausted",TRUE,196,196,162,106,295,189,295,133,FALSE,0.997212244250964,0.00278775574903556,0.00997580418998139,TRUE,TRUE,TRUE,0.00278775574903556,0.0027916487769844,0.00130263707705992,101,65,32,36,15,178,23691,178,2207,0,24635,582,196,24407,0,24603,86.03,,
"constrained-tmlr-revision-2026-08-13","full",TRUE,16,"perturbed",100,0.05,0.05,"exact","precomputed_exact_table","exact",202912000,202912021,,25000,"certified","bounds-met",TRUE,64,64,73,73,73,0,73,0,TRUE,0.960512814320816,0.0394871856791836,0.0394871856791857,TRUE,TRUE,TRUE,0.0394871856791836,0.0402879555602646,0.0163605254569907,21,21,32,0,0,,,,,0,96,68,64,0,0,64,16.7,,
"constrained-tmlr-revision-2026-08-13","full",TRUE,16,"perturbed",100,0.05,0.05,"stochastic","precomputed_exact_table","iid",202912000,202912022,100,25000,"budget_exhausted","budget-exhausted",TRUE,196,196,73,41,119,78,119,46,FALSE,0.980606523540901,0.0193934764590991,0.045062946432901,TRUE,TRUE,TRUE,0.0193934764590991,0.0195839971857652,0.0057156938413602,101,65,32,36,15,178,23691,178,2207,0,24635,586,196,24407,0,24603,84.81,,
"constrained-tmlr-revision-2026-08-13","full",TRUE,16,"perturbed",100,0.1,0.05,"exact","precomputed_exact_table","exact",202912000,202912031,,25000,"certified","bounds-met",TRUE,61,61,51,51,51,0,51,0,TRUE,0.918209945933123,0.0817900540668772,0.0817900540668791,TRUE,TRUE,TRUE,0.0817900540668772,0.0853292152357847,0.0177334015736058,20,20,32,0,0,,,,,0,93,66,61,0,0,61,21.75,,
"constrained-tmlr-revision-2026-08-13","full",TRUE,16,"perturbed",100,0.1,0.05,"stochastic","precomputed_exact_table","iid",202912000,202912032,100,25000,"budget_exhausted","budget-exhausted",TRUE,196,196,51,21,84,63,84,33,FALSE,0.966086801373266,0.0339131986267339,0.0988691812702864,TRUE,TRUE,TRUE,0.0339131986267339,0.0345015923124077,0.0133390924921149,101,65,32,36,15,178,23691,178,2207,0,24635,583,196,24407,0,24603,114.85,,
"constrained-tmlr-revision-2026-08-13","full",TRUE,16,"perturbed",100,0.2,0.05,"exact","precomputed_exact_table","exact",202912000,202912041,,25000,"certified","bounds-met",TRUE,25,25,21,21,21,0,21,0,TRUE,0.850150512581474,0.149849487418526,0.149849487418529,TRUE,TRUE,TRUE,0.149849487418526,0.162341871548195,0.0347216278796046,8,8,32,0,0,,,,,0,57,42,25,0,0,25,7.92000000000002,,
"constrained-tmlr-revision-2026-08-13","full",TRUE,16,"perturbed",100,0.2,0.05,"stochastic","precomputed_exact_table","iid",202912000,202912042,100,25000,"budget_exhausted","budget-exhausted",TRUE,196,196,21,10,52,42,52,31,FALSE,0.920749222624169,0.0792507773758305,0.177449997409229,TRUE,TRUE,TRUE,0.0792507773758305,0.0825675679427714,0.0178667634544614,101,65,32,36,15,178,23691,178,2207,0,24635,596,196,24407,0,24603,114.22,,
