"protocol_id","run_mode","registered_production","p","regime","replication","epsilon","delta","interval_mode","score_oracle","evidence_method","data_seed","algorithm_seed","n_paths","score_budget","raw_status","status","simultaneous_interval_coverage","covered_nodes","bounded_nodes","exact_optimal_cost","certified_cost_lower","certified_cost_upper","certified_cost_gap","selected_cost","true_cost_suboptimality","exact_cost_optimal","retained_mass","true_omitted_mass","omitted_mass_bound","omitted_mass_covered","epsilon_feasible","cost_sandwich_covered","total_variation","reverse_kullback_leibler","maximum_pip_error","search_actions","search_expansions","screening_score_requests","preflight_nodes","preflight_blocked_nodes","minimum_required_paths","maximum_required_paths","minimum_scheduled_paths","maximum_scheduled_paths","budget_overshoot","raw_score_requests","distinct_score_evaluations","bound_score_requests","evidence_score_requests","downstream_score_requests","selection_score_requests","elapsed_seconds","peak_memory_bytes","error_message"
"constrained-tmlr-revision-2026-08-13","full",TRUE,16,"aligned",1,0.01,0.05,"exact","precomputed_exact_table","exact",202892100,202892111,,25000,"certified","bounds-met",TRUE,124,124,154,154,154,0,154,0,TRUE,0.990368882927333,0.00963111707266684,0.0096311170726693,TRUE,TRUE,TRUE,0.00963111707266684,0.00967779623749395,0.00265225415572247,41,41,32,0,0,,,,,0,156,107,124,0,0,124,35.08,,
"constrained-tmlr-revision-2026-08-13","full",TRUE,16,"aligned",1,0.01,0.05,"stochastic","precomputed_exact_table","iid",202892100,202892112,100,25000,"certified","bounds-met",TRUE,124,124,154,154,154,0,154,0,TRUE,0.990368882927333,0.00963111707266684,0.00963111707266985,TRUE,TRUE,TRUE,0.00963111707266684,0.00967779623749395,0.00265225415572247,41,41,32,0,0,,,,,0,156,107,124,0,0,124,40.28,,
"constrained-tmlr-revision-2026-08-13","full",TRUE,16,"aligned",1,0.05,0.05,"exact","precomputed_exact_table","exact",202892100,202892121,,25000,"certified","bounds-met",TRUE,61,61,62,62,62,0,62,0,TRUE,0.961786985656348,0.0382130143436517,0.0382130143436543,TRUE,TRUE,TRUE,0.0382130143436517,0.0389622814670241,0.0136821641984083,20,20,32,0,0,,,,,0,93,66,61,0,0,61,17.43,,
"constrained-tmlr-revision-2026-08-13","full",TRUE,16,"aligned",1,0.05,0.05,"stochastic","precomputed_exact_table","iid",202892100,202892122,100,25000,"certified","bounds-met",TRUE,61,61,62,62,62,0,62,0,TRUE,0.961786985656348,0.0382130143436517,0.038213014343656,TRUE,TRUE,TRUE,0.0382130143436517,0.0389622814670241,0.0136821641984083,20,20,32,0,0,,,,,0,93,66,61,0,0,61,18.84,,
"constrained-tmlr-revision-2026-08-13","full",TRUE,16,"aligned",1,0.1,0.05,"exact","precomputed_exact_table","exact",202892100,202892131,,25000,"certified","bounds-met",TRUE,55,55,40,40,40,0,40,0,TRUE,0.910378769715664,0.0896212302843356,0.0896212302843385,TRUE,TRUE,TRUE,0.0896212302843356,0.0938945356143343,0.0197342904687304,18,18,32,0,0,,,,,0,87,62,55,0,0,55,17.45,,
"constrained-tmlr-revision-2026-08-13","full",TRUE,16,"aligned",1,0.1,0.05,"stochastic","precomputed_exact_table","iid",202892100,202892132,100,25000,"certified","bounds-met",TRUE,55,55,40,40,40,0,40,0,TRUE,0.910378769715664,0.0896212302843356,0.0896212302843423,TRUE,TRUE,TRUE,0.0896212302843356,0.0938945356143343,0.0197342904687304,18,18,32,0,0,,,,,0,87,62,55,0,0,55,15.92,,
"constrained-tmlr-revision-2026-08-13","full",TRUE,16,"aligned",1,0.2,0.05,"exact","precomputed_exact_table","exact",202892100,202892141,,25000,"certified","bounds-met",TRUE,19,19,10,10,10,0,10,0,TRUE,0.827222467593432,0.172777532406568,0.172777532406572,TRUE,TRUE,TRUE,0.172777532406568,0.189681614579621,0.033741227172524,6,6,32,0,0,,,,,0,51,38,19,0,0,19,4.85999999999996,,
"constrained-tmlr-revision-2026-08-13","full",TRUE,16,"aligned",1,0.2,0.05,"stochastic","precomputed_exact_table","iid",202892100,202892142,100,25000,"certified","bounds-met",TRUE,19,19,10,10,10,0,10,0,TRUE,0.827222467593432,0.172777532406568,0.172777532406579,TRUE,TRUE,TRUE,0.172777532406568,0.189681614579621,0.033741227172524,6,6,32,0,0,,,,,0,51,38,19,0,0,19,4.13,,
"constrained-tmlr-revision-2026-08-13","full",TRUE,16,"aligned",2,0.01,0.05,"exact","precomputed_exact_table","exact",202892200,202892211,,25000,"certified","bounds-met",TRUE,118,118,169,169,169,0,169,0,TRUE,0.990234115053184,0.00976588494681629,0.00976588494681329,TRUE,TRUE,TRUE,0.00976588494681629,0.00981388395875344,0.00267733288860438,39,39,32,0,0,,,,,0,150,104,118,0,0,118,34.25,,
"constrained-tmlr-revision-2026-08-13","full",TRUE,16,"aligned",2,0.01,0.05,"stochastic","precomputed_exact_table","iid",202892200,202892212,100,25000,"certified","bounds-met",TRUE,118,118,169,169,169,0,169,0,TRUE,0.990234115053184,0.00976588494681629,0.00976588494681392,TRUE,TRUE,TRUE,0.00976588494681629,0.00981388395875344,0.00267733288860438,39,39,32,0,0,,,,,0,150,104,118,0,0,118,37.94,,
"constrained-tmlr-revision-2026-08-13","full",TRUE,16,"aligned",2,0.05,0.05,"exact","precomputed_exact_table","exact",202892200,202892221,,25000,"certified","bounds-met",TRUE,85,85,82,82,82,0,82,0,TRUE,0.950836257117153,0.0491637428828472,0.049163742882844,TRUE,TRUE,TRUE,0.0491637428828472,0.0504134109489073,0.0135438188051988,28,28,32,0,0,,,,,0,117,82,85,0,0,85,21.75,,
"constrained-tmlr-revision-2026-08-13","full",TRUE,16,"aligned",2,0.05,0.05,"stochastic","precomputed_exact_table","iid",202892200,202892222,100,25000,"certified","bounds-met",TRUE,85,85,82,82,82,0,82,0,TRUE,0.950836257117153,0.0491637428828472,0.0491637428828475,TRUE,TRUE,TRUE,0.0491637428828472,0.0504134109489073,0.0135438188051988,28,28,32,0,0,,,,,0,117,82,85,0,0,85,24.09,,
"constrained-tmlr-revision-2026-08-13","full",TRUE,16,"aligned",2,0.1,0.05,"exact","precomputed_exact_table","exact",202892200,202892231,,25000,"certified","bounds-met",TRUE,58,58,51,51,51,0,51,0,TRUE,0.90814580398165,0.0918541960183503,0.0918541960183478,TRUE,TRUE,TRUE,0.0918541960183503,0.0963503361996604,0.0210255772755245,19,19,32,0,0,,,,,0,90,64,58,0,0,58,14.45,,
"constrained-tmlr-revision-2026-08-13","full",TRUE,16,"aligned",2,0.1,0.05,"stochastic","precomputed_exact_table","iid",202892200,202892232,100,25000,"certified","bounds-met",TRUE,58,58,51,51,51,0,51,0,TRUE,0.90814580398165,0.0918541960183503,0.0918541960183543,TRUE,TRUE,TRUE,0.0918541960183503,0.0963503361996604,0.0210255772755245,19,19,32,0,0,,,,,0,90,64,58,0,0,58,13.88,,
"constrained-tmlr-revision-2026-08-13","full",TRUE,16,"aligned",2,0.2,0.05,"exact","precomputed_exact_table","exact",202892200,202892241,,25000,"certified","bounds-met",TRUE,34,34,20,20,20,0,20,0,TRUE,0.821018372398182,0.178981627601818,0.178981627601816,TRUE,TRUE,TRUE,0.178981627601818,0.197209791706791,0.0601220130689863,11,11,32,0,0,,,,,0,66,48,34,0,0,34,7.89999999999998,,
"constrained-tmlr-revision-2026-08-13","full",TRUE,16,"aligned",2,0.2,0.05,"stochastic","precomputed_exact_table","iid",202892200,202892242,100,25000,"certified","bounds-met",TRUE,34,34,20,20,20,0,20,0,TRUE,0.821018372398182,0.178981627601818,0.178981627601827,TRUE,TRUE,TRUE,0.178981627601818,0.197209791706791,0.0601220130689863,11,11,32,0,0,,,,,0,66,48,34,0,0,34,6.56,,
"constrained-tmlr-revision-2026-08-13","full",TRUE,16,"aligned",3,0.01,0.05,"exact","precomputed_exact_table","exact",202892300,202892311,,25000,"certified","bounds-met",TRUE,115,115,125,125,125,0,125,0,TRUE,0.990482426245981,0.00951757375401918,0.00951757375402271,TRUE,TRUE,TRUE,0.00951757375401918,0.00956315530685348,0.00263847560251091,38,38,32,0,0,,,,,0,147,102,115,0,0,115,33.58,,
"constrained-tmlr-revision-2026-08-13","full",TRUE,16,"aligned",3,0.01,0.05,"stochastic","precomputed_exact_table","iid",202892300,202892312,100,25000,"certified","bounds-met",TRUE,115,115,125,125,125,0,125,0,TRUE,0.990482426245981,0.00951757375401918,0.00951757375402312,TRUE,TRUE,TRUE,0.00951757375401918,0.00956315530685348,0.00263847560251091,38,38,32,0,0,,,,,0,147,102,115,0,0,115,39.15,,
"constrained-tmlr-revision-2026-08-13","full",TRUE,16,"aligned",3,0.05,0.05,"exact","precomputed_exact_table","exact",202892300,202892321,,25000,"certified","bounds-met",TRUE,61,61,62,62,62,0,62,0,TRUE,0.964756588535142,0.035243411464858,0.0352434114648613,TRUE,TRUE,TRUE,0.035243411464858,0.0358794493209317,0.0132578654820895,20,20,32,0,0,,,,,0,93,66,61,0,0,61,18.32,,
"constrained-tmlr-revision-2026-08-13","full",TRUE,16,"aligned",3,0.05,0.05,"stochastic","precomputed_exact_table","iid",202892300,202892322,100,25000,"certified","bounds-met",TRUE,61,61,62,62,62,0,62,0,TRUE,0.964756588535142,0.035243411464858,0.0352434114648633,TRUE,TRUE,TRUE,0.035243411464858,0.0358794493209317,0.0132578654820895,20,20,32,0,0,,,,,0,93,66,61,0,0,61,17.91,,
"constrained-tmlr-revision-2026-08-13","full",TRUE,16,"aligned",3,0.1,0.05,"exact","precomputed_exact_table","exact",202892300,202892331,,25000,"certified","bounds-met",TRUE,49,49,40,40,40,0,40,0,TRUE,0.918836999345561,0.0811630006544395,0.0811630006544428,TRUE,TRUE,TRUE,0.0811630006544395,0.0846465397729694,0.0173842094498185,16,16,32,0,0,,,,,0,81,58,49,0,0,49,12.75,,
"constrained-tmlr-revision-2026-08-13","full",TRUE,16,"aligned",3,0.1,0.05,"stochastic","precomputed_exact_table","iid",202892300,202892332,100,25000,"certified","bounds-met",TRUE,49,49,40,40,40,0,40,0,TRUE,0.918836999345561,0.0811630006544395,0.0811630006544486,TRUE,TRUE,TRUE,0.0811630006544395,0.0846465397729694,0.0173842094498185,16,16,32,0,0,,,,,0,81,58,49,0,0,49,14.29,,
"constrained-tmlr-revision-2026-08-13","full",TRUE,16,"aligned",3,0.2,0.05,"exact","precomputed_exact_table","exact",202892300,202892341,,25000,"certified","bounds-met",TRUE,19,19,10,10,10,0,10,0,TRUE,0.833281192918237,0.166718807081763,0.166718807081765,TRUE,TRUE,TRUE,0.166718807081763,0.18238412724956,0.0339076959223139,6,6,32,0,0,,,,,0,51,38,19,0,0,19,4.82999999999998,,
"constrained-tmlr-revision-2026-08-13","full",TRUE,16,"aligned",3,0.2,0.05,"stochastic","precomputed_exact_table","iid",202892300,202892342,100,25000,"certified","bounds-met",TRUE,19,19,10,10,10,0,10,0,TRUE,0.833281192918237,0.166718807081763,0.166718807081775,TRUE,TRUE,TRUE,0.166718807081763,0.18238412724956,0.0339076959223139,6,6,32,0,0,,,,,0,51,38,19,0,0,19,3.76999999999998,,
"constrained-tmlr-revision-2026-08-13","full",TRUE,16,"aligned",4,0.01,0.05,"exact","precomputed_exact_table","exact",202892400,202892411,,25000,"certified","bounds-met",TRUE,148,148,193,193,193,0,193,0,TRUE,0.990553173200352,0.00944682679964792,0.00944682679964092,TRUE,TRUE,TRUE,0.00944682679964792,0.00949173109375896,0.00464970809381226,49,49,32,0,0,,,,,0,180,124,148,0,0,148,45.54,,
"constrained-tmlr-revision-2026-08-13","full",TRUE,16,"aligned",4,0.01,0.05,"stochastic","precomputed_exact_table","iid",202892400,202892412,100,25000,"certified","bounds-met",TRUE,148,148,193,193,193,0,193,0,TRUE,0.990553173200352,0.00944682679964792,0.00944682679964146,TRUE,TRUE,TRUE,0.00944682679964792,0.00949173109375896,0.00464970809381226,49,49,32,0,0,,,,,0,180,124,148,0,0,148,45.58,,
"constrained-tmlr-revision-2026-08-13","full",TRUE,16,"aligned",4,0.05,0.05,"exact","precomputed_exact_table","exact",202892400,202892421,,25000,"certified","bounds-met",TRUE,73,73,73,73,73,0,73,0,TRUE,0.96074976868725,0.0392502313127501,0.0392502313127428,TRUE,TRUE,TRUE,0.0392502313127501,0.0400412902998982,0.0175562202571541,24,24,32,0,0,,,,,0,105,74,73,0,0,73,21.39,,
"constrained-tmlr-revision-2026-08-13","full",TRUE,16,"aligned",4,0.05,0.05,"stochastic","precomputed_exact_table","iid",202892400,202892422,100,25000,"certified","bounds-met",TRUE,73,73,73,73,73,0,73,0,TRUE,0.96074976868725,0.0392502313127501,0.0392502313127456,TRUE,TRUE,TRUE,0.0392502313127501,0.0400412902998982,0.0175562202571541,24,24,32,0,0,,,,,0,105,74,73,0,0,73,18.53,,
"constrained-tmlr-revision-2026-08-13","full",TRUE,16,"aligned",4,0.1,0.05,"exact","precomputed_exact_table","exact",202892400,202892431,,25000,"certified","bounds-met",TRUE,58,58,51,51,51,0,51,0,TRUE,0.919463571344953,0.0805364286550472,0.0805364286550403,TRUE,TRUE,TRUE,0.0805364286550472,0.0839648536182176,0.0286404863962443,19,19,32,0,0,,,,,0,90,64,58,0,0,58,14.16,,
"constrained-tmlr-revision-2026-08-13","full",TRUE,16,"aligned",4,0.1,0.05,"stochastic","precomputed_exact_table","iid",202892400,202892432,100,25000,"certified","bounds-met",TRUE,58,58,51,51,51,0,51,0,TRUE,0.919463571344953,0.0805364286550472,0.080536428655046,TRUE,TRUE,TRUE,0.0805364286550472,0.0839648536182176,0.0286404863962443,19,19,32,0,0,,,,,0,90,64,58,0,0,58,15.17,,
"constrained-tmlr-revision-2026-08-13","full",TRUE,16,"aligned",4,0.2,0.05,"exact","precomputed_exact_table","exact",202892400,202892441,,25000,"certified","bounds-met",TRUE,25,25,21,21,21,0,21,0,TRUE,0.833034395489859,0.166965604510141,0.166965604510135,TRUE,TRUE,TRUE,0.166965604510141,0.182680346563476,0.0360514261827872,8,8,32,0,0,,,,,0,57,42,25,0,0,25,3.94,,
"constrained-tmlr-revision-2026-08-13","full",TRUE,16,"aligned",4,0.2,0.05,"stochastic","precomputed_exact_table","iid",202892400,202892442,100,25000,"certified","bounds-met",TRUE,25,25,21,21,21,0,21,0,TRUE,0.833034395489859,0.166965604510141,0.166965604510144,TRUE,TRUE,TRUE,0.166965604510141,0.182680346563476,0.0360514261827872,8,8,32,0,0,,,,,0,57,42,25,0,0,25,4.24000000000001,,
"constrained-tmlr-revision-2026-08-13","full",TRUE,16,"aligned",5,0.01,0.05,"exact","precomputed_exact_table","exact",202892500,202892511,,25000,"certified","bounds-met",TRUE,118,118,147,147,147,0,147,0,TRUE,0.990131856667563,0.00986814333243691,0.00986814333243665,TRUE,TRUE,TRUE,0.00986814333243691,0.00991715616921527,0.00251867410493053,39,39,32,0,0,,,,,0,150,104,118,0,0,118,35.86,,
"constrained-tmlr-revision-2026-08-13","full",TRUE,16,"aligned",5,0.01,0.05,"stochastic","precomputed_exact_table","iid",202892500,202892512,100,25000,"certified","bounds-met",TRUE,118,118,147,147,147,0,147,0,TRUE,0.990131856667563,0.00986814333243691,0.00986814333243735,TRUE,TRUE,TRUE,0.00986814333243691,0.00991715616921527,0.00251867410493053,39,39,32,0,0,,,,,0,150,104,118,0,0,118,35.12,,
"constrained-tmlr-revision-2026-08-13","full",TRUE,16,"aligned",5,0.05,0.05,"exact","precomputed_exact_table","exact",202892500,202892521,,25000,"certified","bounds-met",TRUE,61,61,62,62,62,0,62,0,TRUE,0.956797417296165,0.0432025827038349,0.0432025827038343,TRUE,TRUE,TRUE,0.0432025827038349,0.0441635951036217,0.0158151335110217,20,20,32,0,0,,,,,0,93,66,61,0,0,61,18.7,,
"constrained-tmlr-revision-2026-08-13","full",TRUE,16,"aligned",5,0.05,0.05,"stochastic","precomputed_exact_table","iid",202892500,202892522,100,25000,"certified","bounds-met",TRUE,61,61,62,62,62,0,62,0,TRUE,0.956797417296165,0.0432025827038349,0.0432025827038374,TRUE,TRUE,TRUE,0.0432025827038349,0.0441635951036217,0.0158151335110217,20,20,32,0,0,,,,,0,93,66,61,0,0,61,20.03,,
"constrained-tmlr-revision-2026-08-13","full",TRUE,16,"aligned",5,0.1,0.05,"exact","precomputed_exact_table","exact",202892500,202892531,,25000,"certified","bounds-met",TRUE,55,55,40,40,40,0,40,0,TRUE,0.902562033648861,0.0974379663511389,0.0974379663511375,TRUE,TRUE,TRUE,0.0974379663511389,0.102517855792268,0.0258893560736143,18,18,32,0,0,,,,,0,87,62,55,0,0,55,15.39,,
"constrained-tmlr-revision-2026-08-13","full",TRUE,16,"aligned",5,0.1,0.05,"stochastic","precomputed_exact_table","iid",202892500,202892532,100,25000,"certified","bounds-met",TRUE,55,55,40,40,40,0,40,0,TRUE,0.902562033648861,0.0974379663511389,0.0974379663511444,TRUE,TRUE,TRUE,0.0974379663511389,0.102517855792268,0.0258893560736143,18,18,32,0,0,,,,,0,87,62,55,0,0,55,16.5,,
"constrained-tmlr-revision-2026-08-13","full",TRUE,16,"aligned",5,0.2,0.05,"exact","precomputed_exact_table","exact",202892500,202892541,,25000,"certified","bounds-met",TRUE,19,19,10,10,10,0,10,0,TRUE,0.804323518538704,0.195676481461296,0.195676481461295,TRUE,TRUE,TRUE,0.195676481461296,0.217753704496634,0.0468092263309037,6,6,32,0,0,,,,,0,51,38,19,0,0,19,4.80000000000001,,
"constrained-tmlr-revision-2026-08-13","full",TRUE,16,"aligned",5,0.2,0.05,"stochastic","precomputed_exact_table","iid",202892500,202892542,100,25000,"certified","bounds-met",TRUE,19,19,10,10,10,0,10,0,TRUE,0.804323518538704,0.195676481461296,0.195676481461309,TRUE,TRUE,TRUE,0.195676481461296,0.217753704496634,0.0468092263309037,6,6,32,0,0,,,,,0,51,38,19,0,0,19,4.01999999999998,,
"constrained-tmlr-revision-2026-08-13","full",TRUE,16,"aligned",6,0.01,0.05,"exact","precomputed_exact_table","exact",202892600,202892611,,25000,"certified","bounds-met",TRUE,73,73,172,172,172,0,172,0,TRUE,0.990052650472482,0.00994734952751841,0.00994734952752432,TRUE,TRUE,TRUE,0.00994734952751841,0.00999715497219363,0.00305666108619936,24,24,32,0,0,,,,,0,105,74,73,0,0,73,22.54,,
"constrained-tmlr-revision-2026-08-13","full",TRUE,16,"aligned",6,0.01,0.05,"stochastic","precomputed_exact_table","iid",202892600,202892612,100,25000,"certified","bounds-met",TRUE,73,73,172,172,172,0,172,0,TRUE,0.990052650472482,0.00994734952751841,0.00994734952752517,TRUE,TRUE,TRUE,0.00994734952751841,0.00999715497219363,0.00305666108619936,24,24,32,0,0,,,,,0,105,74,73,0,0,73,21.26,,
"constrained-tmlr-revision-2026-08-13","full",TRUE,16,"aligned",6,0.05,0.05,"exact","precomputed_exact_table","exact",202892600,202892621,,25000,"certified","bounds-met",TRUE,61,61,73,73,73,0,73,0,TRUE,0.950161744097889,0.0498382559021107,0.0498382559021158,TRUE,TRUE,TRUE,0.0498382559021107,0.0511230519344727,0.0183406648996067,20,20,32,0,0,,,,,0,93,66,61,0,0,61,17.23,,
"constrained-tmlr-revision-2026-08-13","full",TRUE,16,"aligned",6,0.05,0.05,"stochastic","precomputed_exact_table","iid",202892600,202892622,100,25000,"certified","bounds-met",TRUE,61,61,73,73,73,0,73,0,TRUE,0.950161744097889,0.0498382559021107,0.04983825590212,TRUE,TRUE,TRUE,0.0498382559021107,0.0511230519344727,0.0183406648996067,20,20,32,0,0,,,,,0,93,66,61,0,0,61,17.89,,
"constrained-tmlr-revision-2026-08-13","full",TRUE,16,"aligned",6,0.1,0.05,"exact","precomputed_exact_table","exact",202892600,202892631,,25000,"certified","bounds-met",TRUE,58,58,51,51,51,0,51,0,TRUE,0.920102517656087,0.0798974823439129,0.0798974823439171,TRUE,TRUE,TRUE,0.0798974823439129,0.0832701829122841,0.0188842132402917,19,19,32,0,0,,,,,0,90,64,58,0,0,58,17.3,,
"constrained-tmlr-revision-2026-08-13","full",TRUE,16,"aligned",6,0.1,0.05,"stochastic","precomputed_exact_table","iid",202892600,202892632,100,25000,"certified","bounds-met",TRUE,58,58,51,51,51,0,51,0,TRUE,0.920102517656087,0.0798974823439129,0.0798974823439239,TRUE,TRUE,TRUE,0.0798974823439129,0.0832701829122841,0.0188842132402917,19,19,32,0,0,,,,,0,90,64,58,0,0,58,17.38,,
"constrained-tmlr-revision-2026-08-13","full",TRUE,16,"aligned",6,0.2,0.05,"exact","precomputed_exact_table","exact",202892600,202892641,,25000,"certified","bounds-met",TRUE,43,43,20,20,20,0,20,0,TRUE,0.812487726757704,0.187512273242296,0.187512273242299,TRUE,TRUE,TRUE,0.187512273242296,0.207654470421313,0.0508460519185379,14,14,32,0,0,,,,,0,75,54,43,0,0,43,12.42,,
"constrained-tmlr-revision-2026-08-13","full",TRUE,16,"aligned",6,0.2,0.05,"stochastic","precomputed_exact_table","iid",202892600,202892642,100,25000,"certified","bounds-met",TRUE,43,43,20,20,20,0,20,0,TRUE,0.812487726757704,0.187512273242296,0.187512273242312,TRUE,TRUE,TRUE,0.187512273242296,0.207654470421313,0.0508460519185379,14,14,32,0,0,,,,,0,75,54,43,0,0,43,9.56000000000003,,
"constrained-tmlr-revision-2026-08-13","full",TRUE,16,"aligned",7,0.01,0.05,"exact","precomputed_exact_table","exact",202892700,202892711,,25000,"certified","bounds-met",TRUE,139,139,229,229,229,0,229,0,TRUE,0.990130996435416,0.00986900356458353,0.00986900356457783,TRUE,TRUE,TRUE,0.00986900356458353,0.00991802497523795,0.00274518080109567,46,46,32,0,0,,,,,0,171,118,139,0,0,139,45.91,,
"constrained-tmlr-revision-2026-08-13","full",TRUE,16,"aligned",7,0.01,0.05,"stochastic","precomputed_exact_table","iid",202892700,202892712,100,25000,"certified","bounds-met",TRUE,139,139,229,229,229,0,229,0,TRUE,0.990130996435416,0.00986900356458353,0.00986900356457895,TRUE,TRUE,TRUE,0.00986900356458353,0.00991802497523795,0.00274518080109567,46,46,32,0,0,,,,,0,171,118,139,0,0,139,41.24,,
"constrained-tmlr-revision-2026-08-13","full",TRUE,16,"aligned",7,0.05,0.05,"exact","precomputed_exact_table","exact",202892700,202892721,,25000,"certified","bounds-met",TRUE,70,70,92,92,92,0,92,0,TRUE,0.955250160601724,0.0447498393982758,0.0447498393982699,TRUE,TRUE,TRUE,0.0447498393982758,0.045782024529809,0.0119536236384067,23,23,32,0,0,,,,,0,102,72,70,0,0,70,17.98,,
"constrained-tmlr-revision-2026-08-13","full",TRUE,16,"aligned",7,0.05,0.05,"stochastic","precomputed_exact_table","iid",202892700,202892722,100,25000,"certified","bounds-met",TRUE,70,70,92,92,92,0,92,0,TRUE,0.955250160601724,0.0447498393982758,0.0447498393982744,TRUE,TRUE,TRUE,0.0447498393982758,0.045782024529809,0.0119536236384067,23,23,32,0,0,,,,,0,102,72,70,0,0,70,20.23,,
"constrained-tmlr-revision-2026-08-13","full",TRUE,16,"aligned",7,0.1,0.05,"exact","precomputed_exact_table","exact",202892700,202892731,,25000,"certified","bounds-met",TRUE,64,64,60,60,60,0,60,0,TRUE,0.904469145658565,0.0955308543414349,0.0955308543414294,TRUE,TRUE,TRUE,0.0955308543414349,0.100407086770004,0.0206037344168783,21,21,32,0,0,,,,,0,96,68,64,0,0,64,18.7,,
"constrained-tmlr-revision-2026-08-13","full",TRUE,16,"aligned",7,0.1,0.05,"stochastic","precomputed_exact_table","iid",202892700,202892732,100,25000,"certified","bounds-met",TRUE,64,64,60,60,60,0,60,0,TRUE,0.904469145658565,0.0955308543414349,0.0955308543414376,TRUE,TRUE,TRUE,0.0955308543414349,0.100407086770004,0.0206037344168783,21,21,32,0,0,,,,,0,96,68,64,0,0,64,14.41,,
"constrained-tmlr-revision-2026-08-13","full",TRUE,16,"aligned",7,0.2,0.05,"exact","precomputed_exact_table","exact",202892700,202892741,,25000,"certified","bounds-met",TRUE,46,46,28,28,28,0,28,0,TRUE,0.800738500355324,0.199261499644676,0.19926149964467,TRUE,TRUE,TRUE,0.199261499644676,0.222220851688312,0.0447821119592981,15,15,32,0,0,,,,,0,78,56,46,0,0,46,8.53000000000003,,
"constrained-tmlr-revision-2026-08-13","full",TRUE,16,"aligned",7,0.2,0.05,"stochastic","precomputed_exact_table","iid",202892700,202892742,100,25000,"certified","bounds-met",TRUE,46,46,28,28,28,0,28,0,TRUE,0.800738500355324,0.199261499644676,0.199261499644687,TRUE,TRUE,TRUE,0.199261499644676,0.222220851688312,0.0447821119592981,15,15,32,0,0,,,,,0,78,56,46,0,0,46,8.06,,
"constrained-tmlr-revision-2026-08-13","full",TRUE,16,"aligned",8,0.01,0.05,"exact","precomputed_exact_table","exact",202892800,202892811,,25000,"certified","bounds-met",TRUE,97,97,169,169,169,0,169,0,TRUE,0.990084832219887,0.00991516778011337,0.0099151677801196,TRUE,TRUE,TRUE,0.00991516778011337,0.009964650413607,0.00255464401857496,32,32,32,0,0,,,,,0,129,90,97,0,0,97,30.14,,
"constrained-tmlr-revision-2026-08-13","full",TRUE,16,"aligned",8,0.01,0.05,"stochastic","precomputed_exact_table","iid",202892800,202892812,100,25000,"certified","bounds-met",TRUE,97,97,169,169,169,0,169,0,TRUE,0.990084832219887,0.00991516778011337,0.0099151677801203,TRUE,TRUE,TRUE,0.00991516778011337,0.009964650413607,0.00255464401857496,32,32,32,0,0,,,,,0,129,90,97,0,0,97,31.16,,
"constrained-tmlr-revision-2026-08-13","full",TRUE,16,"aligned",8,0.05,0.05,"exact","precomputed_exact_table","exact",202892800,202892821,,25000,"certified","bounds-met",TRUE,61,61,62,62,62,0,62,0,TRUE,0.951344251703416,0.0486557482965839,0.0486557482965901,TRUE,TRUE,TRUE,0.0486557482965839,0.0498792927661329,0.0155665142291866,20,20,32,0,0,,,,,0,93,66,61,0,0,61,16.61,,
"constrained-tmlr-revision-2026-08-13","full",TRUE,16,"aligned",8,0.05,0.05,"stochastic","precomputed_exact_table","iid",202892800,202892822,100,25000,"certified","bounds-met",TRUE,61,61,62,62,62,0,62,0,TRUE,0.951344251703416,0.0486557482965839,0.0486557482965935,TRUE,TRUE,TRUE,0.0486557482965839,0.0498792927661329,0.0155665142291866,20,20,32,0,0,,,,,0,93,66,61,0,0,61,18,,
"constrained-tmlr-revision-2026-08-13","full",TRUE,16,"aligned",8,0.1,0.05,"exact","precomputed_exact_table","exact",202892800,202892831,,25000,"certified","bounds-met",TRUE,49,49,41,41,41,0,41,0,TRUE,0.90368318834701,0.0963168116529903,0.0963168116529974,TRUE,TRUE,TRUE,0.0963168116529903,0.101276435382147,0.0221304699481322,16,16,32,0,0,,,,,0,81,58,49,0,0,49,11.75,,
"constrained-tmlr-revision-2026-08-13","full",TRUE,16,"aligned",8,0.1,0.05,"stochastic","precomputed_exact_table","iid",202892800,202892832,100,25000,"certified","bounds-met",TRUE,49,49,41,41,41,0,41,0,TRUE,0.90368318834701,0.0963168116529903,0.0963168116530029,TRUE,TRUE,TRUE,0.0963168116529903,0.101276435382147,0.0221304699481322,16,16,32,0,0,,,,,0,81,58,49,0,0,49,14.41,,
"constrained-tmlr-revision-2026-08-13","full",TRUE,16,"aligned",8,0.2,0.05,"exact","precomputed_exact_table","exact",202892800,202892841,,25000,"certified","bounds-met",TRUE,43,43,20,20,20,0,20,0,TRUE,0.834543414061651,0.165456585938349,0.165456585938355,TRUE,TRUE,TRUE,0.165456585938349,0.180870513193126,0.0296209159344635,14,14,32,0,0,,,,,0,75,54,43,0,0,43,13.03,,
"constrained-tmlr-revision-2026-08-13","full",TRUE,16,"aligned",8,0.2,0.05,"stochastic","precomputed_exact_table","iid",202892800,202892842,100,25000,"certified","bounds-met",TRUE,43,43,20,20,20,0,20,0,TRUE,0.834543414061651,0.165456585938349,0.165456585938365,TRUE,TRUE,TRUE,0.165456585938349,0.180870513193126,0.0296209159344635,14,14,32,0,0,,,,,0,75,54,43,0,0,43,10.55,,
"constrained-tmlr-revision-2026-08-13","full",TRUE,16,"aligned",9,0.01,0.05,"exact","precomputed_exact_table","exact",202892900,202892911,,25000,"certified","bounds-met",TRUE,118,118,259,259,259,0,259,0,TRUE,0.990036297044785,0.0099637029552152,0.00996370295521708,TRUE,TRUE,TRUE,0.0099637029552152,0.010013672843997,0.00255910537025651,39,39,32,0,0,,,,,0,150,103,118,0,0,118,38.59,,
"constrained-tmlr-revision-2026-08-13","full",TRUE,16,"aligned",9,0.01,0.05,"stochastic","precomputed_exact_table","iid",202892900,202892912,100,25000,"certified","bounds-met",TRUE,118,118,259,259,259,0,259,0,TRUE,0.990036297044785,0.0099637029552152,0.00996370295521778,TRUE,TRUE,TRUE,0.0099637029552152,0.010013672843997,0.00255910537025651,39,39,32,0,0,,,,,0,150,103,118,0,0,118,40.57,,
"constrained-tmlr-revision-2026-08-13","full",TRUE,16,"aligned",9,0.05,0.05,"exact","precomputed_exact_table","exact",202892900,202892921,,25000,"certified","bounds-met",TRUE,94,94,113,113,113,0,113,0,TRUE,0.950325272357429,0.0496747276425714,0.0496747276425734,TRUE,TRUE,TRUE,0.0496747276425714,0.0509509610351117,0.0245659418330814,31,31,32,0,0,,,,,0,126,86,94,0,0,94,29.01,,
"constrained-tmlr-revision-2026-08-13","full",TRUE,16,"aligned",9,0.05,0.05,"stochastic","precomputed_exact_table","iid",202892900,202892922,100,25000,"certified","bounds-met",TRUE,94,94,113,113,113,0,113,0,TRUE,0.950325272357429,0.0496747276425714,0.049674727642577,TRUE,TRUE,TRUE,0.0496747276425714,0.0509509610351117,0.0245659418330814,31,31,32,0,0,,,,,0,126,86,94,0,0,94,28.7,,
"constrained-tmlr-revision-2026-08-13","full",TRUE,16,"aligned",9,0.1,0.05,"exact","precomputed_exact_table","exact",202892900,202892931,,25000,"certified","bounds-met",TRUE,73,73,63,63,63,0,63,0,TRUE,0.90386711039196,0.0961328896080402,0.0961328896080415,TRUE,TRUE,TRUE,0.0961328896080402,0.101072931174587,0.0187048858411958,24,24,32,0,0,,,,,0,105,73,73,0,0,73,16.59,,
"constrained-tmlr-revision-2026-08-13","full",TRUE,16,"aligned",9,0.1,0.05,"stochastic","precomputed_exact_table","iid",202892900,202892932,100,25000,"certified","bounds-met",TRUE,73,73,63,63,63,0,63,0,TRUE,0.90386711039196,0.0961328896080402,0.0961328896080469,TRUE,TRUE,TRUE,0.0961328896080402,0.101072931174587,0.0187048858411958,24,24,32,0,0,,,,,0,105,73,73,0,0,73,13.3,,
"constrained-tmlr-revision-2026-08-13","full",TRUE,16,"aligned",9,0.2,0.05,"exact","precomputed_exact_table","exact",202892900,202892941,,25000,"certified","bounds-met",TRUE,43,43,31,31,31,0,31,0,TRUE,0.803534948078719,0.196465051921281,0.196465051921284,TRUE,TRUE,TRUE,0.196465051921281,0.218734599941831,0.0730260563526127,14,14,32,0,0,,,,,0,75,54,43,0,0,43,7.38999999999999,,
"constrained-tmlr-revision-2026-08-13","full",TRUE,16,"aligned",9,0.2,0.05,"stochastic","precomputed_exact_table","iid",202892900,202892942,100,25000,"certified","bounds-met",TRUE,43,43,31,31,31,0,31,0,TRUE,0.803534948078719,0.196465051921281,0.196465051921295,TRUE,TRUE,TRUE,0.196465051921281,0.218734599941831,0.0730260563526127,14,14,32,0,0,,,,,0,75,54,43,0,0,43,7.62,,
"constrained-tmlr-revision-2026-08-13","full",TRUE,16,"aligned",10,0.01,0.05,"exact","precomputed_exact_table","exact",202893000,202893011,,25000,"certified","bounds-met",TRUE,106,106,158,158,158,0,158,0,TRUE,0.990265136112783,0.00973486388721734,0.00973486388721155,TRUE,TRUE,TRUE,0.00973486388721734,0.00978255745400144,0.00291894371275717,35,35,32,0,0,,,,,0,138,96,106,0,0,106,32.39,,
"constrained-tmlr-revision-2026-08-13","full",TRUE,16,"aligned",10,0.01,0.05,"stochastic","precomputed_exact_table","iid",202893000,202893012,100,25000,"certified","bounds-met",TRUE,106,106,158,158,158,0,158,0,TRUE,0.990265136112783,0.00973486388721734,0.00973486388721225,TRUE,TRUE,TRUE,0.00973486388721734,0.00978255745400144,0.00291894371275717,35,35,32,0,0,,,,,0,138,96,106,0,0,106,35.03,,
"constrained-tmlr-revision-2026-08-13","full",TRUE,16,"aligned",10,0.05,0.05,"exact","precomputed_exact_table","exact",202893000,202893021,,25000,"certified","bounds-met",TRUE,61,61,62,62,62,0,62,0,TRUE,0.95711189920233,0.0428881007976698,0.0428881007976643,TRUE,TRUE,TRUE,0.0428881007976698,0.0438349672984436,0.0133555657057892,20,20,32,0,0,,,,,0,93,66,61,0,0,61,18,,
"constrained-tmlr-revision-2026-08-13","full",TRUE,16,"aligned",10,0.05,0.05,"stochastic","precomputed_exact_table","iid",202893000,202893022,100,25000,"certified","bounds-met",TRUE,61,61,62,62,62,0,62,0,TRUE,0.95711189920233,0.0428881007976698,0.0428881007976674,TRUE,TRUE,TRUE,0.0428881007976698,0.0438349672984436,0.0133555657057892,20,20,32,0,0,,,,,0,93,66,61,0,0,61,19.89,,
"constrained-tmlr-revision-2026-08-13","full",TRUE,16,"aligned",10,0.1,0.05,"exact","precomputed_exact_table","exact",202893000,202893031,,25000,"certified","bounds-met",TRUE,46,46,40,40,40,0,40,0,TRUE,0.903767772572953,0.0962322274270474,0.0962322274270429,TRUE,TRUE,TRUE,0.0962322274270474,0.10118284033826,0.0208377154061202,15,15,32,0,0,,,,,0,78,56,46,0,0,46,13.6,,
"constrained-tmlr-revision-2026-08-13","full",TRUE,16,"aligned",10,0.1,0.05,"stochastic","precomputed_exact_table","iid",202893000,202893032,100,25000,"certified","bounds-met",TRUE,46,46,40,40,40,0,40,0,TRUE,0.903767772572953,0.0962322274270474,0.0962322274270484,TRUE,TRUE,TRUE,0.0962322274270474,0.10118284033826,0.0208377154061202,15,15,32,0,0,,,,,0,78,56,46,0,0,46,13.3,,
"constrained-tmlr-revision-2026-08-13","full",TRUE,16,"aligned",10,0.2,0.05,"exact","precomputed_exact_table","exact",202893000,202893041,,25000,"certified","bounds-met",TRUE,43,43,20,20,20,0,20,0,TRUE,0.826414436470468,0.173585563529532,0.173585563529529,TRUE,TRUE,TRUE,0.173585563529532,0.190658892221755,0.0481400072107907,14,14,32,0,0,,,,,0,75,54,43,0,0,43,9.33000000000001,,
"constrained-tmlr-revision-2026-08-13","full",TRUE,16,"aligned",10,0.2,0.05,"stochastic","precomputed_exact_table","iid",202893000,202893042,100,25000,"certified","bounds-met",TRUE,43,43,20,20,20,0,20,0,TRUE,0.826414436470468,0.173585563529532,0.173585563529541,TRUE,TRUE,TRUE,0.173585563529532,0.190658892221755,0.0481400072107907,14,14,32,0,0,,,,,0,75,54,43,0,0,43,9.63999999999999,,
"constrained-tmlr-revision-2026-08-13","full",TRUE,16,"aligned",11,0.01,0.05,"exact","precomputed_exact_table","exact",202893100,202893111,,25000,"certified","bounds-met",TRUE,121,121,160,160,160,0,160,0,TRUE,0.990201434557382,0.00979856544261815,0.00979856544261377,TRUE,TRUE,TRUE,0.00979856544261815,0.00984688730068117,0.00279515216472471,40,40,32,0,0,,,,,0,153,106,121,0,0,121,38.47,,
"constrained-tmlr-revision-2026-08-13","full",TRUE,16,"aligned",11,0.01,0.05,"stochastic","precomputed_exact_table","iid",202893100,202893112,100,25000,"certified","bounds-met",TRUE,121,121,160,160,160,0,160,0,TRUE,0.990201434557382,0.00979856544261815,0.00979856544261447,TRUE,TRUE,TRUE,0.00979856544261815,0.00984688730068117,0.00279515216472471,40,40,32,0,0,,,,,0,153,106,121,0,0,121,42.17,,
"constrained-tmlr-revision-2026-08-13","full",TRUE,16,"aligned",11,0.05,0.05,"exact","precomputed_exact_table","exact",202893100,202893121,,25000,"certified","bounds-met",TRUE,61,61,62,62,62,0,62,0,TRUE,0.953414115166962,0.0465858848330377,0.0465858848330334,TRUE,TRUE,TRUE,0.0465858848330377,0.0477059312371353,0.0138190049666929,20,20,32,0,0,,,,,0,93,66,61,0,0,61,18.66,,
"constrained-tmlr-revision-2026-08-13","full",TRUE,16,"aligned",11,0.05,0.05,"stochastic","precomputed_exact_table","iid",202893100,202893122,100,25000,"certified","bounds-met",TRUE,61,61,62,62,62,0,62,0,TRUE,0.953414115166962,0.0465858848330377,0.0465858848330373,TRUE,TRUE,TRUE,0.0465858848330377,0.0477059312371353,0.0138190049666929,20,20,32,0,0,,,,,0,93,66,61,0,0,61,18.23,,
"constrained-tmlr-revision-2026-08-13","full",TRUE,16,"aligned",11,0.1,0.05,"exact","precomputed_exact_table","exact",202893100,202893131,,25000,"certified","bounds-met",TRUE,55,55,41,41,41,0,41,0,TRUE,0.909933933786906,0.0900660662130944,0.0900660662130906,TRUE,TRUE,TRUE,0.0900660662130944,0.0943832823409356,0.0254512742718619,18,18,32,0,0,,,,,0,87,62,55,0,0,55,17.46,,
"constrained-tmlr-revision-2026-08-13","full",TRUE,16,"aligned",11,0.1,0.05,"stochastic","precomputed_exact_table","iid",202893100,202893132,100,25000,"certified","bounds-met",TRUE,55,55,41,41,41,0,41,0,TRUE,0.909933933786906,0.0900660662130944,0.0900660662130957,TRUE,TRUE,TRUE,0.0900660662130944,0.0943832823409356,0.0254512742718619,18,18,32,0,0,,,,,0,87,62,55,0,0,55,14.24,,
"constrained-tmlr-revision-2026-08-13","full",TRUE,16,"aligned",11,0.2,0.05,"exact","precomputed_exact_table","exact",202893100,202893141,,25000,"certified","bounds-met",TRUE,43,43,20,20,20,0,20,0,TRUE,0.818601273960747,0.181398726039253,0.18139872603925,TRUE,TRUE,TRUE,0.181398726039253,0.200158158657335,0.0485381077089522,14,14,32,0,0,,,,,0,75,54,43,0,0,43,8.78999999999996,,
"constrained-tmlr-revision-2026-08-13","full",TRUE,16,"aligned",11,0.2,0.05,"stochastic","precomputed_exact_table","iid",202893100,202893142,100,25000,"certified","bounds-met",TRUE,43,43,20,20,20,0,20,0,TRUE,0.818601273960747,0.181398726039253,0.181398726039263,TRUE,TRUE,TRUE,0.181398726039253,0.200158158657335,0.0485381077089522,14,14,32,0,0,,,,,0,75,54,43,0,0,43,9.42000000000002,,
"constrained-tmlr-revision-2026-08-13","full",TRUE,16,"aligned",12,0.01,0.05,"exact","precomputed_exact_table","exact",202893200,202893211,,25000,"certified","bounds-met",TRUE,100,100,136,136,136,0,136,0,TRUE,0.990337582704168,0.00966241729583206,0.00966241729583886,TRUE,TRUE,TRUE,0.00966241729583206,0.00970940134780275,0.00260383709084738,33,33,32,0,0,,,,,0,132,92,100,0,0,100,33.45,,
"constrained-tmlr-revision-2026-08-13","full",TRUE,16,"aligned",12,0.01,0.05,"stochastic","precomputed_exact_table","iid",202893200,202893212,100,25000,"certified","bounds-met",TRUE,100,100,136,136,136,0,136,0,TRUE,0.990337582704168,0.00966241729583206,0.00966241729583941,TRUE,TRUE,TRUE,0.00966241729583206,0.00970940134780275,0.00260383709084738,33,33,32,0,0,,,,,0,132,92,100,0,0,100,33.73,,
"constrained-tmlr-revision-2026-08-13","full",TRUE,16,"aligned",12,0.05,0.05,"exact","precomputed_exact_table","exact",202893200,202893221,,25000,"certified","bounds-met",TRUE,61,61,62,62,62,0,62,0,TRUE,0.962110002283423,0.0378899977165765,0.0378899977165835,TRUE,TRUE,TRUE,0.0378899977165765,0.03862648736564,0.0138287892573376,20,20,32,0,0,,,,,0,93,66,61,0,0,61,17.75,,
"constrained-tmlr-revision-2026-08-13","full",TRUE,16,"aligned",12,0.05,0.05,"stochastic","precomputed_exact_table","iid",202893200,202893222,100,25000,"certified","bounds-met",TRUE,61,61,62,62,62,0,62,0,TRUE,0.962110002283423,0.0378899977165765,0.0378899977165856,TRUE,TRUE,TRUE,0.0378899977165765,0.03862648736564,0.0138287892573376,20,20,32,0,0,,,,,0,93,66,61,0,0,61,18.92,,
"constrained-tmlr-revision-2026-08-13","full",TRUE,16,"aligned",12,0.1,0.05,"exact","precomputed_exact_table","exact",202893200,202893231,,25000,"certified","bounds-met",TRUE,52,52,40,40,40,0,40,0,TRUE,0.904071830611002,0.0959281693889984,0.0959281693890046,TRUE,TRUE,TRUE,0.0959281693889984,0.100846463106143,0.0226913800228663,17,17,32,0,0,,,,,0,84,60,52,0,0,52,12.6,,
"constrained-tmlr-revision-2026-08-13","full",TRUE,16,"aligned",12,0.1,0.05,"stochastic","precomputed_exact_table","iid",202893200,202893232,100,25000,"certified","bounds-met",TRUE,52,52,40,40,40,0,40,0,TRUE,0.904071830611002,0.0959281693889984,0.0959281693890114,TRUE,TRUE,TRUE,0.0959281693889984,0.100846463106143,0.0226913800228663,17,17,32,0,0,,,,,0,84,60,52,0,0,52,12.62,,
"constrained-tmlr-revision-2026-08-13","full",TRUE,16,"aligned",12,0.2,0.05,"exact","precomputed_exact_table","exact",202893200,202893241,,25000,"certified","bounds-met",TRUE,19,19,10,10,10,0,10,0,TRUE,0.817444543604257,0.182555456395743,0.18255545639575,TRUE,TRUE,TRUE,0.182555456395743,0.201572215081449,0.0346236598082708,6,6,32,0,0,,,,,0,51,38,19,0,0,19,3.63,,
"constrained-tmlr-revision-2026-08-13","full",TRUE,16,"aligned",12,0.2,0.05,"stochastic","precomputed_exact_table","iid",202893200,202893242,100,25000,"certified","bounds-met",TRUE,19,19,10,10,10,0,10,0,TRUE,0.817444543604257,0.182555456395743,0.182555456395758,TRUE,TRUE,TRUE,0.182555456395743,0.201572215081449,0.0346236598082708,6,6,32,0,0,,,,,0,51,38,19,0,0,19,3.60000000000002,,
"constrained-tmlr-revision-2026-08-13","full",TRUE,16,"aligned",13,0.01,0.05,"exact","precomputed_exact_table","exact",202893300,202893311,,25000,"certified","bounds-met",TRUE,121,121,182,182,182,0,182,0,TRUE,0.990100254350415,0.00989974564958451,0.00989974564958087,TRUE,TRUE,TRUE,0.00989974564958451,0.00994907396003833,0.00314821189705554,40,40,32,0,0,,,,,0,153,106,121,0,0,121,30.78,,
"constrained-tmlr-revision-2026-08-13","full",TRUE,16,"aligned",13,0.01,0.05,"stochastic","precomputed_exact_table","iid",202893300,202893312,100,25000,"certified","bounds-met",TRUE,121,121,182,182,182,0,182,0,TRUE,0.990100254350415,0.00989974564958451,0.00989974564958171,TRUE,TRUE,TRUE,0.00989974564958451,0.00994907396003833,0.00314821189705554,40,40,32,0,0,,,,,0,153,106,121,0,0,121,34.11,,
"constrained-tmlr-revision-2026-08-13","full",TRUE,16,"aligned",13,0.05,0.05,"exact","precomputed_exact_table","exact",202893300,202893321,,25000,"certified","bounds-met",TRUE,58,58,62,62,62,0,62,0,TRUE,0.95177739536608,0.0482226046339201,0.0482226046339168,TRUE,TRUE,TRUE,0.0482226046339201,0.0494240999298686,0.0162610799635666,19,19,32,0,0,,,,,0,90,64,58,0,0,58,13.6,,
"constrained-tmlr-revision-2026-08-13","full",TRUE,16,"aligned",13,0.05,0.05,"stochastic","precomputed_exact_table","iid",202893300,202893322,100,25000,"certified","bounds-met",TRUE,58,58,62,62,62,0,62,0,TRUE,0.95177739536608,0.0482226046339201,0.0482226046339209,TRUE,TRUE,TRUE,0.0482226046339201,0.0494240999298686,0.0162610799635666,19,19,32,0,0,,,,,0,90,64,58,0,0,58,14.81,,
"constrained-tmlr-revision-2026-08-13","full",TRUE,16,"aligned",13,0.1,0.05,"exact","precomputed_exact_table","exact",202893300,202893331,,25000,"certified","bounds-met",TRUE,58,58,51,51,51,0,51,0,TRUE,0.909452101023336,0.090547898976664,0.0905478989766605,TRUE,TRUE,TRUE,0.090547898976664,0.0949129475858208,0.0278648144033616,19,19,32,0,0,,,,,0,90,64,58,0,0,58,16.19,,
"constrained-tmlr-revision-2026-08-13","full",TRUE,16,"aligned",13,0.1,0.05,"stochastic","precomputed_exact_table","iid",202893300,202893332,100,25000,"certified","bounds-met",TRUE,58,58,51,51,51,0,51,0,TRUE,0.909452101023336,0.090547898976664,0.0905478989766669,TRUE,TRUE,TRUE,0.090547898976664,0.0949129475858208,0.0278648144033616,19,19,32,0,0,,,,,0,90,64,58,0,0,58,14.73,,
"constrained-tmlr-revision-2026-08-13","full",TRUE,16,"aligned",13,0.2,0.05,"exact","precomputed_exact_table","exact",202893300,202893341,,25000,"certified","bounds-met",TRUE,49,49,20,20,20,0,20,0,TRUE,0.808839679222794,0.191160320777206,0.191160320777202,TRUE,TRUE,TRUE,0.191160320777206,0.212154553103884,0.038825257930431,16,16,32,0,0,,,,,0,81,58,49,0,0,49,10.48,,
"constrained-tmlr-revision-2026-08-13","full",TRUE,16,"aligned",13,0.2,0.05,"stochastic","precomputed_exact_table","iid",202893300,202893342,100,25000,"certified","bounds-met",TRUE,49,49,20,20,20,0,20,0,TRUE,0.808839679222794,0.191160320777206,0.191160320777212,TRUE,TRUE,TRUE,0.191160320777206,0.212154553103884,0.038825257930431,16,16,32,0,0,,,,,0,81,58,49,0,0,49,16.35,,
"constrained-tmlr-revision-2026-08-13","full",TRUE,16,"aligned",14,0.01,0.05,"exact","precomputed_exact_table","exact",202893400,202893411,,25000,"certified","bounds-met",TRUE,118,118,160,160,160,0,160,0,TRUE,0.990115425514696,0.00988457448530411,0.00988457448530492,TRUE,TRUE,TRUE,0.00988457448530411,0.0099337512207681,0.00264521117836602,39,39,32,0,0,,,,,0,150,104,118,0,0,118,29.04,,
"constrained-tmlr-revision-2026-08-13","full",TRUE,16,"aligned",14,0.01,0.05,"stochastic","precomputed_exact_table","iid",202893400,202893412,100,25000,"certified","bounds-met",TRUE,118,118,160,160,160,0,160,0,TRUE,0.990115425514696,0.00988457448530411,0.00988457448530576,TRUE,TRUE,TRUE,0.00988457448530411,0.0099337512207681,0.00264521117836602,39,39,32,0,0,,,,,0,150,104,118,0,0,118,36.75,,
"constrained-tmlr-revision-2026-08-13","full",TRUE,16,"aligned",14,0.05,0.05,"exact","precomputed_exact_table","exact",202893400,202893421,,25000,"certified","bounds-met",TRUE,67,67,71,71,71,0,71,0,TRUE,0.955682317884723,0.0443176821152765,0.0443176821152774,TRUE,TRUE,TRUE,0.0443176821152765,0.0453297246236303,0.012474888003949,22,22,32,0,0,,,,,0,99,70,67,0,0,67,20.94,,
"constrained-tmlr-revision-2026-08-13","full",TRUE,16,"aligned",14,0.05,0.05,"stochastic","precomputed_exact_table","iid",202893400,202893422,100,25000,"certified","bounds-met",TRUE,67,67,71,71,71,0,71,0,TRUE,0.955682317884723,0.0443176821152765,0.0443176821152805,TRUE,TRUE,TRUE,0.0443176821152765,0.0453297246236303,0.012474888003949,22,22,32,0,0,,,,,0,99,70,67,0,0,67,19.9,,
"constrained-tmlr-revision-2026-08-13","full",TRUE,16,"aligned",14,0.1,0.05,"exact","precomputed_exact_table","exact",202893400,202893431,,25000,"certified","bounds-met",TRUE,55,55,41,41,41,0,41,0,TRUE,0.91005056587868,0.0899494341213197,0.0899494341213202,TRUE,TRUE,TRUE,0.0899494341213197,0.0942551141153757,0.0126619227334637,18,18,32,0,0,,,,,0,87,62,55,0,0,55,17.16,,
"constrained-tmlr-revision-2026-08-13","full",TRUE,16,"aligned",14,0.1,0.05,"stochastic","precomputed_exact_table","iid",202893400,202893432,100,25000,"certified","bounds-met",TRUE,55,55,41,41,41,0,41,0,TRUE,0.91005056587868,0.0899494341213197,0.0899494341213291,TRUE,TRUE,TRUE,0.0899494341213197,0.0942551141153757,0.0126619227334637,18,18,32,0,0,,,,,0,87,62,55,0,0,55,15.3,,
"constrained-tmlr-revision-2026-08-13","full",TRUE,16,"aligned",14,0.2,0.05,"exact","precomputed_exact_table","exact",202893400,202893441,,25000,"certified","bounds-met",TRUE,46,46,21,21,21,0,21,0,TRUE,0.852867579914988,0.147132420085012,0.147132420085013,TRUE,TRUE,TRUE,0.147132420085012,0.159150983969416,0.0344804320677782,15,15,32,0,0,,,,,0,78,56,46,0,0,46,11.5,,
"constrained-tmlr-revision-2026-08-13","full",TRUE,16,"aligned",14,0.2,0.05,"stochastic","precomputed_exact_table","iid",202893400,202893442,100,25000,"certified","bounds-met",TRUE,46,46,21,21,21,0,21,0,TRUE,0.852867579914988,0.147132420085012,0.147132420085026,TRUE,TRUE,TRUE,0.147132420085012,0.159150983969416,0.0344804320677782,15,15,32,0,0,,,,,0,78,56,46,0,0,46,18.07,,
"constrained-tmlr-revision-2026-08-13","full",TRUE,16,"aligned",15,0.01,0.05,"exact","precomputed_exact_table","exact",202893500,202893511,,25000,"certified","bounds-met",TRUE,103,103,159,159,159,0,159,0,TRUE,0.990012189397551,0.00998781060244869,0.00998781060244771,TRUE,TRUE,TRUE,0.00998781060244869,0.0100380234065208,0.00293662319422608,34,34,32,0,0,,,,,0,135,94,103,0,0,103,25.91,,
"constrained-tmlr-revision-2026-08-13","full",TRUE,16,"aligned",15,0.01,0.05,"stochastic","precomputed_exact_table","iid",202893500,202893512,100,25000,"certified","bounds-met",TRUE,103,103,159,159,159,0,159,0,TRUE,0.990012189397551,0.00998781060244869,0.00998781060244843,TRUE,TRUE,TRUE,0.00998781060244869,0.0100380234065208,0.00293662319422608,34,34,32,0,0,,,,,0,135,94,103,0,0,103,30.61,,
"constrained-tmlr-revision-2026-08-13","full",TRUE,16,"aligned",15,0.05,0.05,"exact","precomputed_exact_table","exact",202893500,202893521,,25000,"certified","bounds-met",TRUE,61,61,62,62,62,0,62,0,TRUE,0.957571976625765,0.042428023374235,0.0424280233742342,TRUE,TRUE,TRUE,0.042428023374235,0.0433543893418443,0.0139760583046737,20,20,32,0,0,,,,,0,93,66,61,0,0,61,17.57,,
"constrained-tmlr-revision-2026-08-13","full",TRUE,16,"aligned",15,0.05,0.05,"stochastic","precomputed_exact_table","iid",202893500,202893522,100,25000,"certified","bounds-met",TRUE,61,61,62,62,62,0,62,0,TRUE,0.957571976625765,0.042428023374235,0.0424280233742372,TRUE,TRUE,TRUE,0.042428023374235,0.0433543893418443,0.0139760583046737,20,20,32,0,0,,,,,0,93,66,61,0,0,61,16.59,,
"constrained-tmlr-revision-2026-08-13","full",TRUE,16,"aligned",15,0.1,0.05,"exact","precomputed_exact_table","exact",202893500,202893531,,25000,"certified","bounds-met",TRUE,55,55,41,41,41,0,41,0,TRUE,0.900211629709597,0.0997883702904031,0.0997883702904032,TRUE,TRUE,TRUE,0.0997883702904031,0.105125399178098,0.0317059708618258,18,18,32,0,0,,,,,0,87,62,55,0,0,55,17.34,,
"constrained-tmlr-revision-2026-08-13","full",TRUE,16,"aligned",15,0.1,0.05,"stochastic","precomputed_exact_table","iid",202893500,202893532,100,25000,"certified","bounds-met",TRUE,55,55,41,41,41,0,41,0,TRUE,0.900211629709597,0.0997883702904031,0.0997883702904075,TRUE,TRUE,TRUE,0.0997883702904031,0.105125399178098,0.0317059708618258,18,18,32,0,0,,,,,0,87,62,55,0,0,55,15.43,,
"constrained-tmlr-revision-2026-08-13","full",TRUE,16,"aligned",15,0.2,0.05,"exact","precomputed_exact_table","exact",202893500,202893541,,25000,"certified","bounds-met",TRUE,49,49,20,20,20,0,20,0,TRUE,0.828837318880893,0.171162681119107,0.171162681119106,TRUE,TRUE,TRUE,0.171162681119107,0.187731380883376,0.0317059708618258,16,16,32,0,0,,,,,0,81,58,49,0,0,49,16.64,,
"constrained-tmlr-revision-2026-08-13","full",TRUE,16,"aligned",15,0.2,0.05,"stochastic","precomputed_exact_table","iid",202893500,202893542,100,25000,"certified","bounds-met",TRUE,49,49,20,20,20,0,20,0,TRUE,0.828837318880893,0.171162681119107,0.171162681119116,TRUE,TRUE,TRUE,0.171162681119107,0.187731380883376,0.0317059708618258,16,16,32,0,0,,,,,0,81,58,49,0,0,49,18.06,,
"constrained-tmlr-revision-2026-08-13","full",TRUE,16,"aligned",16,0.01,0.05,"exact","precomputed_exact_table","exact",202893600,202893611,,25000,"certified","bounds-met",TRUE,91,91,136,136,136,0,136,0,TRUE,0.990254905794648,0.00974509420535175,0.00974509420535307,TRUE,TRUE,TRUE,0.00974509420535175,0.00979288839528759,0.00251490892404301,30,30,32,0,0,,,,,0,123,86,91,0,0,91,22.81,,
"constrained-tmlr-revision-2026-08-13","full",TRUE,16,"aligned",16,0.01,0.05,"stochastic","precomputed_exact_table","iid",202893600,202893612,100,25000,"certified","bounds-met",TRUE,91,91,136,136,136,0,136,0,TRUE,0.990254905794648,0.00974509420535175,0.00974509420535348,TRUE,TRUE,TRUE,0.00974509420535175,0.00979288839528759,0.00251490892404301,30,30,32,0,0,,,,,0,123,86,91,0,0,91,23.2,,
"constrained-tmlr-revision-2026-08-13","full",TRUE,16,"aligned",16,0.05,0.05,"exact","precomputed_exact_table","exact",202893600,202893621,,25000,"certified","bounds-met",TRUE,61,61,62,62,62,0,62,0,TRUE,0.961729512642367,0.0382704873576333,0.0382704873576346,TRUE,TRUE,TRUE,0.0382704873576333,0.0390220397420891,0.0125863457773526,20,20,32,0,0,,,,,0,93,66,61,0,0,61,16.19,,
"constrained-tmlr-revision-2026-08-13","full",TRUE,16,"aligned",16,0.05,0.05,"stochastic","precomputed_exact_table","iid",202893600,202893622,100,25000,"certified","bounds-met",TRUE,61,61,62,62,62,0,62,0,TRUE,0.961729512642367,0.0382704873576333,0.0382704873576368,TRUE,TRUE,TRUE,0.0382704873576333,0.0390220397420891,0.0125863457773526,20,20,32,0,0,,,,,0,93,66,61,0,0,61,18.27,,
"constrained-tmlr-revision-2026-08-13","full",TRUE,16,"aligned",16,0.1,0.05,"exact","precomputed_exact_table","exact",202893600,202893631,,25000,"certified","bounds-met",TRUE,49,49,40,40,40,0,40,0,TRUE,0.908502499947293,0.0914975000527073,0.091497500052708,TRUE,TRUE,TRUE,0.0914975000527073,0.0959576394190503,0.0203671645795184,16,16,32,0,0,,,,,0,81,58,49,0,0,49,14.22,,
"constrained-tmlr-revision-2026-08-13","full",TRUE,16,"aligned",16,0.1,0.05,"stochastic","precomputed_exact_table","iid",202893600,202893632,100,25000,"certified","bounds-met",TRUE,49,49,40,40,40,0,40,0,TRUE,0.908502499947293,0.0914975000527073,0.0914975000527145,TRUE,TRUE,TRUE,0.0914975000527073,0.0959576394190503,0.0203671645795184,16,16,32,0,0,,,,,0,81,58,49,0,0,49,11.31,,
"constrained-tmlr-revision-2026-08-13","full",TRUE,16,"aligned",16,0.2,0.05,"exact","precomputed_exact_table","exact",202893600,202893641,,25000,"certified","bounds-met",TRUE,19,19,10,10,10,0,10,0,TRUE,0.804853682547501,0.195146317452499,0.195146317452499,TRUE,TRUE,TRUE,0.195146317452499,0.217094778894629,0.042926708318542,6,6,32,0,0,,,,,0,51,38,19,0,0,19,4.09,,
"constrained-tmlr-revision-2026-08-13","full",TRUE,16,"aligned",16,0.2,0.05,"stochastic","precomputed_exact_table","iid",202893600,202893642,100,25000,"certified","bounds-met",TRUE,19,19,10,10,10,0,10,0,TRUE,0.804853682547501,0.195146317452499,0.19514631745251,TRUE,TRUE,TRUE,0.195146317452499,0.217094778894629,0.042926708318542,6,6,32,0,0,,,,,0,51,38,19,0,0,19,4,,
"constrained-tmlr-revision-2026-08-13","full",TRUE,16,"aligned",17,0.01,0.05,"exact","precomputed_exact_table","exact",202893700,202893711,,25000,"certified","bounds-met",TRUE,109,109,145,145,145,0,145,0,TRUE,0.99017263109313,0.00982736890687019,0.00982736890687124,TRUE,TRUE,TRUE,0.00982736890687019,0.00987597621348171,0.00226785032672712,36,36,32,0,0,,,,,0,141,98,109,0,0,109,26.55,,
"constrained-tmlr-revision-2026-08-13","full",TRUE,16,"aligned",17,0.01,0.05,"stochastic","precomputed_exact_table","iid",202893700,202893712,100,25000,"certified","bounds-met",TRUE,109,109,145,145,145,0,145,0,TRUE,0.99017263109313,0.00982736890687019,0.0098273689068718,TRUE,TRUE,TRUE,0.00982736890687019,0.00987597621348171,0.00226785032672712,36,36,32,0,0,,,,,0,141,98,109,0,0,109,32.97,,
"constrained-tmlr-revision-2026-08-13","full",TRUE,16,"aligned",17,0.05,0.05,"exact","precomputed_exact_table","exact",202893700,202893721,,25000,"certified","bounds-met",TRUE,61,61,62,62,62,0,62,0,TRUE,0.957136779065392,0.0428632209346085,0.0428632209346098,TRUE,TRUE,TRUE,0.0428632209346085,0.0438089729087437,0.0143848242415783,20,20,32,0,0,,,,,0,93,66,61,0,0,61,19.44,,
"constrained-tmlr-revision-2026-08-13","full",TRUE,16,"aligned",17,0.05,0.05,"stochastic","precomputed_exact_table","iid",202893700,202893722,100,25000,"certified","bounds-met",TRUE,61,61,62,62,62,0,62,0,TRUE,0.957136779065392,0.0428632209346085,0.042863220934612,TRUE,TRUE,TRUE,0.0428632209346085,0.0438089729087437,0.0143848242415783,20,20,32,0,0,,,,,0,93,66,61,0,0,61,17.36,,
"constrained-tmlr-revision-2026-08-13","full",TRUE,16,"aligned",17,0.1,0.05,"exact","precomputed_exact_table","exact",202893700,202893731,,25000,"certified","bounds-met",TRUE,58,58,40,40,40,0,40,0,TRUE,0.907468074556031,0.0925319254439695,0.0925319254439709,TRUE,TRUE,TRUE,0.0925319254439695,0.0970968930145296,0.016040351795099,19,19,32,0,0,,,,,0,90,64,58,0,0,58,20.31,,
"constrained-tmlr-revision-2026-08-13","full",TRUE,16,"aligned",17,0.1,0.05,"stochastic","precomputed_exact_table","iid",202893700,202893732,100,25000,"certified","bounds-met",TRUE,58,58,40,40,40,0,40,0,TRUE,0.907468074556031,0.0925319254439695,0.0925319254439755,TRUE,TRUE,TRUE,0.0925319254439695,0.0970968930145296,0.016040351795099,19,19,32,0,0,,,,,0,90,64,58,0,0,58,18.11,,
"constrained-tmlr-revision-2026-08-13","full",TRUE,16,"aligned",17,0.2,0.05,"exact","precomputed_exact_table","exact",202893700,202893741,,25000,"certified","bounds-met",TRUE,19,19,10,10,10,0,10,0,TRUE,0.827994976996425,0.172005023003575,0.172005023003575,TRUE,TRUE,TRUE,0.172005023003575,0.188748191044716,0.0355483512197298,6,6,32,0,0,,,,,0,51,38,19,0,0,19,4.69,,
"constrained-tmlr-revision-2026-08-13","full",TRUE,16,"aligned",17,0.2,0.05,"stochastic","precomputed_exact_table","iid",202893700,202893742,100,25000,"certified","bounds-met",TRUE,19,19,10,10,10,0,10,0,TRUE,0.827994976996425,0.172005023003575,0.172005023003585,TRUE,TRUE,TRUE,0.172005023003575,0.188748191044716,0.0355483512197298,6,6,32,0,0,,,,,0,51,38,19,0,0,19,6.04999999999995,,
"constrained-tmlr-revision-2026-08-13","full",TRUE,16,"aligned",18,0.01,0.05,"exact","precomputed_exact_table","exact",202893800,202893811,,25000,"certified","bounds-met",TRUE,109,109,169,169,169,0,169,0,TRUE,0.990317686988194,0.00968231301180589,0.00968231301180211,TRUE,TRUE,TRUE,0.00968231301180589,0.00972949138192322,0.00267833304743142,36,36,32,0,0,,,,,0,141,98,109,0,0,109,28.08,,
"constrained-tmlr-revision-2026-08-13","full",TRUE,16,"aligned",18,0.01,0.05,"stochastic","precomputed_exact_table","iid",202893800,202893812,100,25000,"certified","bounds-met",TRUE,109,109,169,169,169,0,169,0,TRUE,0.990317686988194,0.00968231301180589,0.0096823130118028,TRUE,TRUE,TRUE,0.00968231301180589,0.00972949138192322,0.00267833304743142,36,36,32,0,0,,,,,0,141,98,109,0,0,109,33.82,,
"constrained-tmlr-revision-2026-08-13","full",TRUE,16,"aligned",18,0.05,0.05,"exact","precomputed_exact_table","exact",202893800,202893821,,25000,"certified","bounds-met",TRUE,70,70,72,72,72,0,72,0,TRUE,0.954495239101782,0.0455047608982182,0.0455047608982149,TRUE,TRUE,TRUE,0.0455047608982182,0.0465726236739477,0.0124756990434334,23,23,32,0,0,,,,,0,102,72,70,0,0,70,21.45,,
"constrained-tmlr-revision-2026-08-13","full",TRUE,16,"aligned",18,0.05,0.05,"stochastic","precomputed_exact_table","iid",202893800,202893822,100,25000,"certified","bounds-met",TRUE,70,70,72,72,72,0,72,0,TRUE,0.954495239101782,0.0455047608982182,0.0455047608982169,TRUE,TRUE,TRUE,0.0455047608982182,0.0465726236739477,0.0124756990434334,23,23,32,0,0,,,,,0,102,72,70,0,0,70,24.42,,
"constrained-tmlr-revision-2026-08-13","full",TRUE,16,"aligned",18,0.1,0.05,"exact","precomputed_exact_table","exact",202893800,202893831,,25000,"certified","bounds-met",TRUE,43,43,41,41,41,0,41,0,TRUE,0.90129888936745,0.09870111063255,0.0987011106325468,TRUE,TRUE,TRUE,0.09870111063255,0.103918345676773,0.0263427456809321,14,14,32,0,0,,,,,0,75,54,43,0,0,43,9.68000000000001,,
"constrained-tmlr-revision-2026-08-13","full",TRUE,16,"aligned",18,0.1,0.05,"stochastic","precomputed_exact_table","iid",202893800,202893832,100,25000,"certified","bounds-met",TRUE,43,43,41,41,41,0,41,0,TRUE,0.90129888936745,0.09870111063255,0.0987011106325538,TRUE,TRUE,TRUE,0.09870111063255,0.103918345676773,0.0263427456809321,14,14,32,0,0,,,,,0,75,54,43,0,0,43,12.52,,
"constrained-tmlr-revision-2026-08-13","full",TRUE,16,"aligned",18,0.2,0.05,"exact","precomputed_exact_table","exact",202893800,202893841,,25000,"certified","bounds-met",TRUE,40,40,20,20,20,0,20,0,TRUE,0.801072575875624,0.198927424124376,0.198927424124373,TRUE,TRUE,TRUE,0.198927424124376,0.22180372943201,0.0930215828589175,13,13,32,0,0,,,,,0,72,52,40,0,0,40,12.6,,
"constrained-tmlr-revision-2026-08-13","full",TRUE,16,"aligned",18,0.2,0.05,"stochastic","precomputed_exact_table","iid",202893800,202893842,100,25000,"certified","bounds-met",TRUE,40,40,20,20,20,0,20,0,TRUE,0.801072575875624,0.198927424124376,0.198927424124384,TRUE,TRUE,TRUE,0.198927424124376,0.22180372943201,0.0930215828589175,13,13,32,0,0,,,,,0,72,52,40,0,0,40,10.14,,
"constrained-tmlr-revision-2026-08-13","full",TRUE,16,"aligned",19,0.01,0.05,"exact","precomputed_exact_table","exact",202893900,202893911,,25000,"certified","bounds-met",TRUE,112,112,147,147,147,0,147,0,TRUE,0.990082201308404,0.00991779869159648,0.00991779869160215,TRUE,TRUE,TRUE,0.00991779869159648,0.00996730767578597,0.00275336379271542,37,37,32,0,0,,,,,0,144,100,112,0,0,112,30.12,,
"constrained-tmlr-revision-2026-08-13","full",TRUE,16,"aligned",19,0.01,0.05,"stochastic","precomputed_exact_table","iid",202893900,202893912,100,25000,"certified","bounds-met",TRUE,112,112,147,147,147,0,147,0,TRUE,0.990082201308404,0.00991779869159648,0.00991779869160286,TRUE,TRUE,TRUE,0.00991779869159648,0.00996730767578597,0.00275336379271542,37,37,32,0,0,,,,,0,144,100,112,0,0,112,32.74,,
"constrained-tmlr-revision-2026-08-13","full",TRUE,16,"aligned",19,0.05,0.05,"exact","precomputed_exact_table","exact",202893900,202893921,,25000,"certified","bounds-met",TRUE,61,61,62,62,62,0,62,0,TRUE,0.951355100493306,0.048644899506694,0.0486448995066991,TRUE,TRUE,TRUE,0.048644899506694,0.0498678891884973,0.0164239768276605,20,20,32,0,0,,,,,0,93,66,61,0,0,61,19.22,,
"constrained-tmlr-revision-2026-08-13","full",TRUE,16,"aligned",19,0.05,0.05,"stochastic","precomputed_exact_table","iid",202893900,202893922,100,25000,"certified","bounds-met",TRUE,61,61,62,62,62,0,62,0,TRUE,0.951355100493306,0.048644899506694,0.0486448995067026,TRUE,TRUE,TRUE,0.048644899506694,0.0498678891884973,0.0164239768276605,20,20,32,0,0,,,,,0,93,66,61,0,0,61,17.95,,
"constrained-tmlr-revision-2026-08-13","full",TRUE,16,"aligned",19,0.1,0.05,"exact","precomputed_exact_table","exact",202893900,202893931,,25000,"certified","bounds-met",TRUE,49,49,40,40,40,0,40,0,TRUE,0.905710970246658,0.0942890297533423,0.0942890297533479,TRUE,TRUE,TRUE,0.0942890297533423,0.0990350412238246,0.0312183621116965,16,16,32,0,0,,,,,0,81,58,49,0,0,49,12.93,,
"constrained-tmlr-revision-2026-08-13","full",TRUE,16,"aligned",19,0.1,0.05,"stochastic","precomputed_exact_table","iid",202893900,202893932,100,25000,"certified","bounds-met",TRUE,49,49,40,40,40,0,40,0,TRUE,0.905710970246658,0.0942890297533423,0.0942890297533533,TRUE,TRUE,TRUE,0.0942890297533423,0.0990350412238246,0.0312183621116965,16,16,32,0,0,,,,,0,81,58,49,0,0,49,13.34,,
"constrained-tmlr-revision-2026-08-13","full",TRUE,16,"aligned",19,0.2,0.05,"exact","precomputed_exact_table","exact",202893900,202893941,,25000,"certified","bounds-met",TRUE,19,19,10,10,10,0,10,0,TRUE,0.817005050708004,0.182994949291996,0.182994949292001,TRUE,TRUE,TRUE,0.182994949291996,0.202110002124102,0.0363406080919838,6,6,32,0,0,,,,,0,51,38,19,0,0,19,5.08000000000001,,
"constrained-tmlr-revision-2026-08-13","full",TRUE,16,"aligned",19,0.2,0.05,"stochastic","precomputed_exact_table","iid",202893900,202893942,100,25000,"certified","bounds-met",TRUE,19,19,10,10,10,0,10,0,TRUE,0.817005050708004,0.182994949291996,0.182994949292014,TRUE,TRUE,TRUE,0.182994949291996,0.202110002124102,0.0363406080919838,6,6,32,0,0,,,,,0,51,38,19,0,0,19,4.53999999999996,,
"constrained-tmlr-revision-2026-08-13","full",TRUE,16,"aligned",20,0.01,0.05,"exact","precomputed_exact_table","exact",202894000,202894011,,25000,"certified","bounds-met",TRUE,160,160,228,228,228,0,228,0,TRUE,0.990578638328881,0.00942136167111896,0.00942136167112574,TRUE,TRUE,TRUE,0.00942136167111896,0.00946602343676999,0.00305356966885227,53,53,32,0,0,,,,,0,192,130,160,0,0,160,47.09,,
"constrained-tmlr-revision-2026-08-13","full",TRUE,16,"aligned",20,0.01,0.05,"stochastic","precomputed_exact_table","iid",202894000,202894012,100,25000,"certified","bounds-met",TRUE,160,160,228,228,228,0,228,0,TRUE,0.990578638328881,0.00942136167111896,0.00942136167112615,TRUE,TRUE,TRUE,0.00942136167111896,0.00946602343676999,0.00305356966885227,53,53,32,0,0,,,,,0,192,130,160,0,0,160,48.19,,
"constrained-tmlr-revision-2026-08-13","full",TRUE,16,"aligned",20,0.05,0.05,"exact","precomputed_exact_table","exact",202894000,202894021,,25000,"certified","bounds-met",TRUE,82,82,92,92,92,0,92,0,TRUE,0.955816083953087,0.0441839160469127,0.0441839160469195,TRUE,TRUE,TRUE,0.0441839160469127,0.045189765240506,0.016941261877959,27,27,32,0,0,,,,,0,114,79,82,0,0,82,22.02,,
"constrained-tmlr-revision-2026-08-13","full",TRUE,16,"aligned",20,0.05,0.05,"stochastic","precomputed_exact_table","iid",202894000,202894022,100,25000,"certified","bounds-met",TRUE,82,82,92,92,92,0,92,0,TRUE,0.955816083953087,0.0441839160469127,0.0441839160469214,TRUE,TRUE,TRUE,0.0441839160469127,0.045189765240506,0.016941261877959,27,27,32,0,0,,,,,0,114,79,82,0,0,82,22.98,,
"constrained-tmlr-revision-2026-08-13","full",TRUE,16,"aligned",20,0.1,0.05,"exact","precomputed_exact_table","exact",202894000,202894031,,25000,"certified","bounds-met",TRUE,73,73,59,59,59,0,59,0,TRUE,0.902288005522402,0.0977119944775984,0.0977119944776055,TRUE,TRUE,TRUE,0.0977119944775984,0.102821513295792,0.0162949583774153,24,24,32,0,0,,,,,0,105,72,73,0,0,73,29.61,,
"constrained-tmlr-revision-2026-08-13","full",TRUE,16,"aligned",20,0.1,0.05,"stochastic","precomputed_exact_table","iid",202894000,202894032,100,25000,"certified","bounds-met",TRUE,73,73,59,59,59,0,59,0,TRUE,0.902288005522402,0.0977119944775984,0.0977119944776097,TRUE,TRUE,TRUE,0.0977119944775984,0.102821513295792,0.0162949583774153,24,24,32,0,0,,,,,0,105,72,73,0,0,73,20.75,,
"constrained-tmlr-revision-2026-08-13","full",TRUE,16,"aligned",20,0.2,0.05,"exact","precomputed_exact_table","exact",202894000,202894041,,25000,"certified","bounds-met",TRUE,43,43,30,30,30,0,30,0,TRUE,0.835980377252156,0.164019622747844,0.16401962274785,TRUE,TRUE,TRUE,0.164019622747844,0.179150138359327,0.0585451911068839,14,14,32,0,0,,,,,0,75,53,43,0,0,43,14.91,,
"constrained-tmlr-revision-2026-08-13","full",TRUE,16,"aligned",20,0.2,0.05,"stochastic","precomputed_exact_table","iid",202894000,202894042,100,25000,"certified","bounds-met",TRUE,43,43,30,30,30,0,30,0,TRUE,0.835980377252156,0.164019622747844,0.164019622747857,TRUE,TRUE,TRUE,0.164019622747844,0.179150138359327,0.0585451911068839,14,14,32,0,0,,,,,0,75,53,43,0,0,43,9.05000000000001,,
"constrained-tmlr-revision-2026-08-13","full",TRUE,16,"aligned",21,0.01,0.05,"exact","precomputed_exact_table","exact",202894100,202894111,,25000,"certified","bounds-met",TRUE,112,112,125,125,125,0,125,0,TRUE,0.990829319115046,0.00917068088495432,0.00917068088495938,TRUE,TRUE,TRUE,0.00917068088495432,0.00921299044923165,0.00230243503065646,37,37,32,0,0,,,,,0,144,100,112,0,0,112,29.42,,
"constrained-tmlr-revision-2026-08-13","full",TRUE,16,"aligned",21,0.01,0.05,"stochastic","precomputed_exact_table","iid",202894100,202894112,100,25000,"certified","bounds-met",TRUE,112,112,125,125,125,0,125,0,TRUE,0.990829319115046,0.00917068088495432,0.00917068088496029,TRUE,TRUE,TRUE,0.00917068088495432,0.00921299044923165,0.00230243503065646,37,37,32,0,0,,,,,0,144,100,112,0,0,112,36.77,,
"constrained-tmlr-revision-2026-08-13","full",TRUE,16,"aligned",21,0.05,0.05,"exact","precomputed_exact_table","exact",202894100,202894121,,25000,"certified","bounds-met",TRUE,61,61,62,62,62,0,62,0,TRUE,0.965149481225967,0.0348505187740334,0.0348505187740383,TRUE,TRUE,TRUE,0.0348505187740334,0.0354722868145191,0.0125142879834822,20,20,32,0,0,,,,,0,93,66,61,0,0,61,19.14,,
"constrained-tmlr-revision-2026-08-13","full",TRUE,16,"aligned",21,0.05,0.05,"stochastic","precomputed_exact_table","iid",202894100,202894122,100,25000,"certified","bounds-met",TRUE,61,61,62,62,62,0,62,0,TRUE,0.965149481225967,0.0348505187740334,0.0348505187740423,TRUE,TRUE,TRUE,0.0348505187740334,0.0354722868145191,0.0125142879834822,20,20,32,0,0,,,,,0,93,66,61,0,0,61,18.26,,
"constrained-tmlr-revision-2026-08-13","full",TRUE,16,"aligned",21,0.1,0.05,"exact","precomputed_exact_table","exact",202894100,202894131,,25000,"certified","bounds-met",TRUE,49,49,40,40,40,0,40,0,TRUE,0.920002461190893,0.0799975388091074,0.0799975388091112,TRUE,TRUE,TRUE,0.0799975388091074,0.0833789337351375,0.0160493997469915,16,16,32,0,0,,,,,0,81,58,49,0,0,49,13.34,,
"constrained-tmlr-revision-2026-08-13","full",TRUE,16,"aligned",21,0.1,0.05,"stochastic","precomputed_exact_table","iid",202894100,202894132,100,25000,"certified","bounds-met",TRUE,49,49,40,40,40,0,40,0,TRUE,0.920002461190893,0.0799975388091074,0.0799975388091214,TRUE,TRUE,TRUE,0.0799975388091074,0.0833789337351375,0.0160493997469915,16,16,32,0,0,,,,,0,81,58,49,0,0,49,15.88,,
"constrained-tmlr-revision-2026-08-13","full",TRUE,16,"aligned",21,0.2,0.05,"exact","precomputed_exact_table","exact",202894100,202894141,,25000,"certified","bounds-met",TRUE,19,19,10,10,10,0,10,0,TRUE,0.829824751428624,0.170175248571376,0.170175248571381,TRUE,TRUE,TRUE,0.170175248571376,0.186540743342365,0.0344675188933755,6,6,32,0,0,,,,,0,51,38,19,0,0,19,6.78,,
"constrained-tmlr-revision-2026-08-13","full",TRUE,16,"aligned",21,0.2,0.05,"stochastic","precomputed_exact_table","iid",202894100,202894142,100,25000,"certified","bounds-met",TRUE,19,19,10,10,10,0,10,0,TRUE,0.829824751428624,0.170175248571376,0.170175248571396,TRUE,TRUE,TRUE,0.170175248571376,0.186540743342365,0.0344675188933755,6,6,32,0,0,,,,,0,51,38,19,0,0,19,3.85000000000002,,
"constrained-tmlr-revision-2026-08-13","full",TRUE,16,"aligned",22,0.01,0.05,"exact","precomputed_exact_table","exact",202894200,202894211,,25000,"certified","bounds-met",TRUE,118,118,151,151,151,0,151,0,TRUE,0.990351708447131,0.00964829155286895,0.00964829155287064,TRUE,TRUE,TRUE,0.00964829155286895,0.00969513788606097,0.00279460723590157,39,39,32,0,0,,,,,0,150,104,118,0,0,118,34.15,,
"constrained-tmlr-revision-2026-08-13","full",TRUE,16,"aligned",22,0.01,0.05,"stochastic","precomputed_exact_table","iid",202894200,202894212,100,25000,"certified","bounds-met",TRUE,118,118,151,151,151,0,151,0,TRUE,0.990351708447131,0.00964829155286895,0.00964829155287119,TRUE,TRUE,TRUE,0.00964829155286895,0.00969513788606097,0.00279460723590157,39,39,32,0,0,,,,,0,150,104,118,0,0,118,39.64,,
"constrained-tmlr-revision-2026-08-13","full",TRUE,16,"aligned",22,0.05,0.05,"exact","precomputed_exact_table","exact",202894200,202894221,,25000,"certified","bounds-met",TRUE,64,64,62,62,62,0,62,0,TRUE,0.958382254852999,0.0416177451470009,0.0416177451470024,TRUE,TRUE,TRUE,0.0416177451470009,0.0425085671794685,0.0124795194312458,21,21,32,0,0,,,,,0,96,68,64,0,0,64,20.61,,
"constrained-tmlr-revision-2026-08-13","full",TRUE,16,"aligned",22,0.05,0.05,"stochastic","precomputed_exact_table","iid",202894200,202894222,100,25000,"certified","bounds-met",TRUE,64,64,62,62,62,0,62,0,TRUE,0.958382254852999,0.0416177451470009,0.0416177451470048,TRUE,TRUE,TRUE,0.0416177451470009,0.0425085671794685,0.0124795194312458,21,21,32,0,0,,,,,0,96,68,64,0,0,64,17.81,,
"constrained-tmlr-revision-2026-08-13","full",TRUE,16,"aligned",22,0.1,0.05,"exact","precomputed_exact_table","exact",202894200,202894231,,25000,"certified","bounds-met",TRUE,58,58,41,41,41,0,41,0,TRUE,0.906836783372351,0.0931632166276494,0.0931632166276516,TRUE,TRUE,TRUE,0.0931632166276494,0.0977927972407661,0.0191359876407444,19,19,32,0,0,,,,,0,90,64,58,0,0,58,21.85,,
"constrained-tmlr-revision-2026-08-13","full",TRUE,16,"aligned",22,0.1,0.05,"stochastic","precomputed_exact_table","iid",202894200,202894232,100,25000,"certified","bounds-met",TRUE,58,58,41,41,41,0,41,0,TRUE,0.906836783372351,0.0931632166276494,0.0931632166276569,TRUE,TRUE,TRUE,0.0931632166276494,0.0977927972407661,0.0191359876407444,19,19,32,0,0,,,,,0,90,64,58,0,0,58,19.96,,
"constrained-tmlr-revision-2026-08-13","full",TRUE,16,"aligned",22,0.2,0.05,"exact","precomputed_exact_table","exact",202894200,202894241,,25000,"certified","bounds-met",TRUE,49,49,20,20,20,0,20,0,TRUE,0.816129501750753,0.183870498249247,0.183870498249247,TRUE,TRUE,TRUE,0.183870498249247,0.203182233484116,0.0419274407259122,16,16,32,0,0,,,,,0,81,58,49,0,0,49,13.42,,
"constrained-tmlr-revision-2026-08-13","full",TRUE,16,"aligned",22,0.2,0.05,"stochastic","precomputed_exact_table","iid",202894200,202894242,100,25000,"certified","bounds-met",TRUE,49,49,20,20,20,0,20,0,TRUE,0.816129501750753,0.183870498249247,0.183870498249257,TRUE,TRUE,TRUE,0.183870498249247,0.203182233484116,0.0419274407259122,16,16,32,0,0,,,,,0,81,58,49,0,0,49,11.97,,
"constrained-tmlr-revision-2026-08-13","full",TRUE,16,"aligned",23,0.01,0.05,"exact","precomputed_exact_table","exact",202894300,202894311,,25000,"certified","bounds-met",TRUE,82,82,159,159,159,0,159,0,TRUE,0.990069089054885,0.009930910945115,0.00993091094511339,TRUE,TRUE,TRUE,0.009930910945115,0.00998055136436928,0.0031283580230395,27,27,32,0,0,,,,,0,114,80,82,0,0,82,24.33,,
"constrained-tmlr-revision-2026-08-13","full",TRUE,16,"aligned",23,0.01,0.05,"stochastic","precomputed_exact_table","iid",202894300,202894312,100,25000,"certified","bounds-met",TRUE,82,82,159,159,159,0,159,0,TRUE,0.990069089054885,0.009930910945115,0.00993091094511381,TRUE,TRUE,TRUE,0.009930910945115,0.00998055136436928,0.0031283580230395,27,27,32,0,0,,,,,0,114,80,82,0,0,82,23.85,,
"constrained-tmlr-revision-2026-08-13","full",TRUE,16,"aligned",23,0.05,0.05,"exact","precomputed_exact_table","exact",202894300,202894321,,25000,"certified","bounds-met",TRUE,61,61,62,62,62,0,62,0,TRUE,0.95545411034755,0.0445458896524501,0.0445458896524481,TRUE,TRUE,TRUE,0.0445458896524501,0.0455685433022835,0.0146250245673173,20,20,32,0,0,,,,,0,93,66,61,0,0,61,17.62,,
"constrained-tmlr-revision-2026-08-13","full",TRUE,16,"aligned",23,0.05,0.05,"stochastic","precomputed_exact_table","iid",202894300,202894322,100,25000,"certified","bounds-met",TRUE,61,61,62,62,62,0,62,0,TRUE,0.95545411034755,0.0445458896524501,0.0445458896524507,TRUE,TRUE,TRUE,0.0445458896524501,0.0455685433022835,0.0146250245673173,20,20,32,0,0,,,,,0,93,66,61,0,0,61,16.25,,
"constrained-tmlr-revision-2026-08-13","full",TRUE,16,"aligned",23,0.1,0.05,"exact","precomputed_exact_table","exact",202894300,202894331,,25000,"certified","bounds-met",TRUE,46,46,41,41,41,0,41,0,TRUE,0.907446907423805,0.0925530925761953,0.0925530925761932,TRUE,TRUE,TRUE,0.0925530925761953,0.0971202187707627,0.0275201390311091,15,15,32,0,0,,,,,0,78,56,46,0,0,46,12.31,,
"constrained-tmlr-revision-2026-08-13","full",TRUE,16,"aligned",23,0.1,0.05,"stochastic","precomputed_exact_table","iid",202894300,202894332,100,25000,"certified","bounds-met",TRUE,46,46,41,41,41,0,41,0,TRUE,0.907446907423805,0.0925530925761953,0.0925530925761984,TRUE,TRUE,TRUE,0.0925530925761953,0.0971202187707627,0.0275201390311091,15,15,32,0,0,,,,,0,78,56,46,0,0,46,14.36,,
"constrained-tmlr-revision-2026-08-13","full",TRUE,16,"aligned",23,0.2,0.05,"exact","precomputed_exact_table","exact",202894300,202894341,,25000,"certified","bounds-met",TRUE,43,43,20,20,20,0,20,0,TRUE,0.820729278602566,0.179270721397434,0.179270721397433,TRUE,TRUE,TRUE,0.179270721397434,0.197561969824333,0.0388049879642598,14,14,32,0,0,,,,,0,75,54,43,0,0,43,11.59,,
"constrained-tmlr-revision-2026-08-13","full",TRUE,16,"aligned",23,0.2,0.05,"stochastic","precomputed_exact_table","iid",202894300,202894342,100,25000,"certified","bounds-met",TRUE,43,43,20,20,20,0,20,0,TRUE,0.820729278602566,0.179270721397434,0.179270721397441,TRUE,TRUE,TRUE,0.179270721397434,0.197561969824333,0.0388049879642598,14,14,32,0,0,,,,,0,75,54,43,0,0,43,11.45,,
"constrained-tmlr-revision-2026-08-13","full",TRUE,16,"aligned",24,0.01,0.05,"exact","precomputed_exact_table","exact",202894400,202894411,,25000,"certified","bounds-met",TRUE,106,106,147,147,147,0,147,0,TRUE,0.990571117279372,0.00942888272062803,0.00942888272063169,TRUE,TRUE,TRUE,0.00942888272062803,0.00947361604756362,0.00274976581806993,35,35,32,0,0,,,,,0,138,96,106,0,0,106,35.17,,
"constrained-tmlr-revision-2026-08-13","full",TRUE,16,"aligned",24,0.01,0.05,"stochastic","precomputed_exact_table","iid",202894400,202894412,100,25000,"certified","bounds-met",TRUE,106,106,147,147,147,0,147,0,TRUE,0.990571117279372,0.00942888272062803,0.00942888272063242,TRUE,TRUE,TRUE,0.00942888272062803,0.00947361604756362,0.00274976581806993,35,35,32,0,0,,,,,0,138,96,106,0,0,106,34.69,,
"constrained-tmlr-revision-2026-08-13","full",TRUE,16,"aligned",24,0.05,0.05,"exact","precomputed_exact_table","exact",202894400,202894421,,25000,"certified","bounds-met",TRUE,61,61,62,62,62,0,62,0,TRUE,0.961910856032024,0.0380891439679765,0.03808914396798,TRUE,TRUE,TRUE,0.0380891439679765,0.0388334978574966,0.0127552146342987,20,20,32,0,0,,,,,0,93,66,61,0,0,61,17.89,,
"constrained-tmlr-revision-2026-08-13","full",TRUE,16,"aligned",24,0.05,0.05,"stochastic","precomputed_exact_table","iid",202894400,202894422,100,25000,"certified","bounds-met",TRUE,61,61,62,62,62,0,62,0,TRUE,0.961910856032024,0.0380891439679765,0.0380891439679833,TRUE,TRUE,TRUE,0.0380891439679765,0.0388334978574966,0.0127552146342987,20,20,32,0,0,,,,,0,93,66,61,0,0,61,19.22,,
"constrained-tmlr-revision-2026-08-13","full",TRUE,16,"aligned",24,0.1,0.05,"exact","precomputed_exact_table","exact",202894400,202894431,,25000,"certified","bounds-met",TRUE,46,46,40,40,40,0,40,0,TRUE,0.903987290447624,0.0960127095523758,0.0960127095523791,TRUE,TRUE,TRUE,0.0960127095523758,0.100939977928146,0.0196904965055196,15,15,32,0,0,,,,,0,78,56,46,0,0,46,15.97,,
"constrained-tmlr-revision-2026-08-13","full",TRUE,16,"aligned",24,0.1,0.05,"stochastic","precomputed_exact_table","iid",202894400,202894432,100,25000,"certified","bounds-met",TRUE,46,46,40,40,40,0,40,0,TRUE,0.903987290447624,0.0960127095523758,0.0960127095523866,TRUE,TRUE,TRUE,0.0960127095523758,0.100939977928146,0.0196904965055196,15,15,32,0,0,,,,,0,78,56,46,0,0,46,11.51,,
"constrained-tmlr-revision-2026-08-13","full",TRUE,16,"aligned",24,0.2,0.05,"exact","precomputed_exact_table","exact",202894400,202894441,,25000,"certified","bounds-met",TRUE,19,19,10,10,10,0,10,0,TRUE,0.80914861500438,0.19085138499562,0.190851384995625,TRUE,TRUE,TRUE,0.19085138499562,0.211772676688037,0.0356717188670123,6,6,32,0,0,,,,,0,51,38,19,0,0,19,3.72,,
"constrained-tmlr-revision-2026-08-13","full",TRUE,16,"aligned",24,0.2,0.05,"stochastic","precomputed_exact_table","iid",202894400,202894442,100,25000,"certified","bounds-met",TRUE,19,19,10,10,10,0,10,0,TRUE,0.80914861500438,0.19085138499562,0.190851384995636,TRUE,TRUE,TRUE,0.19085138499562,0.211772676688037,0.0356717188670123,6,6,32,0,0,,,,,0,51,38,19,0,0,19,5.88999999999999,,
"constrained-tmlr-revision-2026-08-13","full",TRUE,16,"aligned",25,0.01,0.05,"exact","precomputed_exact_table","exact",202894500,202894511,,25000,"certified","bounds-met",TRUE,139,139,214,214,214,0,214,0,TRUE,0.990054883684558,0.00994511631544215,0.00994511631544122,TRUE,TRUE,TRUE,0.00994511631544215,0.00999489932492423,0.00300433680218517,46,46,32,0,0,,,,,0,171,118,139,0,0,139,50.36,,
"constrained-tmlr-revision-2026-08-13","full",TRUE,16,"aligned",25,0.01,0.05,"stochastic","precomputed_exact_table","iid",202894500,202894512,100,25000,"certified","bounds-met",TRUE,139,139,214,214,214,0,214,0,TRUE,0.990054883684558,0.00994511631544215,0.00994511631544193,TRUE,TRUE,TRUE,0.00994511631544215,0.00999489932492423,0.00300433680218517,46,46,32,0,0,,,,,0,171,118,139,0,0,139,49.31,,
"constrained-tmlr-revision-2026-08-13","full",TRUE,16,"aligned",25,0.05,0.05,"exact","precomputed_exact_table","exact",202894500,202894521,,25000,"certified","bounds-met",TRUE,70,70,94,94,94,0,94,0,TRUE,0.952081838021794,0.0479181619782064,0.0479181619782054,TRUE,TRUE,TRUE,0.0479181619782064,0.0491042835768845,0.0210513400412251,23,23,32,0,0,,,,,0,102,72,70,0,0,70,21.5,,
"constrained-tmlr-revision-2026-08-13","full",TRUE,16,"aligned",25,0.05,0.05,"stochastic","precomputed_exact_table","iid",202894500,202894522,100,25000,"certified","bounds-met",TRUE,70,70,94,94,94,0,94,0,TRUE,0.952081838021794,0.0479181619782064,0.0479181619782095,TRUE,TRUE,TRUE,0.0479181619782064,0.0491042835768845,0.0210513400412251,23,23,32,0,0,,,,,0,102,72,70,0,0,70,21.44,,
"constrained-tmlr-revision-2026-08-13","full",TRUE,16,"aligned",25,0.1,0.05,"exact","precomputed_exact_table","exact",202894500,202894531,,25000,"certified","bounds-met",TRUE,64,64,62,62,62,0,62,0,TRUE,0.908935568205413,0.0910644317945875,0.0910644317945859,TRUE,TRUE,TRUE,0.0910644317945875,0.0954810693791627,0.0350306520652488,21,21,32,0,0,,,,,0,96,68,64,0,0,64,18.18,,
"constrained-tmlr-revision-2026-08-13","full",TRUE,16,"aligned",25,0.1,0.05,"stochastic","precomputed_exact_table","iid",202894500,202894532,100,25000,"certified","bounds-met",TRUE,64,64,62,62,62,0,62,0,TRUE,0.908935568205413,0.0910644317945875,0.0910644317945924,TRUE,TRUE,TRUE,0.0910644317945875,0.0954810693791627,0.0350306520652488,21,21,32,0,0,,,,,0,96,68,64,0,0,64,20.4,,
"constrained-tmlr-revision-2026-08-13","full",TRUE,16,"aligned",25,0.2,0.05,"exact","precomputed_exact_table","exact",202894500,202894541,,25000,"certified","bounds-met",TRUE,22,22,20,20,20,0,20,0,TRUE,0.811792463855304,0.188207536144696,0.188207536144696,TRUE,TRUE,TRUE,0.188207536144696,0.208510557873319,0.0387312861341809,7,7,32,0,0,,,,,0,54,40,22,0,0,22,4.54000000000002,,
"constrained-tmlr-revision-2026-08-13","full",TRUE,16,"aligned",25,0.2,0.05,"stochastic","precomputed_exact_table","iid",202894500,202894542,100,25000,"certified","bounds-met",TRUE,22,22,20,20,20,0,20,0,TRUE,0.811792463855304,0.188207536144696,0.188207536144707,TRUE,TRUE,TRUE,0.188207536144696,0.208510557873319,0.0387312861341809,7,7,32,0,0,,,,,0,54,40,22,0,0,22,3.62,,
"constrained-tmlr-revision-2026-08-13","full",TRUE,16,"aligned",26,0.01,0.05,"exact","precomputed_exact_table","exact",202894600,202894611,,25000,"certified","bounds-met",TRUE,106,106,136,136,136,0,136,0,TRUE,0.990532872164159,0.00946712783584103,0.0094671278358361,TRUE,TRUE,TRUE,0.00946712783584103,0.00951222594933711,0.00246166921057761,35,35,32,0,0,,,,,0,138,96,106,0,0,106,34.68,,
"constrained-tmlr-revision-2026-08-13","full",TRUE,16,"aligned",26,0.01,0.05,"stochastic","precomputed_exact_table","iid",202894600,202894612,100,25000,"certified","bounds-met",TRUE,106,106,136,136,136,0,136,0,TRUE,0.990532872164159,0.00946712783584103,0.00946712783583691,TRUE,TRUE,TRUE,0.00946712783584103,0.00951222594933711,0.00246166921057761,35,35,32,0,0,,,,,0,138,96,106,0,0,106,35.91,,
"constrained-tmlr-revision-2026-08-13","full",TRUE,16,"aligned",26,0.05,0.05,"exact","precomputed_exact_table","exact",202894600,202894621,,25000,"certified","bounds-met",TRUE,61,61,62,62,62,0,62,0,TRUE,0.962566537761083,0.0374334622389166,0.0374334622389118,TRUE,TRUE,TRUE,0.0374334622389166,0.0381520850681906,0.0126709387016538,20,20,32,0,0,,,,,0,93,66,61,0,0,61,17.74,,
"constrained-tmlr-revision-2026-08-13","full",TRUE,16,"aligned",26,0.05,0.05,"stochastic","precomputed_exact_table","iid",202894600,202894622,100,25000,"certified","bounds-met",TRUE,61,61,62,62,62,0,62,0,TRUE,0.962566537761083,0.0374334622389166,0.037433462238915,TRUE,TRUE,TRUE,0.0374334622389166,0.0381520850681906,0.0126709387016538,20,20,32,0,0,,,,,0,93,66,61,0,0,61,21.89,,
"constrained-tmlr-revision-2026-08-13","full",TRUE,16,"aligned",26,0.1,0.05,"exact","precomputed_exact_table","exact",202894600,202894631,,25000,"certified","bounds-met",TRUE,49,49,40,40,40,0,40,0,TRUE,0.918709029247328,0.081290970752672,0.0812909707526676,TRUE,TRUE,TRUE,0.081290970752672,0.0847858234659471,0.0152217778059534,16,16,32,0,0,,,,,0,81,58,49,0,0,49,14.19,,
"constrained-tmlr-revision-2026-08-13","full",TRUE,16,"aligned",26,0.1,0.05,"stochastic","precomputed_exact_table","iid",202894600,202894632,100,25000,"certified","bounds-met",TRUE,49,49,40,40,40,0,40,0,TRUE,0.918709029247328,0.081290970752672,0.0812909707526746,TRUE,TRUE,TRUE,0.081290970752672,0.0847858234659471,0.0152217778059534,16,16,32,0,0,,,,,0,81,58,49,0,0,49,12.15,,
"constrained-tmlr-revision-2026-08-13","full",TRUE,16,"aligned",26,0.2,0.05,"exact","precomputed_exact_table","exact",202894600,202894641,,25000,"certified","bounds-met",TRUE,19,19,10,10,10,0,10,0,TRUE,0.815410293252085,0.184589706747915,0.184589706747911,TRUE,TRUE,TRUE,0.184589706747915,0.204063865115114,0.0353415173639224,6,6,32,0,0,,,,,0,51,38,19,0,0,19,3.75,,
"constrained-tmlr-revision-2026-08-13","full",TRUE,16,"aligned",26,0.2,0.05,"stochastic","precomputed_exact_table","iid",202894600,202894642,100,25000,"certified","bounds-met",TRUE,19,19,10,10,10,0,10,0,TRUE,0.815410293252085,0.184589706747915,0.184589706747924,TRUE,TRUE,TRUE,0.184589706747915,0.204063865115114,0.0353415173639224,6,6,32,0,0,,,,,0,51,38,19,0,0,19,4.85000000000002,,
"constrained-tmlr-revision-2026-08-13","full",TRUE,16,"aligned",27,0.01,0.05,"exact","precomputed_exact_table","exact",202894700,202894711,,25000,"certified","bounds-met",TRUE,112,112,147,147,147,0,147,0,TRUE,0.990280622241231,0.00971937775876852,0.00971937775876408,TRUE,TRUE,TRUE,0.00971937775876852,0.009766919210468,0.00279225943210794,37,37,32,0,0,,,,,0,144,100,112,0,0,112,36.6,,
"constrained-tmlr-revision-2026-08-13","full",TRUE,16,"aligned",27,0.01,0.05,"stochastic","precomputed_exact_table","iid",202894700,202894712,100,25000,"certified","bounds-met",TRUE,112,112,147,147,147,0,147,0,TRUE,0.990280622241231,0.00971937775876852,0.00971937775876505,TRUE,TRUE,TRUE,0.00971937775876852,0.009766919210468,0.00279225943210794,37,37,32,0,0,,,,,0,144,100,112,0,0,112,40.82,,
"constrained-tmlr-revision-2026-08-13","full",TRUE,16,"aligned",27,0.05,0.05,"exact","precomputed_exact_table","exact",202894700,202894721,,25000,"certified","bounds-met",TRUE,61,61,62,62,62,0,62,0,TRUE,0.958591284741439,0.0414087152585613,0.0414087152585575,TRUE,TRUE,TRUE,0.0414087152585613,0.0422904839509307,0.0145629916294967,20,20,32,0,0,,,,,0,93,66,61,0,0,61,20.08,,
"constrained-tmlr-revision-2026-08-13","full",TRUE,16,"aligned",27,0.05,0.05,"stochastic","precomputed_exact_table","iid",202894700,202894722,100,25000,"certified","bounds-met",TRUE,61,61,62,62,62,0,62,0,TRUE,0.958591284741439,0.0414087152585613,0.0414087152585611,TRUE,TRUE,TRUE,0.0414087152585613,0.0422904839509307,0.0145629916294967,20,20,32,0,0,,,,,0,93,66,61,0,0,61,25.9,,
"constrained-tmlr-revision-2026-08-13","full",TRUE,16,"aligned",27,0.1,0.05,"exact","precomputed_exact_table","exact",202894700,202894731,,25000,"certified","bounds-met",TRUE,55,55,40,40,40,0,40,0,TRUE,0.900047977199641,0.0999520228003586,0.0999520228003545,TRUE,TRUE,TRUE,0.0999520228003586,0.105307209079046,0.0279093096947177,18,18,32,0,0,,,,,0,87,62,55,0,0,55,18.58,,
"constrained-tmlr-revision-2026-08-13","full",TRUE,16,"aligned",27,0.1,0.05,"stochastic","precomputed_exact_table","iid",202894700,202894732,100,25000,"certified","bounds-met",TRUE,55,55,40,40,40,0,40,0,TRUE,0.900047977199641,0.0999520228003586,0.099952022800363,TRUE,TRUE,TRUE,0.0999520228003586,0.105307209079046,0.0279093096947177,18,18,32,0,0,,,,,0,87,62,55,0,0,55,16.96,,
"constrained-tmlr-revision-2026-08-13","full",TRUE,16,"aligned",27,0.2,0.05,"exact","precomputed_exact_table","exact",202894700,202894741,,25000,"certified","bounds-met",TRUE,19,19,10,10,10,0,10,0,TRUE,0.809108100335202,0.190891899664798,0.190891899664796,TRUE,TRUE,TRUE,0.190891899664798,0.211822748680698,0.0349813017984487,6,6,32,0,0,,,,,0,51,38,19,0,0,19,3.16999999999996,,
"constrained-tmlr-revision-2026-08-13","full",TRUE,16,"aligned",27,0.2,0.05,"stochastic","precomputed_exact_table","iid",202894700,202894742,100,25000,"certified","bounds-met",TRUE,19,19,10,10,10,0,10,0,TRUE,0.809108100335202,0.190891899664798,0.190891899664815,TRUE,TRUE,TRUE,0.190891899664798,0.211822748680698,0.0349813017984487,6,6,32,0,0,,,,,0,51,38,19,0,0,19,3.65000000000003,,
"constrained-tmlr-revision-2026-08-13","full",TRUE,16,"aligned",28,0.01,0.05,"exact","precomputed_exact_table","exact",202894800,202894811,,25000,"certified","bounds-met",TRUE,82,82,103,103,103,0,103,0,TRUE,0.99015394131822,0.00984605868178046,0.00984605868177784,TRUE,TRUE,TRUE,0.00984605868178046,0.0098948516607652,0.0022364074341848,27,27,32,0,0,,,,,0,114,80,82,0,0,82,27.1,,
"constrained-tmlr-revision-2026-08-13","full",TRUE,16,"aligned",28,0.01,0.05,"stochastic","precomputed_exact_table","iid",202894800,202894812,100,25000,"certified","bounds-met",TRUE,82,82,103,103,103,0,103,0,TRUE,0.99015394131822,0.00984605868178046,0.0098460586817784,TRUE,TRUE,TRUE,0.00984605868178046,0.0098948516607652,0.0022364074341848,27,27,32,0,0,,,,,0,114,80,82,0,0,82,24.75,,
"constrained-tmlr-revision-2026-08-13","full",TRUE,16,"aligned",28,0.05,0.05,"exact","precomputed_exact_table","exact",202894800,202894821,,25000,"certified","bounds-met",TRUE,61,61,62,62,62,0,62,0,TRUE,0.966611740165464,0.0333882598345356,0.0333882598345331,TRUE,TRUE,TRUE,0.0333882598345356,0.0339583738085133,0.012534296700732,20,20,32,0,0,,,,,0,93,66,61,0,0,61,15.34,,
"constrained-tmlr-revision-2026-08-13","full",TRUE,16,"aligned",28,0.05,0.05,"stochastic","precomputed_exact_table","iid",202894800,202894822,100,25000,"certified","bounds-met",TRUE,61,61,62,62,62,0,62,0,TRUE,0.966611740165464,0.0333882598345356,0.033388259834535,TRUE,TRUE,TRUE,0.0333882598345356,0.0339583738085133,0.012534296700732,20,20,32,0,0,,,,,0,93,66,61,0,0,61,23.71,,
"constrained-tmlr-revision-2026-08-13","full",TRUE,16,"aligned",28,0.1,0.05,"exact","precomputed_exact_table","exact",202894800,202894831,,25000,"certified","bounds-met",TRUE,58,58,40,40,40,0,40,0,TRUE,0.923088670256988,0.0769113297430115,0.0769113297430087,TRUE,TRUE,TRUE,0.0769113297430115,0.0800299816427752,0.0133183643828634,19,19,32,0,0,,,,,0,90,64,58,0,0,58,19.14,,
"constrained-tmlr-revision-2026-08-13","full",TRUE,16,"aligned",28,0.1,0.05,"stochastic","precomputed_exact_table","iid",202894800,202894832,100,25000,"certified","bounds-met",TRUE,58,58,40,40,40,0,40,0,TRUE,0.923088670256988,0.0769113297430115,0.0769113297430131,TRUE,TRUE,TRUE,0.0769113297430115,0.0800299816427752,0.0133183643828634,19,19,32,0,0,,,,,0,90,64,58,0,0,58,15.74,,
"constrained-tmlr-revision-2026-08-13","full",TRUE,16,"aligned",28,0.2,0.05,"exact","precomputed_exact_table","exact",202894800,202894841,,25000,"certified","bounds-met",TRUE,19,19,10,10,10,0,10,0,TRUE,0.83989375236626,0.16010624763374,0.160106247633738,TRUE,TRUE,TRUE,0.16010624763374,0.174479880422977,0.033983190597164,6,6,32,0,0,,,,,0,51,38,19,0,0,19,4.49000000000001,,
"constrained-tmlr-revision-2026-08-13","full",TRUE,16,"aligned",28,0.2,0.05,"stochastic","precomputed_exact_table","iid",202894800,202894842,100,25000,"certified","bounds-met",TRUE,19,19,10,10,10,0,10,0,TRUE,0.83989375236626,0.16010624763374,0.160106247633746,TRUE,TRUE,TRUE,0.16010624763374,0.174479880422977,0.033983190597164,6,6,32,0,0,,,,,0,51,38,19,0,0,19,4.09999999999997,,
"constrained-tmlr-revision-2026-08-13","full",TRUE,16,"aligned",29,0.01,0.05,"exact","precomputed_exact_table","exact",202894900,202894911,,25000,"certified","bounds-met",TRUE,106,106,136,136,136,0,136,0,TRUE,0.990399478625683,0.00960052137431711,0.00960052137432163,TRUE,TRUE,TRUE,0.00960052137431711,0.00964690347997012,0.00261654150436974,35,35,32,0,0,,,,,0,138,96,106,0,0,106,41.67,,
"constrained-tmlr-revision-2026-08-13","full",TRUE,16,"aligned",29,0.01,0.05,"stochastic","precomputed_exact_table","iid",202894900,202894912,100,25000,"certified","bounds-met",TRUE,106,106,136,136,136,0,136,0,TRUE,0.990399478625683,0.00960052137431711,0.00960052137432245,TRUE,TRUE,TRUE,0.00960052137431711,0.00964690347997012,0.00261654150436974,35,35,32,0,0,,,,,0,138,96,106,0,0,106,28.9,,
"constrained-tmlr-revision-2026-08-13","full",TRUE,16,"aligned",29,0.05,0.05,"exact","precomputed_exact_table","exact",202894900,202894921,,25000,"certified","bounds-met",TRUE,61,61,62,62,62,0,62,0,TRUE,0.95979365156485,0.0402063484351499,0.0402063484351541,TRUE,TRUE,TRUE,0.0402063484351499,0.0410369639111335,0.0126139996365313,20,20,32,0,0,,,,,0,93,66,61,0,0,61,22.5,,
"constrained-tmlr-revision-2026-08-13","full",TRUE,16,"aligned",29,0.05,0.05,"stochastic","precomputed_exact_table","iid",202894900,202894922,100,25000,"certified","bounds-met",TRUE,61,61,62,62,62,0,62,0,TRUE,0.95979365156485,0.0402063484351499,0.0402063484351569,TRUE,TRUE,TRUE,0.0402063484351499,0.0410369639111335,0.0126139996365313,20,20,32,0,0,,,,,0,93,66,61,0,0,61,24.06,,
"constrained-tmlr-revision-2026-08-13","full",TRUE,16,"aligned",29,0.1,0.05,"exact","precomputed_exact_table","exact",202894900,202894931,,25000,"certified","bounds-met",TRUE,55,55,40,40,40,0,40,0,TRUE,0.907050348793109,0.0929496512068915,0.0929496512068965,TRUE,TRUE,TRUE,0.0929496512068915,0.0975573190591774,0.0194621772682203,18,18,32,0,0,,,,,0,87,62,55,0,0,55,15.9,,
"constrained-tmlr-revision-2026-08-13","full",TRUE,16,"aligned",29,0.1,0.05,"stochastic","precomputed_exact_table","iid",202894900,202894932,100,25000,"certified","bounds-met",TRUE,55,55,40,40,40,0,40,0,TRUE,0.907050348793109,0.0929496512068915,0.0929496512069031,TRUE,TRUE,TRUE,0.0929496512068915,0.0975573190591774,0.0194621772682203,18,18,32,0,0,,,,,0,87,62,55,0,0,55,15.19,,
"constrained-tmlr-revision-2026-08-13","full",TRUE,16,"aligned",29,0.2,0.05,"exact","precomputed_exact_table","exact",202894900,202894941,,25000,"certified","bounds-met",TRUE,43,43,20,20,20,0,20,0,TRUE,0.854331660065786,0.145668339934214,0.145668339934217,TRUE,TRUE,TRUE,0.145668339934214,0.157435799853307,0.0311233070095608,14,14,32,0,0,,,,,0,75,54,43,0,0,43,10.93,,
"constrained-tmlr-revision-2026-08-13","full",TRUE,16,"aligned",29,0.2,0.05,"stochastic","precomputed_exact_table","iid",202894900,202894942,100,25000,"certified","bounds-met",TRUE,43,43,20,20,20,0,20,0,TRUE,0.854331660065786,0.145668339934214,0.145668339934228,TRUE,TRUE,TRUE,0.145668339934214,0.157435799853307,0.0311233070095608,14,14,32,0,0,,,,,0,75,54,43,0,0,43,10.67,,
"constrained-tmlr-revision-2026-08-13","full",TRUE,16,"aligned",30,0.01,0.05,"exact","precomputed_exact_table","exact",202895000,202895011,,25000,"certified","bounds-met",TRUE,106,106,141,141,141,0,141,0,TRUE,0.990109241156676,0.0098907588433238,0.00989075884332812,TRUE,TRUE,TRUE,0.0098907588433238,0.00993999733831607,0.0033556829667888,35,35,32,0,0,,,,,0,138,96,106,0,0,106,30.7,,
"constrained-tmlr-revision-2026-08-13","full",TRUE,16,"aligned",30,0.01,0.05,"stochastic","precomputed_exact_table","iid",202895000,202895012,100,25000,"certified","bounds-met",TRUE,106,106,141,141,141,0,141,0,TRUE,0.990109241156676,0.0098907588433238,0.00989075884332868,TRUE,TRUE,TRUE,0.0098907588433238,0.00993999733831607,0.0033556829667888,35,35,32,0,0,,,,,0,138,96,106,0,0,106,42.41,,
"constrained-tmlr-revision-2026-08-13","full",TRUE,16,"aligned",30,0.05,0.05,"exact","precomputed_exact_table","exact",202895000,202895021,,25000,"certified","bounds-met",TRUE,61,61,62,62,62,0,62,0,TRUE,0.954230875092295,0.0457691249077046,0.0457691249077091,TRUE,TRUE,TRUE,0.0457691249077046,0.046849629378654,0.0160292127076883,20,20,32,0,0,,,,,0,93,66,61,0,0,61,27.69,,
"constrained-tmlr-revision-2026-08-13","full",TRUE,16,"aligned",30,0.05,0.05,"stochastic","precomputed_exact_table","iid",202895000,202895022,100,25000,"certified","bounds-met",TRUE,61,61,62,62,62,0,62,0,TRUE,0.954230875092295,0.0457691249077046,0.0457691249077123,TRUE,TRUE,TRUE,0.0457691249077046,0.046849629378654,0.0160292127076883,20,20,32,0,0,,,,,0,93,66,61,0,0,61,15.17,,
"constrained-tmlr-revision-2026-08-13","full",TRUE,16,"aligned",30,0.1,0.05,"exact","precomputed_exact_table","exact",202895000,202895031,,25000,"certified","bounds-met",TRUE,55,55,41,41,41,0,41,0,TRUE,0.910276273181037,0.089723726818963,0.0897237268189666,TRUE,TRUE,TRUE,0.089723726818963,0.0940071286452169,0.0238903733486681,18,18,32,0,0,,,,,0,87,62,55,0,0,55,14.61,,
"constrained-tmlr-revision-2026-08-13","full",TRUE,16,"aligned",30,0.1,0.05,"stochastic","precomputed_exact_table","iid",202895000,202895032,100,25000,"certified","bounds-met",TRUE,55,55,41,41,41,0,41,0,TRUE,0.910276273181037,0.089723726818963,0.089723726818973,TRUE,TRUE,TRUE,0.089723726818963,0.0940071286452169,0.0238903733486681,18,18,32,0,0,,,,,0,87,62,55,0,0,55,17.1,,
"constrained-tmlr-revision-2026-08-13","full",TRUE,16,"aligned",30,0.2,0.05,"exact","precomputed_exact_table","exact",202895000,202895041,,25000,"certified","bounds-met",TRUE,49,49,20,20,20,0,20,0,TRUE,0.824331329531452,0.175668670468548,0.175668670468551,TRUE,TRUE,TRUE,0.175668670468548,0.193182730946845,0.0407586964094565,16,16,32,0,0,,,,,0,81,58,49,0,0,49,13.27,,
"constrained-tmlr-revision-2026-08-13","full",TRUE,16,"aligned",30,0.2,0.05,"stochastic","precomputed_exact_table","iid",202895000,202895042,100,25000,"certified","bounds-met",TRUE,49,49,20,20,20,0,20,0,TRUE,0.824331329531452,0.175668670468548,0.175668670468563,TRUE,TRUE,TRUE,0.175668670468548,0.193182730946845,0.0407586964094565,16,16,32,0,0,,,,,0,81,58,49,0,0,49,13.28,,
"constrained-tmlr-revision-2026-08-13","full",TRUE,16,"aligned",31,0.01,0.05,"exact","precomputed_exact_table","exact",202895100,202895111,,25000,"certified","bounds-met",TRUE,103,103,136,136,136,0,136,0,TRUE,0.990266494717063,0.00973350528293671,0.00973350528293379,TRUE,TRUE,TRUE,0.00973350528293671,0.00978118549481686,0.00302030733625441,34,34,32,0,0,,,,,0,135,94,103,0,0,103,27.54,,
"constrained-tmlr-revision-2026-08-13","full",TRUE,16,"aligned",31,0.01,0.05,"stochastic","precomputed_exact_table","iid",202895100,202895112,100,25000,"certified","bounds-met",TRUE,103,103,136,136,136,0,136,0,TRUE,0.990266494717063,0.00973350528293671,0.00973350528293455,TRUE,TRUE,TRUE,0.00973350528293671,0.00978118549481686,0.00302030733625441,34,34,32,0,0,,,,,0,135,94,103,0,0,103,43.25,,
"constrained-tmlr-revision-2026-08-13","full",TRUE,16,"aligned",31,0.05,0.05,"exact","precomputed_exact_table","exact",202895100,202895121,,25000,"certified","bounds-met",TRUE,61,61,62,62,62,0,62,0,TRUE,0.96170408235271,0.0382959176472899,0.0382959176472867,TRUE,TRUE,TRUE,0.0382959176472899,0.039048482339041,0.0144726575595562,20,20,32,0,0,,,,,0,93,66,61,0,0,61,22.42,,
"constrained-tmlr-revision-2026-08-13","full",TRUE,16,"aligned",31,0.05,0.05,"stochastic","precomputed_exact_table","iid",202895100,202895122,100,25000,"certified","bounds-met",TRUE,61,61,62,62,62,0,62,0,TRUE,0.96170408235271,0.0382959176472899,0.0382959176472895,TRUE,TRUE,TRUE,0.0382959176472899,0.039048482339041,0.0144726575595562,20,20,32,0,0,,,,,0,93,66,61,0,0,61,20.21,,
"constrained-tmlr-revision-2026-08-13","full",TRUE,16,"aligned",31,0.1,0.05,"exact","precomputed_exact_table","exact",202895100,202895131,,25000,"certified","bounds-met",TRUE,52,52,40,40,40,0,40,0,TRUE,0.909737639091966,0.0902623609080336,0.090262360908031,TRUE,TRUE,TRUE,0.0902623609080336,0.0945990297303286,0.0204179181814011,17,17,32,0,0,,,,,0,84,60,52,0,0,52,12.86,,
"constrained-tmlr-revision-2026-08-13","full",TRUE,16,"aligned",31,0.1,0.05,"stochastic","precomputed_exact_table","iid",202895100,202895132,100,25000,"certified","bounds-met",TRUE,52,52,40,40,40,0,40,0,TRUE,0.909737639091966,0.0902623609080336,0.0902623609080374,TRUE,TRUE,TRUE,0.0902623609080336,0.0945990297303286,0.0204179181814011,17,17,32,0,0,,,,,0,84,60,52,0,0,52,14.97,,
"constrained-tmlr-revision-2026-08-13","full",TRUE,16,"aligned",31,0.2,0.05,"exact","precomputed_exact_table","exact",202895100,202895141,,25000,"certified","bounds-met",TRUE,19,19,10,10,10,0,10,0,TRUE,0.816464139492258,0.183535860507742,0.183535860507738,TRUE,TRUE,TRUE,0.183535860507742,0.202772287325148,0.0358920021180809,6,6,32,0,0,,,,,0,51,38,19,0,0,19,3.72000000000003,,
"constrained-tmlr-revision-2026-08-13","full",TRUE,16,"aligned",31,0.2,0.05,"stochastic","precomputed_exact_table","iid",202895100,202895142,100,25000,"certified","bounds-met",TRUE,19,19,10,10,10,0,10,0,TRUE,0.816464139492258,0.183535860507742,0.183535860507749,TRUE,TRUE,TRUE,0.183535860507742,0.202772287325148,0.0358920021180809,6,6,32,0,0,,,,,0,51,38,19,0,0,19,3.89999999999998,,
"constrained-tmlr-revision-2026-08-13","full",TRUE,16,"aligned",32,0.01,0.05,"exact","precomputed_exact_table","exact",202895200,202895211,,25000,"certified","bounds-met",TRUE,133,133,184,184,184,0,184,0,TRUE,0.990022803928753,0.00997719607124736,0.00997719607125259,TRUE,TRUE,TRUE,0.00997719607124736,0.0100273018473189,0.00277965459074078,44,44,32,0,0,,,,,0,165,114,133,0,0,133,35.75,,
"constrained-tmlr-revision-2026-08-13","full",TRUE,16,"aligned",32,0.01,0.05,"stochastic","precomputed_exact_table","iid",202895200,202895212,100,25000,"certified","bounds-met",TRUE,133,133,184,184,184,0,184,0,TRUE,0.990022803928753,0.00997719607124736,0.00997719607125373,TRUE,TRUE,TRUE,0.00997719607124736,0.0100273018473189,0.00277965459074078,44,44,32,0,0,,,,,0,165,114,133,0,0,133,68.43,,
"constrained-tmlr-revision-2026-08-13","full",TRUE,16,"aligned",32,0.05,0.05,"exact","precomputed_exact_table","exact",202895200,202895221,,25000,"certified","bounds-met",TRUE,103,103,95,95,95,0,95,0,TRUE,0.951371900206602,0.0486280997933978,0.048628099793403,TRUE,TRUE,TRUE,0.0486280997933978,0.0498502306244568,0.0188132330029325,34,34,32,0,0,,,,,0,135,94,103,0,0,103,30.27,,
"constrained-tmlr-revision-2026-08-13","full",TRUE,16,"aligned",32,0.05,0.05,"stochastic","precomputed_exact_table","iid",202895200,202895222,100,25000,"certified","bounds-met",TRUE,103,103,95,95,95,0,95,0,TRUE,0.951371900206602,0.0486280997933978,0.0486280997934078,TRUE,TRUE,TRUE,0.0486280997933978,0.0498502306244568,0.0188132330029325,34,34,32,0,0,,,,,0,135,94,103,0,0,103,32.86,,
"constrained-tmlr-revision-2026-08-13","full",TRUE,16,"aligned",32,0.1,0.05,"exact","precomputed_exact_table","exact",202895200,202895231,,25000,"certified","bounds-met",TRUE,61,61,52,52,52,0,52,0,TRUE,0.902555917969464,0.0974440820305358,0.0974440820305414,TRUE,TRUE,TRUE,0.0974440820305358,0.102524631725543,0.024311355206813,20,20,32,0,0,,,,,0,93,66,61,0,0,61,16.44,,
"constrained-tmlr-revision-2026-08-13","full",TRUE,16,"aligned",32,0.1,0.05,"stochastic","precomputed_exact_table","iid",202895200,202895232,100,25000,"certified","bounds-met",TRUE,61,61,52,52,52,0,52,0,TRUE,0.902555917969464,0.0974440820305358,0.097444082030551,TRUE,TRUE,TRUE,0.0974440820305358,0.102524631725543,0.024311355206813,20,20,32,0,0,,,,,0,93,66,61,0,0,61,12.05,,
"constrained-tmlr-revision-2026-08-13","full",TRUE,16,"aligned",32,0.2,0.05,"exact","precomputed_exact_table","exact",202895200,202895241,,25000,"certified","bounds-met",TRUE,25,25,21,21,21,0,21,0,TRUE,0.826533758165023,0.173466241834977,0.173466241834982,TRUE,TRUE,TRUE,0.173466241834977,0.19051451783041,0.0335735328337051,8,8,32,0,0,,,,,0,57,42,25,0,0,25,4.63999999999999,,
"constrained-tmlr-revision-2026-08-13","full",TRUE,16,"aligned",32,0.2,0.05,"stochastic","precomputed_exact_table","iid",202895200,202895242,100,25000,"certified","bounds-met",TRUE,25,25,21,21,21,0,21,0,TRUE,0.826533758165023,0.173466241834977,0.173466241834999,TRUE,TRUE,TRUE,0.173466241834977,0.19051451783041,0.0335735328337051,8,8,32,0,0,,,,,0,57,42,25,0,0,25,4.81999999999999,,
"constrained-tmlr-revision-2026-08-13","full",TRUE,16,"aligned",33,0.01,0.05,"exact","precomputed_exact_table","exact",202895300,202895311,,25000,"certified","bounds-met",TRUE,115,115,170,170,170,0,170,0,TRUE,0.990105376703778,0.00989462329622237,0.00989462329622211,TRUE,TRUE,TRUE,0.00989462329622237,0.00994390040302807,0.00315133509943516,38,38,32,0,0,,,,,0,147,102,115,0,0,115,31.77,,
"constrained-tmlr-revision-2026-08-13","full",TRUE,16,"aligned",33,0.01,0.05,"stochastic","precomputed_exact_table","iid",202895300,202895312,100,25000,"certified","bounds-met",TRUE,115,115,170,170,170,0,170,0,TRUE,0.990105376703778,0.00989462329622237,0.00989462329622268,TRUE,TRUE,TRUE,0.00989462329622237,0.00994390040302807,0.00315133509943516,38,38,32,0,0,,,,,0,147,102,115,0,0,115,51.42,,
"constrained-tmlr-revision-2026-08-13","full",TRUE,16,"aligned",33,0.05,0.05,"exact","precomputed_exact_table","exact",202895300,202895321,,25000,"certified","bounds-met",TRUE,64,64,62,62,62,0,62,0,TRUE,0.952224982672475,0.0477750173275248,0.0477750173275248,TRUE,TRUE,TRUE,0.0477750173275248,0.0489539457748079,0.0124890765608871,21,21,32,0,0,,,,,0,96,68,64,0,0,64,18.22,,
"constrained-tmlr-revision-2026-08-13","full",TRUE,16,"aligned",33,0.05,0.05,"stochastic","precomputed_exact_table","iid",202895300,202895322,100,25000,"certified","bounds-met",TRUE,64,64,62,62,62,0,62,0,TRUE,0.952224982672475,0.0477750173275248,0.0477750173275275,TRUE,TRUE,TRUE,0.0477750173275248,0.0489539457748079,0.0124890765608871,21,21,32,0,0,,,,,0,96,68,64,0,0,64,15.66,,
"constrained-tmlr-revision-2026-08-13","full",TRUE,16,"aligned",33,0.1,0.05,"exact","precomputed_exact_table","exact",202895300,202895331,,25000,"certified","bounds-met",TRUE,61,61,51,51,51,0,51,0,TRUE,0.923042009851454,0.0769579901485458,0.0769579901485454,TRUE,TRUE,TRUE,0.0769579901485458,0.0800805310497559,0.0228238050531333,20,20,32,0,0,,,,,0,93,66,61,0,0,61,18.2,,
"constrained-tmlr-revision-2026-08-13","full",TRUE,16,"aligned",33,0.1,0.05,"stochastic","precomputed_exact_table","iid",202895300,202895332,100,25000,"certified","bounds-met",TRUE,61,61,51,51,51,0,51,0,TRUE,0.923042009851454,0.0769579901485458,0.0769579901485509,TRUE,TRUE,TRUE,0.0769579901485458,0.0800805310497559,0.0228238050531333,20,20,32,0,0,,,,,0,93,66,61,0,0,61,14.14,,
"constrained-tmlr-revision-2026-08-13","full",TRUE,16,"aligned",33,0.2,0.05,"exact","precomputed_exact_table","exact",202895300,202895341,,25000,"certified","bounds-met",TRUE,25,25,20,20,20,0,20,0,TRUE,0.82364514741497,0.17635485258503,0.17635485258503,TRUE,TRUE,TRUE,0.17635485258503,0.194015488168488,0.0347358564157008,8,8,32,0,0,,,,,0,57,42,25,0,0,25,4.44999999999999,,
"constrained-tmlr-revision-2026-08-13","full",TRUE,16,"aligned",33,0.2,0.05,"stochastic","precomputed_exact_table","iid",202895300,202895342,100,25000,"certified","bounds-met",TRUE,25,25,20,20,20,0,20,0,TRUE,0.82364514741497,0.17635485258503,0.17635485258504,TRUE,TRUE,TRUE,0.17635485258503,0.194015488168488,0.0347358564157008,8,8,32,0,0,,,,,0,57,42,25,0,0,25,4.52000000000004,,
"constrained-tmlr-revision-2026-08-13","full",TRUE,16,"aligned",34,0.01,0.05,"exact","precomputed_exact_table","exact",202895400,202895411,,25000,"certified","bounds-met",TRUE,112,112,125,125,125,0,125,0,TRUE,0.990504565982939,0.00949543401706132,0.00949543401706586,TRUE,TRUE,TRUE,0.00949543401706132,0.00954080307834755,0.00235218027605333,37,37,32,0,0,,,,,0,144,100,112,0,0,112,34.98,,
"constrained-tmlr-revision-2026-08-13","full",TRUE,16,"aligned",34,0.01,0.05,"stochastic","precomputed_exact_table","iid",202895400,202895412,100,25000,"certified","bounds-met",TRUE,112,112,125,125,125,0,125,0,TRUE,0.990504565982939,0.00949543401706132,0.0094954340170664,TRUE,TRUE,TRUE,0.00949543401706132,0.00954080307834755,0.00235218027605333,37,37,32,0,0,,,,,0,144,100,112,0,0,112,49.49,,
"constrained-tmlr-revision-2026-08-13","full",TRUE,16,"aligned",34,0.05,0.05,"exact","precomputed_exact_table","exact",202895400,202895421,,25000,"certified","bounds-met",TRUE,61,61,62,62,62,0,62,0,TRUE,0.963910455942885,0.036089544057115,0.0360895440571196,TRUE,TRUE,TRUE,0.036089544057115,0.0367568767120042,0.0134716570220356,20,20,32,0,0,,,,,0,93,66,61,0,0,61,19.41,,
"constrained-tmlr-revision-2026-08-13","full",TRUE,16,"aligned",34,0.05,0.05,"stochastic","precomputed_exact_table","iid",202895400,202895422,100,25000,"certified","bounds-met",TRUE,61,61,62,62,62,0,62,0,TRUE,0.963910455942885,0.036089544057115,0.0360895440571217,TRUE,TRUE,TRUE,0.036089544057115,0.0367568767120042,0.0134716570220356,20,20,32,0,0,,,,,0,93,66,61,0,0,61,17.22,,
"constrained-tmlr-revision-2026-08-13","full",TRUE,16,"aligned",34,0.1,0.05,"exact","precomputed_exact_table","exact",202895400,202895431,,25000,"certified","bounds-met",TRUE,49,49,40,40,40,0,40,0,TRUE,0.919553279851743,0.0804467201482568,0.0804467201482617,TRUE,TRUE,TRUE,0.0804467201482568,0.0838672922426346,0.0149748533416555,16,16,32,0,0,,,,,0,81,58,49,0,0,49,13.39,,
"constrained-tmlr-revision-2026-08-13","full",TRUE,16,"aligned",34,0.1,0.05,"stochastic","precomputed_exact_table","iid",202895400,202895432,100,25000,"certified","bounds-met",TRUE,49,49,40,40,40,0,40,0,TRUE,0.919553279851743,0.0804467201482568,0.0804467201482674,TRUE,TRUE,TRUE,0.0804467201482568,0.0838672922426346,0.0149748533416555,16,16,32,0,0,,,,,0,81,58,49,0,0,49,11.96,,
"constrained-tmlr-revision-2026-08-13","full",TRUE,16,"aligned",34,0.2,0.05,"exact","precomputed_exact_table","exact",202895400,202895441,,25000,"certified","bounds-met",TRUE,19,19,10,10,10,0,10,0,TRUE,0.827791735480526,0.172208264519474,0.17220826451948,TRUE,TRUE,TRUE,0.172208264519474,0.18899368343258,0.0400224336284877,6,6,32,0,0,,,,,0,51,38,19,0,0,19,3.80000000000001,,
"constrained-tmlr-revision-2026-08-13","full",TRUE,16,"aligned",34,0.2,0.05,"stochastic","precomputed_exact_table","iid",202895400,202895442,100,25000,"certified","bounds-met",TRUE,19,19,10,10,10,0,10,0,TRUE,0.827791735480526,0.172208264519474,0.17220826451949,TRUE,TRUE,TRUE,0.172208264519474,0.18899368343258,0.0400224336284877,6,6,32,0,0,,,,,0,51,38,19,0,0,19,4.05000000000001,,
"constrained-tmlr-revision-2026-08-13","full",TRUE,16,"aligned",35,0.01,0.05,"exact","precomputed_exact_table","exact",202895500,202895511,,25000,"certified","bounds-met",TRUE,115,115,136,136,136,0,136,0,TRUE,0.990591600832839,0.0094083991671613,0.0094083991671642,TRUE,TRUE,TRUE,0.0094083991671613,0.00945293773247097,0.00240334996430977,38,38,32,0,0,,,,,0,147,102,115,0,0,115,44.24,,
"constrained-tmlr-revision-2026-08-13","full",TRUE,16,"aligned",35,0.01,0.05,"stochastic","precomputed_exact_table","iid",202895500,202895512,100,25000,"certified","bounds-met",TRUE,115,115,136,136,136,0,136,0,TRUE,0.990591600832839,0.0094083991671613,0.00940839916716501,TRUE,TRUE,TRUE,0.0094083991671613,0.00945293773247097,0.00240334996430977,38,38,32,0,0,,,,,0,147,102,115,0,0,115,50.65,,
"constrained-tmlr-revision-2026-08-13","full",TRUE,16,"aligned",35,0.05,0.05,"exact","precomputed_exact_table","exact",202895500,202895521,,25000,"certified","bounds-met",TRUE,61,61,62,62,62,0,62,0,TRUE,0.96313735763028,0.0368626423697199,0.036862642369723,TRUE,TRUE,TRUE,0.0368626423697199,0.0375592422253409,0.0142206132523256,20,20,32,0,0,,,,,0,93,66,61,0,0,61,15.87,,
"constrained-tmlr-revision-2026-08-13","full",TRUE,16,"aligned",35,0.05,0.05,"stochastic","precomputed_exact_table","iid",202895500,202895522,100,25000,"certified","bounds-met",TRUE,61,61,62,62,62,0,62,0,TRUE,0.96313735763028,0.0368626423697199,0.0368626423697256,TRUE,TRUE,TRUE,0.0368626423697199,0.0375592422253409,0.0142206132523256,20,20,32,0,0,,,,,0,93,66,61,0,0,61,18.43,,
"constrained-tmlr-revision-2026-08-13","full",TRUE,16,"aligned",35,0.1,0.05,"exact","precomputed_exact_table","exact",202895500,202895531,,25000,"certified","bounds-met",TRUE,49,49,40,40,40,0,40,0,TRUE,0.915800064225352,0.0841999357746476,0.084199935774651,TRUE,TRUE,TRUE,0.0841999357746476,0.0879572086288186,0.0167986679620803,16,16,32,0,0,,,,,0,81,58,49,0,0,49,11.19,,
"constrained-tmlr-revision-2026-08-13","full",TRUE,16,"aligned",35,0.1,0.05,"stochastic","precomputed_exact_table","iid",202895500,202895532,100,25000,"certified","bounds-met",TRUE,49,49,40,40,40,0,40,0,TRUE,0.915800064225352,0.0841999357746476,0.084199935774657,TRUE,TRUE,TRUE,0.0841999357746476,0.0879572086288186,0.0167986679620803,16,16,32,0,0,,,,,0,81,58,49,0,0,49,11.28,,
"constrained-tmlr-revision-2026-08-13","full",TRUE,16,"aligned",35,0.2,0.05,"exact","precomputed_exact_table","exact",202895500,202895541,,25000,"certified","bounds-met",TRUE,19,19,10,10,10,0,10,0,TRUE,0.83033760444141,0.16966239555859,0.169662395558593,TRUE,TRUE,TRUE,0.16966239555859,0.185922908553753,0.0370322797715868,6,6,32,0,0,,,,,0,51,38,19,0,0,19,3.62,,
"constrained-tmlr-revision-2026-08-13","full",TRUE,16,"aligned",35,0.2,0.05,"stochastic","precomputed_exact_table","iid",202895500,202895542,100,25000,"certified","bounds-met",TRUE,19,19,10,10,10,0,10,0,TRUE,0.83033760444141,0.16966239555859,0.169662395558606,TRUE,TRUE,TRUE,0.16966239555859,0.185922908553753,0.0370322797715868,6,6,32,0,0,,,,,0,51,38,19,0,0,19,3.13999999999999,,
"constrained-tmlr-revision-2026-08-13","full",TRUE,16,"aligned",36,0.01,0.05,"exact","precomputed_exact_table","exact",202895600,202895611,,25000,"certified","bounds-met",TRUE,124,124,147,147,147,0,147,0,TRUE,0.990842989774151,0.00915701022584858,0.00915701022584784,TRUE,TRUE,TRUE,0.00915701022584858,0.00919919335569138,0.0023117175486696,41,41,32,0,0,,,,,0,156,108,124,0,0,124,39.67,,
"constrained-tmlr-revision-2026-08-13","full",TRUE,16,"aligned",36,0.01,0.05,"stochastic","precomputed_exact_table","iid",202895600,202895612,100,25000,"certified","bounds-met",TRUE,124,124,147,147,147,0,147,0,TRUE,0.990842989774151,0.00915701022584858,0.00915701022584836,TRUE,TRUE,TRUE,0.00915701022584858,0.00919919335569138,0.0023117175486696,41,41,32,0,0,,,,,0,156,108,124,0,0,124,55.94,,
"constrained-tmlr-revision-2026-08-13","full",TRUE,16,"aligned",36,0.05,0.05,"exact","precomputed_exact_table","exact",202895600,202895621,,25000,"certified","bounds-met",TRUE,61,61,62,62,62,0,62,0,TRUE,0.957158200161922,0.0428417998380777,0.0428417998380767,TRUE,TRUE,TRUE,0.0428417998380777,0.0437865927669535,0.0193400054926078,20,20,32,0,0,,,,,0,93,66,61,0,0,61,16.39,,
"constrained-tmlr-revision-2026-08-13","full",TRUE,16,"aligned",36,0.05,0.05,"stochastic","precomputed_exact_table","iid",202895600,202895622,100,25000,"certified","bounds-met",TRUE,61,61,62,62,62,0,62,0,TRUE,0.957158200161922,0.0428417998380777,0.0428417998380797,TRUE,TRUE,TRUE,0.0428417998380777,0.0437865927669535,0.0193400054926078,20,20,32,0,0,,,,,0,93,66,61,0,0,61,18.51,,
"constrained-tmlr-revision-2026-08-13","full",TRUE,16,"aligned",36,0.1,0.05,"exact","precomputed_exact_table","exact",202895600,202895631,,25000,"certified","bounds-met",TRUE,55,55,40,40,40,0,40,0,TRUE,0.909341914869941,0.0906580851300592,0.0906580851300585,TRUE,TRUE,TRUE,0.0906580851300592,0.0950341115577353,0.0193400054926078,18,18,32,0,0,,,,,0,87,62,55,0,0,55,15.45,,
"constrained-tmlr-revision-2026-08-13","full",TRUE,16,"aligned",36,0.1,0.05,"stochastic","precomputed_exact_table","iid",202895600,202895632,100,25000,"certified","bounds-met",TRUE,55,55,40,40,40,0,40,0,TRUE,0.909341914869941,0.0906580851300592,0.090658085130065,TRUE,TRUE,TRUE,0.0906580851300592,0.0950341115577353,0.0193400054926078,18,18,32,0,0,,,,,0,87,62,55,0,0,55,15.88,,
"constrained-tmlr-revision-2026-08-13","full",TRUE,16,"aligned",36,0.2,0.05,"exact","precomputed_exact_table","exact",202895600,202895641,,25000,"certified","bounds-met",TRUE,19,19,10,10,10,0,10,0,TRUE,0.816874916635078,0.183125083364922,0.183125083364921,TRUE,TRUE,TRUE,0.183125083364922,0.202269296657119,0.0329039603321609,6,6,32,0,0,,,,,0,51,38,19,0,0,19,3.20999999999998,,
"constrained-tmlr-revision-2026-08-13","full",TRUE,16,"aligned",36,0.2,0.05,"stochastic","precomputed_exact_table","iid",202895600,202895642,100,25000,"certified","bounds-met",TRUE,19,19,10,10,10,0,10,0,TRUE,0.816874916635078,0.183125083364922,0.183125083364932,TRUE,TRUE,TRUE,0.183125083364922,0.202269296657119,0.0329039603321609,6,6,32,0,0,,,,,0,51,38,19,0,0,19,3.31,,
"constrained-tmlr-revision-2026-08-13","full",TRUE,16,"aligned",37,0.01,0.05,"exact","precomputed_exact_table","exact",202895700,202895711,,25000,"certified","bounds-met",TRUE,127,127,161,161,161,0,161,0,TRUE,0.990097898509894,0.00990210149010584,0.00990210149010447,TRUE,TRUE,TRUE,0.00990210149010584,0.00995145335880499,0.00273574446067212,42,42,32,0,0,,,,,0,159,110,127,0,0,127,46.72,,
"constrained-tmlr-revision-2026-08-13","full",TRUE,16,"aligned",37,0.01,0.05,"stochastic","precomputed_exact_table","iid",202895700,202895712,100,25000,"certified","bounds-met",TRUE,127,127,161,161,161,0,161,0,TRUE,0.990097898509894,0.00990210149010584,0.00990210149010503,TRUE,TRUE,TRUE,0.00990210149010584,0.00995145335880499,0.00273574446067212,42,42,32,0,0,,,,,0,159,110,127,0,0,127,47.27,,
"constrained-tmlr-revision-2026-08-13","full",TRUE,16,"aligned",37,0.05,0.05,"exact","precomputed_exact_table","exact",202895700,202895721,,25000,"certified","bounds-met",TRUE,61,61,62,62,62,0,62,0,TRUE,0.95700095667007,0.0429990433299304,0.0429990433299289,TRUE,TRUE,TRUE,0.0429990433299304,0.0439508878744373,0.0171915188539271,20,20,32,0,0,,,,,0,93,66,61,0,0,61,15.23,,
"constrained-tmlr-revision-2026-08-13","full",TRUE,16,"aligned",37,0.05,0.05,"stochastic","precomputed_exact_table","iid",202895700,202895722,100,25000,"certified","bounds-met",TRUE,61,61,62,62,62,0,62,0,TRUE,0.95700095667007,0.0429990433299304,0.042999043329932,TRUE,TRUE,TRUE,0.0429990433299304,0.0439508878744373,0.0171915188539271,20,20,32,0,0,,,,,0,93,66,61,0,0,61,19.33,,
"constrained-tmlr-revision-2026-08-13","full",TRUE,16,"aligned",37,0.1,0.05,"exact","precomputed_exact_table","exact",202895700,202895731,,25000,"certified","bounds-met",TRUE,52,52,41,41,41,0,41,0,TRUE,0.910846964697429,0.0891530353025706,0.0891530353025687,TRUE,TRUE,TRUE,0.0891530353025706,0.0933803818955148,0.0178763248420086,17,17,32,0,0,,,,,0,84,60,52,0,0,52,15.22,,
"constrained-tmlr-revision-2026-08-13","full",TRUE,16,"aligned",37,0.1,0.05,"stochastic","precomputed_exact_table","iid",202895700,202895732,100,25000,"certified","bounds-met",TRUE,52,52,41,41,41,0,41,0,TRUE,0.910846964697429,0.0891530353025706,0.0891530353025763,TRUE,TRUE,TRUE,0.0891530353025706,0.0933803818955148,0.0178763248420086,17,17,32,0,0,,,,,0,84,60,52,0,0,52,13.07,,
"constrained-tmlr-revision-2026-08-13","full",TRUE,16,"aligned",37,0.2,0.05,"exact","precomputed_exact_table","exact",202895700,202895741,,25000,"certified","bounds-met",TRUE,19,19,10,10,10,0,10,0,TRUE,0.808131568793147,0.191868431206853,0.191868431206851,TRUE,TRUE,TRUE,0.191868431206853,0.213030401052055,0.0344309611228885,6,6,32,0,0,,,,,0,51,38,19,0,0,19,3.51999999999998,,
"constrained-tmlr-revision-2026-08-13","full",TRUE,16,"aligned",37,0.2,0.05,"stochastic","precomputed_exact_table","iid",202895700,202895742,100,25000,"certified","bounds-met",TRUE,19,19,10,10,10,0,10,0,TRUE,0.808131568793147,0.191868431206853,0.191868431206865,TRUE,TRUE,TRUE,0.191868431206853,0.213030401052055,0.0344309611228885,6,6,32,0,0,,,,,0,51,38,19,0,0,19,3.90999999999997,,
"constrained-tmlr-revision-2026-08-13","full",TRUE,16,"aligned",38,0.01,0.05,"exact","precomputed_exact_table","exact",202895800,202895811,,25000,"certified","bounds-met",TRUE,106,106,185,185,185,0,185,0,TRUE,0.990377373049061,0.00962262695093863,0.00962262695093449,TRUE,TRUE,TRUE,0.00962262695093863,0.00966922358796588,0.00344988574116052,35,35,32,0,0,,,,,0,138,96,106,0,0,106,42.77,,
"constrained-tmlr-revision-2026-08-13","full",TRUE,16,"aligned",38,0.01,0.05,"stochastic","precomputed_exact_table","iid",202895800,202895812,100,25000,"certified","bounds-met",TRUE,106,106,185,185,185,0,185,0,TRUE,0.990377373049061,0.00962262695093863,0.00962262695093544,TRUE,TRUE,TRUE,0.00962262695093863,0.00966922358796588,0.00344988574116052,35,35,32,0,0,,,,,0,138,96,106,0,0,106,36.43,,
"constrained-tmlr-revision-2026-08-13","full",TRUE,16,"aligned",38,0.05,0.05,"exact","precomputed_exact_table","exact",202895800,202895821,,25000,"certified","bounds-met",TRUE,64,64,73,73,73,0,73,0,TRUE,0.956773771288178,0.0432262287118216,0.0432262287118179,TRUE,TRUE,TRUE,0.0432262287118216,0.0441883091128301,0.0156779176589638,21,21,32,0,0,,,,,0,96,68,64,0,0,64,20.13,,
"constrained-tmlr-revision-2026-08-13","full",TRUE,16,"aligned",38,0.05,0.05,"stochastic","precomputed_exact_table","iid",202895800,202895822,100,25000,"certified","bounds-met",TRUE,64,64,73,73,73,0,73,0,TRUE,0.956773771288178,0.0432262287118216,0.0432262287118216,TRUE,TRUE,TRUE,0.0432262287118216,0.0441883091128301,0.0156779176589638,21,21,32,0,0,,,,,0,96,68,64,0,0,64,24,,
"constrained-tmlr-revision-2026-08-13","full",TRUE,16,"aligned",38,0.1,0.05,"exact","precomputed_exact_table","exact",202895800,202895831,,25000,"certified","bounds-met",TRUE,55,55,52,52,52,0,52,0,TRUE,0.916442825235529,0.083557174764471,0.0835571747644674,TRUE,TRUE,TRUE,0.083557174764471,0.0872555974611718,0.0274324500157668,18,18,32,0,0,,,,,0,87,62,55,0,0,55,16.21,,
"constrained-tmlr-revision-2026-08-13","full",TRUE,16,"aligned",38,0.1,0.05,"stochastic","precomputed_exact_table","iid",202895800,202895832,100,25000,"certified","bounds-met",TRUE,55,55,52,52,52,0,52,0,TRUE,0.916442825235529,0.083557174764471,0.0835571747644734,TRUE,TRUE,TRUE,0.083557174764471,0.0872555974611718,0.0274324500157668,18,18,32,0,0,,,,,0,87,62,55,0,0,55,14.22,,
"constrained-tmlr-revision-2026-08-13","full",TRUE,16,"aligned",38,0.2,0.05,"exact","precomputed_exact_table","exact",202895800,202895841,,25000,"certified","bounds-met",TRUE,19,19,21,21,21,0,21,0,TRUE,0.820239163852269,0.179760836147731,0.179760836147727,TRUE,TRUE,TRUE,0.179760836147731,0.198159318014816,0.0399448663775738,6,6,32,0,0,,,,,0,51,38,19,0,0,19,3.42000000000002,,
"constrained-tmlr-revision-2026-08-13","full",TRUE,16,"aligned",38,0.2,0.05,"stochastic","precomputed_exact_table","iid",202895800,202895842,100,25000,"certified","bounds-met",TRUE,19,19,21,21,21,0,21,0,TRUE,0.820239163852269,0.179760836147731,0.179760836147742,TRUE,TRUE,TRUE,0.179760836147731,0.198159318014816,0.0399448663775738,6,6,32,0,0,,,,,0,51,38,19,0,0,19,3.06,,
"constrained-tmlr-revision-2026-08-13","full",TRUE,16,"aligned",39,0.01,0.05,"exact","precomputed_exact_table","exact",202895900,202895911,,25000,"certified","bounds-met",TRUE,112,112,147,147,147,0,147,0,TRUE,0.990507778646409,0.00949222135359107,0.00949222135358482,TRUE,TRUE,TRUE,0.00949222135359107,0.00953755962206222,0.00315060214970794,37,37,32,0,0,,,,,0,144,100,112,0,0,112,54.63,,
"constrained-tmlr-revision-2026-08-13","full",TRUE,16,"aligned",39,0.01,0.05,"stochastic","precomputed_exact_table","iid",202895900,202895912,100,25000,"certified","bounds-met",TRUE,112,112,147,147,147,0,147,0,TRUE,0.990507778646409,0.00949222135359107,0.00949222135358549,TRUE,TRUE,TRUE,0.00949222135359107,0.00953755962206222,0.00315060214970794,37,37,32,0,0,,,,,0,144,100,112,0,0,112,40.11,,
"constrained-tmlr-revision-2026-08-13","full",TRUE,16,"aligned",39,0.05,0.05,"exact","precomputed_exact_table","exact",202895900,202895921,,25000,"certified","bounds-met",TRUE,61,61,62,62,62,0,62,0,TRUE,0.961365981079208,0.0386340189207919,0.038634018920786,TRUE,TRUE,TRUE,0.0386340189207919,0.0394001089213635,0.0150605604529217,20,20,32,0,0,,,,,0,93,66,61,0,0,61,17.23,,
"constrained-tmlr-revision-2026-08-13","full",TRUE,16,"aligned",39,0.05,0.05,"stochastic","precomputed_exact_table","iid",202895900,202895922,100,25000,"certified","bounds-met",TRUE,61,61,62,62,62,0,62,0,TRUE,0.961365981079208,0.0386340189207919,0.0386340189207893,TRUE,TRUE,TRUE,0.0386340189207919,0.0394001089213635,0.0150605604529217,20,20,32,0,0,,,,,0,93,66,61,0,0,61,19.4,,
"constrained-tmlr-revision-2026-08-13","full",TRUE,16,"aligned",39,0.1,0.05,"exact","precomputed_exact_table","exact",202895900,202895931,,25000,"certified","bounds-met",TRUE,52,52,40,40,40,0,40,0,TRUE,0.904906490723023,0.0950935092769772,0.0950935092769711,TRUE,TRUE,TRUE,0.0950935092769772,0.0999236657885545,0.023205471119362,17,17,32,0,0,,,,,0,84,60,52,0,0,52,13.48,,
"constrained-tmlr-revision-2026-08-13","full",TRUE,16,"aligned",39,0.1,0.05,"stochastic","precomputed_exact_table","iid",202895900,202895932,100,25000,"certified","bounds-met",TRUE,52,52,40,40,40,0,40,0,TRUE,0.904906490723023,0.0950935092769772,0.0950935092769792,TRUE,TRUE,TRUE,0.0950935092769772,0.0999236657885545,0.023205471119362,17,17,32,0,0,,,,,0,84,60,52,0,0,52,12.91,,
"constrained-tmlr-revision-2026-08-13","full",TRUE,16,"aligned",39,0.2,0.05,"exact","precomputed_exact_table","exact",202895900,202895941,,25000,"certified","bounds-met",TRUE,19,19,10,10,10,0,10,0,TRUE,0.820074313395201,0.179925686604799,0.179925686604795,TRUE,TRUE,TRUE,0.179925686604799,0.198360316738426,0.037549608804805,6,6,32,0,0,,,,,0,51,38,19,0,0,19,4.06,,
"constrained-tmlr-revision-2026-08-13","full",TRUE,16,"aligned",39,0.2,0.05,"stochastic","precomputed_exact_table","iid",202895900,202895942,100,25000,"certified","bounds-met",TRUE,19,19,10,10,10,0,10,0,TRUE,0.820074313395201,0.179925686604799,0.179925686604807,TRUE,TRUE,TRUE,0.179925686604799,0.198360316738426,0.037549608804805,6,6,32,0,0,,,,,0,51,38,19,0,0,19,3.86000000000001,,
"constrained-tmlr-revision-2026-08-13","full",TRUE,16,"aligned",40,0.01,0.05,"exact","precomputed_exact_table","exact",202896000,202896011,,25000,"certified","bounds-met",TRUE,124,124,261,261,261,0,261,0,TRUE,0.990078008781885,0.00992199121811477,0.00992199121810929,TRUE,TRUE,TRUE,0.00992199121811477,0.0099715422084232,0.00310930491490328,41,41,32,0,0,,,,,0,156,108,124,0,0,124,62.77,,
"constrained-tmlr-revision-2026-08-13","full",TRUE,16,"aligned",40,0.01,0.05,"stochastic","precomputed_exact_table","iid",202896000,202896012,100,25000,"certified","bounds-met",TRUE,124,124,261,261,261,0,261,0,TRUE,0.990078008781885,0.00992199121811477,0.00992199121811014,TRUE,TRUE,TRUE,0.00992199121811477,0.0099715422084232,0.00310930491490328,41,41,32,0,0,,,,,0,156,108,124,0,0,124,36.67,,
"constrained-tmlr-revision-2026-08-13","full",TRUE,16,"aligned",40,0.05,0.05,"exact","precomputed_exact_table","exact",202896000,202896021,,25000,"certified","bounds-met",TRUE,64,64,128,128,128,0,128,0,TRUE,0.951478222651456,0.0485217773485443,0.0485217773485386,TRUE,TRUE,TRUE,0.0485217773485443,0.0497384798946575,0.0156033283879274,21,21,32,0,0,,,,,0,96,68,64,0,0,64,18.86,,
"constrained-tmlr-revision-2026-08-13","full",TRUE,16,"aligned",40,0.05,0.05,"stochastic","precomputed_exact_table","iid",202896000,202896022,100,25000,"certified","bounds-met",TRUE,64,64,128,128,128,0,128,0,TRUE,0.951478222651456,0.0485217773485443,0.0485217773485434,TRUE,TRUE,TRUE,0.0485217773485443,0.0497384798946575,0.0156033283879274,21,21,32,0,0,,,,,0,96,68,64,0,0,64,15.67,,
"constrained-tmlr-revision-2026-08-13","full",TRUE,16,"aligned",40,0.1,0.05,"exact","precomputed_exact_table","exact",202896000,202896031,,25000,"certified","bounds-met",TRUE,64,64,84,84,84,0,84,0,TRUE,0.910843041899085,0.0891569581009146,0.0891569581009088,TRUE,TRUE,TRUE,0.0891569581009146,0.0933846886637683,0.0208594683714233,21,21,32,0,0,,,,,0,96,68,64,0,0,64,15.65,,
"constrained-tmlr-revision-2026-08-13","full",TRUE,16,"aligned",40,0.1,0.05,"stochastic","precomputed_exact_table","iid",202896000,202896032,100,25000,"certified","bounds-met",TRUE,64,64,84,84,84,0,84,0,TRUE,0.910843041899085,0.0891569581009146,0.0891569581009151,TRUE,TRUE,TRUE,0.0891569581009146,0.0933846886637683,0.0208594683714233,21,21,32,0,0,,,,,0,96,68,64,0,0,64,13.31,,
"constrained-tmlr-revision-2026-08-13","full",TRUE,16,"aligned",40,0.2,0.05,"exact","precomputed_exact_table","exact",202896000,202896041,,25000,"certified","bounds-met",TRUE,19,19,32,32,32,0,32,0,TRUE,0.820403943327314,0.179596056672686,0.179596056672682,TRUE,TRUE,TRUE,0.179596056672686,0.197958446204392,0.0427183484319614,6,6,32,0,0,,,,,0,51,38,19,0,0,19,3.22000000000003,,
"constrained-tmlr-revision-2026-08-13","full",TRUE,16,"aligned",40,0.2,0.05,"stochastic","precomputed_exact_table","iid",202896000,202896042,100,25000,"certified","bounds-met",TRUE,19,19,32,32,32,0,32,0,TRUE,0.820403943327314,0.179596056672686,0.179596056672695,TRUE,TRUE,TRUE,0.179596056672686,0.197958446204392,0.0427183484319614,6,6,32,0,0,,,,,0,51,38,19,0,0,19,3.88,,
"constrained-tmlr-revision-2026-08-13","full",TRUE,16,"aligned",41,0.01,0.05,"exact","precomputed_exact_table","exact",202896100,202896111,,25000,"certified","bounds-met",TRUE,121,121,147,147,147,0,147,0,TRUE,0.990765779699317,0.00923422030068322,0.00923422030068367,TRUE,TRUE,TRUE,0.00923422030068322,0.00927712001413488,0.00270283345549467,40,40,32,0,0,,,,,0,153,106,121,0,0,121,57.28,,
"constrained-tmlr-revision-2026-08-13","full",TRUE,16,"aligned",41,0.01,0.05,"stochastic","precomputed_exact_table","iid",202896100,202896112,100,25000,"certified","bounds-met",TRUE,121,121,147,147,147,0,147,0,TRUE,0.990765779699317,0.00923422030068322,0.00923422030068472,TRUE,TRUE,TRUE,0.00923422030068322,0.00927712001413488,0.00270283345549467,40,40,32,0,0,,,,,0,153,106,121,0,0,121,39.06,,
"constrained-tmlr-revision-2026-08-13","full",TRUE,16,"aligned",41,0.05,0.05,"exact","precomputed_exact_table","exact",202896100,202896121,,25000,"certified","bounds-met",TRUE,61,61,62,62,62,0,62,0,TRUE,0.962440271840498,0.0375597281595024,0.037559728159502,TRUE,TRUE,TRUE,0.0375597281595024,0.0382832699763551,0.0130642585992185,20,20,32,0,0,,,,,0,93,66,61,0,0,61,17.06,,
"constrained-tmlr-revision-2026-08-13","full",TRUE,16,"aligned",41,0.05,0.05,"stochastic","precomputed_exact_table","iid",202896100,202896122,100,25000,"certified","bounds-met",TRUE,61,61,62,62,62,0,62,0,TRUE,0.962440271840498,0.0375597281595024,0.0375597281595063,TRUE,TRUE,TRUE,0.0375597281595024,0.0382832699763551,0.0130642585992185,20,20,32,0,0,,,,,0,93,66,61,0,0,61,18.58,,
"constrained-tmlr-revision-2026-08-13","full",TRUE,16,"aligned",41,0.1,0.05,"exact","precomputed_exact_table","exact",202896100,202896131,,25000,"certified","bounds-met",TRUE,49,49,40,40,40,0,40,0,TRUE,0.909556504378955,0.0904434956210451,0.0904434956210459,TRUE,TRUE,TRUE,0.0904434956210451,0.0947981560939901,0.0188303162437319,16,16,32,0,0,,,,,0,81,58,49,0,0,49,11.47,,
"constrained-tmlr-revision-2026-08-13","full",TRUE,16,"aligned",41,0.1,0.05,"stochastic","precomputed_exact_table","iid",202896100,202896132,100,25000,"certified","bounds-met",TRUE,49,49,40,40,40,0,40,0,TRUE,0.909556504378955,0.0904434956210451,0.0904434956210549,TRUE,TRUE,TRUE,0.0904434956210451,0.0947981560939901,0.0188303162437319,16,16,32,0,0,,,,,0,81,58,49,0,0,49,10.32,,
"constrained-tmlr-revision-2026-08-13","full",TRUE,16,"aligned",41,0.2,0.05,"exact","precomputed_exact_table","exact",202896100,202896141,,25000,"certified","bounds-met",TRUE,19,19,10,10,10,0,10,0,TRUE,0.818929487923113,0.181070512076887,0.181070512076888,TRUE,TRUE,TRUE,0.181070512076887,0.199757294167458,0.034303887894691,6,6,32,0,0,,,,,0,51,38,19,0,0,19,4.63999999999999,,
"constrained-tmlr-revision-2026-08-13","full",TRUE,16,"aligned",41,0.2,0.05,"stochastic","precomputed_exact_table","iid",202896100,202896142,100,25000,"certified","bounds-met",TRUE,19,19,10,10,10,0,10,0,TRUE,0.818929487923113,0.181070512076887,0.181070512076904,TRUE,TRUE,TRUE,0.181070512076887,0.199757294167458,0.034303887894691,6,6,32,0,0,,,,,0,51,38,19,0,0,19,2.96000000000004,,
"constrained-tmlr-revision-2026-08-13","full",TRUE,16,"aligned",42,0.01,0.05,"exact","precomputed_exact_table","exact",202896200,202896211,,25000,"certified","bounds-met",TRUE,112,112,136,136,136,0,136,0,TRUE,0.990117494035085,0.00988250596491513,0.00988250596491698,TRUE,TRUE,TRUE,0.00988250596491513,0.00993166205199552,0.00284958637363916,37,37,32,0,0,,,,,0,144,100,112,0,0,112,53.39,,
"constrained-tmlr-revision-2026-08-13","full",TRUE,16,"aligned",42,0.01,0.05,"stochastic","precomputed_exact_table","iid",202896200,202896212,100,25000,"certified","bounds-met",TRUE,112,112,136,136,136,0,136,0,TRUE,0.990117494035085,0.00988250596491513,0.00988250596491782,TRUE,TRUE,TRUE,0.00988250596491513,0.00993166205199552,0.00284958637363916,37,37,32,0,0,,,,,0,144,100,112,0,0,112,34.24,,
"constrained-tmlr-revision-2026-08-13","full",TRUE,16,"aligned",42,0.05,0.05,"exact","precomputed_exact_table","exact",202896200,202896221,,25000,"certified","bounds-met",TRUE,61,61,62,62,62,0,62,0,TRUE,0.962180962380708,0.037819037619292,0.0378190376192941,TRUE,TRUE,TRUE,0.037819037619292,0.0385527354241512,0.0135894982998776,20,20,32,0,0,,,,,0,93,66,61,0,0,61,21.2,,
"constrained-tmlr-revision-2026-08-13","full",TRUE,16,"aligned",42,0.05,0.05,"stochastic","precomputed_exact_table","iid",202896200,202896222,100,25000,"certified","bounds-met",TRUE,61,61,62,62,62,0,62,0,TRUE,0.962180962380708,0.037819037619292,0.0378190376192962,TRUE,TRUE,TRUE,0.037819037619292,0.0385527354241512,0.0135894982998776,20,20,32,0,0,,,,,0,93,66,61,0,0,61,19.06,,
"constrained-tmlr-revision-2026-08-13","full",TRUE,16,"aligned",42,0.1,0.05,"exact","precomputed_exact_table","exact",202896200,202896231,,25000,"certified","bounds-met",TRUE,49,49,40,40,40,0,40,0,TRUE,0.918600017297149,0.0813999827028511,0.0813999827028531,TRUE,TRUE,TRUE,0.0813999827028511,0.0849044882605411,0.0164397052091134,16,16,32,0,0,,,,,0,81,58,49,0,0,49,12.61,,
"constrained-tmlr-revision-2026-08-13","full",TRUE,16,"aligned",42,0.1,0.05,"stochastic","precomputed_exact_table","iid",202896200,202896232,100,25000,"certified","bounds-met",TRUE,49,49,40,40,40,0,40,0,TRUE,0.918600017297149,0.0813999827028511,0.0813999827028578,TRUE,TRUE,TRUE,0.0813999827028511,0.0849044882605411,0.0164397052091134,16,16,32,0,0,,,,,0,81,58,49,0,0,49,11.97,,
"constrained-tmlr-revision-2026-08-13","full",TRUE,16,"aligned",42,0.2,0.05,"exact","precomputed_exact_table","exact",202896200,202896241,,25000,"certified","bounds-met",TRUE,19,19,10,10,10,0,10,0,TRUE,0.826895183387603,0.173104816612397,0.173104816612398,TRUE,TRUE,TRUE,0.173104816612397,0.190077335174109,0.0331705262720643,6,6,32,0,0,,,,,0,51,38,19,0,0,19,3.5,,
"constrained-tmlr-revision-2026-08-13","full",TRUE,16,"aligned",42,0.2,0.05,"stochastic","precomputed_exact_table","iid",202896200,202896242,100,25000,"certified","bounds-met",TRUE,19,19,10,10,10,0,10,0,TRUE,0.826895183387603,0.173104816612397,0.173104816612411,TRUE,TRUE,TRUE,0.173104816612397,0.190077335174109,0.0331705262720643,6,6,32,0,0,,,,,0,51,38,19,0,0,19,4.64999999999998,,
"constrained-tmlr-revision-2026-08-13","full",TRUE,16,"aligned",43,0.01,0.05,"exact","precomputed_exact_table","exact",202896300,202896311,,25000,"certified","bounds-met",TRUE,100,100,169,169,169,0,169,0,TRUE,0.990311302700027,0.00968869729997257,0.00968869729997775,TRUE,TRUE,TRUE,0.00968869729997257,0.00973593810990705,0.00320225660005709,33,33,32,0,0,,,,,0,132,92,100,0,0,100,42.61,,
"constrained-tmlr-revision-2026-08-13","full",TRUE,16,"aligned",43,0.01,0.05,"stochastic","precomputed_exact_table","iid",202896300,202896312,100,25000,"certified","bounds-met",TRUE,100,100,169,169,169,0,169,0,TRUE,0.990311302700027,0.00968869729997257,0.00968869729997858,TRUE,TRUE,TRUE,0.00968869729997257,0.00973593810990705,0.00320225660005709,33,33,32,0,0,,,,,0,132,92,100,0,0,100,31.53,,
"constrained-tmlr-revision-2026-08-13","full",TRUE,16,"aligned",43,0.05,0.05,"exact","precomputed_exact_table","exact",202896300,202896321,,25000,"certified","bounds-met",TRUE,52,52,62,62,62,0,62,0,TRUE,0.950812670695397,0.0491873293046031,0.0491873293046078,TRUE,TRUE,TRUE,0.0491873293046031,0.0504382172329823,0.0128695240921055,17,17,32,0,0,,,,,0,84,60,52,0,0,52,16.21,,
"constrained-tmlr-revision-2026-08-13","full",TRUE,16,"aligned",43,0.05,0.05,"stochastic","precomputed_exact_table","iid",202896300,202896322,100,25000,"certified","bounds-met",TRUE,52,52,62,62,62,0,62,0,TRUE,0.950812670695397,0.0491873293046031,0.0491873293046134,TRUE,TRUE,TRUE,0.0491873293046031,0.0504382172329823,0.0128695240921055,17,17,32,0,0,,,,,0,84,60,52,0,0,52,14.86,,
"constrained-tmlr-revision-2026-08-13","full",TRUE,16,"aligned",43,0.1,0.05,"exact","precomputed_exact_table","exact",202896300,202896331,,25000,"certified","bounds-met",TRUE,58,58,51,51,51,0,51,0,TRUE,0.921796443138111,0.0782035568618894,0.0782035568618942,TRUE,TRUE,TRUE,0.0782035568618894,0.0814308573079571,0.0202031337748422,19,19,32,0,0,,,,,0,90,64,58,0,0,58,14.27,,
"constrained-tmlr-revision-2026-08-13","full",TRUE,16,"aligned",43,0.1,0.05,"stochastic","precomputed_exact_table","iid",202896300,202896332,100,25000,"certified","bounds-met",TRUE,58,58,51,51,51,0,51,0,TRUE,0.921796443138111,0.0782035568618894,0.0782035568619009,TRUE,TRUE,TRUE,0.0782035568618894,0.0814308573079571,0.0202031337748422,19,19,32,0,0,,,,,0,90,64,58,0,0,58,13.61,,
"constrained-tmlr-revision-2026-08-13","full",TRUE,16,"aligned",43,0.2,0.05,"exact","precomputed_exact_table","exact",202896300,202896341,,25000,"certified","bounds-met",TRUE,34,34,20,20,20,0,20,0,TRUE,0.830262894864632,0.169737105135368,0.169737105135373,TRUE,TRUE,TRUE,0.169737105135368,0.18601288754251,0.0345764604336482,11,11,32,0,0,,,,,0,66,48,34,0,0,34,8.13,,
"constrained-tmlr-revision-2026-08-13","full",TRUE,16,"aligned",43,0.2,0.05,"stochastic","precomputed_exact_table","iid",202896300,202896342,100,25000,"certified","bounds-met",TRUE,34,34,20,20,20,0,20,0,TRUE,0.830262894864632,0.169737105135368,0.169737105135387,TRUE,TRUE,TRUE,0.169737105135368,0.18601288754251,0.0345764604336482,11,11,32,0,0,,,,,0,66,48,34,0,0,34,6.12,,
"constrained-tmlr-revision-2026-08-13","full",TRUE,16,"aligned",44,0.01,0.05,"exact","precomputed_exact_table","exact",202896400,202896411,,25000,"certified","bounds-met",TRUE,160,160,374,374,374,0,374,0,TRUE,0.990166908900227,0.00983309109977271,0.00983309109977288,TRUE,TRUE,TRUE,0.00983309109977271,0.00988175521530132,0.00408656640855129,53,53,32,0,0,,,,,0,192,132,160,0,0,160,58.42,,
"constrained-tmlr-revision-2026-08-13","full",TRUE,16,"aligned",44,0.01,0.05,"stochastic","precomputed_exact_table","iid",202896400,202896412,100,25000,"certified","bounds-met",TRUE,160,160,374,374,374,0,374,0,TRUE,0.990166908900227,0.00983309109977271,0.00983309109977372,TRUE,TRUE,TRUE,0.00983309109977271,0.00988175521530132,0.00408656640855129,53,53,32,0,0,,,,,0,192,132,160,0,0,160,51.53,,
"constrained-tmlr-revision-2026-08-13","full",TRUE,16,"aligned",44,0.05,0.05,"exact","precomputed_exact_table","exact",202896400,202896421,,25000,"certified","bounds-met",TRUE,85,85,140,140,140,0,140,0,TRUE,0.951463804284963,0.0485361957150365,0.048536195715037,TRUE,TRUE,TRUE,0.0485361957150365,0.0497536336579234,0.0234501631532033,28,28,32,0,0,,,,,0,117,82,85,0,0,85,18.65,,
"constrained-tmlr-revision-2026-08-13","full",TRUE,16,"aligned",44,0.05,0.05,"stochastic","precomputed_exact_table","iid",202896400,202896422,100,25000,"certified","bounds-met",TRUE,85,85,140,140,140,0,140,0,TRUE,0.951463804284963,0.0485361957150365,0.0485361957150397,TRUE,TRUE,TRUE,0.0485361957150365,0.0497536336579234,0.0234501631532033,28,28,32,0,0,,,,,0,117,82,85,0,0,85,17.64,,
"constrained-tmlr-revision-2026-08-13","full",TRUE,16,"aligned",44,0.1,0.05,"exact","precomputed_exact_table","exact",202896400,202896431,,25000,"certified","bounds-met",TRUE,76,76,95,95,95,0,95,0,TRUE,0.908641635848019,0.0913583641519807,0.091358364151981,TRUE,TRUE,TRUE,0.0913583641519807,0.0958045025288524,0.0432921834629433,25,25,32,0,0,,,,,0,108,76,76,0,0,76,15.18,,
"constrained-tmlr-revision-2026-08-13","full",TRUE,16,"aligned",44,0.1,0.05,"stochastic","precomputed_exact_table","iid",202896400,202896432,100,25000,"certified","bounds-met",TRUE,76,76,95,95,95,0,95,0,TRUE,0.908641635848019,0.0913583641519807,0.0913583641519875,TRUE,TRUE,TRUE,0.0913583641519807,0.0958045025288524,0.0432921834629433,25,25,32,0,0,,,,,0,108,76,76,0,0,76,17.4,,
"constrained-tmlr-revision-2026-08-13","full",TRUE,16,"aligned",44,0.2,0.05,"exact","precomputed_exact_table","exact",202896400,202896441,,25000,"certified","bounds-met",TRUE,43,43,42,42,42,0,42,0,TRUE,0.800280337974234,0.199719662025766,0.199719662025767,TRUE,TRUE,TRUE,0.199719662025766,0.222793190230031,0.0566927937862896,14,14,32,0,0,,,,,0,75,54,43,0,0,43,9.78000000000003,,
"constrained-tmlr-revision-2026-08-13","full",TRUE,16,"aligned",44,0.2,0.05,"stochastic","precomputed_exact_table","iid",202896400,202896442,100,25000,"certified","bounds-met",TRUE,43,43,42,42,42,0,42,0,TRUE,0.800280337974234,0.199719662025766,0.199719662025778,TRUE,TRUE,TRUE,0.199719662025766,0.222793190230031,0.0566927937862896,14,14,32,0,0,,,,,0,75,54,43,0,0,43,9.69999999999999,,
"constrained-tmlr-revision-2026-08-13","full",TRUE,16,"aligned",45,0.01,0.05,"exact","precomputed_exact_table","exact",202896500,202896511,,25000,"certified","bounds-met",TRUE,163,163,360,360,360,0,360,0,TRUE,0.990014250508225,0.00998574949177466,0.00998574949176773,TRUE,TRUE,TRUE,0.00998574949177466,0.0100359415043477,0.00359977496841074,54,54,32,0,0,,,,,0,195,134,163,0,0,163,40.26,,
"constrained-tmlr-revision-2026-08-13","full",TRUE,16,"aligned",45,0.01,0.05,"stochastic","precomputed_exact_table","iid",202896500,202896512,100,25000,"certified","bounds-met",TRUE,163,163,360,360,360,0,360,0,TRUE,0.990014250508225,0.00998574949177466,0.00998574949176873,TRUE,TRUE,TRUE,0.00998574949177466,0.0100359415043477,0.00359977496841074,54,54,32,0,0,,,,,0,195,134,163,0,0,163,46.2,,
"constrained-tmlr-revision-2026-08-13","full",TRUE,16,"aligned",45,0.05,0.05,"exact","precomputed_exact_table","exact",202896500,202896521,,25000,"certified","bounds-met",TRUE,121,121,164,164,164,0,164,0,TRUE,0.951981170432173,0.0480188295678267,0.04801882956782,TRUE,TRUE,TRUE,0.0480188295678267,0.049210023344179,0.0139761257232104,40,40,32,0,0,,,,,0,153,106,121,0,0,121,36.17,,
"constrained-tmlr-revision-2026-08-13","full",TRUE,16,"aligned",45,0.05,0.05,"stochastic","precomputed_exact_table","iid",202896500,202896522,100,25000,"certified","bounds-met",TRUE,121,121,164,164,164,0,164,0,TRUE,0.951981170432173,0.0480188295678267,0.0480188295678248,TRUE,TRUE,TRUE,0.0480188295678267,0.049210023344179,0.0139761257232104,40,40,32,0,0,,,,,0,153,106,121,0,0,121,35.92,,
"constrained-tmlr-revision-2026-08-13","full",TRUE,16,"aligned",45,0.1,0.05,"exact","precomputed_exact_table","exact",202896500,202896531,,25000,"certified","bounds-met",TRUE,70,70,97,97,97,0,97,0,TRUE,0.902952681254362,0.0970473187456382,0.0970473187456316,TRUE,TRUE,TRUE,0.0970473187456382,0.10208512864984,0.0298006929242686,23,23,32,0,0,,,,,0,102,72,70,0,0,70,17.94,,
"constrained-tmlr-revision-2026-08-13","full",TRUE,16,"aligned",45,0.1,0.05,"stochastic","precomputed_exact_table","iid",202896500,202896532,100,25000,"certified","bounds-met",TRUE,70,70,97,97,97,0,97,0,TRUE,0.902952681254362,0.0970473187456382,0.0970473187456398,TRUE,TRUE,TRUE,0.0970473187456382,0.10208512864984,0.0298006929242686,23,23,32,0,0,,,,,0,102,72,70,0,0,70,16.57,,
"constrained-tmlr-revision-2026-08-13","full",TRUE,16,"aligned",45,0.2,0.05,"exact","precomputed_exact_table","exact",202896500,202896541,,25000,"certified","bounds-met",TRUE,58,58,53,53,53,0,53,0,TRUE,0.804508941173376,0.195491058826624,0.19549105882662,TRUE,TRUE,TRUE,0.195491058826624,0.217523198660712,0.0510303275540743,19,19,32,0,0,,,,,0,90,64,58,0,0,58,12.07,,
"constrained-tmlr-revision-2026-08-13","full",TRUE,16,"aligned",45,0.2,0.05,"stochastic","precomputed_exact_table","iid",202896500,202896542,100,25000,"certified","bounds-met",TRUE,58,58,53,53,53,0,53,0,TRUE,0.804508941173376,0.195491058826624,0.195491058826632,TRUE,TRUE,TRUE,0.195491058826624,0.217523198660712,0.0510303275540743,19,19,32,0,0,,,,,0,90,64,58,0,0,58,11.6799999999999,,
"constrained-tmlr-revision-2026-08-13","full",TRUE,16,"aligned",46,0.01,0.05,"exact","precomputed_exact_table","exact",202896600,202896611,,25000,"certified","bounds-met",TRUE,130,130,182,182,182,0,182,0,TRUE,0.990323986281079,0.00967601371892113,0.00967601371891627,TRUE,TRUE,TRUE,0.00967601371892113,0.00972313052122863,0.00289373365910435,43,43,32,0,0,,,,,0,162,112,130,0,0,130,31.58,,
"constrained-tmlr-revision-2026-08-13","full",TRUE,16,"aligned",46,0.01,0.05,"stochastic","precomputed_exact_table","iid",202896600,202896612,100,25000,"certified","bounds-met",TRUE,130,130,182,182,182,0,182,0,TRUE,0.990323986281079,0.00967601371892113,0.0096760137189171,TRUE,TRUE,TRUE,0.00967601371892113,0.00972313052122863,0.00289373365910435,43,43,32,0,0,,,,,0,162,112,130,0,0,130,38.31,,
"constrained-tmlr-revision-2026-08-13","full",TRUE,16,"aligned",46,0.05,0.05,"exact","precomputed_exact_table","exact",202896600,202896621,,25000,"certified","bounds-met",TRUE,64,64,73,73,73,0,73,0,TRUE,0.965029848723085,0.0349701512769146,0.0349701512769095,TRUE,TRUE,TRUE,0.0349701512769146,0.035596246802255,0.0164297190725086,21,21,32,0,0,,,,,0,96,68,64,0,0,64,18.16,,
"constrained-tmlr-revision-2026-08-13","full",TRUE,16,"aligned",46,0.05,0.05,"stochastic","precomputed_exact_table","iid",202896600,202896622,100,25000,"certified","bounds-met",TRUE,64,64,73,73,73,0,73,0,TRUE,0.965029848723085,0.0349701512769146,0.034970151276913,TRUE,TRUE,TRUE,0.0349701512769146,0.035596246802255,0.0164297190725086,21,21,32,0,0,,,,,0,96,68,64,0,0,64,19.36,,
"constrained-tmlr-revision-2026-08-13","full",TRUE,16,"aligned",46,0.1,0.05,"exact","precomputed_exact_table","exact",202896600,202896631,,25000,"certified","bounds-met",TRUE,61,61,51,51,51,0,51,0,TRUE,0.913119685957534,0.086880314042466,0.086880314042462,TRUE,TRUE,TRUE,0.086880314042466,0.0908883161162465,0.0180892570791356,20,20,32,0,0,,,,,0,93,66,61,0,0,61,16.77,,
"constrained-tmlr-revision-2026-08-13","full",TRUE,16,"aligned",46,0.1,0.05,"stochastic","precomputed_exact_table","iid",202896600,202896632,100,25000,"certified","bounds-met",TRUE,61,61,51,51,51,0,51,0,TRUE,0.913119685957534,0.086880314042466,0.0868803140424694,TRUE,TRUE,TRUE,0.086880314042466,0.0908883161162465,0.0180892570791356,20,20,32,0,0,,,,,0,93,66,61,0,0,61,19.21,,
"constrained-tmlr-revision-2026-08-13","full",TRUE,16,"aligned",46,0.2,0.05,"exact","precomputed_exact_table","exact",202896600,202896641,,25000,"certified","bounds-met",TRUE,31,31,21,21,21,0,21,0,TRUE,0.825031805087771,0.174968194912229,0.174968194912227,TRUE,TRUE,TRUE,0.174968194912229,0.192333341769011,0.045729712146762,10,10,32,0,0,,,,,0,63,46,31,0,0,31,7.43000000000001,,
"constrained-tmlr-revision-2026-08-13","full",TRUE,16,"aligned",46,0.2,0.05,"stochastic","precomputed_exact_table","iid",202896600,202896642,100,25000,"certified","bounds-met",TRUE,31,31,21,21,21,0,21,0,TRUE,0.825031805087771,0.174968194912229,0.17496819491224,TRUE,TRUE,TRUE,0.174968194912229,0.192333341769011,0.045729712146762,10,10,32,0,0,,,,,0,63,46,31,0,0,31,7.38999999999999,,
"constrained-tmlr-revision-2026-08-13","full",TRUE,16,"aligned",47,0.01,0.05,"exact","precomputed_exact_table","exact",202896700,202896711,,25000,"certified","bounds-met",TRUE,100,100,149,149,149,0,149,0,TRUE,0.990170608773631,0.0098293912263685,0.00982939122637141,TRUE,TRUE,TRUE,0.0098293912263685,0.00987801860639381,0.00255286333397235,33,33,32,0,0,,,,,0,132,92,100,0,0,100,23.42,,
"constrained-tmlr-revision-2026-08-13","full",TRUE,16,"aligned",47,0.01,0.05,"stochastic","precomputed_exact_table","iid",202896700,202896712,100,25000,"certified","bounds-met",TRUE,100,100,149,149,149,0,149,0,TRUE,0.990170608773631,0.0098293912263685,0.0098293912263721,TRUE,TRUE,TRUE,0.0098293912263685,0.00987801860639381,0.00255286333397235,33,33,32,0,0,,,,,0,132,92,100,0,0,100,29.98,,
"constrained-tmlr-revision-2026-08-13","full",TRUE,16,"aligned",47,0.05,0.05,"exact","precomputed_exact_table","exact",202896700,202896721,,25000,"certified","bounds-met",TRUE,61,61,62,62,62,0,62,0,TRUE,0.959584942920337,0.0404150570796628,0.0404150570796659,TRUE,TRUE,TRUE,0.0404150570796628,0.0412544391355995,0.0126087480355505,20,20,32,0,0,,,,,0,93,66,61,0,0,61,15.89,,
"constrained-tmlr-revision-2026-08-13","full",TRUE,16,"aligned",47,0.05,0.05,"stochastic","precomputed_exact_table","iid",202896700,202896722,100,25000,"certified","bounds-met",TRUE,61,61,62,62,62,0,62,0,TRUE,0.959584942920337,0.0404150570796628,0.0404150570796688,TRUE,TRUE,TRUE,0.0404150570796628,0.0412544391355995,0.0126087480355505,20,20,32,0,0,,,,,0,93,66,61,0,0,61,17.14,,
"constrained-tmlr-revision-2026-08-13","full",TRUE,16,"aligned",47,0.1,0.05,"exact","precomputed_exact_table","exact",202896700,202896731,,25000,"certified","bounds-met",TRUE,52,52,41,41,41,0,41,0,TRUE,0.908412006169212,0.0915879938307881,0.091587993830791,TRUE,TRUE,TRUE,0.0915879938307881,0.0960572520071506,0.0204827237232363,17,17,32,0,0,,,,,0,84,60,52,0,0,52,13.75,,
"constrained-tmlr-revision-2026-08-13","full",TRUE,16,"aligned",47,0.1,0.05,"stochastic","precomputed_exact_table","iid",202896700,202896732,100,25000,"certified","bounds-met",TRUE,52,52,41,41,41,0,41,0,TRUE,0.908412006169212,0.0915879938307881,0.0915879938307975,TRUE,TRUE,TRUE,0.0915879938307881,0.0960572520071506,0.0204827237232363,17,17,32,0,0,,,,,0,84,60,52,0,0,52,11.75,,
"constrained-tmlr-revision-2026-08-13","full",TRUE,16,"aligned",47,0.2,0.05,"exact","precomputed_exact_table","exact",202896700,202896741,,25000,"certified","bounds-met",TRUE,46,46,20,20,20,0,20,0,TRUE,0.828333766486657,0.171666233513343,0.171666233513347,TRUE,TRUE,TRUE,0.171666233513343,0.188339106198136,0.0399661056242653,15,15,32,0,0,,,,,0,78,56,46,0,0,46,10.97,,
"constrained-tmlr-revision-2026-08-13","full",TRUE,16,"aligned",47,0.2,0.05,"stochastic","precomputed_exact_table","iid",202896700,202896742,100,25000,"certified","bounds-met",TRUE,46,46,20,20,20,0,20,0,TRUE,0.828333766486657,0.171666233513343,0.171666233513357,TRUE,TRUE,TRUE,0.171666233513343,0.188339106198136,0.0399661056242653,15,15,32,0,0,,,,,0,78,56,46,0,0,46,11.59,,
"constrained-tmlr-revision-2026-08-13","full",TRUE,16,"aligned",48,0.01,0.05,"exact","precomputed_exact_table","exact",202896800,202896811,,25000,"certified","bounds-met",TRUE,109,109,205,205,205,0,205,0,TRUE,0.990168871857164,0.00983112814283627,0.00983112814283925,TRUE,TRUE,TRUE,0.00983112814283627,0.00987977276671304,0.00258780641973733,36,36,32,0,0,,,,,0,141,98,109,0,0,109,28.11,,
"constrained-tmlr-revision-2026-08-13","full",TRUE,16,"aligned",48,0.01,0.05,"stochastic","precomputed_exact_table","iid",202896800,202896812,100,25000,"certified","bounds-met",TRUE,109,109,205,205,205,0,205,0,TRUE,0.990168871857164,0.00983112814283627,0.00983112814284023,TRUE,TRUE,TRUE,0.00983112814283627,0.00987977276671304,0.00258780641973733,36,36,32,0,0,,,,,0,141,98,109,0,0,109,32.96,,
"constrained-tmlr-revision-2026-08-13","full",TRUE,16,"aligned",48,0.05,0.05,"exact","precomputed_exact_table","exact",202896800,202896821,,25000,"certified","bounds-met",TRUE,64,64,84,84,84,0,84,0,TRUE,0.951511095396165,0.0484889046038351,0.048488904603838,TRUE,TRUE,TRUE,0.0484889046038351,0.0497039313615672,0.0138981882197863,21,21,32,0,0,,,,,0,96,68,64,0,0,64,17.74,,
"constrained-tmlr-revision-2026-08-13","full",TRUE,16,"aligned",48,0.05,0.05,"stochastic","precomputed_exact_table","iid",202896800,202896822,100,25000,"certified","bounds-met",TRUE,64,64,84,84,84,0,84,0,TRUE,0.951511095396165,0.0484889046038351,0.0484889046038428,TRUE,TRUE,TRUE,0.0484889046038351,0.0497039313615672,0.0138981882197863,21,21,32,0,0,,,,,0,96,68,64,0,0,64,18,,
"constrained-tmlr-revision-2026-08-13","full",TRUE,16,"aligned",48,0.1,0.05,"exact","precomputed_exact_table","exact",202896800,202896831,,25000,"certified","bounds-met",TRUE,67,67,62,62,62,0,62,0,TRUE,0.911896957162714,0.088103042837286,0.0881030428372877,TRUE,TRUE,TRUE,0.088103042837286,0.0922282808583552,0.0193000040973703,22,22,32,0,0,,,,,0,99,70,67,0,0,67,18.3,,
"constrained-tmlr-revision-2026-08-13","full",TRUE,16,"aligned",48,0.1,0.05,"stochastic","precomputed_exact_table","iid",202896800,202896832,100,25000,"certified","bounds-met",TRUE,67,67,62,62,62,0,62,0,TRUE,0.911896957162714,0.088103042837286,0.0881030428372977,TRUE,TRUE,TRUE,0.088103042837286,0.0922282808583552,0.0193000040973703,22,22,32,0,0,,,,,0,99,70,67,0,0,67,18.14,,
"constrained-tmlr-revision-2026-08-13","full",TRUE,16,"aligned",48,0.2,0.05,"exact","precomputed_exact_table","exact",202896800,202896841,,25000,"certified","bounds-met",TRUE,28,28,31,31,31,0,31,0,TRUE,0.842490275817276,0.157509724182724,0.157509724182725,TRUE,TRUE,TRUE,0.157509724182724,0.171393158878876,0.0341612123554819,9,9,32,0,0,,,,,0,60,44,28,0,0,28,6.44,,
"constrained-tmlr-revision-2026-08-13","full",TRUE,16,"aligned",48,0.2,0.05,"stochastic","precomputed_exact_table","iid",202896800,202896842,100,25000,"certified","bounds-met",TRUE,28,28,31,31,31,0,31,0,TRUE,0.842490275817276,0.157509724182724,0.157509724182745,TRUE,TRUE,TRUE,0.157509724182724,0.171393158878876,0.0341612123554819,9,9,32,0,0,,,,,0,60,44,28,0,0,28,6.01999999999998,,
"constrained-tmlr-revision-2026-08-13","full",TRUE,16,"aligned",49,0.01,0.05,"exact","precomputed_exact_table","exact",202896900,202896911,,25000,"certified","bounds-met",TRUE,121,121,189,189,189,0,189,0,TRUE,0.990694989968487,0.00930501003151285,0.0093050100315149,TRUE,TRUE,TRUE,0.00930501003151285,0.0093485720781307,0.00372289489347492,40,40,32,0,0,,,,,0,153,106,121,0,0,121,31.55,,
"constrained-tmlr-revision-2026-08-13","full",TRUE,16,"aligned",49,0.01,0.05,"stochastic","precomputed_exact_table","iid",202896900,202896912,100,25000,"certified","bounds-met",TRUE,121,121,189,189,189,0,189,0,TRUE,0.990694989968487,0.00930501003151285,0.00930501003151556,TRUE,TRUE,TRUE,0.00930501003151285,0.0093485720781307,0.00372289489347492,40,40,32,0,0,,,,,0,153,106,121,0,0,121,39.88,,
"constrained-tmlr-revision-2026-08-13","full",TRUE,16,"aligned",49,0.05,0.05,"exact","precomputed_exact_table","exact",202896900,202896921,,25000,"certified","bounds-met",TRUE,64,64,73,73,73,0,73,0,TRUE,0.952274439850004,0.0477255601499962,0.0477255601499984,TRUE,TRUE,TRUE,0.0477255601499962,0.0489020085812811,0.0240691154382408,21,21,32,0,0,,,,,0,96,68,64,0,0,64,18.69,,
"constrained-tmlr-revision-2026-08-13","full",TRUE,16,"aligned",49,0.05,0.05,"stochastic","precomputed_exact_table","iid",202896900,202896922,100,25000,"certified","bounds-met",TRUE,64,64,73,73,73,0,73,0,TRUE,0.952274439850004,0.0477255601499962,0.0477255601500017,TRUE,TRUE,TRUE,0.0477255601499962,0.0489020085812811,0.0240691154382408,21,21,32,0,0,,,,,0,96,68,64,0,0,64,19.24,,
"constrained-tmlr-revision-2026-08-13","full",TRUE,16,"aligned",49,0.1,0.05,"exact","precomputed_exact_table","exact",202896900,202896931,,25000,"certified","bounds-met",TRUE,67,67,50,50,50,0,50,0,TRUE,0.907966457584293,0.0920335424157072,0.0920335424157075,TRUE,TRUE,TRUE,0.0920335424157072,0.0965478420496404,0.0201155380522722,22,22,32,0,0,,,,,0,99,70,67,0,0,67,20.67,,
"constrained-tmlr-revision-2026-08-13","full",TRUE,16,"aligned",49,0.1,0.05,"stochastic","precomputed_exact_table","iid",202896900,202896932,100,25000,"certified","bounds-met",TRUE,67,67,50,50,50,0,50,0,TRUE,0.907966457584293,0.0920335424157072,0.0920335424157166,TRUE,TRUE,TRUE,0.0920335424157072,0.0965478420496404,0.0201155380522722,22,22,32,0,0,,,,,0,99,70,67,0,0,67,20.64,,
"constrained-tmlr-revision-2026-08-13","full",TRUE,16,"aligned",49,0.2,0.05,"exact","precomputed_exact_table","exact",202896900,202896941,,25000,"certified","bounds-met",TRUE,22,22,20,20,20,0,20,0,TRUE,0.816903025275258,0.183096974724742,0.183096974724741,TRUE,TRUE,TRUE,0.183096974724742,0.202234887280591,0.0681063436732645,7,7,32,0,0,,,,,0,54,40,22,0,0,22,4.98999999999995,,
"constrained-tmlr-revision-2026-08-13","full",TRUE,16,"aligned",49,0.2,0.05,"stochastic","precomputed_exact_table","iid",202896900,202896942,100,25000,"certified","bounds-met",TRUE,22,22,20,20,20,0,20,0,TRUE,0.816903025275258,0.183096974724742,0.183096974724756,TRUE,TRUE,TRUE,0.183096974724742,0.202234887280591,0.0681063436732645,7,7,32,0,0,,,,,0,54,40,22,0,0,22,4.97000000000003,,
"constrained-tmlr-revision-2026-08-13","full",TRUE,16,"aligned",50,0.01,0.05,"exact","precomputed_exact_table","exact",202897000,202897011,,25000,"certified","bounds-met",TRUE,121,121,172,172,172,0,172,0,TRUE,0.990905836031382,0.00909416396861806,0.00909416396861546,TRUE,TRUE,TRUE,0.00909416396861806,0.00913576830763965,0.00268228013667281,40,40,32,0,0,,,,,0,153,106,121,0,0,121,34.91,,
"constrained-tmlr-revision-2026-08-13","full",TRUE,16,"aligned",50,0.01,0.05,"stochastic","precomputed_exact_table","iid",202897000,202897012,100,25000,"certified","bounds-met",TRUE,121,121,172,172,172,0,172,0,TRUE,0.990905836031382,0.00909416396861806,0.00909416396861636,TRUE,TRUE,TRUE,0.00909416396861806,0.00913576830763965,0.00268228013667281,40,40,32,0,0,,,,,0,153,106,121,0,0,121,39.56,,
"constrained-tmlr-revision-2026-08-13","full",TRUE,16,"aligned",50,0.05,0.05,"exact","precomputed_exact_table","exact",202897000,202897021,,25000,"certified","bounds-met",TRUE,67,67,73,73,73,0,73,0,TRUE,0.967230356257877,0.0327696437421229,0.0327696437421206,TRUE,TRUE,TRUE,0.0327696437421229,0.0333185944649384,0.0114933547421613,22,22,32,0,0,,,,,0,99,70,67,0,0,67,17.46,,
"constrained-tmlr-revision-2026-08-13","full",TRUE,16,"aligned",50,0.05,0.05,"stochastic","precomputed_exact_table","iid",202897000,202897022,100,25000,"certified","bounds-met",TRUE,67,67,73,73,73,0,73,0,TRUE,0.967230356257877,0.0327696437421229,0.0327696437421234,TRUE,TRUE,TRUE,0.0327696437421229,0.0333185944649384,0.0114933547421613,22,22,32,0,0,,,,,0,99,70,67,0,0,67,16.59,,
"constrained-tmlr-revision-2026-08-13","full",TRUE,16,"aligned",50,0.1,0.05,"exact","precomputed_exact_table","exact",202897000,202897031,,25000,"certified","bounds-met",TRUE,73,73,51,51,51,0,51,0,TRUE,0.921682790190432,0.0783172098095681,0.0783172098095656,TRUE,TRUE,TRUE,0.0783172098095681,0.0815541599693247,0.0179065844659931,24,24,32,0,0,,,,,0,105,74,73,0,0,73,19.31,,
"constrained-tmlr-revision-2026-08-13","full",TRUE,16,"aligned",50,0.1,0.05,"stochastic","precomputed_exact_table","iid",202897000,202897032,100,25000,"certified","bounds-met",TRUE,73,73,51,51,51,0,51,0,TRUE,0.921682790190432,0.0783172098095681,0.0783172098095734,TRUE,TRUE,TRUE,0.0783172098095681,0.0815541599693247,0.0179065844659931,24,24,32,0,0,,,,,0,105,74,73,0,0,73,17.64,,
"constrained-tmlr-revision-2026-08-13","full",TRUE,16,"aligned",50,0.2,0.05,"exact","precomputed_exact_table","exact",202897000,202897041,,25000,"certified","bounds-met",TRUE,28,28,21,21,21,0,21,0,TRUE,0.82500489263793,0.17499510736207,0.174995107362069,TRUE,TRUE,TRUE,0.17499510736207,0.192365962194824,0.0373918111505352,9,9,32,0,0,,,,,0,60,44,28,0,0,28,4.61000000000001,,
"constrained-tmlr-revision-2026-08-13","full",TRUE,16,"aligned",50,0.2,0.05,"stochastic","precomputed_exact_table","iid",202897000,202897042,100,25000,"certified","bounds-met",TRUE,28,28,21,21,21,0,21,0,TRUE,0.82500489263793,0.17499510736207,0.174995107362084,TRUE,TRUE,TRUE,0.17499510736207,0.192365962194824,0.0373918111505352,9,9,32,0,0,,,,,0,60,44,28,0,0,28,5.23000000000002,,
"constrained-tmlr-revision-2026-08-13","full",TRUE,16,"aligned",51,0.01,0.05,"exact","precomputed_exact_table","exact",202897100,202897111,,25000,"certified","bounds-met",TRUE,109,109,160,160,160,0,160,0,TRUE,0.990060745753838,0.00993925424616215,0.00993925424616184,TRUE,TRUE,TRUE,0.00993925424616215,0.00998897838859824,0.00283775687331521,36,36,32,0,0,,,,,0,141,98,109,0,0,109,30.39,,
"constrained-tmlr-revision-2026-08-13","full",TRUE,16,"aligned",51,0.01,0.05,"stochastic","precomputed_exact_table","iid",202897100,202897112,100,25000,"certified","bounds-met",TRUE,109,109,160,160,160,0,160,0,TRUE,0.990060745753838,0.00993925424616215,0.00993925424616255,TRUE,TRUE,TRUE,0.00993925424616215,0.00998897838859824,0.00283775687331521,36,36,32,0,0,,,,,0,141,98,109,0,0,109,33.88,,
"constrained-tmlr-revision-2026-08-13","full",TRUE,16,"aligned",51,0.05,0.05,"exact","precomputed_exact_table","exact",202897100,202897121,,25000,"certified","bounds-met",TRUE,61,61,62,62,62,0,62,0,TRUE,0.954628630500199,0.0453713694998015,0.0453713694998002,TRUE,TRUE,TRUE,0.0453713694998015,0.0464328827165821,0.0148191545269048,20,20,32,0,0,,,,,0,93,66,61,0,0,61,15.98,,
"constrained-tmlr-revision-2026-08-13","full",TRUE,16,"aligned",51,0.05,0.05,"stochastic","precomputed_exact_table","iid",202897100,202897122,100,25000,"certified","bounds-met",TRUE,61,61,62,62,62,0,62,0,TRUE,0.954628630500199,0.0453713694998015,0.0453713694998041,TRUE,TRUE,TRUE,0.0453713694998015,0.0464328827165821,0.0148191545269048,20,20,32,0,0,,,,,0,93,66,61,0,0,61,17.43,,
"constrained-tmlr-revision-2026-08-13","full",TRUE,16,"aligned",51,0.1,0.05,"exact","precomputed_exact_table","exact",202897100,202897131,,25000,"certified","bounds-met",TRUE,52,52,41,41,41,0,41,0,TRUE,0.90914090603221,0.0908590939677898,0.09085909396779,TRUE,TRUE,TRUE,0.0908590939677898,0.0952551846811531,0.0274842865053405,17,17,32,0,0,,,,,0,84,60,52,0,0,52,13.88,,
"constrained-tmlr-revision-2026-08-13","full",TRUE,16,"aligned",51,0.1,0.05,"stochastic","precomputed_exact_table","iid",202897100,202897132,100,25000,"certified","bounds-met",TRUE,52,52,41,41,41,0,41,0,TRUE,0.90914090603221,0.0908590939677898,0.0908590939677964,TRUE,TRUE,TRUE,0.0908590939677898,0.0952551846811531,0.0274842865053405,17,17,32,0,0,,,,,0,84,60,52,0,0,52,14.41,,
"constrained-tmlr-revision-2026-08-13","full",TRUE,16,"aligned",51,0.2,0.05,"exact","precomputed_exact_table","exact",202897100,202897141,,25000,"certified","bounds-met",TRUE,46,46,20,20,20,0,20,0,TRUE,0.813924185763577,0.186075814236423,0.186075814236422,TRUE,TRUE,TRUE,0.186075814236423,0.205888055199782,0.040531019487106,15,15,32,0,0,,,,,0,78,56,46,0,0,46,11.83,,
"constrained-tmlr-revision-2026-08-13","full",TRUE,16,"aligned",51,0.2,0.05,"stochastic","precomputed_exact_table","iid",202897100,202897142,100,25000,"certified","bounds-met",TRUE,46,46,20,20,20,0,20,0,TRUE,0.813924185763577,0.186075814236423,0.186075814236435,TRUE,TRUE,TRUE,0.186075814236423,0.205888055199782,0.040531019487106,15,15,32,0,0,,,,,0,78,56,46,0,0,46,10.57,,
"constrained-tmlr-revision-2026-08-13","full",TRUE,16,"aligned",52,0.01,0.05,"exact","precomputed_exact_table","exact",202897200,202897211,,25000,"certified","bounds-met",TRUE,118,118,159,159,159,0,159,0,TRUE,0.99040538444187,0.00959461555813024,0.00959461555812707,TRUE,TRUE,TRUE,0.00959461555813024,0.00964094043303197,0.00283949782467369,39,39,32,0,0,,,,,0,150,104,118,0,0,118,30.69,,
"constrained-tmlr-revision-2026-08-13","full",TRUE,16,"aligned",52,0.01,0.05,"stochastic","precomputed_exact_table","iid",202897200,202897212,100,25000,"certified","bounds-met",TRUE,118,118,159,159,159,0,159,0,TRUE,0.99040538444187,0.00959461555813024,0.00959461555812775,TRUE,TRUE,TRUE,0.00959461555813024,0.00964094043303197,0.00283949782467369,39,39,32,0,0,,,,,0,150,104,118,0,0,118,37.34,,
"constrained-tmlr-revision-2026-08-13","full",TRUE,16,"aligned",52,0.05,0.05,"exact","precomputed_exact_table","exact",202897200,202897221,,25000,"certified","bounds-met",TRUE,61,61,62,62,62,0,62,0,TRUE,0.957250326865431,0.0427496731345687,0.0427496731345658,TRUE,TRUE,TRUE,0.0427496731345687,0.043690347161818,0.0128091901739205,20,20,32,0,0,,,,,0,93,66,61,0,0,61,16.67,,
"constrained-tmlr-revision-2026-08-13","full",TRUE,16,"aligned",52,0.05,0.05,"stochastic","precomputed_exact_table","iid",202897200,202897222,100,25000,"certified","bounds-met",TRUE,61,61,62,62,62,0,62,0,TRUE,0.957250326865431,0.0427496731345687,0.0427496731345686,TRUE,TRUE,TRUE,0.0427496731345687,0.043690347161818,0.0128091901739205,20,20,32,0,0,,,,,0,93,66,61,0,0,61,17.27,,
"constrained-tmlr-revision-2026-08-13","full",TRUE,16,"aligned",52,0.1,0.05,"exact","precomputed_exact_table","exact",202897200,202897231,,25000,"certified","bounds-met",TRUE,55,55,41,41,41,0,41,0,TRUE,0.90302901040643,0.0969709895935701,0.0969709895935671,TRUE,TRUE,TRUE,0.0969709895935701,0.102000599385267,0.0303644184971514,18,18,32,0,0,,,,,0,87,62,55,0,0,55,14.8,,
"constrained-tmlr-revision-2026-08-13","full",TRUE,16,"aligned",52,0.1,0.05,"stochastic","precomputed_exact_table","iid",202897200,202897232,100,25000,"certified","bounds-met",TRUE,55,55,41,41,41,0,41,0,TRUE,0.90302901040643,0.0969709895935701,0.0969709895935733,TRUE,TRUE,TRUE,0.0969709895935701,0.102000599385267,0.0303644184971514,18,18,32,0,0,,,,,0,87,62,55,0,0,55,14.69,,
"constrained-tmlr-revision-2026-08-13","full",TRUE,16,"aligned",52,0.2,0.05,"exact","precomputed_exact_table","exact",202897200,202897241,,25000,"certified","bounds-met",TRUE,49,49,20,20,20,0,20,0,TRUE,0.826423003362075,0.173576996637925,0.173576996637922,TRUE,TRUE,TRUE,0.173576996637925,0.190648525937206,0.0313995425045752,16,16,32,0,0,,,,,0,81,58,49,0,0,49,12.46,,
"constrained-tmlr-revision-2026-08-13","full",TRUE,16,"aligned",52,0.2,0.05,"stochastic","precomputed_exact_table","iid",202897200,202897242,100,25000,"certified","bounds-met",TRUE,49,49,20,20,20,0,20,0,TRUE,0.826423003362075,0.173576996637925,0.173576996637933,TRUE,TRUE,TRUE,0.173576996637925,0.190648525937206,0.0313995425045752,16,16,32,0,0,,,,,0,81,58,49,0,0,49,12.86,,
"constrained-tmlr-revision-2026-08-13","full",TRUE,16,"aligned",53,0.01,0.05,"exact","precomputed_exact_table","exact",202897300,202897311,,25000,"certified","bounds-met",TRUE,97,97,171,171,171,0,171,0,TRUE,0.990263465232174,0.00973653476782643,0.00973653476783043,TRUE,TRUE,TRUE,0.00973653476782643,0.00978424476173127,0.00280224514766078,32,32,32,0,0,,,,,0,129,90,97,0,0,97,30.86,,
"constrained-tmlr-revision-2026-08-13","full",TRUE,16,"aligned",53,0.01,0.05,"stochastic","precomputed_exact_table","iid",202897300,202897312,100,25000,"certified","bounds-met",TRUE,97,97,171,171,171,0,171,0,TRUE,0.990263465232174,0.00973653476782643,0.00973653476783125,TRUE,TRUE,TRUE,0.00973653476782643,0.00978424476173127,0.00280224514766078,32,32,32,0,0,,,,,0,129,90,97,0,0,97,29.2,,
"constrained-tmlr-revision-2026-08-13","full",TRUE,16,"aligned",53,0.05,0.05,"exact","precomputed_exact_table","exact",202897300,202897321,,25000,"certified","bounds-met",TRUE,58,58,62,62,62,0,62,0,TRUE,0.950519994395018,0.0494800056049823,0.0494800056049864,TRUE,TRUE,TRUE,0.0494800056049823,0.0507460816147022,0.015699296945945,19,19,32,0,0,,,,,0,90,64,58,0,0,58,17.57,,
"constrained-tmlr-revision-2026-08-13","full",TRUE,16,"aligned",53,0.05,0.05,"stochastic","precomputed_exact_table","iid",202897300,202897322,100,25000,"certified","bounds-met",TRUE,58,58,62,62,62,0,62,0,TRUE,0.950519994395018,0.0494800056049823,0.0494800056049907,TRUE,TRUE,TRUE,0.0494800056049823,0.0507460816147022,0.015699296945945,19,19,32,0,0,,,,,0,90,64,58,0,0,58,15.97,,
"constrained-tmlr-revision-2026-08-13","full",TRUE,16,"aligned",53,0.1,0.05,"exact","precomputed_exact_table","exact",202897300,202897331,,25000,"certified","bounds-met",TRUE,43,43,41,41,41,0,41,0,TRUE,0.900602316088534,0.0993976839114655,0.0993976839114696,TRUE,TRUE,TRUE,0.0993976839114655,0.104691499400746,0.0241871133205789,14,14,32,0,0,,,,,0,75,54,43,0,0,43,12.29,,
"constrained-tmlr-revision-2026-08-13","full",TRUE,16,"aligned",53,0.1,0.05,"stochastic","precomputed_exact_table","iid",202897300,202897332,100,25000,"certified","bounds-met",TRUE,43,43,41,41,41,0,41,0,TRUE,0.900602316088534,0.0993976839114655,0.0993976839114766,TRUE,TRUE,TRUE,0.0993976839114655,0.104691499400746,0.0241871133205789,14,14,32,0,0,,,,,0,75,54,43,0,0,43,9.94,,
"constrained-tmlr-revision-2026-08-13","full",TRUE,16,"aligned",53,0.2,0.05,"exact","precomputed_exact_table","exact",202897300,202897341,,25000,"certified","bounds-met",TRUE,34,34,20,20,20,0,20,0,TRUE,0.805406859624377,0.194593140375623,0.194593140375627,TRUE,TRUE,TRUE,0.194593140375623,0.216407713560604,0.0460833636586688,11,11,32,0,0,,,,,0,66,48,34,0,0,34,6.69,,
"constrained-tmlr-revision-2026-08-13","full",TRUE,16,"aligned",53,0.2,0.05,"stochastic","precomputed_exact_table","iid",202897300,202897342,100,25000,"certified","bounds-met",TRUE,34,34,20,20,20,0,20,0,TRUE,0.805406859624377,0.194593140375623,0.194593140375641,TRUE,TRUE,TRUE,0.194593140375623,0.216407713560604,0.0460833636586688,11,11,32,0,0,,,,,0,66,48,34,0,0,34,6.43000000000001,,
"constrained-tmlr-revision-2026-08-13","full",TRUE,16,"aligned",54,0.01,0.05,"exact","precomputed_exact_table","exact",202897400,202897411,,25000,"certified","bounds-met",TRUE,115,115,136,136,136,0,136,0,TRUE,0.990056915267743,0.0099430847322568,0.00994308473225493,TRUE,TRUE,TRUE,0.0099430847322568,0.00999284733656032,0.00245923285792524,38,38,32,0,0,,,,,0,147,102,115,0,0,115,34.17,,
"constrained-tmlr-revision-2026-08-13","full",TRUE,16,"aligned",54,0.01,0.05,"stochastic","precomputed_exact_table","iid",202897400,202897412,100,25000,"certified","bounds-met",TRUE,115,115,136,136,136,0,136,0,TRUE,0.990056915267743,0.0099430847322568,0.00994308473225578,TRUE,TRUE,TRUE,0.0099430847322568,0.00999284733656032,0.00245923285792524,38,38,32,0,0,,,,,0,147,102,115,0,0,115,34.06,,
"constrained-tmlr-revision-2026-08-13","full",TRUE,16,"aligned",54,0.05,0.05,"exact","precomputed_exact_table","exact",202897400,202897421,,25000,"certified","bounds-met",TRUE,61,61,62,62,62,0,62,0,TRUE,0.960506399185381,0.0394936008146186,0.0394936008146163,TRUE,TRUE,TRUE,0.0394936008146186,0.0402946344475864,0.0163309240842187,20,20,32,0,0,,,,,0,93,66,61,0,0,61,17.03,,
"constrained-tmlr-revision-2026-08-13","full",TRUE,16,"aligned",54,0.05,0.05,"stochastic","precomputed_exact_table","iid",202897400,202897422,100,25000,"certified","bounds-met",TRUE,61,61,62,62,62,0,62,0,TRUE,0.960506399185381,0.0394936008146186,0.0394936008146197,TRUE,TRUE,TRUE,0.0394936008146186,0.0402946344475864,0.0163309240842187,20,20,32,0,0,,,,,0,93,66,61,0,0,61,17.98,,
"constrained-tmlr-revision-2026-08-13","full",TRUE,16,"aligned",54,0.1,0.05,"exact","precomputed_exact_table","exact",202897400,202897431,,25000,"certified","bounds-met",TRUE,52,52,40,40,40,0,40,0,TRUE,0.907849110264743,0.092150889735257,0.0921508897352534,TRUE,TRUE,TRUE,0.092150889735257,0.0966770923124875,0.0229247206849586,17,17,32,0,0,,,,,0,84,60,52,0,0,52,14.34,,
"constrained-tmlr-revision-2026-08-13","full",TRUE,16,"aligned",54,0.1,0.05,"stochastic","precomputed_exact_table","iid",202897400,202897432,100,25000,"certified","bounds-met",TRUE,52,52,40,40,40,0,40,0,TRUE,0.907849110264743,0.092150889735257,0.0921508897352625,TRUE,TRUE,TRUE,0.092150889735257,0.0966770923124875,0.0229247206849586,17,17,32,0,0,,,,,0,84,60,52,0,0,52,12.25,,
"constrained-tmlr-revision-2026-08-13","full",TRUE,16,"aligned",54,0.2,0.05,"exact","precomputed_exact_table","exact",202897400,202897441,,25000,"certified","bounds-met",TRUE,19,19,10,10,10,0,10,0,TRUE,0.830242640659612,0.169757359340388,0.169757359340386,TRUE,TRUE,TRUE,0.169757359340388,0.186037282769852,0.030615911631907,6,6,32,0,0,,,,,0,51,38,19,0,0,19,4.58000000000001,,
"constrained-tmlr-revision-2026-08-13","full",TRUE,16,"aligned",54,0.2,0.05,"stochastic","precomputed_exact_table","iid",202897400,202897442,100,25000,"certified","bounds-met",TRUE,19,19,10,10,10,0,10,0,TRUE,0.830242640659612,0.169757359340388,0.169757359340401,TRUE,TRUE,TRUE,0.169757359340388,0.186037282769852,0.030615911631907,6,6,32,0,0,,,,,0,51,38,19,0,0,19,3.93000000000001,,
"constrained-tmlr-revision-2026-08-13","full",TRUE,16,"aligned",55,0.01,0.05,"exact","precomputed_exact_table","exact",202897500,202897511,,25000,"certified","bounds-met",TRUE,109,109,136,136,136,0,136,0,TRUE,0.99009166187906,0.00990833812093983,0.0099083381209433,TRUE,TRUE,TRUE,0.00990833812093983,0.0099577523828568,0.00308641264086548,36,36,32,0,0,,,,,0,141,98,109,0,0,109,33.87,,
"constrained-tmlr-revision-2026-08-13","full",TRUE,16,"aligned",55,0.01,0.05,"stochastic","precomputed_exact_table","iid",202897500,202897512,100,25000,"certified","bounds-met",TRUE,109,109,136,136,136,0,136,0,TRUE,0.99009166187906,0.00990833812093983,0.009908338120944,TRUE,TRUE,TRUE,0.00990833812093983,0.0099577523828568,0.00308641264086548,36,36,32,0,0,,,,,0,141,98,109,0,0,109,32.9,,
"constrained-tmlr-revision-2026-08-13","full",TRUE,16,"aligned",55,0.05,0.05,"exact","precomputed_exact_table","exact",202897500,202897521,,25000,"certified","bounds-met",TRUE,61,61,62,62,62,0,62,0,TRUE,0.961556493196932,0.0384435068030681,0.0384435068030711,TRUE,TRUE,TRUE,0.0384435068030681,0.039201960404306,0.0144808306870248,20,20,32,0,0,,,,,0,93,66,61,0,0,61,17.47,,
"constrained-tmlr-revision-2026-08-13","full",TRUE,16,"aligned",55,0.05,0.05,"stochastic","precomputed_exact_table","iid",202897500,202897522,100,25000,"certified","bounds-met",TRUE,61,61,62,62,62,0,62,0,TRUE,0.961556493196932,0.0384435068030681,0.0384435068030744,TRUE,TRUE,TRUE,0.0384435068030681,0.039201960404306,0.0144808306870248,20,20,32,0,0,,,,,0,93,66,61,0,0,61,18.22,,
"constrained-tmlr-revision-2026-08-13","full",TRUE,16,"aligned",55,0.1,0.05,"exact","precomputed_exact_table","exact",202897500,202897531,,25000,"certified","bounds-met",TRUE,49,49,40,40,40,0,40,0,TRUE,0.91467068812022,0.0853293118797801,0.085329311879783,TRUE,TRUE,TRUE,0.0853293118797801,0.0891911821812426,0.0171253381615295,16,16,32,0,0,,,,,0,81,58,49,0,0,49,13.16,,
"constrained-tmlr-revision-2026-08-13","full",TRUE,16,"aligned",55,0.1,0.05,"stochastic","precomputed_exact_table","iid",202897500,202897532,100,25000,"certified","bounds-met",TRUE,49,49,40,40,40,0,40,0,TRUE,0.91467068812022,0.0853293118797801,0.0853293118797902,TRUE,TRUE,TRUE,0.0853293118797801,0.0891911821812426,0.0171253381615295,16,16,32,0,0,,,,,0,81,58,49,0,0,49,12.64,,
"constrained-tmlr-revision-2026-08-13","full",TRUE,16,"aligned",55,0.2,0.05,"exact","precomputed_exact_table","exact",202897500,202897541,,25000,"certified","bounds-met",TRUE,19,19,10,10,10,0,10,0,TRUE,0.815370326040237,0.184629673959763,0.184629673959766,TRUE,TRUE,TRUE,0.184629673959763,0.204112881164707,0.0419397078392858,6,6,32,0,0,,,,,0,51,38,19,0,0,19,3.26999999999998,,
"constrained-tmlr-revision-2026-08-13","full",TRUE,16,"aligned",55,0.2,0.05,"stochastic","precomputed_exact_table","iid",202897500,202897542,100,25000,"certified","bounds-met",TRUE,19,19,10,10,10,0,10,0,TRUE,0.815370326040237,0.184629673959763,0.184629673959779,TRUE,TRUE,TRUE,0.184629673959763,0.204112881164707,0.0419397078392858,6,6,32,0,0,,,,,0,51,38,19,0,0,19,3.72,,
"constrained-tmlr-revision-2026-08-13","full",TRUE,16,"aligned",56,0.01,0.05,"exact","precomputed_exact_table","exact",202897600,202897611,,25000,"certified","bounds-met",TRUE,91,91,172,172,172,0,172,0,TRUE,0.990218809599985,0.00978119040001457,0.00978119040001361,TRUE,TRUE,TRUE,0.00978119040001457,0.00982934047681358,0.00301876526868487,30,30,32,0,0,,,,,0,123,86,91,0,0,91,26.89,,
"constrained-tmlr-revision-2026-08-13","full",TRUE,16,"aligned",56,0.01,0.05,"stochastic","precomputed_exact_table","iid",202897600,202897612,100,25000,"certified","bounds-met",TRUE,91,91,172,172,172,0,172,0,TRUE,0.990218809599985,0.00978119040001457,0.00978119040001458,TRUE,TRUE,TRUE,0.00978119040001457,0.00982934047681358,0.00301876526868487,30,30,32,0,0,,,,,0,123,86,91,0,0,91,27.3,,
"constrained-tmlr-revision-2026-08-13","full",TRUE,16,"aligned",56,0.05,0.05,"exact","precomputed_exact_table","exact",202897600,202897621,,25000,"certified","bounds-met",TRUE,64,64,73,73,73,0,73,0,TRUE,0.960856795652328,0.0391432043476719,0.0391432043476708,TRUE,TRUE,TRUE,0.0391432043476719,0.0399298970863497,0.0187139594605302,21,21,32,0,0,,,,,0,96,68,64,0,0,64,17.63,,
"constrained-tmlr-revision-2026-08-13","full",TRUE,16,"aligned",56,0.05,0.05,"stochastic","precomputed_exact_table","iid",202897600,202897622,100,25000,"certified","bounds-met",TRUE,64,64,73,73,73,0,73,0,TRUE,0.960856795652328,0.0391432043476719,0.0391432043476747,TRUE,TRUE,TRUE,0.0391432043476719,0.0399298970863497,0.0187139594605302,21,21,32,0,0,,,,,0,96,68,64,0,0,64,17.44,,
"constrained-tmlr-revision-2026-08-13","full",TRUE,16,"aligned",56,0.1,0.05,"exact","precomputed_exact_table","exact",202897600,202897631,,25000,"certified","bounds-met",TRUE,52,52,51,51,51,0,51,0,TRUE,0.917903683117719,0.082096316882281,0.0820963168822808,TRUE,TRUE,TRUE,0.082096316882281,0.0856628142172403,0.018103695872998,17,17,32,0,0,,,,,0,84,60,52,0,0,52,13.68,,
"constrained-tmlr-revision-2026-08-13","full",TRUE,16,"aligned",56,0.1,0.05,"stochastic","precomputed_exact_table","iid",202897600,202897632,100,25000,"certified","bounds-met",TRUE,52,52,51,51,51,0,51,0,TRUE,0.917903683117719,0.082096316882281,0.0820963168822878,TRUE,TRUE,TRUE,0.082096316882281,0.0856628142172403,0.018103695872998,17,17,32,0,0,,,,,0,84,60,52,0,0,52,13.7,,
"constrained-tmlr-revision-2026-08-13","full",TRUE,16,"aligned",56,0.2,0.05,"exact","precomputed_exact_table","exact",202897600,202897641,,25000,"certified","bounds-met",TRUE,19,19,21,21,21,0,21,0,TRUE,0.823364119130282,0.176635880869718,0.176635880869716,TRUE,TRUE,TRUE,0.176635880869718,0.194356747071061,0.0374172100794514,6,6,32,0,0,,,,,0,51,38,19,0,0,19,3.91,,
"constrained-tmlr-revision-2026-08-13","full",TRUE,16,"aligned",56,0.2,0.05,"stochastic","precomputed_exact_table","iid",202897600,202897642,100,25000,"certified","bounds-met",TRUE,19,19,21,21,21,0,21,0,TRUE,0.823364119130282,0.176635880869718,0.176635880869731,TRUE,TRUE,TRUE,0.176635880869718,0.194356747071061,0.0374172100794514,6,6,32,0,0,,,,,0,51,38,19,0,0,19,4.06,,
"constrained-tmlr-revision-2026-08-13","full",TRUE,16,"aligned",57,0.01,0.05,"exact","precomputed_exact_table","exact",202897700,202897711,,25000,"certified","bounds-met",TRUE,127,127,182,182,182,0,182,0,TRUE,0.990079555217244,0.00992044478275633,0.00992044478275544,TRUE,TRUE,TRUE,0.00992044478275633,0.00996998027680064,0.00280988988487157,42,42,32,0,0,,,,,0,159,110,127,0,0,127,39.09,,
"constrained-tmlr-revision-2026-08-13","full",TRUE,16,"aligned",57,0.01,0.05,"stochastic","precomputed_exact_table","iid",202897700,202897712,100,25000,"certified","bounds-met",TRUE,127,127,182,182,182,0,182,0,TRUE,0.990079555217244,0.00992044478275633,0.009920444782756,TRUE,TRUE,TRUE,0.00992044478275633,0.00996998027680064,0.00280988988487157,42,42,32,0,0,,,,,0,159,110,127,0,0,127,42.02,,
"constrained-tmlr-revision-2026-08-13","full",TRUE,16,"aligned",57,0.05,0.05,"exact","precomputed_exact_table","exact",202897700,202897721,,25000,"certified","bounds-met",TRUE,64,64,73,73,73,0,73,0,TRUE,0.956736170372687,0.0432638296273127,0.0432638296273125,TRUE,TRUE,TRUE,0.0432638296273127,0.0442276095780927,0.0241405071856728,21,21,32,0,0,,,,,0,96,68,64,0,0,64,18.44,,
"constrained-tmlr-revision-2026-08-13","full",TRUE,16,"aligned",57,0.05,0.05,"stochastic","precomputed_exact_table","iid",202897700,202897722,100,25000,"certified","bounds-met",TRUE,64,64,73,73,73,0,73,0,TRUE,0.956736170372687,0.0432638296273127,0.043263829627315,TRUE,TRUE,TRUE,0.0432638296273127,0.0442276095780927,0.0241405071856728,21,21,32,0,0,,,,,0,96,68,64,0,0,64,18.27,,
"constrained-tmlr-revision-2026-08-13","full",TRUE,16,"aligned",57,0.1,0.05,"exact","precomputed_exact_table","exact",202897700,202897731,,25000,"certified","bounds-met",TRUE,64,64,51,51,51,0,51,0,TRUE,0.91270462138583,0.0872953786141697,0.0872953786141687,TRUE,TRUE,TRUE,0.0872953786141697,0.091342976049499,0.0198117502136723,21,21,32,0,0,,,,,0,96,68,64,0,0,64,16.54,,
"constrained-tmlr-revision-2026-08-13","full",TRUE,16,"aligned",57,0.1,0.05,"stochastic","precomputed_exact_table","iid",202897700,202897732,100,25000,"certified","bounds-met",TRUE,64,64,51,51,51,0,51,0,TRUE,0.91270462138583,0.0872953786141697,0.0872953786141761,TRUE,TRUE,TRUE,0.0872953786141697,0.091342976049499,0.0198117502136723,21,21,32,0,0,,,,,0,96,68,64,0,0,64,16.05,,
"constrained-tmlr-revision-2026-08-13","full",TRUE,16,"aligned",57,0.2,0.05,"exact","precomputed_exact_table","exact",202897700,202897741,,25000,"certified","bounds-met",TRUE,31,31,21,21,21,0,21,0,TRUE,0.836518798016084,0.163481201983916,0.163481201983916,TRUE,TRUE,TRUE,0.163481201983916,0.178506286582908,0.0349750300755822,10,10,32,0,0,,,,,0,63,46,31,0,0,31,6.98000000000002,,
"constrained-tmlr-revision-2026-08-13","full",TRUE,16,"aligned",57,0.2,0.05,"stochastic","precomputed_exact_table","iid",202897700,202897742,100,25000,"certified","bounds-met",TRUE,31,31,21,21,21,0,21,0,TRUE,0.836518798016084,0.163481201983916,0.163481201983927,TRUE,TRUE,TRUE,0.163481201983916,0.178506286582908,0.0349750300755822,10,10,32,0,0,,,,,0,63,46,31,0,0,31,6.03000000000003,,
"constrained-tmlr-revision-2026-08-13","full",TRUE,16,"aligned",58,0.01,0.05,"exact","precomputed_exact_table","exact",202897800,202897811,,25000,"certified","bounds-met",TRUE,145,145,179,179,179,0,179,0,TRUE,0.990023721096081,0.00997627890391883,0.00997627890392104,TRUE,TRUE,TRUE,0.00997627890391883,0.0100263754374422,0.00272635120265659,48,48,32,0,0,,,,,0,177,122,145,0,0,145,47.44,,
"constrained-tmlr-revision-2026-08-13","full",TRUE,16,"aligned",58,0.01,0.05,"stochastic","precomputed_exact_table","iid",202897800,202897812,100,25000,"certified","bounds-met",TRUE,145,145,179,179,179,0,179,0,TRUE,0.990023721096081,0.00997627890391883,0.00997627890392189,TRUE,TRUE,TRUE,0.00997627890391883,0.0100263754374422,0.00272635120265659,48,48,32,0,0,,,,,0,177,122,145,0,0,145,44.16,,
"constrained-tmlr-revision-2026-08-13","full",TRUE,16,"aligned",58,0.05,0.05,"exact","precomputed_exact_table","exact",202897800,202897821,,25000,"certified","bounds-met",TRUE,61,61,62,62,62,0,62,0,TRUE,0.953446741750192,0.0465532582498079,0.0465532582498102,TRUE,TRUE,TRUE,0.0465532582498079,0.0476717110336898,0.01504780303085,20,20,32,0,0,,,,,0,93,66,61,0,0,61,14.27,,
"constrained-tmlr-revision-2026-08-13","full",TRUE,16,"aligned",58,0.05,0.05,"stochastic","precomputed_exact_table","iid",202897800,202897822,100,25000,"certified","bounds-met",TRUE,61,61,62,62,62,0,62,0,TRUE,0.953446741750192,0.0465532582498079,0.0465532582498142,TRUE,TRUE,TRUE,0.0465532582498079,0.0476717110336898,0.01504780303085,20,20,32,0,0,,,,,0,93,66,61,0,0,61,14.03,,
"constrained-tmlr-revision-2026-08-13","full",TRUE,16,"aligned",58,0.1,0.05,"exact","precomputed_exact_table","exact",202897800,202897831,,25000,"certified","bounds-met",TRUE,49,49,41,41,41,0,41,0,TRUE,0.906403296470596,0.093596703529404,0.093596703529406,TRUE,TRUE,TRUE,0.093596703529404,0.0982709323921251,0.0235230843760509,16,16,32,0,0,,,,,0,81,58,49,0,0,49,11.73,,
"constrained-tmlr-revision-2026-08-13","full",TRUE,16,"aligned",58,0.1,0.05,"stochastic","precomputed_exact_table","iid",202897800,202897832,100,25000,"certified","bounds-met",TRUE,49,49,41,41,41,0,41,0,TRUE,0.906403296470596,0.093596703529404,0.093596703529414,TRUE,TRUE,TRUE,0.093596703529404,0.0982709323921251,0.0235230843760509,16,16,32,0,0,,,,,0,81,58,49,0,0,49,10.04,,
"constrained-tmlr-revision-2026-08-13","full",TRUE,16,"aligned",58,0.2,0.05,"exact","precomputed_exact_table","exact",202897800,202897841,,25000,"certified","bounds-met",TRUE,43,43,20,20,20,0,20,0,TRUE,0.829930953457715,0.170069046542285,0.170069046542286,TRUE,TRUE,TRUE,0.170069046542285,0.18641277025702,0.0483427209176761,14,14,32,0,0,,,,,0,75,54,43,0,0,43,6.97,,
"constrained-tmlr-revision-2026-08-13","full",TRUE,16,"aligned",58,0.2,0.05,"stochastic","precomputed_exact_table","iid",202897800,202897842,100,25000,"certified","bounds-met",TRUE,43,43,20,20,20,0,20,0,TRUE,0.829930953457715,0.170069046542285,0.170069046542298,TRUE,TRUE,TRUE,0.170069046542285,0.18641277025702,0.0483427209176761,14,14,32,0,0,,,,,0,75,54,43,0,0,43,7.55000000000001,,
"constrained-tmlr-revision-2026-08-13","full",TRUE,16,"aligned",59,0.01,0.05,"exact","precomputed_exact_table","exact",202897900,202897911,,25000,"certified","bounds-met",TRUE,124,124,178,178,178,0,178,0,TRUE,0.990453431859528,0.00954656814047217,0.00954656814047708,TRUE,TRUE,TRUE,0.00954656814047217,0.00959242872965151,0.00277751746077244,41,41,32,0,0,,,,,0,156,107,124,0,0,124,38.3,,
"constrained-tmlr-revision-2026-08-13","full",TRUE,16,"aligned",59,0.01,0.05,"stochastic","precomputed_exact_table","iid",202897900,202897912,100,25000,"certified","bounds-met",TRUE,124,124,178,178,178,0,178,0,TRUE,0.990453431859528,0.00954656814047217,0.00954656814047776,TRUE,TRUE,TRUE,0.00954656814047217,0.00959242872965151,0.00277751746077244,41,41,32,0,0,,,,,0,156,107,124,0,0,124,39.76,,
"constrained-tmlr-revision-2026-08-13","full",TRUE,16,"aligned",59,0.05,0.05,"exact","precomputed_exact_table","exact",202897900,202897921,,25000,"certified","bounds-met",TRUE,73,73,72,72,72,0,72,0,TRUE,0.953177281375603,0.046822718624397,0.0468227186244016,TRUE,TRUE,TRUE,0.046822718624397,0.0479543680999124,0.01406648118433,24,24,32,0,0,,,,,0,105,74,73,0,0,73,23.58,,
"constrained-tmlr-revision-2026-08-13","full",TRUE,16,"aligned",59,0.05,0.05,"stochastic","precomputed_exact_table","iid",202897900,202897922,100,25000,"certified","bounds-met",TRUE,73,73,72,72,72,0,72,0,TRUE,0.953177281375603,0.046822718624397,0.0468227186244049,TRUE,TRUE,TRUE,0.046822718624397,0.0479543680999124,0.01406648118433,24,24,32,0,0,,,,,0,105,74,73,0,0,73,21.34,,
"constrained-tmlr-revision-2026-08-13","full",TRUE,16,"aligned",59,0.1,0.05,"exact","precomputed_exact_table","exact",202897900,202897931,,25000,"certified","bounds-met",TRUE,67,67,50,50,50,0,50,0,TRUE,0.902877560311789,0.0971224396882105,0.0971224396882153,TRUE,TRUE,TRUE,0.0971224396882105,0.102168326882859,0.0220557749075077,22,22,32,0,0,,,,,0,99,70,67,0,0,67,18.23,,
"constrained-tmlr-revision-2026-08-13","full",TRUE,16,"aligned",59,0.1,0.05,"stochastic","precomputed_exact_table","iid",202897900,202897932,100,25000,"certified","bounds-met",TRUE,67,67,50,50,50,0,50,0,TRUE,0.902877560311789,0.0971224396882105,0.0971224396882208,TRUE,TRUE,TRUE,0.0971224396882105,0.102168326882859,0.0220557749075077,22,22,32,0,0,,,,,0,99,70,67,0,0,67,16.01,,
"constrained-tmlr-revision-2026-08-13","full",TRUE,16,"aligned",59,0.2,0.05,"exact","precomputed_exact_table","exact",202897900,202897941,,25000,"certified","bounds-met",TRUE,22,22,20,20,20,0,20,0,TRUE,0.826852769067176,0.173147230932824,0.173147230932829,TRUE,TRUE,TRUE,0.173147230932824,0.190128629956211,0.0391159286750739,7,7,32,0,0,,,,,0,54,40,22,0,0,22,3.70000000000005,,
"constrained-tmlr-revision-2026-08-13","full",TRUE,16,"aligned",59,0.2,0.05,"stochastic","precomputed_exact_table","iid",202897900,202897942,100,25000,"certified","bounds-met",TRUE,22,22,20,20,20,0,20,0,TRUE,0.826852769067176,0.173147230932824,0.173147230932839,TRUE,TRUE,TRUE,0.173147230932824,0.190128629956211,0.0391159286750739,7,7,32,0,0,,,,,0,54,40,22,0,0,22,5,,
"constrained-tmlr-revision-2026-08-13","full",TRUE,16,"aligned",60,0.01,0.05,"exact","precomputed_exact_table","exact",202898000,202898011,,25000,"certified","bounds-met",TRUE,109,109,147,147,147,0,147,0,TRUE,0.990120118970118,0.00987988102988202,0.00987988102988866,TRUE,TRUE,TRUE,0.00987988102988202,0.0099290109206203,0.00279147260022827,36,36,32,0,0,,,,,0,141,98,109,0,0,109,34.71,,
"constrained-tmlr-revision-2026-08-13","full",TRUE,16,"aligned",60,0.01,0.05,"stochastic","precomputed_exact_table","iid",202898000,202898012,100,25000,"certified","bounds-met",TRUE,109,109,147,147,147,0,147,0,TRUE,0.990120118970118,0.00987988102988202,0.0098798810298895,TRUE,TRUE,TRUE,0.00987988102988202,0.0099290109206203,0.00279147260022827,36,36,32,0,0,,,,,0,141,98,109,0,0,109,33.34,,
"constrained-tmlr-revision-2026-08-13","full",TRUE,16,"aligned",60,0.05,0.05,"exact","precomputed_exact_table","exact",202898000,202898021,,25000,"certified","bounds-met",TRUE,64,64,73,73,73,0,73,0,TRUE,0.954904054064042,0.0450959459359581,0.0450959459359646,TRUE,TRUE,TRUE,0.0450959459359581,0.046144410497196,0.0266596038362359,21,21,32,0,0,,,,,0,96,68,64,0,0,64,14.69,,
"constrained-tmlr-revision-2026-08-13","full",TRUE,16,"aligned",60,0.05,0.05,"stochastic","precomputed_exact_table","iid",202898000,202898022,100,25000,"certified","bounds-met",TRUE,64,64,73,73,73,0,73,0,TRUE,0.954904054064042,0.0450959459359581,0.0450959459359685,TRUE,TRUE,TRUE,0.0450959459359581,0.046144410497196,0.0266596038362359,21,21,32,0,0,,,,,0,96,68,64,0,0,64,14.05,,
"constrained-tmlr-revision-2026-08-13","full",TRUE,16,"aligned",60,0.1,0.05,"exact","precomputed_exact_table","exact",202898000,202898031,,25000,"certified","bounds-met",TRUE,61,61,50,50,50,0,50,0,TRUE,0.901060640126484,0.0989393598735155,0.0989393598735209,TRUE,TRUE,TRUE,0.0989393598735155,0.104182720501501,0.0193565385223875,20,20,32,0,0,,,,,0,93,66,61,0,0,61,16.37,,
"constrained-tmlr-revision-2026-08-13","full",TRUE,16,"aligned",60,0.1,0.05,"stochastic","precomputed_exact_table","iid",202898000,202898032,100,25000,"certified","bounds-met",TRUE,61,61,50,50,50,0,50,0,TRUE,0.901060640126484,0.0989393598735155,0.0989393598735294,TRUE,TRUE,TRUE,0.0989393598735155,0.104182720501501,0.0193565385223875,20,20,32,0,0,,,,,0,93,66,61,0,0,61,13.91,,
"constrained-tmlr-revision-2026-08-13","full",TRUE,16,"aligned",60,0.2,0.05,"exact","precomputed_exact_table","exact",202898000,202898041,,25000,"certified","bounds-met",TRUE,22,22,20,20,20,0,20,0,TRUE,0.848709700995606,0.151290299004394,0.151290299004402,TRUE,TRUE,TRUE,0.151290299004394,0.16403808165401,0.0344939729246753,7,7,32,0,0,,,,,0,54,40,22,0,0,22,4.94999999999999,,
"constrained-tmlr-revision-2026-08-13","full",TRUE,16,"aligned",60,0.2,0.05,"stochastic","precomputed_exact_table","iid",202898000,202898042,100,25000,"certified","bounds-met",TRUE,22,22,20,20,20,0,20,0,TRUE,0.848709700995606,0.151290299004394,0.151290299004415,TRUE,TRUE,TRUE,0.151290299004394,0.16403808165401,0.0344939729246753,7,7,32,0,0,,,,,0,54,40,22,0,0,22,6.39000000000001,,
"constrained-tmlr-revision-2026-08-13","full",TRUE,16,"aligned",61,0.01,0.05,"exact","precomputed_exact_table","exact",202898100,202898111,,25000,"certified","bounds-met",TRUE,118,118,192,192,192,0,192,0,TRUE,0.990010373924654,0.00998962607534615,0.00998962607534742,TRUE,TRUE,TRUE,0.00998962607534615,0.0100398571966312,0.00252869493795357,39,39,32,0,0,,,,,0,150,104,118,0,0,118,29.11,,
"constrained-tmlr-revision-2026-08-13","full",TRUE,16,"aligned",61,0.01,0.05,"stochastic","precomputed_exact_table","iid",202898100,202898112,100,25000,"certified","bounds-met",TRUE,118,118,192,192,192,0,192,0,TRUE,0.990010373924654,0.00998962607534615,0.00998962607534799,TRUE,TRUE,TRUE,0.00998962607534615,0.0100398571966312,0.00252869493795357,39,39,32,0,0,,,,,0,150,104,118,0,0,118,33.54,,
"constrained-tmlr-revision-2026-08-13","full",TRUE,16,"aligned",61,0.05,0.05,"exact","precomputed_exact_table","exact",202898100,202898121,,25000,"certified","bounds-met",TRUE,88,88,93,93,93,0,93,0,TRUE,0.951599135866656,0.0484008641333442,0.0484008641333456,TRUE,TRUE,TRUE,0.0484008641333442,0.0496114086383876,0.0222166891727984,29,29,32,0,0,,,,,0,120,84,88,0,0,88,26.5,,
"constrained-tmlr-revision-2026-08-13","full",TRUE,16,"aligned",61,0.05,0.05,"stochastic","precomputed_exact_table","iid",202898100,202898122,100,25000,"certified","bounds-met",TRUE,88,88,93,93,93,0,93,0,TRUE,0.951599135866656,0.0484008641333442,0.0484008641333483,TRUE,TRUE,TRUE,0.0484008641333442,0.0496114086383876,0.0222166891727984,29,29,32,0,0,,,,,0,120,84,88,0,0,88,23.89,,
"constrained-tmlr-revision-2026-08-13","full",TRUE,16,"aligned",61,0.1,0.05,"exact","precomputed_exact_table","exact",202898100,202898131,,25000,"certified","bounds-met",TRUE,79,79,61,61,61,0,61,0,TRUE,0.908347806181601,0.0916521938183986,0.0916521938184012,TRUE,TRUE,TRUE,0.0916521938183986,0.0961279272689004,0.0189673062079043,26,26,32,0,0,,,,,0,111,78,79,0,0,79,20.97,,
"constrained-tmlr-revision-2026-08-13","full",TRUE,16,"aligned",61,0.1,0.05,"stochastic","precomputed_exact_table","iid",202898100,202898132,100,25000,"certified","bounds-met",TRUE,79,79,61,61,61,0,61,0,TRUE,0.908347806181601,0.0916521938183986,0.0916521938184064,TRUE,TRUE,TRUE,0.0916521938183986,0.0961279272689004,0.0189673062079043,26,26,32,0,0,,,,,0,111,78,79,0,0,79,22.63,,
"constrained-tmlr-revision-2026-08-13","full",TRUE,16,"aligned",61,0.2,0.05,"exact","precomputed_exact_table","exact",202898100,202898141,,25000,"certified","bounds-met",TRUE,34,34,20,20,20,0,20,0,TRUE,0.81665215623988,0.18334784376012,0.183347843760122,TRUE,TRUE,TRUE,0.18334784376012,0.202542032138859,0.047913068350919,11,11,32,0,0,,,,,0,66,48,34,0,0,34,6.66999999999996,,
"constrained-tmlr-revision-2026-08-13","full",TRUE,16,"aligned",61,0.2,0.05,"stochastic","precomputed_exact_table","iid",202898100,202898142,100,25000,"certified","bounds-met",TRUE,34,34,20,20,20,0,20,0,TRUE,0.81665215623988,0.18334784376012,0.183347843760129,TRUE,TRUE,TRUE,0.18334784376012,0.202542032138859,0.047913068350919,11,11,32,0,0,,,,,0,66,48,34,0,0,34,6.28000000000003,,
"constrained-tmlr-revision-2026-08-13","full",TRUE,16,"aligned",62,0.01,0.05,"exact","precomputed_exact_table","exact",202898200,202898211,,25000,"certified","bounds-met",TRUE,133,133,206,206,206,0,206,0,TRUE,0.990031688719139,0.0099683112808614,0.00996831128086142,TRUE,TRUE,TRUE,0.0099683112808614,0.0100183275585617,0.00280706468042191,44,44,32,0,0,,,,,0,165,114,133,0,0,133,35.6,,
"constrained-tmlr-revision-2026-08-13","full",TRUE,16,"aligned",62,0.01,0.05,"stochastic","precomputed_exact_table","iid",202898200,202898212,100,25000,"certified","bounds-met",TRUE,133,133,206,206,206,0,206,0,TRUE,0.990031688719139,0.0099683112808614,0.00996831128086213,TRUE,TRUE,TRUE,0.0099683112808614,0.0100183275585617,0.00280706468042191,44,44,32,0,0,,,,,0,165,114,133,0,0,133,43.42,,
"constrained-tmlr-revision-2026-08-13","full",TRUE,16,"aligned",62,0.05,0.05,"exact","precomputed_exact_table","exact",202898200,202898221,,25000,"certified","bounds-met",TRUE,64,64,95,95,95,0,95,0,TRUE,0.952449547201564,0.0475504527984362,0.0475504527984365,TRUE,TRUE,TRUE,0.0475504527984362,0.0487181422014342,0.0177397434820433,21,21,32,0,0,,,,,0,96,68,64,0,0,64,16.82,,
"constrained-tmlr-revision-2026-08-13","full",TRUE,16,"aligned",62,0.05,0.05,"stochastic","precomputed_exact_table","iid",202898200,202898222,100,25000,"certified","bounds-met",TRUE,64,64,95,95,95,0,95,0,TRUE,0.952449547201564,0.0475504527984362,0.0475504527984406,TRUE,TRUE,TRUE,0.0475504527984362,0.0487181422014342,0.0177397434820433,21,21,32,0,0,,,,,0,96,68,64,0,0,64,15.12,,
"constrained-tmlr-revision-2026-08-13","full",TRUE,16,"aligned",62,0.1,0.05,"exact","precomputed_exact_table","exact",202898200,202898231,,25000,"certified","bounds-met",TRUE,61,61,62,62,62,0,62,0,TRUE,0.909519305632064,0.0904806943679357,0.0904806943679353,TRUE,TRUE,TRUE,0.0904806943679357,0.0948390546059609,0.021299396703854,20,20,32,0,0,,,,,0,93,66,61,0,0,61,17.33,,
"constrained-tmlr-revision-2026-08-13","full",TRUE,16,"aligned",62,0.1,0.05,"stochastic","precomputed_exact_table","iid",202898200,202898232,100,25000,"certified","bounds-met",TRUE,61,61,62,62,62,0,62,0,TRUE,0.909519305632064,0.0904806943679357,0.090480694367943,TRUE,TRUE,TRUE,0.0904806943679357,0.0948390546059609,0.021299396703854,20,20,32,0,0,,,,,0,93,66,61,0,0,61,15.19,,
"constrained-tmlr-revision-2026-08-13","full",TRUE,16,"aligned",62,0.2,0.05,"exact","precomputed_exact_table","exact",202898200,202898241,,25000,"certified","bounds-met",TRUE,19,19,21,21,21,0,21,0,TRUE,0.810874922289841,0.189125077710159,0.18912507771016,TRUE,TRUE,TRUE,0.189125077710159,0.209641463283865,0.0733530887672152,6,6,32,0,0,,,,,0,51,38,19,0,0,19,3.91000000000003,,
"constrained-tmlr-revision-2026-08-13","full",TRUE,16,"aligned",62,0.2,0.05,"stochastic","precomputed_exact_table","iid",202898200,202898242,100,25000,"certified","bounds-met",TRUE,19,19,21,21,21,0,21,0,TRUE,0.810874922289841,0.189125077710159,0.189125077710171,TRUE,TRUE,TRUE,0.189125077710159,0.209641463283865,0.0733530887672152,6,6,32,0,0,,,,,0,51,38,19,0,0,19,5.26999999999998,,
"constrained-tmlr-revision-2026-08-13","full",TRUE,16,"aligned",63,0.01,0.05,"exact","precomputed_exact_table","exact",202898300,202898311,,25000,"certified","bounds-met",TRUE,127,127,215,215,215,0,215,0,TRUE,0.990691748769891,0.00930825123010881,0.00930825123010322,TRUE,TRUE,TRUE,0.00930825123010881,0.00935184372473315,0.00358545446931034,42,42,32,0,0,,,,,0,159,110,127,0,0,127,35.07,,
"constrained-tmlr-revision-2026-08-13","full",TRUE,16,"aligned",63,0.01,0.05,"stochastic","precomputed_exact_table","iid",202898300,202898312,100,25000,"certified","bounds-met",TRUE,127,127,215,215,215,0,215,0,TRUE,0.990691748769891,0.00930825123010881,0.00930825123010401,TRUE,TRUE,TRUE,0.00930825123010881,0.00935184372473315,0.00358545446931034,42,42,32,0,0,,,,,0,159,110,127,0,0,127,40.18,,
"constrained-tmlr-revision-2026-08-13","full",TRUE,16,"aligned",63,0.05,0.05,"exact","precomputed_exact_table","exact",202898300,202898321,,25000,"certified","bounds-met",TRUE,91,91,83,83,83,0,83,0,TRUE,0.950026733909891,0.0499732660901094,0.0499732660901045,TRUE,TRUE,TRUE,0.0499732660901094,0.0512651538257203,0.019459857288933,30,30,32,0,0,,,,,0,123,86,91,0,0,91,23.56,,
"constrained-tmlr-revision-2026-08-13","full",TRUE,16,"aligned",63,0.05,0.05,"stochastic","precomputed_exact_table","iid",202898300,202898322,100,25000,"certified","bounds-met",TRUE,91,91,83,83,83,0,83,0,TRUE,0.950026733909891,0.0499732660901094,0.0499732660901074,TRUE,TRUE,TRUE,0.0499732660901094,0.0512651538257203,0.019459857288933,30,30,32,0,0,,,,,0,123,86,91,0,0,91,23.36,,
"constrained-tmlr-revision-2026-08-13","full",TRUE,16,"aligned",63,0.1,0.05,"exact","precomputed_exact_table","exact",202898300,202898331,,25000,"certified","bounds-met",TRUE,55,55,52,52,52,0,52,0,TRUE,0.906772212850321,0.0932277871496786,0.0932277871496741,TRUE,TRUE,TRUE,0.0932277871496786,0.0978640039034933,0.0310168214109783,18,18,32,0,0,,,,,0,87,62,55,0,0,55,14.45,,
"constrained-tmlr-revision-2026-08-13","full",TRUE,16,"aligned",63,0.1,0.05,"stochastic","precomputed_exact_table","iid",202898300,202898332,100,25000,"certified","bounds-met",TRUE,55,55,52,52,52,0,52,0,TRUE,0.906772212850321,0.0932277871496786,0.0932277871496794,TRUE,TRUE,TRUE,0.0932277871496786,0.0978640039034933,0.0310168214109783,18,18,32,0,0,,,,,0,87,62,55,0,0,55,13.62,,
"constrained-tmlr-revision-2026-08-13","full",TRUE,16,"aligned",63,0.2,0.05,"exact","precomputed_exact_table","exact",202898300,202898341,,25000,"certified","bounds-met",TRUE,37,37,31,31,31,0,31,0,TRUE,0.800914010465324,0.199085989534676,0.199085989534671,TRUE,TRUE,TRUE,0.199085989534676,0.222001690403931,0.0736022252190472,12,12,32,0,0,,,,,0,69,50,37,0,0,37,8.36000000000001,,
"constrained-tmlr-revision-2026-08-13","full",TRUE,16,"aligned",63,0.2,0.05,"stochastic","precomputed_exact_table","iid",202898300,202898342,100,25000,"certified","bounds-met",TRUE,37,37,31,31,31,0,31,0,TRUE,0.800914010465324,0.199085989534676,0.199085989534685,TRUE,TRUE,TRUE,0.199085989534676,0.222001690403931,0.0736022252190472,12,12,32,0,0,,,,,0,69,50,37,0,0,37,6.73000000000002,,
"constrained-tmlr-revision-2026-08-13","full",TRUE,16,"aligned",64,0.01,0.05,"exact","precomputed_exact_table","exact",202898400,202898411,,25000,"certified","bounds-met",TRUE,133,133,184,184,184,0,184,0,TRUE,0.990022545489694,0.00997745451030563,0.00997745451031085,TRUE,TRUE,TRUE,0.00997745451030563,0.0100275628908938,0.00353844848436954,44,44,32,0,0,,,,,0,165,114,133,0,0,133,42.09,,
"constrained-tmlr-revision-2026-08-13","full",TRUE,16,"aligned",64,0.01,0.05,"stochastic","precomputed_exact_table","iid",202898400,202898412,100,25000,"certified","bounds-met",TRUE,133,133,184,184,184,0,184,0,TRUE,0.990022545489694,0.00997745451030563,0.00997745451031141,TRUE,TRUE,TRUE,0.00997745451030563,0.0100275628908938,0.00353844848436954,44,44,32,0,0,,,,,0,165,114,133,0,0,133,41.61,,
"constrained-tmlr-revision-2026-08-13","full",TRUE,16,"aligned",64,0.05,0.05,"exact","precomputed_exact_table","exact",202898400,202898421,,25000,"certified","bounds-met",TRUE,64,64,73,73,73,0,73,0,TRUE,0.955108238550832,0.0448917614491676,0.0448917614491723,TRUE,TRUE,TRUE,0.0448917614491676,0.0459306061270798,0.0218045473268262,21,21,32,0,0,,,,,0,96,68,64,0,0,64,14.33,,
"constrained-tmlr-revision-2026-08-13","full",TRUE,16,"aligned",64,0.05,0.05,"stochastic","precomputed_exact_table","iid",202898400,202898422,100,25000,"certified","bounds-met",TRUE,64,64,73,73,73,0,73,0,TRUE,0.955108238550832,0.0448917614491676,0.0448917614491755,TRUE,TRUE,TRUE,0.0448917614491676,0.0459306061270798,0.0218045473268262,21,21,32,0,0,,,,,0,96,68,64,0,0,64,16.27,,
"constrained-tmlr-revision-2026-08-13","full",TRUE,16,"aligned",64,0.1,0.05,"exact","precomputed_exact_table","exact",202898400,202898431,,25000,"certified","bounds-met",TRUE,61,61,51,51,51,0,51,0,TRUE,0.90240085049865,0.09759914950135,0.0975991495013543,TRUE,TRUE,TRUE,0.09759914950135,0.102696455753581,0.0336032029093362,20,20,32,0,0,,,,,0,93,66,61,0,0,61,15.11,,
"constrained-tmlr-revision-2026-08-13","full",TRUE,16,"aligned",64,0.1,0.05,"stochastic","precomputed_exact_table","iid",202898400,202898432,100,25000,"certified","bounds-met",TRUE,61,61,51,51,51,0,51,0,TRUE,0.90240085049865,0.09759914950135,0.0975991495013598,TRUE,TRUE,TRUE,0.09759914950135,0.102696455753581,0.0336032029093362,20,20,32,0,0,,,,,0,93,66,61,0,0,61,14.93,,
"constrained-tmlr-revision-2026-08-13","full",TRUE,16,"aligned",64,0.2,0.05,"exact","precomputed_exact_table","exact",202898400,202898441,,25000,"certified","bounds-met",TRUE,31,31,21,21,21,0,21,0,TRUE,0.829970608728112,0.170029391271888,0.170029391271891,TRUE,TRUE,TRUE,0.170029391271888,0.186364989989434,0.0336032029093362,10,10,32,0,0,,,,,0,63,46,31,0,0,31,7.59000000000003,,
"constrained-tmlr-revision-2026-08-13","full",TRUE,16,"aligned",64,0.2,0.05,"stochastic","precomputed_exact_table","iid",202898400,202898442,100,25000,"certified","bounds-met",TRUE,31,31,21,21,21,0,21,0,TRUE,0.829970608728112,0.170029391271888,0.170029391271901,TRUE,TRUE,TRUE,0.170029391271888,0.186364989989434,0.0336032029093362,10,10,32,0,0,,,,,0,63,46,31,0,0,31,6.17999999999995,,
"constrained-tmlr-revision-2026-08-13","full",TRUE,16,"aligned",65,0.01,0.05,"exact","precomputed_exact_table","exact",202898500,202898511,,25000,"certified","bounds-met",TRUE,118,118,171,171,171,0,171,0,TRUE,0.990275898585746,0.00972410141425373,0.00972410141425478,TRUE,TRUE,TRUE,0.00972410141425373,0.00977168923892772,0.00331951322585143,39,39,32,0,0,,,,,0,150,104,118,0,0,118,36.5,,
"constrained-tmlr-revision-2026-08-13","full",TRUE,16,"aligned",65,0.01,0.05,"stochastic","precomputed_exact_table","iid",202898500,202898512,100,25000,"certified","bounds-met",TRUE,118,118,171,171,171,0,171,0,TRUE,0.990275898585746,0.00972410141425373,0.00972410141425547,TRUE,TRUE,TRUE,0.00972410141425373,0.00977168923892772,0.00331951322585143,39,39,32,0,0,,,,,0,150,104,118,0,0,118,40.31,,
"constrained-tmlr-revision-2026-08-13","full",TRUE,16,"aligned",65,0.05,0.05,"exact","precomputed_exact_table","exact",202898500,202898521,,25000,"certified","bounds-met",TRUE,64,64,62,62,62,0,62,0,TRUE,0.95105384765937,0.0489461523406297,0.0489461523406307,TRUE,TRUE,TRUE,0.0489461523406297,0.0501845958952716,0.0133855332136656,21,21,32,0,0,,,,,0,96,68,64,0,0,64,20.41,,
"constrained-tmlr-revision-2026-08-13","full",TRUE,16,"aligned",65,0.05,0.05,"stochastic","precomputed_exact_table","iid",202898500,202898522,100,25000,"certified","bounds-met",TRUE,64,64,62,62,62,0,62,0,TRUE,0.95105384765937,0.0489461523406297,0.0489461523406342,TRUE,TRUE,TRUE,0.0489461523406297,0.0501845958952716,0.0133855332136656,21,21,32,0,0,,,,,0,96,68,64,0,0,64,21.63,,
"constrained-tmlr-revision-2026-08-13","full",TRUE,16,"aligned",65,0.1,0.05,"exact","precomputed_exact_table","exact",202898500,202898531,,25000,"certified","bounds-met",TRUE,46,46,41,41,41,0,41,0,TRUE,0.902005792369507,0.0979942076304932,0.0979942076304934,TRUE,TRUE,TRUE,0.0979942076304932,0.103134337244449,0.0340793266999029,15,15,32,0,0,,,,,0,78,56,46,0,0,46,11.7,,
"constrained-tmlr-revision-2026-08-13","full",TRUE,16,"aligned",65,0.1,0.05,"stochastic","precomputed_exact_table","iid",202898500,202898532,100,25000,"certified","bounds-met",TRUE,46,46,41,41,41,0,41,0,TRUE,0.902005792369507,0.0979942076304932,0.0979942076305003,TRUE,TRUE,TRUE,0.0979942076304932,0.103134337244449,0.0340793266999029,15,15,32,0,0,,,,,0,78,56,46,0,0,46,12.8,,
"constrained-tmlr-revision-2026-08-13","full",TRUE,16,"aligned",65,0.2,0.05,"exact","precomputed_exact_table","exact",202898500,202898541,,25000,"certified","bounds-met",TRUE,37,37,20,20,20,0,20,0,TRUE,0.803909864739534,0.196090135260466,0.196090135260465,TRUE,TRUE,TRUE,0.196090135260466,0.21826812462072,0.0427605758799796,12,12,32,0,0,,,,,0,69,50,37,0,0,37,11.16,,
"constrained-tmlr-revision-2026-08-13","full",TRUE,16,"aligned",65,0.2,0.05,"stochastic","precomputed_exact_table","iid",202898500,202898542,100,25000,"certified","bounds-met",TRUE,37,37,20,20,20,0,20,0,TRUE,0.803909864739534,0.196090135260466,0.196090135260479,TRUE,TRUE,TRUE,0.196090135260466,0.21826812462072,0.0427605758799796,12,12,32,0,0,,,,,0,69,50,37,0,0,37,7.94,,
"constrained-tmlr-revision-2026-08-13","full",TRUE,16,"aligned",66,0.01,0.05,"exact","precomputed_exact_table","exact",202898600,202898611,,25000,"certified","bounds-met",TRUE,109,109,125,125,125,0,125,0,TRUE,0.990160561151144,0.00983943884885574,0.00983943884885068,TRUE,TRUE,TRUE,0.00983943884885574,0.00988816602278549,0.00255481604755542,36,36,32,0,0,,,,,0,141,98,109,0,0,109,29.14,,
"constrained-tmlr-revision-2026-08-13","full",TRUE,16,"aligned",66,0.01,0.05,"stochastic","precomputed_exact_table","iid",202898600,202898612,100,25000,"certified","bounds-met",TRUE,109,109,125,125,125,0,125,0,TRUE,0.990160561151144,0.00983943884885574,0.00983943884885152,TRUE,TRUE,TRUE,0.00983943884885574,0.00988816602278549,0.00255481604755542,36,36,32,0,0,,,,,0,141,98,109,0,0,109,34.31,,
"constrained-tmlr-revision-2026-08-13","full",TRUE,16,"aligned",66,0.05,0.05,"exact","precomputed_exact_table","exact",202898600,202898621,,25000,"certified","bounds-met",TRUE,61,61,62,62,62,0,62,0,TRUE,0.96332756158023,0.0366724384197701,0.0366724384197652,TRUE,TRUE,TRUE,0.0366724384197701,0.0373617780009253,0.0140168815066979,20,20,32,0,0,,,,,0,93,66,61,0,0,61,18.83,,
"constrained-tmlr-revision-2026-08-13","full",TRUE,16,"aligned",66,0.05,0.05,"stochastic","precomputed_exact_table","iid",202898600,202898622,100,25000,"certified","bounds-met",TRUE,61,61,62,62,62,0,62,0,TRUE,0.96332756158023,0.0366724384197701,0.0366724384197683,TRUE,TRUE,TRUE,0.0366724384197701,0.0373617780009253,0.0140168815066979,20,20,32,0,0,,,,,0,93,66,61,0,0,61,17.03,,
"constrained-tmlr-revision-2026-08-13","full",TRUE,16,"aligned",66,0.1,0.05,"exact","precomputed_exact_table","exact",202898600,202898631,,25000,"certified","bounds-met",TRUE,58,58,40,40,40,0,40,0,TRUE,0.91542633820864,0.0845736617913603,0.084573661791355,TRUE,TRUE,TRUE,0.0845736617913603,0.0883653788271126,0.017320247530628,19,19,32,0,0,,,,,0,90,64,58,0,0,58,17.59,,
"constrained-tmlr-revision-2026-08-13","full",TRUE,16,"aligned",66,0.1,0.05,"stochastic","precomputed_exact_table","iid",202898600,202898632,100,25000,"certified","bounds-met",TRUE,58,58,40,40,40,0,40,0,TRUE,0.91542633820864,0.0845736617913603,0.0845736617913634,TRUE,TRUE,TRUE,0.0845736617913603,0.0883653788271126,0.017320247530628,19,19,32,0,0,,,,,0,90,64,58,0,0,58,16.3,,
"constrained-tmlr-revision-2026-08-13","full",TRUE,16,"aligned",66,0.2,0.05,"exact","precomputed_exact_table","exact",202898600,202898641,,25000,"certified","bounds-met",TRUE,19,19,10,10,10,0,10,0,TRUE,0.828855387957636,0.171144612042364,0.17114461204236,TRUE,TRUE,TRUE,0.171144612042364,0.187709580610419,0.0353685191237186,6,6,32,0,0,,,,,0,51,38,19,0,0,19,4.09,,
"constrained-tmlr-revision-2026-08-13","full",TRUE,16,"aligned",66,0.2,0.05,"stochastic","precomputed_exact_table","iid",202898600,202898642,100,25000,"certified","bounds-met",TRUE,19,19,10,10,10,0,10,0,TRUE,0.828855387957636,0.171144612042364,0.171144612042379,TRUE,TRUE,TRUE,0.171144612042364,0.187709580610419,0.0353685191237186,6,6,32,0,0,,,,,0,51,38,19,0,0,19,4,,
"constrained-tmlr-revision-2026-08-13","full",TRUE,16,"aligned",67,0.01,0.05,"exact","precomputed_exact_table","exact",202898700,202898711,,25000,"certified","bounds-met",TRUE,133,133,212,212,212,0,212,0,TRUE,0.990388154730107,0.00961184526989312,0.00961184526988754,TRUE,TRUE,TRUE,0.00961184526989312,0.00965833721005349,0.0036408104503117,44,44,32,0,0,,,,,0,165,114,133,0,0,133,37.72,,
"constrained-tmlr-revision-2026-08-13","full",TRUE,16,"aligned",67,0.01,0.05,"stochastic","precomputed_exact_table","iid",202898700,202898712,100,25000,"certified","bounds-met",TRUE,133,133,212,212,212,0,212,0,TRUE,0.990388154730107,0.00961184526989312,0.00961184526988809,TRUE,TRUE,TRUE,0.00961184526989312,0.00965833721005349,0.0036408104503117,44,44,32,0,0,,,,,0,165,114,133,0,0,133,36.69,,
"constrained-tmlr-revision-2026-08-13","full",TRUE,16,"aligned",67,0.05,0.05,"exact","precomputed_exact_table","exact",202898700,202898721,,25000,"certified","bounds-met",TRUE,82,82,93,93,93,0,93,0,TRUE,0.955837799130003,0.044162200869997,0.0441622008699916,TRUE,TRUE,TRUE,0.044162200869997,0.0451670465076759,0.0186874378805182,27,27,32,0,0,,,,,0,114,80,82,0,0,82,21.4,,
"constrained-tmlr-revision-2026-08-13","full",TRUE,16,"aligned",67,0.05,0.05,"stochastic","precomputed_exact_table","iid",202898700,202898722,100,25000,"certified","bounds-met",TRUE,82,82,93,93,93,0,93,0,TRUE,0.955837799130003,0.044162200869997,0.0441622008699947,TRUE,TRUE,TRUE,0.044162200869997,0.0451670465076759,0.0186874378805182,27,27,32,0,0,,,,,0,114,80,82,0,0,82,22.37,,
"constrained-tmlr-revision-2026-08-13","full",TRUE,16,"aligned",67,0.1,0.05,"exact","precomputed_exact_table","exact",202898700,202898731,,25000,"certified","bounds-met",TRUE,55,55,51,51,51,0,51,0,TRUE,0.900646875948585,0.0993531240514153,0.0993531240514092,TRUE,TRUE,TRUE,0.0993531240514153,0.104642022781679,0.0245570663585047,18,18,32,0,0,,,,,0,87,62,55,0,0,55,16.07,,
"constrained-tmlr-revision-2026-08-13","full",TRUE,16,"aligned",67,0.1,0.05,"stochastic","precomputed_exact_table","iid",202898700,202898732,100,25000,"certified","bounds-met",TRUE,55,55,51,51,51,0,51,0,TRUE,0.900646875948585,0.0993531240514153,0.0993531240514177,TRUE,TRUE,TRUE,0.0993531240514153,0.104642022781679,0.0245570663585047,18,18,32,0,0,,,,,0,87,62,55,0,0,55,13.73,,
"constrained-tmlr-revision-2026-08-13","full",TRUE,16,"aligned",67,0.2,0.05,"exact","precomputed_exact_table","exact",202898700,202898741,,25000,"certified","bounds-met",TRUE,52,52,30,30,30,0,30,0,TRUE,0.842907471911277,0.157092528088723,0.157092528088718,TRUE,TRUE,TRUE,0.157092528088723,0.170898087489248,0.0440085325904479,17,17,32,0,0,,,,,0,84,60,52,0,0,52,11.78,,
"constrained-tmlr-revision-2026-08-13","full",TRUE,16,"aligned",67,0.2,0.05,"stochastic","precomputed_exact_table","iid",202898700,202898742,100,25000,"certified","bounds-met",TRUE,52,52,30,30,30,0,30,0,TRUE,0.842907471911277,0.157092528088723,0.157092528088729,TRUE,TRUE,TRUE,0.157092528088723,0.170898087489248,0.0440085325904479,17,17,32,0,0,,,,,0,84,60,52,0,0,52,10,,
"constrained-tmlr-revision-2026-08-13","full",TRUE,16,"aligned",68,0.01,0.05,"exact","precomputed_exact_table","exact",202898800,202898811,,25000,"certified","bounds-met",TRUE,127,127,171,171,171,0,171,0,TRUE,0.990228990969052,0.00977100903094774,0.00977100903094655,TRUE,TRUE,TRUE,0.00977100903094774,0.00981905859100574,0.00292170782336697,42,42,32,0,0,,,,,0,159,110,127,0,0,127,37.14,,
"constrained-tmlr-revision-2026-08-13","full",TRUE,16,"aligned",68,0.01,0.05,"stochastic","precomputed_exact_table","iid",202898800,202898812,100,25000,"certified","bounds-met",TRUE,127,127,171,171,171,0,171,0,TRUE,0.990228990969052,0.00977100903094774,0.00977100903094725,TRUE,TRUE,TRUE,0.00977100903094774,0.00981905859100574,0.00292170782336697,42,42,32,0,0,,,,,0,159,110,127,0,0,127,38.2,,
"constrained-tmlr-revision-2026-08-13","full",TRUE,16,"aligned",68,0.05,0.05,"exact","precomputed_exact_table","exact",202898800,202898821,,25000,"certified","bounds-met",TRUE,70,70,72,72,72,0,72,0,TRUE,0.951018904154147,0.0489810958458526,0.0489810958458518,TRUE,TRUE,TRUE,0.0489810958458526,0.0502213384490919,0.0152382011069867,23,23,32,0,0,,,,,0,102,72,70,0,0,70,22.36,,
"constrained-tmlr-revision-2026-08-13","full",TRUE,16,"aligned",68,0.05,0.05,"stochastic","precomputed_exact_table","iid",202898800,202898822,100,25000,"certified","bounds-met",TRUE,70,70,72,72,72,0,72,0,TRUE,0.951018904154147,0.0489810958458526,0.0489810958458552,TRUE,TRUE,TRUE,0.0489810958458526,0.0502213384490919,0.0152382011069867,23,23,32,0,0,,,,,0,102,72,70,0,0,70,23.56,,
"constrained-tmlr-revision-2026-08-13","full",TRUE,16,"aligned",68,0.1,0.05,"exact","precomputed_exact_table","exact",202898800,202898831,,25000,"certified","bounds-met",TRUE,64,64,51,51,51,0,51,0,TRUE,0.922545374141025,0.0774546258589746,0.0774546258589737,TRUE,TRUE,TRUE,0.0774546258589746,0.0806187182163172,0.0203511276198448,21,21,32,0,0,,,,,0,96,68,64,0,0,64,17.73,,
"constrained-tmlr-revision-2026-08-13","full",TRUE,16,"aligned",68,0.1,0.05,"stochastic","precomputed_exact_table","iid",202898800,202898832,100,25000,"certified","bounds-met",TRUE,64,64,51,51,51,0,51,0,TRUE,0.922545374141025,0.0774546258589746,0.0774546258589781,TRUE,TRUE,TRUE,0.0774546258589746,0.0806187182163172,0.0203511276198448,21,21,32,0,0,,,,,0,96,68,64,0,0,64,20.31,,
"constrained-tmlr-revision-2026-08-13","full",TRUE,16,"aligned",68,0.2,0.05,"exact","precomputed_exact_table","exact",202898800,202898841,,25000,"certified","bounds-met",TRUE,25,25,20,20,20,0,20,0,TRUE,0.827582900777451,0.172417099222549,0.172417099222548,TRUE,TRUE,TRUE,0.172417099222549,0.189245994540421,0.0345681738123041,8,8,32,0,0,,,,,0,57,42,25,0,0,25,5.31999999999999,,
"constrained-tmlr-revision-2026-08-13","full",TRUE,16,"aligned",68,0.2,0.05,"stochastic","precomputed_exact_table","iid",202898800,202898842,100,25000,"certified","bounds-met",TRUE,25,25,20,20,20,0,20,0,TRUE,0.827582900777451,0.172417099222549,0.172417099222558,TRUE,TRUE,TRUE,0.172417099222549,0.189245994540421,0.0345681738123041,8,8,32,0,0,,,,,0,57,42,25,0,0,25,5.00999999999999,,
"constrained-tmlr-revision-2026-08-13","full",TRUE,16,"aligned",69,0.01,0.05,"exact","precomputed_exact_table","exact",202898900,202898911,,25000,"certified","bounds-met",TRUE,109,109,206,206,206,0,206,0,TRUE,0.990234352714647,0.00976564728535301,0.00976564728534763,TRUE,TRUE,TRUE,0.00976564728535301,0.00981364395345454,0.0033158644184961,36,36,32,0,0,,,,,0,141,98,109,0,0,109,30.93,,
"constrained-tmlr-revision-2026-08-13","full",TRUE,16,"aligned",69,0.01,0.05,"stochastic","precomputed_exact_table","iid",202898900,202898912,100,25000,"certified","bounds-met",TRUE,109,109,206,206,206,0,206,0,TRUE,0.990234352714647,0.00976564728535301,0.00976564728534804,TRUE,TRUE,TRUE,0.00976564728535301,0.00981364395345454,0.0033158644184961,36,36,32,0,0,,,,,0,141,98,109,0,0,109,36.83,,
"constrained-tmlr-revision-2026-08-13","full",TRUE,16,"aligned",69,0.05,0.05,"exact","precomputed_exact_table","exact",202898900,202898921,,25000,"certified","bounds-met",TRUE,82,82,84,84,84,0,84,0,TRUE,0.950333106846635,0.0496668931533647,0.0496668931533595,TRUE,TRUE,TRUE,0.0496668931533647,0.0509427170610315,0.0159813806323125,27,27,32,0,0,,,,,0,114,80,82,0,0,82,24.38,,
"constrained-tmlr-revision-2026-08-13","full",TRUE,16,"aligned",69,0.05,0.05,"stochastic","precomputed_exact_table","iid",202898900,202898922,100,25000,"certified","bounds-met",TRUE,82,82,84,84,84,0,84,0,TRUE,0.950333106846635,0.0496668931533647,0.0496668931533616,TRUE,TRUE,TRUE,0.0496668931533647,0.0509427170610315,0.0159813806323125,27,27,32,0,0,,,,,0,114,80,82,0,0,82,21.09,,
"constrained-tmlr-revision-2026-08-13","full",TRUE,16,"aligned",69,0.1,0.05,"exact","precomputed_exact_table","exact",202898900,202898931,,25000,"certified","bounds-met",TRUE,55,55,52,52,52,0,52,0,TRUE,0.907443467815225,0.0925565321847749,0.0925565321847693,TRUE,TRUE,TRUE,0.0925565321847749,0.0971240092019938,0.0172683567889537,18,18,32,0,0,,,,,0,87,62,55,0,0,55,14.97,,
"constrained-tmlr-revision-2026-08-13","full",TRUE,16,"aligned",69,0.1,0.05,"stochastic","precomputed_exact_table","iid",202898900,202898932,100,25000,"certified","bounds-met",TRUE,55,55,52,52,52,0,52,0,TRUE,0.907443467815225,0.0925565321847749,0.0925565321847746,TRUE,TRUE,TRUE,0.0925565321847749,0.0971240092019938,0.0172683567889537,18,18,32,0,0,,,,,0,87,62,55,0,0,55,14.08,,
"constrained-tmlr-revision-2026-08-13","full",TRUE,16,"aligned",69,0.2,0.05,"exact","precomputed_exact_table","exact",202898900,202898941,,25000,"certified","bounds-met",TRUE,58,58,30,30,30,0,30,0,TRUE,0.801457837664764,0.198542162335236,0.19854216233523,TRUE,TRUE,TRUE,0.198542162335236,0.221322912602192,0.0528931956861199,19,19,32,0,0,,,,,0,90,64,58,0,0,58,13.59,,
"constrained-tmlr-revision-2026-08-13","full",TRUE,16,"aligned",69,0.2,0.05,"stochastic","precomputed_exact_table","iid",202898900,202898942,100,25000,"certified","bounds-met",TRUE,58,58,30,30,30,0,30,0,TRUE,0.801457837664764,0.198542162335236,0.198542162335242,TRUE,TRUE,TRUE,0.198542162335236,0.221322912602192,0.0528931956861199,19,19,32,0,0,,,,,0,90,64,58,0,0,58,11.45,,
"constrained-tmlr-revision-2026-08-13","full",TRUE,16,"aligned",70,0.01,0.05,"exact","precomputed_exact_table","exact",202899000,202899011,,25000,"certified","bounds-met",TRUE,130,130,204,204,204,0,204,0,TRUE,0.990029423737236,0.0099705762627641,0.00997057626276217,TRUE,TRUE,TRUE,0.0099705762627641,0.0100206153484571,0.00268694902878263,43,43,32,0,0,,,,,0,162,112,130,0,0,130,35.96,,
"constrained-tmlr-revision-2026-08-13","full",TRUE,16,"aligned",70,0.01,0.05,"stochastic","precomputed_exact_table","iid",202899000,202899012,100,25000,"certified","bounds-met",TRUE,130,130,204,204,204,0,204,0,TRUE,0.990029423737236,0.0099705762627641,0.00997057626276288,TRUE,TRUE,TRUE,0.0099705762627641,0.0100206153484571,0.00268694902878263,43,43,32,0,0,,,,,0,162,112,130,0,0,130,39.86,,
"constrained-tmlr-revision-2026-08-13","full",TRUE,16,"aligned",70,0.05,0.05,"exact","precomputed_exact_table","exact",202899000,202899021,,25000,"certified","bounds-met",TRUE,67,67,73,73,73,0,73,0,TRUE,0.967076032614996,0.0329239673850042,0.0329239673850023,TRUE,TRUE,TRUE,0.0329239673850042,0.0334781593033699,0.00743221313190705,22,22,32,0,0,,,,,0,99,70,67,0,0,67,20.06,,
"constrained-tmlr-revision-2026-08-13","full",TRUE,16,"aligned",70,0.05,0.05,"stochastic","precomputed_exact_table","iid",202899000,202899022,100,25000,"certified","bounds-met",TRUE,67,67,73,73,73,0,73,0,TRUE,0.967076032614996,0.0329239673850042,0.0329239673850047,TRUE,TRUE,TRUE,0.0329239673850042,0.0334781593033699,0.00743221313190705,22,22,32,0,0,,,,,0,99,70,67,0,0,67,23.87,,
"constrained-tmlr-revision-2026-08-13","full",TRUE,16,"aligned",70,0.1,0.05,"exact","precomputed_exact_table","exact",202899000,202899031,,25000,"certified","bounds-met",TRUE,58,58,52,52,52,0,52,0,TRUE,0.917145125187197,0.0828548748128027,0.0828548748128005,TRUE,TRUE,TRUE,0.0828548748128027,0.086489558410959,0.0263664508436221,19,19,32,0,0,,,,,0,90,64,58,0,0,58,16.29,,
"constrained-tmlr-revision-2026-08-13","full",TRUE,16,"aligned",70,0.1,0.05,"stochastic","precomputed_exact_table","iid",202899000,202899032,100,25000,"certified","bounds-met",TRUE,58,58,52,52,52,0,52,0,TRUE,0.917145125187197,0.0828548748128027,0.0828548748128063,TRUE,TRUE,TRUE,0.0828548748128027,0.086489558410959,0.0263664508436221,19,19,32,0,0,,,,,0,90,64,58,0,0,58,15.19,,
"constrained-tmlr-revision-2026-08-13","full",TRUE,16,"aligned",70,0.2,0.05,"exact","precomputed_exact_table","exact",202899000,202899041,,25000,"certified","bounds-met",TRUE,31,31,21,21,21,0,21,0,TRUE,0.813000521823926,0.186999478176074,0.186999478176073,TRUE,TRUE,TRUE,0.186999478176074,0.207023527584685,0.0349040089796133,10,10,32,0,0,,,,,0,63,46,31,0,0,31,7.08999999999997,,
"constrained-tmlr-revision-2026-08-13","full",TRUE,16,"aligned",70,0.2,0.05,"stochastic","precomputed_exact_table","iid",202899000,202899042,100,25000,"certified","bounds-met",TRUE,31,31,21,21,21,0,21,0,TRUE,0.813000521823926,0.186999478176074,0.186999478176084,TRUE,TRUE,TRUE,0.186999478176074,0.207023527584685,0.0349040089796133,10,10,32,0,0,,,,,0,63,46,31,0,0,31,5.67000000000002,,
"constrained-tmlr-revision-2026-08-13","full",TRUE,16,"aligned",71,0.01,0.05,"exact","precomputed_exact_table","exact",202899100,202899111,,25000,"certified","bounds-met",TRUE,109,109,147,147,147,0,147,0,TRUE,0.99028714699693,0.00971285300307001,0.00971285300306618,TRUE,TRUE,TRUE,0.00971285300307001,0.009760330437491,0.00268130636878603,36,36,32,0,0,,,,,0,141,98,109,0,0,109,30.24,,
"constrained-tmlr-revision-2026-08-13","full",TRUE,16,"aligned",71,0.01,0.05,"stochastic","precomputed_exact_table","iid",202899100,202899112,100,25000,"certified","bounds-met",TRUE,109,109,147,147,147,0,147,0,TRUE,0.99028714699693,0.00971285300307001,0.00971285300306659,TRUE,TRUE,TRUE,0.00971285300307001,0.009760330437491,0.00268130636878603,36,36,32,0,0,,,,,0,141,98,109,0,0,109,34.78,,
"constrained-tmlr-revision-2026-08-13","full",TRUE,16,"aligned",71,0.05,0.05,"exact","precomputed_exact_table","exact",202899100,202899121,,25000,"certified","bounds-met",TRUE,61,61,62,62,62,0,62,0,TRUE,0.957251103814479,0.0427488961855208,0.0427488961855173,TRUE,TRUE,TRUE,0.0427488961855208,0.0436895355154693,0.0157777426653719,20,20,32,0,0,,,,,0,93,66,61,0,0,61,18.62,,
"constrained-tmlr-revision-2026-08-13","full",TRUE,16,"aligned",71,0.05,0.05,"stochastic","precomputed_exact_table","iid",202899100,202899122,100,25000,"certified","bounds-met",TRUE,61,61,62,62,62,0,62,0,TRUE,0.957251103814479,0.0427488961855208,0.0427488961855191,TRUE,TRUE,TRUE,0.0427488961855208,0.0436895355154693,0.0157777426653719,20,20,32,0,0,,,,,0,93,66,61,0,0,61,18.94,,
"constrained-tmlr-revision-2026-08-13","full",TRUE,16,"aligned",71,0.1,0.05,"exact","precomputed_exact_table","exact",202899100,202899131,,25000,"certified","bounds-met",TRUE,58,58,41,41,41,0,41,0,TRUE,0.907063643092485,0.0929363569075148,0.0929363569075102,TRUE,TRUE,TRUE,0.0929363569075148,0.0975426625387642,0.0183548395093553,19,19,32,0,0,,,,,0,90,64,58,0,0,58,17.6,,
"constrained-tmlr-revision-2026-08-13","full",TRUE,16,"aligned",71,0.1,0.05,"stochastic","precomputed_exact_table","iid",202899100,202899132,100,25000,"certified","bounds-met",TRUE,58,58,41,41,41,0,41,0,TRUE,0.907063643092485,0.0929363569075148,0.0929363569075141,TRUE,TRUE,TRUE,0.0929363569075148,0.0975426625387642,0.0183548395093553,19,19,32,0,0,,,,,0,90,64,58,0,0,58,17.36,,
"constrained-tmlr-revision-2026-08-13","full",TRUE,16,"aligned",71,0.2,0.05,"exact","precomputed_exact_table","exact",202899100,202899141,,25000,"certified","bounds-met",TRUE,19,19,10,10,10,0,10,0,TRUE,0.808723396953871,0.191276603046129,0.191276603046125,TRUE,TRUE,TRUE,0.191276603046129,0.212298327737264,0.0335740400446066,6,6,32,0,0,,,,,0,51,38,19,0,0,19,5.02000000000001,,
"constrained-tmlr-revision-2026-08-13","full",TRUE,16,"aligned",71,0.2,0.05,"stochastic","precomputed_exact_table","iid",202899100,202899142,100,25000,"certified","bounds-met",TRUE,19,19,10,10,10,0,10,0,TRUE,0.808723396953871,0.191276603046129,0.191276603046131,TRUE,TRUE,TRUE,0.191276603046129,0.212298327737264,0.0335740400446066,6,6,32,0,0,,,,,0,51,38,19,0,0,19,3.81,,
"constrained-tmlr-revision-2026-08-13","full",TRUE,16,"aligned",72,0.01,0.05,"exact","precomputed_exact_table","exact",202899200,202899211,,25000,"certified","bounds-met",TRUE,127,127,204,204,204,0,204,0,TRUE,0.990509005833704,0.00949099416629551,0.00949099416629836,TRUE,TRUE,TRUE,0.00949099416629551,0.00953632067516871,0.00307423582970413,42,42,32,0,0,,,,,0,159,110,127,0,0,127,39.28,,
"constrained-tmlr-revision-2026-08-13","full",TRUE,16,"aligned",72,0.01,0.05,"stochastic","precomputed_exact_table","iid",202899200,202899212,100,25000,"certified","bounds-met",TRUE,127,127,204,204,204,0,204,0,TRUE,0.990509005833704,0.00949099416629551,0.00949099416629904,TRUE,TRUE,TRUE,0.00949099416629551,0.00953632067516871,0.00307423582970413,42,42,32,0,0,,,,,0,159,110,127,0,0,127,41.74,,
"constrained-tmlr-revision-2026-08-13","full",TRUE,16,"aligned",72,0.05,0.05,"exact","precomputed_exact_table","exact",202899200,202899221,,25000,"certified","bounds-met",TRUE,91,91,83,83,83,0,83,0,TRUE,0.951244595690825,0.0487554043091755,0.0487554043091784,TRUE,TRUE,TRUE,0.0487554043091755,0.0499840510935237,0.0175968303869225,30,30,32,0,0,,,,,0,123,86,91,0,0,91,29,,
"constrained-tmlr-revision-2026-08-13","full",TRUE,16,"aligned",72,0.05,0.05,"stochastic","precomputed_exact_table","iid",202899200,202899222,100,25000,"certified","bounds-met",TRUE,91,91,83,83,83,0,83,0,TRUE,0.951244595690825,0.0487554043091755,0.0487554043091819,TRUE,TRUE,TRUE,0.0487554043091755,0.0499840510935237,0.0175968303869225,30,30,32,0,0,,,,,0,123,86,91,0,0,91,22.21,,
"constrained-tmlr-revision-2026-08-13","full",TRUE,16,"aligned",72,0.1,0.05,"exact","precomputed_exact_table","exact",202899200,202899231,,25000,"certified","bounds-met",TRUE,58,58,52,52,52,0,52,0,TRUE,0.903055366894425,0.096944633105575,0.0969446331055778,TRUE,TRUE,TRUE,0.096944633105575,0.10197141305452,0.0242972292097135,19,19,32,0,0,,,,,0,90,64,58,0,0,58,10.89,,
"constrained-tmlr-revision-2026-08-13","full",TRUE,16,"aligned",72,0.1,0.05,"stochastic","precomputed_exact_table","iid",202899200,202899232,100,25000,"certified","bounds-met",TRUE,58,58,52,52,52,0,52,0,TRUE,0.903055366894425,0.096944633105575,0.0969446331055846,TRUE,TRUE,TRUE,0.096944633105575,0.10197141305452,0.0242972292097135,19,19,32,0,0,,,,,0,90,64,58,0,0,58,9.56999999999999,,
"constrained-tmlr-revision-2026-08-13","full",TRUE,16,"aligned",72,0.2,0.05,"exact","precomputed_exact_table","exact",202899200,202899241,,25000,"certified","bounds-met",TRUE,25,25,21,21,21,0,21,0,TRUE,0.810890995905908,0.189109004094092,0.189109004094093,TRUE,TRUE,TRUE,0.189109004094092,0.209621640921232,0.0281338044172018,8,8,32,0,0,,,,,0,57,42,25,0,0,25,3.65000000000003,,
"constrained-tmlr-revision-2026-08-13","full",TRUE,16,"aligned",72,0.2,0.05,"stochastic","precomputed_exact_table","iid",202899200,202899242,100,25000,"certified","bounds-met",TRUE,25,25,21,21,21,0,21,0,TRUE,0.810890995905908,0.189109004094092,0.189109004094107,TRUE,TRUE,TRUE,0.189109004094092,0.209621640921232,0.0281338044172018,8,8,32,0,0,,,,,0,57,42,25,0,0,25,4.51999999999998,,
"constrained-tmlr-revision-2026-08-13","full",TRUE,16,"aligned",73,0.01,0.05,"exact","precomputed_exact_table","exact",202899300,202899311,,25000,"certified","bounds-met",TRUE,79,79,114,114,114,0,114,0,TRUE,0.99008044767383,0.00991955232617003,0.00991955232616453,TRUE,TRUE,TRUE,0.00991955232617003,0.00996907887834294,0.00232523392869453,26,26,32,0,0,,,,,0,111,78,79,0,0,79,22.73,,
"constrained-tmlr-revision-2026-08-13","full",TRUE,16,"aligned",73,0.01,0.05,"stochastic","precomputed_exact_table","iid",202899300,202899312,100,25000,"certified","bounds-met",TRUE,79,79,114,114,114,0,114,0,TRUE,0.99008044767383,0.00991955232617003,0.00991955232616538,TRUE,TRUE,TRUE,0.00991955232617003,0.00996907887834294,0.00232523392869453,26,26,32,0,0,,,,,0,111,78,79,0,0,79,25.32,,
"constrained-tmlr-revision-2026-08-13","full",TRUE,16,"aligned",73,0.05,0.05,"exact","precomputed_exact_table","exact",202899300,202899321,,25000,"certified","bounds-met",TRUE,61,61,62,62,62,0,62,0,TRUE,0.965061109236751,0.034938890763249,0.0349388907632443,TRUE,TRUE,TRUE,0.034938890763249,0.0355638540141955,0.012521244233265,20,20,32,0,0,,,,,0,93,66,61,0,0,61,18.33,,
"constrained-tmlr-revision-2026-08-13","full",TRUE,16,"aligned",73,0.05,0.05,"stochastic","precomputed_exact_table","iid",202899300,202899322,100,25000,"certified","bounds-met",TRUE,61,61,62,62,62,0,62,0,TRUE,0.965061109236751,0.034938890763249,0.0349388907632463,TRUE,TRUE,TRUE,0.034938890763249,0.0355638540141955,0.012521244233265,20,20,32,0,0,,,,,0,93,66,61,0,0,61,18.67,,
"constrained-tmlr-revision-2026-08-13","full",TRUE,16,"aligned",73,0.1,0.05,"exact","precomputed_exact_table","exact",202899300,202899331,,25000,"certified","bounds-met",TRUE,49,49,40,40,40,0,40,0,TRUE,0.920452565810687,0.0795474341893134,0.0795474341893087,TRUE,TRUE,TRUE,0.0795474341893134,0.0828898105322729,0.0151051935368705,16,16,32,0,0,,,,,0,81,58,49,0,0,49,14.22,,
"constrained-tmlr-revision-2026-08-13","full",TRUE,16,"aligned",73,0.1,0.05,"stochastic","precomputed_exact_table","iid",202899300,202899332,100,25000,"certified","bounds-met",TRUE,49,49,40,40,40,0,40,0,TRUE,0.920452565810687,0.0795474341893134,0.0795474341893144,TRUE,TRUE,TRUE,0.0795474341893134,0.0828898105322729,0.0151051935368705,16,16,32,0,0,,,,,0,81,58,49,0,0,49,13.02,,
"constrained-tmlr-revision-2026-08-13","full",TRUE,16,"aligned",73,0.2,0.05,"exact","precomputed_exact_table","exact",202899300,202899341,,25000,"certified","bounds-met",TRUE,19,19,10,10,10,0,10,0,TRUE,0.827035451549384,0.172964548450616,0.172964548450612,TRUE,TRUE,TRUE,0.172964548450616,0.189907717223811,0.0414051461478098,6,6,32,0,0,,,,,0,51,38,19,0,0,19,3.63999999999999,,
"constrained-tmlr-revision-2026-08-13","full",TRUE,16,"aligned",73,0.2,0.05,"stochastic","precomputed_exact_table","iid",202899300,202899342,100,25000,"certified","bounds-met",TRUE,19,19,10,10,10,0,10,0,TRUE,0.827035451549384,0.172964548450616,0.172964548450627,TRUE,TRUE,TRUE,0.172964548450616,0.189907717223811,0.0414051461478098,6,6,32,0,0,,,,,0,51,38,19,0,0,19,3.88,,
"constrained-tmlr-revision-2026-08-13","full",TRUE,16,"aligned",74,0.01,0.05,"exact","precomputed_exact_table","exact",202899400,202899411,,25000,"certified","bounds-met",TRUE,115,115,124,124,124,0,124,0,TRUE,0.99000390065216,0.00999609934784018,0.00999609934784257,TRUE,TRUE,TRUE,0.00999609934784018,0.0100463958085767,0.00249639782144069,38,38,32,0,0,,,,,0,147,102,115,0,0,115,35.44,,
"constrained-tmlr-revision-2026-08-13","full",TRUE,16,"aligned",74,0.01,0.05,"stochastic","precomputed_exact_table","iid",202899400,202899412,100,25000,"certified","bounds-met",TRUE,115,115,124,124,124,0,124,0,TRUE,0.99000390065216,0.00999609934784018,0.00999609934784314,TRUE,TRUE,TRUE,0.00999609934784018,0.0100463958085767,0.00249639782144069,38,38,32,0,0,,,,,0,147,102,115,0,0,115,37.93,,
"constrained-tmlr-revision-2026-08-13","full",TRUE,16,"aligned",74,0.05,0.05,"exact","precomputed_exact_table","exact",202899400,202899421,,25000,"certified","bounds-met",TRUE,61,61,62,62,62,0,62,0,TRUE,0.964865915274669,0.0351340847253313,0.0351340847253334,TRUE,TRUE,TRUE,0.0351340847253313,0.0357661351992029,0.0125769802235516,20,20,32,0,0,,,,,0,93,66,61,0,0,61,18.14,,
"constrained-tmlr-revision-2026-08-13","full",TRUE,16,"aligned",74,0.05,0.05,"stochastic","precomputed_exact_table","iid",202899400,202899422,100,25000,"certified","bounds-met",TRUE,61,61,62,62,62,0,62,0,TRUE,0.964865915274669,0.0351340847253313,0.0351340847253349,TRUE,TRUE,TRUE,0.0351340847253313,0.0357661351992029,0.0125769802235516,20,20,32,0,0,,,,,0,93,66,61,0,0,61,20,,
"constrained-tmlr-revision-2026-08-13","full",TRUE,16,"aligned",74,0.1,0.05,"exact","precomputed_exact_table","exact",202899400,202899431,,25000,"certified","bounds-met",TRUE,49,49,40,40,40,0,40,0,TRUE,0.922223017568794,0.0777769824312065,0.0777769824312091,TRUE,TRUE,TRUE,0.0777769824312065,0.080968200110046,0.013568914603054,16,16,32,0,0,,,,,0,81,58,49,0,0,49,13.39,,
"constrained-tmlr-revision-2026-08-13","full",TRUE,16,"aligned",74,0.1,0.05,"stochastic","precomputed_exact_table","iid",202899400,202899432,100,25000,"certified","bounds-met",TRUE,49,49,40,40,40,0,40,0,TRUE,0.922223017568794,0.0777769824312065,0.0777769824312124,TRUE,TRUE,TRUE,0.0777769824312065,0.080968200110046,0.013568914603054,16,16,32,0,0,,,,,0,81,58,49,0,0,49,10.92,,
"constrained-tmlr-revision-2026-08-13","full",TRUE,16,"aligned",74,0.2,0.05,"exact","precomputed_exact_table","exact",202899400,202899441,,25000,"certified","bounds-met",TRUE,19,19,10,10,10,0,10,0,TRUE,0.826987333518277,0.173012666481723,0.173012666481726,TRUE,TRUE,TRUE,0.173012666481723,0.189965900256783,0.0400909863345572,6,6,32,0,0,,,,,0,51,38,19,0,0,19,3.28,,
"constrained-tmlr-revision-2026-08-13","full",TRUE,16,"aligned",74,0.2,0.05,"stochastic","precomputed_exact_table","iid",202899400,202899442,100,25000,"certified","bounds-met",TRUE,19,19,10,10,10,0,10,0,TRUE,0.826987333518277,0.173012666481723,0.173012666481734,TRUE,TRUE,TRUE,0.173012666481723,0.189965900256783,0.0400909863345572,6,6,32,0,0,,,,,0,51,38,19,0,0,19,3.08000000000001,,
"constrained-tmlr-revision-2026-08-13","full",TRUE,16,"aligned",75,0.01,0.05,"exact","precomputed_exact_table","exact",202899500,202899511,,25000,"certified","bounds-met",TRUE,85,85,138,138,138,0,138,0,TRUE,0.990037444534401,0.00996255546559899,0.00996255546559758,TRUE,TRUE,TRUE,0.00996255546559899,0.0100125138067428,0.00261519955689715,28,28,32,0,0,,,,,0,117,82,85,0,0,85,25.12,,
"constrained-tmlr-revision-2026-08-13","full",TRUE,16,"aligned",75,0.01,0.05,"stochastic","precomputed_exact_table","iid",202899500,202899512,100,25000,"certified","bounds-met",TRUE,85,85,138,138,138,0,138,0,TRUE,0.990037444534401,0.00996255546559899,0.00996255546559814,TRUE,TRUE,TRUE,0.00996255546559899,0.0100125138067428,0.00261519955689715,28,28,32,0,0,,,,,0,117,82,85,0,0,85,26.37,,
"constrained-tmlr-revision-2026-08-13","full",TRUE,16,"aligned",75,0.05,0.05,"exact","precomputed_exact_table","exact",202899500,202899521,,25000,"certified","bounds-met",TRUE,61,61,62,62,62,0,62,0,TRUE,0.962354664531872,0.0376453354681282,0.0376453354681267,TRUE,TRUE,TRUE,0.0376453354681282,0.0383722221104911,0.013624647814225,20,20,32,0,0,,,,,0,93,66,61,0,0,61,19.34,,
"constrained-tmlr-revision-2026-08-13","full",TRUE,16,"aligned",75,0.05,0.05,"stochastic","precomputed_exact_table","iid",202899500,202899522,100,25000,"certified","bounds-met",TRUE,61,61,62,62,62,0,62,0,TRUE,0.962354664531872,0.0376453354681282,0.0376453354681293,TRUE,TRUE,TRUE,0.0376453354681282,0.0383722221104911,0.013624647814225,20,20,32,0,0,,,,,0,93,66,61,0,0,61,18.6,,
"constrained-tmlr-revision-2026-08-13","full",TRUE,16,"aligned",75,0.1,0.05,"exact","precomputed_exact_table","exact",202899500,202899531,,25000,"certified","bounds-met",TRUE,55,55,41,41,41,0,41,0,TRUE,0.911330810878963,0.0886691891210367,0.0886691891210357,TRUE,TRUE,TRUE,0.0886691891210367,0.0928493182425709,0.0181023382708028,18,18,32,0,0,,,,,0,87,62,55,0,0,55,15.69,,
"constrained-tmlr-revision-2026-08-13","full",TRUE,16,"aligned",75,0.1,0.05,"stochastic","precomputed_exact_table","iid",202899500,202899532,100,25000,"certified","bounds-met",TRUE,55,55,41,41,41,0,41,0,TRUE,0.911330810878963,0.0886691891210367,0.0886691891210407,TRUE,TRUE,TRUE,0.0886691891210367,0.0928493182425709,0.0181023382708028,18,18,32,0,0,,,,,0,87,62,55,0,0,55,12.08,,
"constrained-tmlr-revision-2026-08-13","full",TRUE,16,"aligned",75,0.2,0.05,"exact","precomputed_exact_table","exact",202899500,202899541,,25000,"certified","bounds-met",TRUE,19,19,10,10,10,0,10,0,TRUE,0.818201546205588,0.181798453794412,0.181798453794412,TRUE,TRUE,TRUE,0.181798453794412,0.200646583723789,0.033296763092289,6,6,32,0,0,,,,,0,51,38,19,0,0,19,3.25,,
"constrained-tmlr-revision-2026-08-13","full",TRUE,16,"aligned",75,0.2,0.05,"stochastic","precomputed_exact_table","iid",202899500,202899542,100,25000,"certified","bounds-met",TRUE,19,19,10,10,10,0,10,0,TRUE,0.818201546205588,0.181798453794412,0.181798453794422,TRUE,TRUE,TRUE,0.181798453794412,0.200646583723789,0.033296763092289,6,6,32,0,0,,,,,0,51,38,19,0,0,19,3.26999999999998,,
"constrained-tmlr-revision-2026-08-13","full",TRUE,16,"aligned",76,0.01,0.05,"exact","precomputed_exact_table","exact",202899600,202899611,,25000,"certified","bounds-met",TRUE,139,139,204,204,204,0,204,0,TRUE,0.99075393193923,0.00924606806076955,0.00924606806076402,TRUE,TRUE,TRUE,0.00924606806076955,0.00928907827023185,0.00335340895920319,46,46,32,0,0,,,,,0,171,118,139,0,0,139,50.72,,
"constrained-tmlr-revision-2026-08-13","full",TRUE,16,"aligned",76,0.01,0.05,"stochastic","precomputed_exact_table","iid",202899600,202899612,100,25000,"certified","bounds-met",TRUE,139,139,204,204,204,0,204,0,TRUE,0.99075393193923,0.00924606806076955,0.00924606806076494,TRUE,TRUE,TRUE,0.00924606806076955,0.00928907827023185,0.00335340895920319,46,46,32,0,0,,,,,0,171,118,139,0,0,139,40.61,,
"constrained-tmlr-revision-2026-08-13","full",TRUE,16,"aligned",76,0.05,0.05,"exact","precomputed_exact_table","exact",202899600,202899621,,25000,"certified","bounds-met",TRUE,64,64,73,73,73,0,73,0,TRUE,0.952086426849516,0.0479135731504841,0.0479135731504794,TRUE,TRUE,TRUE,0.0479135731504841,0.0490994638056415,0.0155618040657661,21,21,32,0,0,,,,,0,96,68,64,0,0,64,11.75,,
"constrained-tmlr-revision-2026-08-13","full",TRUE,16,"aligned",76,0.05,0.05,"stochastic","precomputed_exact_table","iid",202899600,202899622,100,25000,"certified","bounds-met",TRUE,64,64,73,73,73,0,73,0,TRUE,0.952086426849516,0.0479135731504841,0.0479135731504835,TRUE,TRUE,TRUE,0.0479135731504841,0.0490994638056415,0.0155618040657661,21,21,32,0,0,,,,,0,96,68,64,0,0,64,12.28,,
"constrained-tmlr-revision-2026-08-13","full",TRUE,16,"aligned",76,0.1,0.05,"exact","precomputed_exact_table","exact",202899600,202899631,,25000,"certified","bounds-met",TRUE,58,58,51,51,51,0,51,0,TRUE,0.902444522037594,0.0975554779624056,0.0975554779624,TRUE,TRUE,TRUE,0.0975554779624056,0.102648062091035,0.026278405387272,19,19,32,0,0,,,,,0,90,64,58,0,0,58,12.61,,
"constrained-tmlr-revision-2026-08-13","full",TRUE,16,"aligned",76,0.1,0.05,"stochastic","precomputed_exact_table","iid",202899600,202899632,100,25000,"certified","bounds-met",TRUE,58,58,51,51,51,0,51,0,TRUE,0.902444522037594,0.0975554779624056,0.0975554779624097,TRUE,TRUE,TRUE,0.0975554779624056,0.102648062091035,0.026278405387272,19,19,32,0,0,,,,,0,90,64,58,0,0,58,14.16,,
"constrained-tmlr-revision-2026-08-13","full",TRUE,16,"aligned",76,0.2,0.05,"exact","precomputed_exact_table","exact",202899600,202899641,,25000,"certified","bounds-met",TRUE,19,19,21,21,21,0,21,0,TRUE,0.829875031366347,0.170124968633653,0.170124968633647,TRUE,TRUE,TRUE,0.170124968633653,0.186480154146343,0.0350344197895055,6,6,32,0,0,,,,,0,51,38,19,0,0,19,3.23000000000002,,
"constrained-tmlr-revision-2026-08-13","full",TRUE,16,"aligned",76,0.2,0.05,"stochastic","precomputed_exact_table","iid",202899600,202899642,100,25000,"certified","bounds-met",TRUE,19,19,21,21,21,0,21,0,TRUE,0.829875031366347,0.170124968633653,0.170124968633664,TRUE,TRUE,TRUE,0.170124968633653,0.186480154146343,0.0350344197895055,6,6,32,0,0,,,,,0,51,38,19,0,0,19,3.68000000000001,,
"constrained-tmlr-revision-2026-08-13","full",TRUE,16,"aligned",77,0.01,0.05,"exact","precomputed_exact_table","exact",202899700,202899711,,25000,"certified","bounds-met",TRUE,145,145,228,228,228,0,228,0,TRUE,0.990124982254736,0.00987501774526423,0.00987501774526845,TRUE,TRUE,TRUE,0.00987501774526423,0.00992409911993987,0.00310007277558241,48,48,32,0,0,,,,,0,177,122,145,0,0,145,38.89,,
"constrained-tmlr-revision-2026-08-13","full",TRUE,16,"aligned",77,0.01,0.05,"stochastic","precomputed_exact_table","iid",202899700,202899712,100,25000,"certified","bounds-met",TRUE,145,145,228,228,228,0,228,0,TRUE,0.990124982254736,0.00987501774526423,0.0098750177452693,TRUE,TRUE,TRUE,0.00987501774526423,0.00992409911993987,0.00310007277558241,48,48,32,0,0,,,,,0,177,122,145,0,0,145,42.27,,
"constrained-tmlr-revision-2026-08-13","full",TRUE,16,"aligned",77,0.05,0.05,"exact","precomputed_exact_table","exact",202899700,202899721,,25000,"certified","bounds-met",TRUE,118,118,106,106,106,0,106,0,TRUE,0.950412423471834,0.0495875765281659,0.0495875765281694,TRUE,TRUE,TRUE,0.0495875765281659,0.05085925862435,0.017586171267824,39,39,32,0,0,,,,,0,150,104,118,0,0,118,30.92,,
"constrained-tmlr-revision-2026-08-13","full",TRUE,16,"aligned",77,0.05,0.05,"stochastic","precomputed_exact_table","iid",202899700,202899722,100,25000,"certified","bounds-met",TRUE,118,118,106,106,106,0,106,0,TRUE,0.950412423471834,0.0495875765281659,0.0495875765281743,TRUE,TRUE,TRUE,0.0495875765281659,0.05085925862435,0.017586171267824,39,39,32,0,0,,,,,0,150,104,118,0,0,118,33.95,,
"constrained-tmlr-revision-2026-08-13","full",TRUE,16,"aligned",77,0.1,0.05,"exact","precomputed_exact_table","exact",202899700,202899731,,25000,"certified","bounds-met",TRUE,67,67,62,62,62,0,62,0,TRUE,0.902204806393066,0.0977951936069338,0.0977951936069366,TRUE,TRUE,TRUE,0.0977951936069338,0.10291372660786,0.0274348652197548,22,22,32,0,0,,,,,0,99,70,67,0,0,67,17.61,,
"constrained-tmlr-revision-2026-08-13","full",TRUE,16,"aligned",77,0.1,0.05,"stochastic","precomputed_exact_table","iid",202899700,202899732,100,25000,"certified","bounds-met",TRUE,67,67,62,62,62,0,62,0,TRUE,0.902204806393066,0.0977951936069338,0.0977951936069463,TRUE,TRUE,TRUE,0.0977951936069338,0.10291372660786,0.0274348652197548,22,22,32,0,0,,,,,0,99,70,67,0,0,67,15.33,,
"constrained-tmlr-revision-2026-08-13","full",TRUE,16,"aligned",77,0.2,0.05,"exact","precomputed_exact_table","exact",202899700,202899741,,25000,"certified","bounds-met",TRUE,31,31,21,21,21,0,21,0,TRUE,0.8129740187511,0.1870259812489,0.187025981248904,TRUE,TRUE,TRUE,0.1870259812489,0.20705612720069,0.0352804799145949,10,10,32,0,0,,,,,0,63,46,31,0,0,31,5.45999999999998,,
"constrained-tmlr-revision-2026-08-13","full",TRUE,16,"aligned",77,0.2,0.05,"stochastic","precomputed_exact_table","iid",202899700,202899742,100,25000,"certified","bounds-met",TRUE,31,31,21,21,21,0,21,0,TRUE,0.8129740187511,0.1870259812489,0.187025981248914,TRUE,TRUE,TRUE,0.1870259812489,0.20705612720069,0.0352804799145949,10,10,32,0,0,,,,,0,63,46,31,0,0,31,5.02000000000004,,
"constrained-tmlr-revision-2026-08-13","full",TRUE,16,"aligned",78,0.01,0.05,"exact","precomputed_exact_table","exact",202899800,202899811,,25000,"certified","bounds-met",TRUE,136,136,210,210,210,0,210,0,TRUE,0.990065305635518,0.0099346943644818,0.00993469436448488,TRUE,TRUE,TRUE,0.0099346943644818,0.00998437274071318,0.00226535701374807,45,45,32,0,0,,,,,0,168,116,136,0,0,136,36.92,,
"constrained-tmlr-revision-2026-08-13","full",TRUE,16,"aligned",78,0.01,0.05,"stochastic","precomputed_exact_table","iid",202899800,202899812,100,25000,"certified","bounds-met",TRUE,136,136,210,210,210,0,210,0,TRUE,0.990065305635518,0.0099346943644818,0.00993469436448559,TRUE,TRUE,TRUE,0.0099346943644818,0.00998437274071318,0.00226535701374807,45,45,32,0,0,,,,,0,168,116,136,0,0,136,40.49,,
"constrained-tmlr-revision-2026-08-13","full",TRUE,16,"aligned",78,0.05,0.05,"exact","precomputed_exact_table","exact",202899800,202899821,,25000,"certified","bounds-met",TRUE,64,64,72,72,72,0,72,0,TRUE,0.950140025245738,0.0498599747542618,0.0498599747542649,TRUE,TRUE,TRUE,0.0498599747542618,0.0511459102536118,0.013097765515395,21,21,32,0,0,,,,,0,96,68,64,0,0,64,16.36,,
"constrained-tmlr-revision-2026-08-13","full",TRUE,16,"aligned",78,0.05,0.05,"stochastic","precomputed_exact_table","iid",202899800,202899822,100,25000,"certified","bounds-met",TRUE,64,64,72,72,72,0,72,0,TRUE,0.950140025245738,0.0498599747542618,0.0498599747542677,TRUE,TRUE,TRUE,0.0498599747542618,0.0511459102536118,0.013097765515395,21,21,32,0,0,,,,,0,96,68,64,0,0,64,14.26,,
"constrained-tmlr-revision-2026-08-13","full",TRUE,16,"aligned",78,0.1,0.05,"exact","precomputed_exact_table","exact",202899800,202899831,,25000,"certified","bounds-met",TRUE,61,61,51,51,51,0,51,0,TRUE,0.902095949976506,0.0979040500234937,0.0979040500234968,TRUE,TRUE,TRUE,0.0979040500234937,0.103034389880108,0.0355975849703746,20,20,32,0,0,,,,,0,93,66,61,0,0,61,14.38,,
"constrained-tmlr-revision-2026-08-13","full",TRUE,16,"aligned",78,0.1,0.05,"stochastic","precomputed_exact_table","iid",202899800,202899832,100,25000,"certified","bounds-met",TRUE,61,61,51,51,51,0,51,0,TRUE,0.902095949976506,0.0979040500234937,0.0979040500235024,TRUE,TRUE,TRUE,0.0979040500234937,0.103034389880108,0.0355975849703746,20,20,32,0,0,,,,,0,93,66,61,0,0,61,17.12,,
"constrained-tmlr-revision-2026-08-13","full",TRUE,16,"aligned",78,0.2,0.05,"exact","precomputed_exact_table","exact",202899800,202899841,,25000,"certified","bounds-met",TRUE,28,28,20,20,20,0,20,0,TRUE,0.805898592180724,0.194101407819276,0.194101407819278,TRUE,TRUE,TRUE,0.194101407819276,0.215797360543973,0.0355975849703746,9,9,32,0,0,,,,,0,60,44,28,0,0,28,6.52000000000001,,
"constrained-tmlr-revision-2026-08-13","full",TRUE,16,"aligned",78,0.2,0.05,"stochastic","precomputed_exact_table","iid",202899800,202899842,100,25000,"certified","bounds-met",TRUE,28,28,20,20,20,0,20,0,TRUE,0.805898592180724,0.194101407819276,0.194101407819292,TRUE,TRUE,TRUE,0.194101407819276,0.215797360543973,0.0355975849703746,9,9,32,0,0,,,,,0,60,44,28,0,0,28,5.36000000000001,,
"constrained-tmlr-revision-2026-08-13","full",TRUE,16,"aligned",79,0.01,0.05,"exact","precomputed_exact_table","exact",202899900,202899911,,25000,"certified","bounds-met",TRUE,124,124,147,147,147,0,147,0,TRUE,0.990800357879797,0.00919964212020263,0.00919964212020547,TRUE,TRUE,TRUE,0.00919964212020263,0.00924222016413408,0.00254178445667068,41,41,32,0,0,,,,,0,156,108,124,0,0,124,34.14,,
"constrained-tmlr-revision-2026-08-13","full",TRUE,16,"aligned",79,0.01,0.05,"stochastic","precomputed_exact_table","iid",202899900,202899912,100,25000,"certified","bounds-met",TRUE,124,124,147,147,147,0,147,0,TRUE,0.990800357879797,0.00919964212020263,0.00919964212020613,TRUE,TRUE,TRUE,0.00919964212020263,0.00924222016413408,0.00254178445667068,41,41,32,0,0,,,,,0,156,108,124,0,0,124,40.14,,
"constrained-tmlr-revision-2026-08-13","full",TRUE,16,"aligned",79,0.05,0.05,"exact","precomputed_exact_table","exact",202899900,202899921,,25000,"certified","bounds-met",TRUE,61,61,62,62,62,0,62,0,TRUE,0.956609150606559,0.0433908493934412,0.0433908493934443,TRUE,TRUE,TRUE,0.0433908493934412,0.0443603820211247,0.0155700755755128,20,20,32,0,0,,,,,0,93,66,61,0,0,61,17.89,,
"constrained-tmlr-revision-2026-08-13","full",TRUE,16,"aligned",79,0.05,0.05,"stochastic","precomputed_exact_table","iid",202899900,202899922,100,25000,"certified","bounds-met",TRUE,61,61,62,62,62,0,62,0,TRUE,0.956609150606559,0.0433908493934412,0.043390849393448,TRUE,TRUE,TRUE,0.0433908493934412,0.0443603820211247,0.0155700755755128,20,20,32,0,0,,,,,0,93,66,61,0,0,61,17.58,,
"constrained-tmlr-revision-2026-08-13","full",TRUE,16,"aligned",79,0.1,0.05,"exact","precomputed_exact_table","exact",202899900,202899931,,25000,"certified","bounds-met",TRUE,55,55,40,40,40,0,40,0,TRUE,0.902117940539465,0.0978820594605349,0.0978820594605388,TRUE,TRUE,TRUE,0.0978820594605349,0.103010012988792,0.0220240473656341,18,18,32,0,0,,,,,0,87,62,55,0,0,55,14.61,,
"constrained-tmlr-revision-2026-08-13","full",TRUE,16,"aligned",79,0.1,0.05,"stochastic","precomputed_exact_table","iid",202899900,202899932,100,25000,"certified","bounds-met",TRUE,55,55,40,40,40,0,40,0,TRUE,0.902117940539465,0.0978820594605349,0.0978820594605443,TRUE,TRUE,TRUE,0.0978820594605349,0.103010012988792,0.0220240473656341,18,18,32,0,0,,,,,0,87,62,55,0,0,55,16.82,,
"constrained-tmlr-revision-2026-08-13","full",TRUE,16,"aligned",79,0.2,0.05,"exact","precomputed_exact_table","exact",202899900,202899941,,25000,"certified","bounds-met",TRUE,43,43,20,20,20,0,20,0,TRUE,0.850722984685738,0.149277015314262,0.149277015314267,TRUE,TRUE,TRUE,0.149277015314262,0.161668720809118,0.0323154382056742,14,14,32,0,0,,,,,0,75,54,43,0,0,43,11.36,,
"constrained-tmlr-revision-2026-08-13","full",TRUE,16,"aligned",79,0.2,0.05,"stochastic","precomputed_exact_table","iid",202899900,202899942,100,25000,"certified","bounds-met",TRUE,43,43,20,20,20,0,20,0,TRUE,0.850722984685738,0.149277015314262,0.149277015314275,TRUE,TRUE,TRUE,0.149277015314262,0.161668720809118,0.0323154382056742,14,14,32,0,0,,,,,0,75,54,43,0,0,43,10.83,,
"constrained-tmlr-revision-2026-08-13","full",TRUE,16,"aligned",80,0.01,0.05,"exact","precomputed_exact_table","exact",202900000,202900011,,25000,"certified","bounds-met",TRUE,118,118,136,136,136,0,136,0,TRUE,0.990678106228107,0.00932189377189263,0.00932189377189955,TRUE,TRUE,TRUE,0.00932189377189263,0.0093656145426848,0.00239642651862705,39,39,32,0,0,,,,,0,150,104,118,0,0,118,38.3,,
"constrained-tmlr-revision-2026-08-13","full",TRUE,16,"aligned",80,0.01,0.05,"stochastic","precomputed_exact_table","iid",202900000,202900012,100,25000,"certified","bounds-met",TRUE,118,118,136,136,136,0,136,0,TRUE,0.990678106228107,0.00932189377189263,0.00932189377190034,TRUE,TRUE,TRUE,0.00932189377189263,0.0093656145426848,0.00239642651862705,39,39,32,0,0,,,,,0,150,104,118,0,0,118,36.98,,
"constrained-tmlr-revision-2026-08-13","full",TRUE,16,"aligned",80,0.05,0.05,"exact","precomputed_exact_table","exact",202900000,202900021,,25000,"certified","bounds-met",TRUE,61,61,62,62,62,0,62,0,TRUE,0.96298293829855,0.0370170617014498,0.0370170617014566,TRUE,TRUE,TRUE,0.0370170617014498,0.0377195845802677,0.0138341186201401,20,20,32,0,0,,,,,0,93,66,61,0,0,61,16.02,,
"constrained-tmlr-revision-2026-08-13","full",TRUE,16,"aligned",80,0.05,0.05,"stochastic","precomputed_exact_table","iid",202900000,202900022,100,25000,"certified","bounds-met",TRUE,61,61,62,62,62,0,62,0,TRUE,0.96298293829855,0.0370170617014498,0.0370170617014597,TRUE,TRUE,TRUE,0.0370170617014498,0.0377195845802677,0.0138341186201401,20,20,32,0,0,,,,,0,93,66,61,0,0,61,19.09,,
"constrained-tmlr-revision-2026-08-13","full",TRUE,16,"aligned",80,0.1,0.05,"exact","precomputed_exact_table","exact",202900000,202900031,,25000,"certified","bounds-met",TRUE,49,49,40,40,40,0,40,0,TRUE,0.91927303692793,0.0807269630720704,0.080726963072078,TRUE,TRUE,TRUE,0.0807269630720704,0.084172098545901,0.0143089909783137,16,16,32,0,0,,,,,0,81,58,49,0,0,49,13.53,,
"constrained-tmlr-revision-2026-08-13","full",TRUE,16,"aligned",80,0.1,0.05,"stochastic","precomputed_exact_table","iid",202900000,202900032,100,25000,"certified","bounds-met",TRUE,49,49,40,40,40,0,40,0,TRUE,0.91927303692793,0.0807269630720704,0.0807269630720826,TRUE,TRUE,TRUE,0.0807269630720704,0.084172098545901,0.0143089909783137,16,16,32,0,0,,,,,0,81,58,49,0,0,49,13.77,,
"constrained-tmlr-revision-2026-08-13","full",TRUE,16,"aligned",80,0.2,0.05,"exact","precomputed_exact_table","exact",202900000,202900041,,25000,"certified","bounds-met",TRUE,19,19,10,10,10,0,10,0,TRUE,0.828665538133991,0.171334461866009,0.171334461866015,TRUE,TRUE,TRUE,0.171334461866009,0.187938657446177,0.0366908367496278,6,6,32,0,0,,,,,0,51,38,19,0,0,19,4.52000000000001,,
"constrained-tmlr-revision-2026-08-13","full",TRUE,16,"aligned",80,0.2,0.05,"stochastic","precomputed_exact_table","iid",202900000,202900042,100,25000,"certified","bounds-met",TRUE,19,19,10,10,10,0,10,0,TRUE,0.828665538133991,0.171334461866009,0.171334461866028,TRUE,TRUE,TRUE,0.171334461866009,0.187938657446177,0.0366908367496278,6,6,32,0,0,,,,,0,51,38,19,0,0,19,4.75000000000003,,
"constrained-tmlr-revision-2026-08-13","full",TRUE,16,"aligned",81,0.01,0.05,"exact","precomputed_exact_table","exact",202900100,202900111,,25000,"certified","bounds-met",TRUE,124,124,182,182,182,0,182,0,TRUE,0.990451658421621,0.00954834157837936,0.00954834157838441,TRUE,TRUE,TRUE,0.00954834157837936,0.00959421926259112,0.00360768172920271,41,41,32,0,0,,,,,0,156,108,124,0,0,124,34.93,,
"constrained-tmlr-revision-2026-08-13","full",TRUE,16,"aligned",81,0.01,0.05,"stochastic","precomputed_exact_table","iid",202900100,202900112,100,25000,"certified","bounds-met",TRUE,124,124,182,182,182,0,182,0,TRUE,0.990451658421621,0.00954834157837936,0.00954834157838509,TRUE,TRUE,TRUE,0.00954834157837936,0.00959421926259112,0.00360768172920271,41,41,32,0,0,,,,,0,156,108,124,0,0,124,39.63,,
"constrained-tmlr-revision-2026-08-13","full",TRUE,16,"aligned",81,0.05,0.05,"exact","precomputed_exact_table","exact",202900100,202900121,,25000,"certified","bounds-met",TRUE,94,94,72,72,72,0,72,0,TRUE,0.950929689041153,0.0490703109588465,0.0490703109588517,TRUE,TRUE,TRUE,0.0490703109588465,0.0503151528806476,0.0135254373800063,31,31,32,0,0,,,,,0,126,88,94,0,0,94,30.03,,
"constrained-tmlr-revision-2026-08-13","full",TRUE,16,"aligned",81,0.05,0.05,"stochastic","precomputed_exact_table","iid",202900100,202900122,100,25000,"certified","bounds-met",TRUE,94,94,72,72,72,0,72,0,TRUE,0.950929689041153,0.0490703109588465,0.0490703109588551,TRUE,TRUE,TRUE,0.0490703109588465,0.0503151528806476,0.0135254373800063,31,31,32,0,0,,,,,0,126,88,94,0,0,94,27.36,,
"constrained-tmlr-revision-2026-08-13","full",TRUE,16,"aligned",81,0.1,0.05,"exact","precomputed_exact_table","exact",202900100,202900131,,25000,"certified","bounds-met",TRUE,58,58,51,51,51,0,51,0,TRUE,0.918627007880566,0.0813729921194338,0.0813729921194385,TRUE,TRUE,TRUE,0.0813729921194338,0.0848751063898748,0.0248335378744817,19,19,32,0,0,,,,,0,90,64,58,0,0,58,13.69,,
"constrained-tmlr-revision-2026-08-13","full",TRUE,16,"aligned",81,0.1,0.05,"stochastic","precomputed_exact_table","iid",202900100,202900132,100,25000,"certified","bounds-met",TRUE,58,58,51,51,51,0,51,0,TRUE,0.918627007880566,0.0813729921194338,0.0813729921194432,TRUE,TRUE,TRUE,0.0813729921194338,0.0848751063898748,0.0248335378744817,19,19,32,0,0,,,,,0,90,64,58,0,0,58,13.33,,
"constrained-tmlr-revision-2026-08-13","full",TRUE,16,"aligned",81,0.2,0.05,"exact","precomputed_exact_table","exact",202900100,202900141,,25000,"certified","bounds-met",TRUE,31,31,21,21,21,0,21,0,TRUE,0.822143787808974,0.177856212191026,0.177856212191031,TRUE,TRUE,TRUE,0.177856212191026,0.195839974881619,0.0470415069909016,10,10,32,0,0,,,,,0,63,46,31,0,0,31,5.69,,
"constrained-tmlr-revision-2026-08-13","full",TRUE,16,"aligned",81,0.2,0.05,"stochastic","precomputed_exact_table","iid",202900100,202900142,100,25000,"certified","bounds-met",TRUE,31,31,21,21,21,0,21,0,TRUE,0.822143787808974,0.177856212191026,0.177856212191043,TRUE,TRUE,TRUE,0.177856212191026,0.195839974881619,0.0470415069909016,10,10,32,0,0,,,,,0,63,46,31,0,0,31,6.14999999999998,,
"constrained-tmlr-revision-2026-08-13","full",TRUE,16,"aligned",82,0.01,0.05,"exact","precomputed_exact_table","exact",202900200,202900211,,25000,"certified","bounds-met",TRUE,100,100,147,147,147,0,147,0,TRUE,0.9900200148566,0.00997998514340015,0.00997998514339567,TRUE,TRUE,TRUE,0.00997998514340015,0.0100301190309942,0.00273038168369481,33,33,32,0,0,,,,,0,132,92,100,0,0,100,27.6,,
"constrained-tmlr-revision-2026-08-13","full",TRUE,16,"aligned",82,0.01,0.05,"stochastic","precomputed_exact_table","iid",202900200,202900212,100,25000,"certified","bounds-met",TRUE,100,100,147,147,147,0,147,0,TRUE,0.9900200148566,0.00997998514340015,0.00997998514339652,TRUE,TRUE,TRUE,0.00997998514340015,0.0100301190309942,0.00273038168369481,33,33,32,0,0,,,,,0,132,92,100,0,0,100,31.93,,
"constrained-tmlr-revision-2026-08-13","full",TRUE,16,"aligned",82,0.05,0.05,"exact","precomputed_exact_table","exact",202900200,202900221,,25000,"certified","bounds-met",TRUE,61,61,62,62,62,0,62,0,TRUE,0.958147715500725,0.0418522844992746,0.0418522844992696,TRUE,TRUE,TRUE,0.0418522844992746,0.0427533213519287,0.0161357486703313,20,20,32,0,0,,,,,0,93,66,61,0,0,61,17.42,,
"constrained-tmlr-revision-2026-08-13","full",TRUE,16,"aligned",82,0.05,0.05,"stochastic","precomputed_exact_table","iid",202900200,202900222,100,25000,"certified","bounds-met",TRUE,61,61,62,62,62,0,62,0,TRUE,0.958147715500725,0.0418522844992746,0.0418522844992744,TRUE,TRUE,TRUE,0.0418522844992746,0.0427533213519287,0.0161357486703313,20,20,32,0,0,,,,,0,93,66,61,0,0,61,20.28,,
"constrained-tmlr-revision-2026-08-13","full",TRUE,16,"aligned",82,0.1,0.05,"exact","precomputed_exact_table","exact",202900200,202900231,,25000,"certified","bounds-met",TRUE,55,55,41,41,41,0,41,0,TRUE,0.906717264744968,0.0932827352550324,0.0932827352550274,TRUE,TRUE,TRUE,0.0932827352550324,0.0979246032133315,0.0256859663958833,18,18,32,0,0,,,,,0,87,62,55,0,0,55,15.3,,
"constrained-tmlr-revision-2026-08-13","full",TRUE,16,"aligned",82,0.1,0.05,"stochastic","precomputed_exact_table","iid",202900200,202900232,100,25000,"certified","bounds-met",TRUE,55,55,41,41,41,0,41,0,TRUE,0.906717264744968,0.0932827352550324,0.0932827352550367,TRUE,TRUE,TRUE,0.0932827352550324,0.0979246032133315,0.0256859663958833,18,18,32,0,0,,,,,0,87,62,55,0,0,55,15.64,,
"constrained-tmlr-revision-2026-08-13","full",TRUE,16,"aligned",82,0.2,0.05,"exact","precomputed_exact_table","exact",202900200,202900241,,25000,"certified","bounds-met",TRUE,19,19,10,10,10,0,10,0,TRUE,0.809552846607616,0.190447153392384,0.190447153392378,TRUE,TRUE,TRUE,0.190447153392384,0.211273224971676,0.0291940697292598,6,6,32,0,0,,,,,0,51,38,19,0,0,19,4,,
"constrained-tmlr-revision-2026-08-13","full",TRUE,16,"aligned",82,0.2,0.05,"stochastic","precomputed_exact_table","iid",202900200,202900242,100,25000,"certified","bounds-met",TRUE,19,19,10,10,10,0,10,0,TRUE,0.809552846607616,0.190447153392384,0.1904471533924,TRUE,TRUE,TRUE,0.190447153392384,0.211273224971676,0.0291940697292598,6,6,32,0,0,,,,,0,51,38,19,0,0,19,3.56999999999999,,
"constrained-tmlr-revision-2026-08-13","full",TRUE,16,"aligned",83,0.01,0.05,"exact","precomputed_exact_table","exact",202900300,202900311,,25000,"certified","bounds-met",TRUE,100,100,181,181,181,0,181,0,TRUE,0.99023563760224,0.00976436239775991,0.00976436239775566,TRUE,TRUE,TRUE,0.00976436239775991,0.00981234639519879,0.00233499763431813,33,33,32,0,0,,,,,0,132,92,100,0,0,100,28.84,,
"constrained-tmlr-revision-2026-08-13","full",TRUE,16,"aligned",83,0.01,0.05,"stochastic","precomputed_exact_table","iid",202900300,202900312,100,25000,"certified","bounds-met",TRUE,100,100,181,181,181,0,181,0,TRUE,0.99023563760224,0.00976436239775991,0.00976436239775663,TRUE,TRUE,TRUE,0.00976436239775991,0.00981234639519879,0.00233499763431813,33,33,32,0,0,,,,,0,132,92,100,0,0,100,31.31,,
"constrained-tmlr-revision-2026-08-13","full",TRUE,16,"aligned",83,0.05,0.05,"exact","precomputed_exact_table","exact",202900300,202900321,,25000,"certified","bounds-met",TRUE,67,67,72,72,72,0,72,0,TRUE,0.951106736802073,0.0488932631979266,0.0488932631979229,TRUE,TRUE,TRUE,0.0488932631979266,0.0501289863498434,0.0130718817180484,22,22,32,0,0,,,,,0,99,70,67,0,0,67,19.31,,
"constrained-tmlr-revision-2026-08-13","full",TRUE,16,"aligned",83,0.05,0.05,"stochastic","precomputed_exact_table","iid",202900300,202900322,100,25000,"certified","bounds-met",TRUE,67,67,72,72,72,0,72,0,TRUE,0.951106736802073,0.0488932631979266,0.0488932631979264,TRUE,TRUE,TRUE,0.0488932631979266,0.0501289863498434,0.0130718817180484,22,22,32,0,0,,,,,0,99,70,67,0,0,67,19.49,,
"constrained-tmlr-revision-2026-08-13","full",TRUE,16,"aligned",83,0.1,0.05,"exact","precomputed_exact_table","exact",202900300,202900331,,25000,"certified","bounds-met",TRUE,61,61,51,51,51,0,51,0,TRUE,0.925040153035487,0.0749598469645125,0.074959846964509,TRUE,TRUE,TRUE,0.0749598469645125,0.0779181337248282,0.0205938919890597,20,20,32,0,0,,,,,0,93,66,61,0,0,61,18.45,,
"constrained-tmlr-revision-2026-08-13","full",TRUE,16,"aligned",83,0.1,0.05,"stochastic","precomputed_exact_table","iid",202900300,202900332,100,25000,"certified","bounds-met",TRUE,61,61,51,51,51,0,51,0,TRUE,0.925040153035487,0.0749598469645125,0.0749598469645143,TRUE,TRUE,TRUE,0.0749598469645125,0.0779181337248282,0.0205938919890597,20,20,32,0,0,,,,,0,93,66,61,0,0,61,19,,
"constrained-tmlr-revision-2026-08-13","full",TRUE,16,"aligned",83,0.2,0.05,"exact","precomputed_exact_table","exact",202900300,202900341,,25000,"certified","bounds-met",TRUE,22,22,20,20,20,0,20,0,TRUE,0.822110840792206,0.177889159207794,0.177889159207789,TRUE,TRUE,TRUE,0.177889159207794,0.195880050203529,0.0375575600810982,7,7,32,0,0,,,,,0,54,40,22,0,0,22,5.08000000000001,,
"constrained-tmlr-revision-2026-08-13","full",TRUE,16,"aligned",83,0.2,0.05,"stochastic","precomputed_exact_table","iid",202900300,202900342,100,25000,"certified","bounds-met",TRUE,22,22,20,20,20,0,20,0,TRUE,0.822110840792206,0.177889159207794,0.177889159207807,TRUE,TRUE,TRUE,0.177889159207794,0.195880050203529,0.0375575600810982,7,7,32,0,0,,,,,0,54,40,22,0,0,22,4.81,,
"constrained-tmlr-revision-2026-08-13","full",TRUE,16,"aligned",84,0.01,0.05,"exact","precomputed_exact_table","exact",202900400,202900411,,25000,"certified","bounds-met",TRUE,127,127,193,193,193,0,193,0,TRUE,0.99000613935492,0.0099938606450799,0.00999386064507991,TRUE,TRUE,TRUE,0.0099938606450799,0.0100441345041237,0.00296069707565778,42,42,32,0,0,,,,,0,159,110,127,0,0,127,42.31,,
"constrained-tmlr-revision-2026-08-13","full",TRUE,16,"aligned",84,0.01,0.05,"stochastic","precomputed_exact_table","iid",202900400,202900412,100,25000,"certified","bounds-met",TRUE,127,127,193,193,193,0,193,0,TRUE,0.99000613935492,0.0099938606450799,0.0099938606450809,TRUE,TRUE,TRUE,0.0099938606450799,0.0100441345041237,0.00296069707565778,42,42,32,0,0,,,,,0,159,110,127,0,0,127,40.42,,
"constrained-tmlr-revision-2026-08-13","full",TRUE,16,"aligned",84,0.05,0.05,"exact","precomputed_exact_table","exact",202900400,202900421,,25000,"certified","bounds-met",TRUE,85,85,95,95,95,0,95,0,TRUE,0.95753231137957,0.0424676886204297,0.0424676886204296,TRUE,TRUE,TRUE,0.0424676886204297,0.043395812930574,0.0162519814038773,28,28,32,0,0,,,,,0,117,82,85,0,0,85,20.91,,
"constrained-tmlr-revision-2026-08-13","full",TRUE,16,"aligned",84,0.05,0.05,"stochastic","precomputed_exact_table","iid",202900400,202900422,100,25000,"certified","bounds-met",TRUE,85,85,95,95,95,0,95,0,TRUE,0.95753231137957,0.0424676886204297,0.0424676886204344,TRUE,TRUE,TRUE,0.0424676886204297,0.043395812930574,0.0162519814038773,28,28,32,0,0,,,,,0,117,82,85,0,0,85,22.62,,
"constrained-tmlr-revision-2026-08-13","full",TRUE,16,"aligned",84,0.1,0.05,"exact","precomputed_exact_table","exact",202900400,202900431,,25000,"certified","bounds-met",TRUE,61,61,52,52,52,0,52,0,TRUE,0.900620259649711,0.099379740350289,0.0993797403502885,TRUE,TRUE,TRUE,0.099379740350289,0.104671575642939,0.0221101384196403,20,20,32,0,0,,,,,0,93,66,61,0,0,61,14.52,,
"constrained-tmlr-revision-2026-08-13","full",TRUE,16,"aligned",84,0.1,0.05,"stochastic","precomputed_exact_table","iid",202900400,202900432,100,25000,"certified","bounds-met",TRUE,61,61,52,52,52,0,52,0,TRUE,0.900620259649711,0.099379740350289,0.0993797403502983,TRUE,TRUE,TRUE,0.099379740350289,0.104671575642939,0.0221101384196403,20,20,32,0,0,,,,,0,93,66,61,0,0,61,15.08,,
"constrained-tmlr-revision-2026-08-13","full",TRUE,16,"aligned",84,0.2,0.05,"exact","precomputed_exact_table","exact",202900400,202900441,,25000,"certified","bounds-met",TRUE,25,25,21,21,21,0,21,0,TRUE,0.81170962630849,0.18829037369151,0.188290373691509,TRUE,TRUE,TRUE,0.18829037369151,0.208612605844047,0.0550982664368992,8,8,32,0,0,,,,,0,57,42,25,0,0,25,4.07999999999998,,
"constrained-tmlr-revision-2026-08-13","full",TRUE,16,"aligned",84,0.2,0.05,"stochastic","precomputed_exact_table","iid",202900400,202900442,100,25000,"certified","bounds-met",TRUE,25,25,21,21,21,0,21,0,TRUE,0.81170962630849,0.18829037369151,0.188290373691528,TRUE,TRUE,TRUE,0.18829037369151,0.208612605844047,0.0550982664368992,8,8,32,0,0,,,,,0,57,42,25,0,0,25,3.95999999999998,,
"constrained-tmlr-revision-2026-08-13","full",TRUE,16,"aligned",85,0.01,0.05,"exact","precomputed_exact_table","exact",202900500,202900511,,25000,"certified","bounds-met",TRUE,109,109,149,149,149,0,149,0,TRUE,0.990067915861261,0.00993208413873925,0.00993208413873798,TRUE,TRUE,TRUE,0.00993208413873925,0.00998173632644144,0.00253579407761973,36,36,32,0,0,,,,,0,141,98,109,0,0,109,36.74,,
"constrained-tmlr-revision-2026-08-13","full",TRUE,16,"aligned",85,0.01,0.05,"stochastic","precomputed_exact_table","iid",202900500,202900512,100,25000,"certified","bounds-met",TRUE,109,109,149,149,149,0,149,0,TRUE,0.990067915861261,0.00993208413873925,0.00993208413873883,TRUE,TRUE,TRUE,0.00993208413873925,0.00998173632644144,0.00253579407761973,36,36,32,0,0,,,,,0,141,98,109,0,0,109,30.84,,
"constrained-tmlr-revision-2026-08-13","full",TRUE,16,"aligned",85,0.05,0.05,"exact","precomputed_exact_table","exact",202900500,202900521,,25000,"certified","bounds-met",TRUE,61,61,62,62,62,0,62,0,TRUE,0.960490804904742,0.0395091950952581,0.0395091950952574,TRUE,TRUE,TRUE,0.0395091950952581,0.0403108700575151,0.0131446089586899,20,20,32,0,0,,,,,0,93,66,61,0,0,61,16.94,,
"constrained-tmlr-revision-2026-08-13","full",TRUE,16,"aligned",85,0.05,0.05,"stochastic","precomputed_exact_table","iid",202900500,202900522,100,25000,"certified","bounds-met",TRUE,61,61,62,62,62,0,62,0,TRUE,0.960490804904742,0.0395091950952581,0.0395091950952602,TRUE,TRUE,TRUE,0.0395091950952581,0.0403108700575151,0.0131446089586899,20,20,32,0,0,,,,,0,93,66,61,0,0,61,17.04,,
"constrained-tmlr-revision-2026-08-13","full",TRUE,16,"aligned",85,0.1,0.05,"exact","precomputed_exact_table","exact",202900500,202900531,,25000,"certified","bounds-met",TRUE,55,55,41,41,41,0,41,0,TRUE,0.908090715267624,0.0919092847323758,0.0919092847323742,TRUE,TRUE,TRUE,0.0919092847323758,0.0964109986887785,0.0204387541486961,18,18,32,0,0,,,,,0,87,62,55,0,0,55,15.26,,
"constrained-tmlr-revision-2026-08-13","full",TRUE,16,"aligned",85,0.1,0.05,"stochastic","precomputed_exact_table","iid",202900500,202900532,100,25000,"certified","bounds-met",TRUE,55,55,41,41,41,0,41,0,TRUE,0.908090715267624,0.0919092847323758,0.091909284732382,TRUE,TRUE,TRUE,0.0919092847323758,0.0964109986887785,0.0204387541486961,18,18,32,0,0,,,,,0,87,62,55,0,0,55,15.52,,
"constrained-tmlr-revision-2026-08-13","full",TRUE,16,"aligned",85,0.2,0.05,"exact","precomputed_exact_table","exact",202900500,202900541,,25000,"certified","bounds-met",TRUE,19,19,10,10,10,0,10,0,TRUE,0.810425546828746,0.189574453171254,0.189574453171252,TRUE,TRUE,TRUE,0.189574453171254,0.21019580281705,0.0362544493601546,6,6,32,0,0,,,,,0,51,38,19,0,0,19,4.12,,
"constrained-tmlr-revision-2026-08-13","full",TRUE,16,"aligned",85,0.2,0.05,"stochastic","precomputed_exact_table","iid",202900500,202900542,100,25000,"certified","bounds-met",TRUE,19,19,10,10,10,0,10,0,TRUE,0.810425546828746,0.189574453171254,0.189574453171268,TRUE,TRUE,TRUE,0.189574453171254,0.21019580281705,0.0362544493601546,6,6,32,0,0,,,,,0,51,38,19,0,0,19,3.95999999999998,,
"constrained-tmlr-revision-2026-08-13","full",TRUE,16,"aligned",86,0.01,0.05,"exact","precomputed_exact_table","exact",202900600,202900611,,25000,"certified","bounds-met",TRUE,97,97,172,172,172,0,172,0,TRUE,0.990144792185036,0.0098552078149643,0.00985520781495869,TRUE,TRUE,TRUE,0.0098552078149643,0.00990409181532281,0.0028709434829298,32,32,32,0,0,,,,,0,129,90,97,0,0,97,32.81,,
"constrained-tmlr-revision-2026-08-13","full",TRUE,16,"aligned",86,0.01,0.05,"stochastic","precomputed_exact_table","iid",202900600,202900612,100,25000,"certified","bounds-met",TRUE,97,97,172,172,172,0,172,0,TRUE,0.990144792185036,0.0098552078149643,0.00985520781495925,TRUE,TRUE,TRUE,0.0098552078149643,0.00990409181532281,0.0028709434829298,32,32,32,0,0,,,,,0,129,90,97,0,0,97,28.33,,
"constrained-tmlr-revision-2026-08-13","full",TRUE,16,"aligned",86,0.05,0.05,"exact","precomputed_exact_table","exact",202900600,202900621,,25000,"certified","bounds-met",TRUE,61,61,73,73,73,0,73,0,TRUE,0.951009260041844,0.0489907399581555,0.0489907399581507,TRUE,TRUE,TRUE,0.0489907399581555,0.0502314793213298,0.012586589202229,20,20,32,0,0,,,,,0,93,66,61,0,0,61,15.86,,
"constrained-tmlr-revision-2026-08-13","full",TRUE,16,"aligned",86,0.05,0.05,"stochastic","precomputed_exact_table","iid",202900600,202900622,100,25000,"certified","bounds-met",TRUE,61,61,73,73,73,0,73,0,TRUE,0.951009260041844,0.0489907399581555,0.0489907399581534,TRUE,TRUE,TRUE,0.0489907399581555,0.0502314793213298,0.012586589202229,20,20,32,0,0,,,,,0,93,66,61,0,0,61,17.88,,
"constrained-tmlr-revision-2026-08-13","full",TRUE,16,"aligned",86,0.1,0.05,"exact","precomputed_exact_table","exact",202900600,202900631,,25000,"certified","bounds-met",TRUE,55,55,51,51,51,0,51,0,TRUE,0.919804611782122,0.0801953882178782,0.080195388217873,TRUE,TRUE,TRUE,0.0801953882178782,0.0835940099922515,0.0209052300959367,18,18,32,0,0,,,,,0,87,62,55,0,0,55,17.25,,
"constrained-tmlr-revision-2026-08-13","full",TRUE,16,"aligned",86,0.1,0.05,"stochastic","precomputed_exact_table","iid",202900600,202900632,100,25000,"certified","bounds-met",TRUE,55,55,51,51,51,0,51,0,TRUE,0.919804611782122,0.0801953882178782,0.0801953882178776,TRUE,TRUE,TRUE,0.0801953882178782,0.0835940099922515,0.0209052300959367,18,18,32,0,0,,,,,0,87,62,55,0,0,55,15.3,,
"constrained-tmlr-revision-2026-08-13","full",TRUE,16,"aligned",86,0.2,0.05,"exact","precomputed_exact_table","exact",202900600,202900641,,25000,"certified","bounds-met",TRUE,19,19,21,21,21,0,21,0,TRUE,0.828925107398406,0.171074892601594,0.171074892601587,TRUE,TRUE,TRUE,0.171074892601594,0.187625468822391,0.0352387800545393,6,6,32,0,0,,,,,0,51,38,19,0,0,19,4.99000000000001,,
"constrained-tmlr-revision-2026-08-13","full",TRUE,16,"aligned",86,0.2,0.05,"stochastic","precomputed_exact_table","iid",202900600,202900642,100,25000,"certified","bounds-met",TRUE,19,19,21,21,21,0,21,0,TRUE,0.828925107398406,0.171074892601594,0.171074892601599,TRUE,TRUE,TRUE,0.171074892601594,0.187625468822391,0.0352387800545393,6,6,32,0,0,,,,,0,51,38,19,0,0,19,3.28,,
"constrained-tmlr-revision-2026-08-13","full",TRUE,16,"aligned",87,0.01,0.05,"exact","precomputed_exact_table","exact",202900700,202900711,,25000,"certified","bounds-met",TRUE,115,115,169,169,169,0,169,0,TRUE,0.990069007030769,0.00993099296923061,0.00993099296923577,TRUE,TRUE,TRUE,0.00993099296923061,0.00998063421123312,0.00315509332640296,38,38,32,0,0,,,,,0,147,102,115,0,0,115,34.66,,
"constrained-tmlr-revision-2026-08-13","full",TRUE,16,"aligned",87,0.01,0.05,"stochastic","precomputed_exact_table","iid",202900700,202900712,100,25000,"certified","bounds-met",TRUE,115,115,169,169,169,0,169,0,TRUE,0.990069007030769,0.00993099296923061,0.00993099296923647,TRUE,TRUE,TRUE,0.00993099296923061,0.00998063421123312,0.00315509332640296,38,38,32,0,0,,,,,0,147,102,115,0,0,115,35.72,,
"constrained-tmlr-revision-2026-08-13","full",TRUE,16,"aligned",87,0.05,0.05,"exact","precomputed_exact_table","exact",202900700,202900721,,25000,"certified","bounds-met",TRUE,61,61,62,62,62,0,62,0,TRUE,0.953936890204517,0.0460631097954829,0.0460631097954879,TRUE,TRUE,TRUE,0.0460631097954829,0.047157762547499,0.0175973901319351,20,20,32,0,0,,,,,0,93,66,61,0,0,61,19.23,,
"constrained-tmlr-revision-2026-08-13","full",TRUE,16,"aligned",87,0.05,0.05,"stochastic","precomputed_exact_table","iid",202900700,202900722,100,25000,"certified","bounds-met",TRUE,61,61,62,62,62,0,62,0,TRUE,0.953936890204517,0.0460631097954829,0.0460631097954912,TRUE,TRUE,TRUE,0.0460631097954829,0.047157762547499,0.0175973901319351,20,20,32,0,0,,,,,0,93,66,61,0,0,61,18.25,,
"constrained-tmlr-revision-2026-08-13","full",TRUE,16,"aligned",87,0.1,0.05,"exact","precomputed_exact_table","exact",202900700,202900731,,25000,"certified","bounds-met",TRUE,46,46,41,41,41,0,41,0,TRUE,0.905696847653725,0.0943031523462753,0.0943031523462803,TRUE,TRUE,TRUE,0.0943031523462753,0.0990506341706957,0.0303748032048436,15,15,32,0,0,,,,,0,78,56,46,0,0,46,12.23,,
"constrained-tmlr-revision-2026-08-13","full",TRUE,16,"aligned",87,0.1,0.05,"stochastic","precomputed_exact_table","iid",202900700,202900732,100,25000,"certified","bounds-met",TRUE,46,46,41,41,41,0,41,0,TRUE,0.905696847653725,0.0943031523462753,0.094303152346287,TRUE,TRUE,TRUE,0.0943031523462753,0.0990506341706957,0.0303748032048436,15,15,32,0,0,,,,,0,78,56,46,0,0,46,12.68,,
"constrained-tmlr-revision-2026-08-13","full",TRUE,16,"aligned",87,0.2,0.05,"exact","precomputed_exact_table","exact",202900700,202900741,,25000,"certified","bounds-met",TRUE,49,49,20,20,20,0,20,0,TRUE,0.828096764552875,0.171903235447125,0.171903235447129,TRUE,TRUE,TRUE,0.171903235447125,0.188625266023083,0.0303748032048437,16,16,32,0,0,,,,,0,81,58,49,0,0,49,13.36,,
"constrained-tmlr-revision-2026-08-13","full",TRUE,16,"aligned",87,0.2,0.05,"stochastic","precomputed_exact_table","iid",202900700,202900742,100,25000,"certified","bounds-met",TRUE,49,49,20,20,20,0,20,0,TRUE,0.828096764552875,0.171903235447125,0.171903235447141,TRUE,TRUE,TRUE,0.171903235447125,0.188625266023083,0.0303748032048437,16,16,32,0,0,,,,,0,81,58,49,0,0,49,12.01,,
"constrained-tmlr-revision-2026-08-13","full",TRUE,16,"aligned",88,0.01,0.05,"exact","precomputed_exact_table","exact",202900800,202900811,,25000,"certified","bounds-met",TRUE,142,142,237,237,237,0,237,0,TRUE,0.99003462222548,0.00996537777452022,0.00996537777451901,TRUE,TRUE,TRUE,0.00996537777452022,0.0100153645200766,0.00386408126394427,47,47,32,0,0,,,,,0,174,120,142,0,0,142,48.55,,
"constrained-tmlr-revision-2026-08-13","full",TRUE,16,"aligned",88,0.01,0.05,"stochastic","precomputed_exact_table","iid",202900800,202900812,100,25000,"certified","bounds-met",TRUE,142,142,237,237,237,0,237,0,TRUE,0.99003462222548,0.00996537777452022,0.00996537777451986,TRUE,TRUE,TRUE,0.00996537777452022,0.0100153645200766,0.00386408126394427,47,47,32,0,0,,,,,0,174,120,142,0,0,142,44.61,,
"constrained-tmlr-revision-2026-08-13","full",TRUE,16,"aligned",88,0.05,0.05,"exact","precomputed_exact_table","exact",202900800,202900821,,25000,"certified","bounds-met",TRUE,91,91,104,104,104,0,104,0,TRUE,0.950783134887565,0.0492168651124354,0.0492168651124345,TRUE,TRUE,TRUE,0.0492168651124354,0.0504692814662415,0.0164814395586353,30,30,32,0,0,,,,,0,123,86,91,0,0,91,23.26,,
"constrained-tmlr-revision-2026-08-13","full",TRUE,16,"aligned",88,0.05,0.05,"stochastic","precomputed_exact_table","iid",202900800,202900822,100,25000,"certified","bounds-met",TRUE,91,91,104,104,104,0,104,0,TRUE,0.950783134887565,0.0492168651124354,0.049216865112438,TRUE,TRUE,TRUE,0.0492168651124354,0.0504692814662415,0.0164814395586353,30,30,32,0,0,,,,,0,123,86,91,0,0,91,26.62,,
"constrained-tmlr-revision-2026-08-13","full",TRUE,16,"aligned",88,0.1,0.05,"exact","precomputed_exact_table","exact",202900800,202900831,,25000,"certified","bounds-met",TRUE,64,64,62,62,62,0,62,0,TRUE,0.91190528854648,0.0880947114535203,0.0880947114535185,TRUE,TRUE,TRUE,0.0880947114535203,0.092219144578602,0.0278364219918545,21,21,32,0,0,,,,,0,96,68,64,0,0,64,12.73,,
"constrained-tmlr-revision-2026-08-13","full",TRUE,16,"aligned",88,0.1,0.05,"stochastic","precomputed_exact_table","iid",202900800,202900832,100,25000,"certified","bounds-met",TRUE,64,64,62,62,62,0,62,0,TRUE,0.91190528854648,0.0880947114535203,0.0880947114535261,TRUE,TRUE,TRUE,0.0880947114535203,0.092219144578602,0.0278364219918545,21,21,32,0,0,,,,,0,96,68,64,0,0,64,10.05,,
"constrained-tmlr-revision-2026-08-13","full",TRUE,16,"aligned",88,0.2,0.05,"exact","precomputed_exact_table","exact",202900800,202900841,,25000,"certified","bounds-met",TRUE,28,28,31,31,31,0,31,0,TRUE,0.808961027700437,0.191038972299563,0.191038972299562,TRUE,TRUE,TRUE,0.191038972299563,0.212004536507463,0.0579921190066907,9,9,32,0,0,,,,,0,60,44,28,0,0,28,3.82999999999998,,
"constrained-tmlr-revision-2026-08-13","full",TRUE,16,"aligned",88,0.2,0.05,"stochastic","precomputed_exact_table","iid",202900800,202900842,100,25000,"certified","bounds-met",TRUE,28,28,31,31,31,0,31,0,TRUE,0.808961027700437,0.191038972299563,0.191038972299579,TRUE,TRUE,TRUE,0.191038972299563,0.212004536507463,0.0579921190066907,9,9,32,0,0,,,,,0,60,44,28,0,0,28,4.69999999999999,,
"constrained-tmlr-revision-2026-08-13","full",TRUE,16,"aligned",89,0.01,0.05,"exact","precomputed_exact_table","exact",202900900,202900911,,25000,"certified","bounds-met",TRUE,139,139,260,260,260,0,260,0,TRUE,0.990486029335003,0.00951397066499748,0.00951397066499372,TRUE,TRUE,TRUE,0.00951397066499748,0.00955951760226353,0.00373159620052468,46,46,32,0,0,,,,,0,171,118,139,0,0,139,40.97,,
"constrained-tmlr-revision-2026-08-13","full",TRUE,16,"aligned",89,0.01,0.05,"stochastic","precomputed_exact_table","iid",202900900,202900912,100,25000,"certified","bounds-met",TRUE,139,139,260,260,260,0,260,0,TRUE,0.990486029335003,0.00951397066499748,0.00951397066499426,TRUE,TRUE,TRUE,0.00951397066499748,0.00955951760226353,0.00373159620052468,46,46,32,0,0,,,,,0,171,118,139,0,0,139,41.58,,
"constrained-tmlr-revision-2026-08-13","full",TRUE,16,"aligned",89,0.05,0.05,"exact","precomputed_exact_table","exact",202900900,202900921,,25000,"certified","bounds-met",TRUE,70,70,107,107,107,0,107,0,TRUE,0.95057209495312,0.04942790504688,0.0494279050468764,TRUE,TRUE,TRUE,0.04942790504688,0.0506912704265358,0.0150824737836332,23,23,32,0,0,,,,,0,102,72,70,0,0,70,19.53,,
"constrained-tmlr-revision-2026-08-13","full",TRUE,16,"aligned",89,0.05,0.05,"stochastic","precomputed_exact_table","iid",202900900,202900922,100,25000,"certified","bounds-met",TRUE,70,70,107,107,107,0,107,0,TRUE,0.95057209495312,0.04942790504688,0.0494279050468799,TRUE,TRUE,TRUE,0.04942790504688,0.0506912704265358,0.0150824737836332,23,23,32,0,0,,,,,0,102,72,70,0,0,70,19.25,,
"constrained-tmlr-revision-2026-08-13","full",TRUE,16,"aligned",89,0.1,0.05,"exact","precomputed_exact_table","exact",202900900,202900931,,25000,"certified","bounds-met",TRUE,58,58,63,63,63,0,63,0,TRUE,0.902280695915706,0.0977193040842935,0.0977193040842903,TRUE,TRUE,TRUE,0.0977193040842935,0.102829614518749,0.0266144012677449,19,19,32,0,0,,,,,0,90,64,58,0,0,58,16.61,,
"constrained-tmlr-revision-2026-08-13","full",TRUE,16,"aligned",89,0.1,0.05,"stochastic","precomputed_exact_table","iid",202900900,202900932,100,25000,"certified","bounds-met",TRUE,58,58,63,63,63,0,63,0,TRUE,0.902280695915706,0.0977193040842935,0.0977193040842973,TRUE,TRUE,TRUE,0.0977193040842935,0.102829614518749,0.0266144012677449,19,19,32,0,0,,,,,0,90,64,58,0,0,58,13.69,,
"constrained-tmlr-revision-2026-08-13","full",TRUE,16,"aligned",89,0.2,0.05,"exact","precomputed_exact_table","exact",202900900,202900941,,25000,"certified","bounds-met",TRUE,25,25,32,32,32,0,32,0,TRUE,0.81270217859751,0.18729782140249,0.187297821402487,TRUE,TRUE,TRUE,0.18729782140249,0.207390560535651,0.0463593099373456,8,8,32,0,0,,,,,0,57,42,25,0,0,25,4.02999999999997,,
"constrained-tmlr-revision-2026-08-13","full",TRUE,16,"aligned",89,0.2,0.05,"stochastic","precomputed_exact_table","iid",202900900,202900942,100,25000,"certified","bounds-met",TRUE,25,25,32,32,32,0,32,0,TRUE,0.81270217859751,0.18729782140249,0.187297821402501,TRUE,TRUE,TRUE,0.18729782140249,0.207390560535651,0.0463593099373456,8,8,32,0,0,,,,,0,57,42,25,0,0,25,4.34999999999997,,
"constrained-tmlr-revision-2026-08-13","full",TRUE,16,"aligned",90,0.01,0.05,"exact","precomputed_exact_table","exact",202901000,202901011,,25000,"certified","bounds-met",TRUE,97,97,136,136,136,0,136,0,TRUE,0.990409712295266,0.00959028770473414,0.00959028770472997,TRUE,TRUE,TRUE,0.00959028770473414,0.00963657066282653,0.00237816092877994,32,32,32,0,0,,,,,0,129,90,97,0,0,97,29.48,,
"constrained-tmlr-revision-2026-08-13","full",TRUE,16,"aligned",90,0.01,0.05,"stochastic","precomputed_exact_table","iid",202901000,202901012,100,25000,"certified","bounds-met",TRUE,97,97,136,136,136,0,136,0,TRUE,0.990409712295266,0.00959028770473414,0.00959028770473065,TRUE,TRUE,TRUE,0.00959028770473414,0.00963657066282653,0.00237816092877994,32,32,32,0,0,,,,,0,129,90,97,0,0,97,28.41,,
"constrained-tmlr-revision-2026-08-13","full",TRUE,16,"aligned",90,0.05,0.05,"exact","precomputed_exact_table","exact",202901000,202901021,,25000,"certified","bounds-met",TRUE,61,61,62,62,62,0,62,0,TRUE,0.959253563325479,0.0407464366745212,0.0407464366745173,TRUE,TRUE,TRUE,0.0407464366745212,0.041599835162492,0.0146475709024964,20,20,32,0,0,,,,,0,93,66,61,0,0,61,20.58,,
"constrained-tmlr-revision-2026-08-13","full",TRUE,16,"aligned",90,0.05,0.05,"stochastic","precomputed_exact_table","iid",202901000,202901022,100,25000,"certified","bounds-met",TRUE,61,61,62,62,62,0,62,0,TRUE,0.959253563325479,0.0407464366745212,0.0407464366745196,TRUE,TRUE,TRUE,0.0407464366745212,0.041599835162492,0.0146475709024964,20,20,32,0,0,,,,,0,93,66,61,0,0,61,21.2,,
"constrained-tmlr-revision-2026-08-13","full",TRUE,16,"aligned",90,0.1,0.05,"exact","precomputed_exact_table","exact",202901000,202901031,,25000,"certified","bounds-met",TRUE,49,49,40,40,40,0,40,0,TRUE,0.911012801998443,0.0889871980015574,0.0889871980015534,TRUE,TRUE,TRUE,0.0889871980015574,0.093198329133274,0.0167451936916547,16,16,32,0,0,,,,,0,81,58,49,0,0,49,12.81,,
"constrained-tmlr-revision-2026-08-13","full",TRUE,16,"aligned",90,0.1,0.05,"stochastic","precomputed_exact_table","iid",202901000,202901032,100,25000,"certified","bounds-met",TRUE,49,49,40,40,40,0,40,0,TRUE,0.911012801998443,0.0889871980015574,0.0889871980015585,TRUE,TRUE,TRUE,0.0889871980015574,0.093198329133274,0.0167451936916547,16,16,32,0,0,,,,,0,81,58,49,0,0,49,12.6,,
"constrained-tmlr-revision-2026-08-13","full",TRUE,16,"aligned",90,0.2,0.05,"exact","precomputed_exact_table","exact",202901000,202901041,,25000,"certified","bounds-met",TRUE,19,19,10,10,10,0,10,0,TRUE,0.805130351104821,0.194869648895179,0.194869648895177,TRUE,TRUE,TRUE,0.194869648895179,0.216751087834023,0.0281324814884245,6,6,32,0,0,,,,,0,51,38,19,0,0,19,3.52000000000001,,
"constrained-tmlr-revision-2026-08-13","full",TRUE,16,"aligned",90,0.2,0.05,"stochastic","precomputed_exact_table","iid",202901000,202901042,100,25000,"certified","bounds-met",TRUE,19,19,10,10,10,0,10,0,TRUE,0.805130351104821,0.194869648895179,0.194869648895188,TRUE,TRUE,TRUE,0.194869648895179,0.216751087834023,0.0281324814884245,6,6,32,0,0,,,,,0,51,38,19,0,0,19,3.5,,
"constrained-tmlr-revision-2026-08-13","full",TRUE,16,"aligned",91,0.01,0.05,"exact","precomputed_exact_table","exact",202901100,202901111,,25000,"certified","bounds-met",TRUE,124,124,173,173,173,0,173,0,TRUE,0.990026251147844,0.00997374885215629,0.00997374885215201,TRUE,TRUE,TRUE,0.00997374885215629,0.0100238198940994,0.00382760294324089,41,41,32,0,0,,,,,0,156,108,124,0,0,124,39.33,,
"constrained-tmlr-revision-2026-08-13","full",TRUE,16,"aligned",91,0.01,0.05,"stochastic","precomputed_exact_table","iid",202901100,202901112,100,25000,"certified","bounds-met",TRUE,124,124,173,173,173,0,173,0,TRUE,0.990026251147844,0.00997374885215629,0.00997374885215272,TRUE,TRUE,TRUE,0.00997374885215629,0.0100238198940994,0.00382760294324089,41,41,32,0,0,,,,,0,156,108,124,0,0,124,40.81,,
"constrained-tmlr-revision-2026-08-13","full",TRUE,16,"aligned",91,0.05,0.05,"exact","precomputed_exact_table","exact",202901100,202901121,,25000,"certified","bounds-met",TRUE,64,64,62,62,62,0,62,0,TRUE,0.951092713455631,0.0489072865443695,0.0489072865443658,TRUE,TRUE,TRUE,0.0489072865443695,0.0501437306990137,0.0141403441953593,21,21,32,0,0,,,,,0,96,68,64,0,0,64,16.21,,
"constrained-tmlr-revision-2026-08-13","full",TRUE,16,"aligned",91,0.05,0.05,"stochastic","precomputed_exact_table","iid",202901100,202901122,100,25000,"certified","bounds-met",TRUE,64,64,62,62,62,0,62,0,TRUE,0.951092713455631,0.0489072865443695,0.0489072865443686,TRUE,TRUE,TRUE,0.0489072865443695,0.0501437306990137,0.0141403441953593,21,21,32,0,0,,,,,0,96,68,64,0,0,64,14.8,,
"constrained-tmlr-revision-2026-08-13","full",TRUE,16,"aligned",91,0.1,0.05,"exact","precomputed_exact_table","exact",202901100,202901131,,25000,"certified","bounds-met",TRUE,64,64,51,51,51,0,51,0,TRUE,0.908025191171951,0.0919748088280492,0.0919748088280461,TRUE,TRUE,TRUE,0.0919748088280492,0.0964831571842462,0.0301835456668018,21,21,32,0,0,,,,,0,96,68,64,0,0,64,13.36,,
"constrained-tmlr-revision-2026-08-13","full",TRUE,16,"aligned",91,0.1,0.05,"stochastic","precomputed_exact_table","iid",202901100,202901132,100,25000,"certified","bounds-met",TRUE,64,64,51,51,51,0,51,0,TRUE,0.908025191171951,0.0919748088280492,0.0919748088280513,TRUE,TRUE,TRUE,0.0919748088280492,0.0964831571842462,0.0301835456668018,21,21,32,0,0,,,,,0,96,68,64,0,0,64,11.01,,
"constrained-tmlr-revision-2026-08-13","full",TRUE,16,"aligned",91,0.2,0.05,"exact","precomputed_exact_table","exact",202901100,202901141,,25000,"certified","bounds-met",TRUE,34,34,21,21,21,0,21,0,TRUE,0.827443191716618,0.172556808283382,0.172556808283378,TRUE,TRUE,TRUE,0.172556808283382,0.189414824580985,0.0321287762426357,11,11,32,0,0,,,,,0,66,48,34,0,0,34,5.17000000000002,,
"constrained-tmlr-revision-2026-08-13","full",TRUE,16,"aligned",91,0.2,0.05,"stochastic","precomputed_exact_table","iid",202901100,202901142,100,25000,"certified","bounds-met",TRUE,34,34,21,21,21,0,21,0,TRUE,0.827443191716618,0.172556808283382,0.172556808283393,TRUE,TRUE,TRUE,0.172556808283382,0.189414824580985,0.0321287762426357,11,11,32,0,0,,,,,0,66,48,34,0,0,34,5.89000000000004,,
"constrained-tmlr-revision-2026-08-13","full",TRUE,16,"aligned",92,0.01,0.05,"exact","precomputed_exact_table","exact",202901200,202901211,,25000,"certified","bounds-met",TRUE,91,91,193,193,193,0,193,0,TRUE,0.990067534894814,0.00993246510518608,0.00993246510518993,TRUE,TRUE,TRUE,0.00993246510518608,0.00998212111471104,0.00283045871099021,30,30,32,0,0,,,,,0,123,86,91,0,0,91,30.97,,
"constrained-tmlr-revision-2026-08-13","full",TRUE,16,"aligned",92,0.01,0.05,"stochastic","precomputed_exact_table","iid",202901200,202901212,100,25000,"certified","bounds-met",TRUE,91,91,193,193,193,0,193,0,TRUE,0.990067534894814,0.00993246510518608,0.00993246510519106,TRUE,TRUE,TRUE,0.00993246510518608,0.00998212111471104,0.00283045871099021,30,30,32,0,0,,,,,0,123,86,91,0,0,91,29.76,,
"constrained-tmlr-revision-2026-08-13","full",TRUE,16,"aligned",92,0.05,0.05,"exact","precomputed_exact_table","exact",202901200,202901221,,25000,"certified","bounds-met",TRUE,64,64,73,73,73,0,73,0,TRUE,0.951857902631028,0.0481420973689716,0.0481420973689747,TRUE,TRUE,TRUE,0.0481420973689716,0.0493395172736411,0.0162909746161839,21,21,32,0,0,,,,,0,96,68,64,0,0,64,14.83,,
"constrained-tmlr-revision-2026-08-13","full",TRUE,16,"aligned",92,0.05,0.05,"stochastic","precomputed_exact_table","iid",202901200,202901222,100,25000,"certified","bounds-met",TRUE,64,64,73,73,73,0,73,0,TRUE,0.951857902631028,0.0481420973689716,0.0481420973689802,TRUE,TRUE,TRUE,0.0481420973689716,0.0493395172736411,0.0162909746161839,21,21,32,0,0,,,,,0,96,68,64,0,0,64,12.09,,
"constrained-tmlr-revision-2026-08-13","full",TRUE,16,"aligned",92,0.1,0.05,"exact","precomputed_exact_table","exact",202901200,202901231,,25000,"certified","bounds-met",TRUE,52,52,51,51,51,0,51,0,TRUE,0.90746761673201,0.0925323832679903,0.0925323832679927,TRUE,TRUE,TRUE,0.0925323832679903,0.0970973975216844,0.0212852190512002,17,17,32,0,0,,,,,0,84,60,52,0,0,52,10.64,,
"constrained-tmlr-revision-2026-08-13","full",TRUE,16,"aligned",92,0.1,0.05,"stochastic","precomputed_exact_table","iid",202901200,202901232,100,25000,"certified","bounds-met",TRUE,52,52,51,51,51,0,51,0,TRUE,0.90746761673201,0.0925323832679903,0.0925323832680033,TRUE,TRUE,TRUE,0.0925323832679903,0.0970973975216844,0.0212852190512002,17,17,32,0,0,,,,,0,84,60,52,0,0,52,12.31,,
"constrained-tmlr-revision-2026-08-13","full",TRUE,16,"aligned",92,0.2,0.05,"exact","precomputed_exact_table","exact",202901200,202901241,,25000,"certified","bounds-met",TRUE,19,19,21,21,21,0,21,0,TRUE,0.81409078528876,0.18590921471124,0.185909214711243,TRUE,TRUE,TRUE,0.18590921471124,0.205683389359815,0.0505987745346683,6,6,32,0,0,,,,,0,51,38,19,0,0,19,3.69999999999999,,
"constrained-tmlr-revision-2026-08-13","full",TRUE,16,"aligned",92,0.2,0.05,"stochastic","precomputed_exact_table","iid",202901200,202901242,100,25000,"certified","bounds-met",TRUE,19,19,21,21,21,0,21,0,TRUE,0.81409078528876,0.18590921471124,0.185909214711262,TRUE,TRUE,TRUE,0.18590921471124,0.205683389359815,0.0505987745346683,6,6,32,0,0,,,,,0,51,38,19,0,0,19,3.41,,
"constrained-tmlr-revision-2026-08-13","full",TRUE,16,"aligned",93,0.01,0.05,"exact","precomputed_exact_table","exact",202901300,202901311,,25000,"certified","bounds-met",TRUE,97,97,162,162,162,0,162,0,TRUE,0.990150511849708,0.00984948815029196,0.00984948815029077,TRUE,TRUE,TRUE,0.00984948815029196,0.00989831523779854,0.00283980067928993,32,32,32,0,0,,,,,0,129,90,97,0,0,97,23.15,,
"constrained-tmlr-revision-2026-08-13","full",TRUE,16,"aligned",93,0.01,0.05,"stochastic","precomputed_exact_table","iid",202901300,202901312,100,25000,"certified","bounds-met",TRUE,97,97,162,162,162,0,162,0,TRUE,0.990150511849708,0.00984948815029196,0.00984948815029147,TRUE,TRUE,TRUE,0.00984948815029196,0.00989831523779854,0.00283980067928993,32,32,32,0,0,,,,,0,129,90,97,0,0,97,27.53,,
"constrained-tmlr-revision-2026-08-13","full",TRUE,16,"aligned",93,0.05,0.05,"exact","precomputed_exact_table","exact",202901300,202901321,,25000,"certified","bounds-met",TRUE,55,55,62,62,62,0,62,0,TRUE,0.959056496946212,0.0409435030537881,0.0409435030537873,TRUE,TRUE,TRUE,0.0409435030537881,0.0418052934812919,0.0129083973558347,18,18,32,0,0,,,,,0,87,62,55,0,0,55,15.38,,
"constrained-tmlr-revision-2026-08-13","full",TRUE,16,"aligned",93,0.05,0.05,"stochastic","precomputed_exact_table","iid",202901300,202901322,100,25000,"certified","bounds-met",TRUE,55,55,62,62,62,0,62,0,TRUE,0.959056496946212,0.0409435030537881,0.0409435030537902,TRUE,TRUE,TRUE,0.0409435030537881,0.0418052934812919,0.0129083973558347,18,18,32,0,0,,,,,0,87,62,55,0,0,55,15.59,,
"constrained-tmlr-revision-2026-08-13","full",TRUE,16,"aligned",93,0.1,0.05,"exact","precomputed_exact_table","exact",202901300,202901331,,25000,"certified","bounds-met",TRUE,49,49,42,42,42,0,42,0,TRUE,0.903623220140316,0.0963767798596843,0.0963767798596824,TRUE,TRUE,TRUE,0.0963767798596843,0.10134279735202,0.0285297781224006,16,16,32,0,0,,,,,0,81,58,49,0,0,49,13.36,,
"constrained-tmlr-revision-2026-08-13","full",TRUE,16,"aligned",93,0.1,0.05,"stochastic","precomputed_exact_table","iid",202901300,202901332,100,25000,"certified","bounds-met",TRUE,49,49,42,42,42,0,42,0,TRUE,0.903623220140316,0.0963767798596843,0.0963767798596892,TRUE,TRUE,TRUE,0.0963767798596843,0.10134279735202,0.0285297781224006,16,16,32,0,0,,,,,0,81,58,49,0,0,49,13.06,,
"constrained-tmlr-revision-2026-08-13","full",TRUE,16,"aligned",93,0.2,0.05,"exact","precomputed_exact_table","exact",202901300,202901341,,25000,"certified","bounds-met",TRUE,46,46,20,20,20,0,20,0,TRUE,0.825923930648159,0.174076069351841,0.17407606935184,TRUE,TRUE,TRUE,0.174076069351841,0.191252603348336,0.0328761772010291,15,15,32,0,0,,,,,0,78,56,46,0,0,46,10.63,,
"constrained-tmlr-revision-2026-08-13","full",TRUE,16,"aligned",93,0.2,0.05,"stochastic","precomputed_exact_table","iid",202901300,202901342,100,25000,"certified","bounds-met",TRUE,46,46,20,20,20,0,20,0,TRUE,0.825923930648159,0.174076069351841,0.174076069351849,TRUE,TRUE,TRUE,0.174076069351841,0.191252603348336,0.0328761772010291,15,15,32,0,0,,,,,0,78,56,46,0,0,46,12,,
"constrained-tmlr-revision-2026-08-13","full",TRUE,16,"aligned",94,0.01,0.05,"exact","precomputed_exact_table","exact",202901400,202901411,,25000,"certified","bounds-met",TRUE,115,115,167,167,167,0,167,0,TRUE,0.990047736939413,0.00995226306058716,0.00995226306058003,TRUE,TRUE,TRUE,0.00995226306058716,0.0100021178852863,0.00269553651155824,38,38,32,0,0,,,,,0,147,101,115,0,0,115,29.62,,
"constrained-tmlr-revision-2026-08-13","full",TRUE,16,"aligned",94,0.01,0.05,"stochastic","precomputed_exact_table","iid",202901400,202901412,100,25000,"certified","bounds-met",TRUE,115,115,167,167,167,0,167,0,TRUE,0.990047736939413,0.00995226306058716,0.00995226306058059,TRUE,TRUE,TRUE,0.00995226306058716,0.0100021178852863,0.00269553651155824,38,38,32,0,0,,,,,0,147,101,115,0,0,115,34.78,,
"constrained-tmlr-revision-2026-08-13","full",TRUE,16,"aligned",94,0.05,0.05,"exact","precomputed_exact_table","exact",202901400,202901421,,25000,"certified","bounds-met",TRUE,61,61,62,62,62,0,62,0,TRUE,0.954179768480302,0.0458202315196976,0.0458202315196913,TRUE,TRUE,TRUE,0.0458202315196976,0.0469031887236276,0.0128936976660093,20,20,32,0,0,,,,,0,93,66,61,0,0,61,15.25,,
"constrained-tmlr-revision-2026-08-13","full",TRUE,16,"aligned",94,0.05,0.05,"stochastic","precomputed_exact_table","iid",202901400,202901422,100,25000,"certified","bounds-met",TRUE,61,61,62,62,62,0,62,0,TRUE,0.954179768480302,0.0458202315196976,0.0458202315196939,TRUE,TRUE,TRUE,0.0458202315196976,0.0469031887236276,0.0128936976660093,20,20,32,0,0,,,,,0,93,66,61,0,0,61,14.56,,
"constrained-tmlr-revision-2026-08-13","full",TRUE,16,"aligned",94,0.1,0.05,"exact","precomputed_exact_table","exact",202901400,202901431,,25000,"certified","bounds-met",TRUE,43,43,41,41,41,0,41,0,TRUE,0.914733427529452,0.0852665724705476,0.0852665724705401,TRUE,TRUE,TRUE,0.0852665724705476,0.0891225921865876,0.0134614843581824,14,14,32,0,0,,,,,0,75,54,43,0,0,43,8.84999999999999,,
"constrained-tmlr-revision-2026-08-13","full",TRUE,16,"aligned",94,0.1,0.05,"stochastic","precomputed_exact_table","iid",202901400,202901432,100,25000,"certified","bounds-met",TRUE,43,43,41,41,41,0,41,0,TRUE,0.914733427529452,0.0852665724705476,0.0852665724705474,TRUE,TRUE,TRUE,0.0852665724705476,0.0891225921865876,0.0134614843581824,14,14,32,0,0,,,,,0,75,54,43,0,0,43,10.31,,
"constrained-tmlr-revision-2026-08-13","full",TRUE,16,"aligned",94,0.2,0.05,"exact","precomputed_exact_table","exact",202901400,202901441,,25000,"certified","bounds-met",TRUE,40,40,20,20,20,0,20,0,TRUE,0.830152139599695,0.169847860400305,0.169847860400297,TRUE,TRUE,TRUE,0.169847860400305,0.186146294266494,0.0451446434484553,13,13,32,0,0,,,,,0,72,52,40,0,0,40,8.91,,
"constrained-tmlr-revision-2026-08-13","full",TRUE,16,"aligned",94,0.2,0.05,"stochastic","precomputed_exact_table","iid",202901400,202901442,100,25000,"certified","bounds-met",TRUE,40,40,20,20,20,0,20,0,TRUE,0.830152139599695,0.169847860400305,0.169847860400309,TRUE,TRUE,TRUE,0.169847860400305,0.186146294266494,0.0451446434484553,13,13,32,0,0,,,,,0,72,52,40,0,0,40,9.38,,
"constrained-tmlr-revision-2026-08-13","full",TRUE,16,"aligned",95,0.01,0.05,"exact","precomputed_exact_table","exact",202901500,202901511,,25000,"certified","bounds-met",TRUE,124,124,195,195,195,0,195,0,TRUE,0.990285142619051,0.00971485738094879,0.00971485738095346,TRUE,TRUE,TRUE,0.00971485738094879,0.00976235447659252,0.00315436399322339,41,41,32,0,0,,,,,0,156,108,124,0,0,124,36.36,,
"constrained-tmlr-revision-2026-08-13","full",TRUE,16,"aligned",95,0.01,0.05,"stochastic","precomputed_exact_table","iid",202901500,202901512,100,25000,"certified","bounds-met",TRUE,124,124,195,195,195,0,195,0,TRUE,0.990285142619051,0.00971485738094879,0.00971485738095443,TRUE,TRUE,TRUE,0.00971485738094879,0.00976235447659252,0.00315436399322339,41,41,32,0,0,,,,,0,156,108,124,0,0,124,34.55,,
"constrained-tmlr-revision-2026-08-13","full",TRUE,16,"aligned",95,0.05,0.05,"exact","precomputed_exact_table","exact",202901500,202901521,,25000,"certified","bounds-met",TRUE,67,67,73,73,73,0,73,0,TRUE,0.972023477088523,0.0279765229114771,0.0279765229114817,TRUE,TRUE,TRUE,0.0279765229114771,0.0283753214301322,0.00698322124502947,22,22,32,0,0,,,,,0,99,70,67,0,0,67,16.3,,
"constrained-tmlr-revision-2026-08-13","full",TRUE,16,"aligned",95,0.05,0.05,"stochastic","precomputed_exact_table","iid",202901500,202901522,100,25000,"certified","bounds-met",TRUE,67,67,73,73,73,0,73,0,TRUE,0.972023477088523,0.0279765229114771,0.0279765229114845,TRUE,TRUE,TRUE,0.0279765229114771,0.0283753214301322,0.00698322124502947,22,22,32,0,0,,,,,0,99,70,67,0,0,67,18.03,,
"constrained-tmlr-revision-2026-08-13","full",TRUE,16,"aligned",95,0.1,0.05,"exact","precomputed_exact_table","exact",202901500,202901531,,25000,"certified","bounds-met",TRUE,61,61,52,52,52,0,52,0,TRUE,0.913040504918388,0.0869594950816117,0.0869594950816168,TRUE,TRUE,TRUE,0.0869594950816117,0.0909750347289849,0.0279344203433726,20,20,32,0,0,,,,,0,93,66,61,0,0,61,15.38,,
"constrained-tmlr-revision-2026-08-13","full",TRUE,16,"aligned",95,0.1,0.05,"stochastic","precomputed_exact_table","iid",202901500,202901532,100,25000,"certified","bounds-met",TRUE,61,61,52,52,52,0,52,0,TRUE,0.913040504918388,0.0869594950816117,0.0869594950816243,TRUE,TRUE,TRUE,0.0869594950816117,0.0909750347289849,0.0279344203433726,20,20,32,0,0,,,,,0,93,66,61,0,0,61,15.65,,
"constrained-tmlr-revision-2026-08-13","full",TRUE,16,"aligned",95,0.2,0.05,"exact","precomputed_exact_table","exact",202901500,202901541,,25000,"certified","bounds-met",TRUE,46,46,21,21,21,0,21,0,TRUE,0.801245311025248,0.198754688974752,0.198754688974755,TRUE,TRUE,TRUE,0.198754688974752,0.221588122838954,0.0389973790043116,15,15,32,0,0,,,,,0,78,56,46,0,0,46,9.27000000000001,,
"constrained-tmlr-revision-2026-08-13","full",TRUE,16,"aligned",95,0.2,0.05,"stochastic","precomputed_exact_table","iid",202901500,202901542,100,25000,"certified","bounds-met",TRUE,46,46,21,21,21,0,21,0,TRUE,0.801245311025248,0.198754688974752,0.198754688974769,TRUE,TRUE,TRUE,0.198754688974752,0.221588122838954,0.0389973790043116,15,15,32,0,0,,,,,0,78,56,46,0,0,46,9.88999999999999,,
"constrained-tmlr-revision-2026-08-13","full",TRUE,16,"aligned",96,0.01,0.05,"exact","precomputed_exact_table","exact",202901600,202901611,,25000,"certified","bounds-met",TRUE,103,103,126,126,126,0,126,0,TRUE,0.990104921985598,0.0098950780144017,0.00989507801440145,TRUE,TRUE,TRUE,0.0098950780144017,0.00994435966554138,0.00255159123334493,34,34,32,0,0,,,,,0,135,94,103,0,0,103,26.51,,
"constrained-tmlr-revision-2026-08-13","full",TRUE,16,"aligned",96,0.01,0.05,"stochastic","precomputed_exact_table","iid",202901600,202901612,100,25000,"certified","bounds-met",TRUE,103,103,126,126,126,0,126,0,TRUE,0.990104921985598,0.0098950780144017,0.00989507801440215,TRUE,TRUE,TRUE,0.0098950780144017,0.00994435966554138,0.00255159123334493,34,34,32,0,0,,,,,0,135,94,103,0,0,103,31.03,,
"constrained-tmlr-revision-2026-08-13","full",TRUE,16,"aligned",96,0.05,0.05,"exact","precomputed_exact_table","exact",202901600,202901621,,25000,"certified","bounds-met",TRUE,61,61,62,62,62,0,62,0,TRUE,0.96173229966565,0.0382677003343498,0.0382677003343493,TRUE,TRUE,TRUE,0.0382677003343498,0.0390191418178718,0.0150649800029385,20,20,32,0,0,,,,,0,93,66,61,0,0,61,17.43,,
"constrained-tmlr-revision-2026-08-13","full",TRUE,16,"aligned",96,0.05,0.05,"stochastic","precomputed_exact_table","iid",202901600,202901622,100,25000,"certified","bounds-met",TRUE,61,61,62,62,62,0,62,0,TRUE,0.96173229966565,0.0382677003343498,0.038267700334352,TRUE,TRUE,TRUE,0.0382677003343498,0.0390191418178718,0.0150649800029385,20,20,32,0,0,,,,,0,93,66,61,0,0,61,17.17,,
"constrained-tmlr-revision-2026-08-13","full",TRUE,16,"aligned",96,0.1,0.05,"exact","precomputed_exact_table","exact",202901600,202901631,,25000,"certified","bounds-met",TRUE,58,58,40,40,40,0,40,0,TRUE,0.909112388864363,0.0908876111356374,0.090887611135638,TRUE,TRUE,TRUE,0.0908876111356374,0.0952865523326569,0.0221688455055476,19,19,32,0,0,,,,,0,90,64,58,0,0,58,15.83,,
"constrained-tmlr-revision-2026-08-13","full",TRUE,16,"aligned",96,0.1,0.05,"stochastic","precomputed_exact_table","iid",202901600,202901632,100,25000,"certified","bounds-met",TRUE,58,58,40,40,40,0,40,0,TRUE,0.909112388864363,0.0908876111356374,0.0908876111356432,TRUE,TRUE,TRUE,0.0908876111356374,0.0952865523326569,0.0221688455055476,19,19,32,0,0,,,,,0,90,64,58,0,0,58,17.28,,
"constrained-tmlr-revision-2026-08-13","full",TRUE,16,"aligned",96,0.2,0.05,"exact","precomputed_exact_table","exact",202901600,202901641,,25000,"certified","bounds-met",TRUE,19,19,10,10,10,0,10,0,TRUE,0.830487168197826,0.169512831802174,0.169512831802173,TRUE,TRUE,TRUE,0.169512831802174,0.185742800743122,0.0337911490276764,6,6,32,0,0,,,,,0,51,38,19,0,0,19,4.27000000000001,,
"constrained-tmlr-revision-2026-08-13","full",TRUE,16,"aligned",96,0.2,0.05,"stochastic","precomputed_exact_table","iid",202901600,202901642,100,25000,"certified","bounds-met",TRUE,19,19,10,10,10,0,10,0,TRUE,0.830487168197826,0.169512831802174,0.169512831802185,TRUE,TRUE,TRUE,0.169512831802174,0.185742800743122,0.0337911490276764,6,6,32,0,0,,,,,0,51,38,19,0,0,19,4.11000000000001,,
"constrained-tmlr-revision-2026-08-13","full",TRUE,16,"aligned",97,0.01,0.05,"exact","precomputed_exact_table","exact",202901700,202901711,,25000,"certified","bounds-met",TRUE,124,124,192,192,192,0,192,0,TRUE,0.990485690149019,0.00951430985098145,0.00951430985098848,TRUE,TRUE,TRUE,0.00951430985098145,0.00955986004630817,0.00273927728313552,41,41,32,0,0,,,,,0,156,108,124,0,0,124,34.39,,
"constrained-tmlr-revision-2026-08-13","full",TRUE,16,"aligned",97,0.01,0.05,"stochastic","precomputed_exact_table","iid",202901700,202901712,100,25000,"certified","bounds-met",TRUE,124,124,192,192,192,0,192,0,TRUE,0.990485690149019,0.00951430985098145,0.00951430985098903,TRUE,TRUE,TRUE,0.00951430985098145,0.00955986004630817,0.00273927728313552,41,41,32,0,0,,,,,0,156,108,124,0,0,124,41.29,,
"constrained-tmlr-revision-2026-08-13","full",TRUE,16,"aligned",97,0.05,0.05,"exact","precomputed_exact_table","exact",202901700,202901721,,25000,"certified","bounds-met",TRUE,64,64,73,73,73,0,73,0,TRUE,0.954644719718112,0.0453552802818883,0.0453552802818943,TRUE,TRUE,TRUE,0.0453552802818883,0.0464160289560541,0.0207999645067365,21,21,32,0,0,,,,,0,96,68,64,0,0,64,20.08,,
"constrained-tmlr-revision-2026-08-13","full",TRUE,16,"aligned",97,0.05,0.05,"stochastic","precomputed_exact_table","iid",202901700,202901722,100,25000,"certified","bounds-met",TRUE,64,64,73,73,73,0,73,0,TRUE,0.954644719718112,0.0453552802818883,0.0453552802818982,TRUE,TRUE,TRUE,0.0453552802818883,0.0464160289560541,0.0207999645067365,21,21,32,0,0,,,,,0,96,68,64,0,0,64,18.85,,
"constrained-tmlr-revision-2026-08-13","full",TRUE,16,"aligned",97,0.1,0.05,"exact","precomputed_exact_table","exact",202901700,202901731,,25000,"certified","bounds-met",TRUE,58,58,51,51,51,0,51,0,TRUE,0.909473216107437,0.0905267838925625,0.0905267838925686,TRUE,TRUE,TRUE,0.0905267838925625,0.0948897304873467,0.0198645239825711,19,19,32,0,0,,,,,0,90,64,58,0,0,58,17.75,,
"constrained-tmlr-revision-2026-08-13","full",TRUE,16,"aligned",97,0.1,0.05,"stochastic","precomputed_exact_table","iid",202901700,202901732,100,25000,"certified","bounds-met",TRUE,58,58,51,51,51,0,51,0,TRUE,0.909473216107437,0.0905267838925625,0.090526783892575,TRUE,TRUE,TRUE,0.0905267838925625,0.0948897304873467,0.0198645239825711,19,19,32,0,0,,,,,0,90,64,58,0,0,58,15.25,,
"constrained-tmlr-revision-2026-08-13","full",TRUE,16,"aligned",97,0.2,0.05,"exact","precomputed_exact_table","exact",202901700,202901741,,25000,"certified","bounds-met",TRUE,64,64,30,30,30,0,30,0,TRUE,0.842806472216329,0.157193527783671,0.157193527783677,TRUE,TRUE,TRUE,0.157193527783671,0.171017917660222,0.0473706787559991,21,21,32,0,0,,,,,0,96,68,64,0,0,64,16.02,,
"constrained-tmlr-revision-2026-08-13","full",TRUE,16,"aligned",97,0.2,0.05,"stochastic","precomputed_exact_table","iid",202901700,202901742,100,25000,"certified","bounds-met",TRUE,64,64,30,30,30,0,30,0,TRUE,0.842806472216329,0.157193527783671,0.157193527783688,TRUE,TRUE,TRUE,0.157193527783671,0.171017917660222,0.0473706787559991,21,21,32,0,0,,,,,0,96,68,64,0,0,64,16.5,,
"constrained-tmlr-revision-2026-08-13","full",TRUE,16,"aligned",98,0.01,0.05,"exact","precomputed_exact_table","exact",202901800,202901811,,25000,"certified","bounds-met",TRUE,103,103,160,160,160,0,160,0,TRUE,0.990030439546324,0.00996956045367592,0.00996956045367376,TRUE,TRUE,TRUE,0.00996956045367592,0.0100195893096923,0.00298249402245173,34,34,32,0,0,,,,,0,135,94,103,0,0,103,29.78,,
"constrained-tmlr-revision-2026-08-13","full",TRUE,16,"aligned",98,0.01,0.05,"stochastic","precomputed_exact_table","iid",202901800,202901812,100,25000,"certified","bounds-met",TRUE,103,103,160,160,160,0,160,0,TRUE,0.990030439546324,0.00996956045367592,0.00996956045367461,TRUE,TRUE,TRUE,0.00996956045367592,0.0100195893096923,0.00298249402245173,34,34,32,0,0,,,,,0,135,94,103,0,0,103,30.37,,
"constrained-tmlr-revision-2026-08-13","full",TRUE,16,"aligned",98,0.05,0.05,"exact","precomputed_exact_table","exact",202901800,202901821,,25000,"certified","bounds-met",TRUE,64,64,84,84,84,0,84,0,TRUE,0.954986686307583,0.0450133136924166,0.0450133136924145,TRUE,TRUE,TRUE,0.0450133136924166,0.0460578796377636,0.0222687836541972,21,21,32,0,0,,,,,0,96,68,64,0,0,64,18.93,,
"constrained-tmlr-revision-2026-08-13","full",TRUE,16,"aligned",98,0.05,0.05,"stochastic","precomputed_exact_table","iid",202901800,202901822,100,25000,"certified","bounds-met",TRUE,64,64,84,84,84,0,84,0,TRUE,0.954986686307583,0.0450133136924166,0.0450133136924177,TRUE,TRUE,TRUE,0.0450133136924166,0.0460578796377636,0.0222687836541972,21,21,32,0,0,,,,,0,96,68,64,0,0,64,20.17,,
"constrained-tmlr-revision-2026-08-13","full",TRUE,16,"aligned",98,0.1,0.05,"exact","precomputed_exact_table","exact",202901800,202901831,,25000,"certified","bounds-met",TRUE,52,52,51,51,51,0,51,0,TRUE,0.913223192295306,0.0867768077046935,0.0867768077046916,TRUE,TRUE,TRUE,0.0867768077046935,0.0907749679173779,0.0207252975760387,17,17,32,0,0,,,,,0,84,60,52,0,0,52,14.81,,
"constrained-tmlr-revision-2026-08-13","full",TRUE,16,"aligned",98,0.1,0.05,"stochastic","precomputed_exact_table","iid",202901800,202901832,100,25000,"certified","bounds-met",TRUE,52,52,51,51,51,0,51,0,TRUE,0.913223192295306,0.0867768077046935,0.0867768077046978,TRUE,TRUE,TRUE,0.0867768077046935,0.0907749679173779,0.0207252975760387,17,17,32,0,0,,,,,0,84,60,52,0,0,52,13.33,,
"constrained-tmlr-revision-2026-08-13","full",TRUE,16,"aligned",98,0.2,0.05,"exact","precomputed_exact_table","exact",202901800,202901841,,25000,"certified","bounds-met",TRUE,19,19,21,21,21,0,21,0,TRUE,0.850439874858745,0.149560125141255,0.149560125141252,TRUE,TRUE,TRUE,0.149560125141255,0.162001563520818,0.0346437512036842,6,6,32,0,0,,,,,0,51,38,19,0,0,19,3.93000000000001,,
"constrained-tmlr-revision-2026-08-13","full",TRUE,16,"aligned",98,0.2,0.05,"stochastic","precomputed_exact_table","iid",202901800,202901842,100,25000,"certified","bounds-met",TRUE,19,19,21,21,21,0,21,0,TRUE,0.850439874858745,0.149560125141255,0.149560125141265,TRUE,TRUE,TRUE,0.149560125141255,0.162001563520818,0.0346437512036842,6,6,32,0,0,,,,,0,51,38,19,0,0,19,3.81,,
"constrained-tmlr-revision-2026-08-13","full",TRUE,16,"aligned",99,0.01,0.05,"exact","precomputed_exact_table","exact",202901900,202901911,,25000,"certified","bounds-met",TRUE,127,127,184,184,184,0,184,0,TRUE,0.990040985358507,0.00995901464149296,0.00995901464149826,TRUE,TRUE,TRUE,0.00995901464149296,0.0100089373584036,0.0030891058334019,42,42,32,0,0,,,,,0,159,110,127,0,0,127,35.93,,
"constrained-tmlr-revision-2026-08-13","full",TRUE,16,"aligned",99,0.01,0.05,"stochastic","precomputed_exact_table","iid",202901900,202901912,100,25000,"certified","bounds-met",TRUE,127,127,184,184,184,0,184,0,TRUE,0.990040985358507,0.00995901464149296,0.00995901464149883,TRUE,TRUE,TRUE,0.00995901464149296,0.0100089373584036,0.0030891058334019,42,42,32,0,0,,,,,0,159,110,127,0,0,127,39.48,,
"constrained-tmlr-revision-2026-08-13","full",TRUE,16,"aligned",99,0.05,0.05,"exact","precomputed_exact_table","exact",202901900,202901921,,25000,"certified","bounds-met",TRUE,64,64,73,73,73,0,73,0,TRUE,0.950826019092357,0.049173980907643,0.049173980907648,TRUE,TRUE,TRUE,0.049173980907643,0.0504241783968648,0.016691202063445,21,21,32,0,0,,,,,0,96,68,64,0,0,64,16.48,,
"constrained-tmlr-revision-2026-08-13","full",TRUE,16,"aligned",99,0.05,0.05,"stochastic","precomputed_exact_table","iid",202901900,202901922,100,25000,"certified","bounds-met",TRUE,64,64,73,73,73,0,73,0,TRUE,0.950826019092357,0.049173980907643,0.0491739809076515,TRUE,TRUE,TRUE,0.049173980907643,0.0504241783968648,0.016691202063445,21,21,32,0,0,,,,,0,96,68,64,0,0,64,18.17,,
"constrained-tmlr-revision-2026-08-13","full",TRUE,16,"aligned",99,0.1,0.05,"exact","precomputed_exact_table","exact",202901900,202901931,,25000,"certified","bounds-met",TRUE,61,61,52,52,52,0,52,0,TRUE,0.910348857035835,0.0896511429641652,0.0896511429641698,TRUE,TRUE,TRUE,0.0896511429641652,0.0939273935546356,0.0219315273357555,20,20,32,0,0,,,,,0,93,66,61,0,0,61,16.03,,
"constrained-tmlr-revision-2026-08-13","full",TRUE,16,"aligned",99,0.1,0.05,"stochastic","precomputed_exact_table","iid",202901900,202901932,100,25000,"certified","bounds-met",TRUE,61,61,52,52,52,0,52,0,TRUE,0.910348857035835,0.0896511429641652,0.0896511429641749,TRUE,TRUE,TRUE,0.0896511429641652,0.0939273935546356,0.0219315273357555,20,20,32,0,0,,,,,0,93,66,61,0,0,61,13.89,,
"constrained-tmlr-revision-2026-08-13","full",TRUE,16,"aligned",99,0.2,0.05,"exact","precomputed_exact_table","exact",202901900,202901941,,25000,"certified","bounds-met",TRUE,25,25,21,21,21,0,21,0,TRUE,0.819607563317165,0.180392436682835,0.180392436682839,TRUE,TRUE,TRUE,0.180392436682835,0.19892963460096,0.0438851323291583,8,8,32,0,0,,,,,0,57,42,25,0,0,25,4.65000000000001,,
"constrained-tmlr-revision-2026-08-13","full",TRUE,16,"aligned",99,0.2,0.05,"stochastic","precomputed_exact_table","iid",202901900,202901942,100,25000,"certified","bounds-met",TRUE,25,25,21,21,21,0,21,0,TRUE,0.819607563317165,0.180392436682835,0.18039243668285,TRUE,TRUE,TRUE,0.180392436682835,0.19892963460096,0.0438851323291583,8,8,32,0,0,,,,,0,57,42,25,0,0,25,5.06000000000003,,
"constrained-tmlr-revision-2026-08-13","full",TRUE,16,"aligned",100,0.01,0.05,"exact","precomputed_exact_table","exact",202902000,202902011,,25000,"certified","bounds-met",TRUE,118,118,161,161,161,0,161,0,TRUE,0.990595053198617,0.0094049468013826,0.00940494680137696,TRUE,TRUE,TRUE,0.0094049468013826,0.00944945258303119,0.00242409426243104,39,39,32,0,0,,,,,0,150,104,118,0,0,118,35.53,,
"constrained-tmlr-revision-2026-08-13","full",TRUE,16,"aligned",100,0.01,0.05,"stochastic","precomputed_exact_table","iid",202902000,202902012,100,25000,"certified","bounds-met",TRUE,118,118,161,161,161,0,161,0,TRUE,0.990595053198617,0.0094049468013826,0.00940494680137763,TRUE,TRUE,TRUE,0.0094049468013826,0.00944945258303119,0.00242409426243104,39,39,32,0,0,,,,,0,150,104,118,0,0,118,38.18,,
"constrained-tmlr-revision-2026-08-13","full",TRUE,16,"aligned",100,0.05,0.05,"exact","precomputed_exact_table","exact",202902000,202902021,,25000,"certified","bounds-met",TRUE,61,61,62,62,62,0,62,0,TRUE,0.950042923025814,0.0499570769741862,0.0499570769741812,TRUE,TRUE,TRUE,0.0499570769741862,0.0512481132757967,0.0149972887254559,20,20,32,0,0,,,,,0,93,66,61,0,0,61,16.04,,
"constrained-tmlr-revision-2026-08-13","full",TRUE,16,"aligned",100,0.05,0.05,"stochastic","precomputed_exact_table","iid",202902000,202902022,100,25000,"certified","bounds-met",TRUE,61,61,62,62,62,0,62,0,TRUE,0.950042923025814,0.0499570769741862,0.049957076974184,TRUE,TRUE,TRUE,0.0499570769741862,0.0512481132757967,0.0149972887254559,20,20,32,0,0,,,,,0,93,66,61,0,0,61,14.93,,
"constrained-tmlr-revision-2026-08-13","full",TRUE,16,"aligned",100,0.1,0.05,"exact","precomputed_exact_table","exact",202902000,202902031,,25000,"certified","bounds-met",TRUE,55,55,41,41,41,0,41,0,TRUE,0.901798212112944,0.098201787887056,0.0982017878870509,TRUE,TRUE,TRUE,0.098201787887056,0.10336449557314,0.0237647576635629,18,18,32,0,0,,,,,0,87,62,55,0,0,55,14.06,,
"constrained-tmlr-revision-2026-08-13","full",TRUE,16,"aligned",100,0.1,0.05,"stochastic","precomputed_exact_table","iid",202902000,202902032,100,25000,"certified","bounds-met",TRUE,55,55,41,41,41,0,41,0,TRUE,0.901798212112944,0.098201787887056,0.0982017878870579,TRUE,TRUE,TRUE,0.098201787887056,0.10336449557314,0.0237647576635629,18,18,32,0,0,,,,,0,87,62,55,0,0,55,13.36,,
"constrained-tmlr-revision-2026-08-13","full",TRUE,16,"aligned",100,0.2,0.05,"exact","precomputed_exact_table","exact",202902000,202902041,,25000,"certified","bounds-met",TRUE,31,31,21,21,21,0,21,0,TRUE,0.841351981517986,0.158648018482014,0.158648018482011,TRUE,TRUE,TRUE,0.158648018482014,0.172745179197558,0.0389610906602361,10,10,32,0,0,,,,,0,63,46,31,0,0,31,5.69,,
"constrained-tmlr-revision-2026-08-13","full",TRUE,16,"aligned",100,0.2,0.05,"stochastic","precomputed_exact_table","iid",202902000,202902042,100,25000,"certified","bounds-met",TRUE,31,31,21,21,21,0,21,0,TRUE,0.841351981517986,0.158648018482014,0.158648018482023,TRUE,TRUE,TRUE,0.158648018482014,0.172745179197558,0.0389610906602361,10,10,32,0,0,,,,,0,63,46,31,0,0,31,6.53,,
