"protocol_id","run_mode","registered_production","p","regime","replication","epsilon","delta","interval_mode","score_oracle","evidence_method","data_seed","algorithm_seed","n_paths","score_budget","raw_status","status","simultaneous_interval_coverage","covered_nodes","bounded_nodes","exact_optimal_cost","certified_cost_lower","certified_cost_upper","certified_cost_gap","selected_cost","true_cost_suboptimality","exact_cost_optimal","retained_mass","true_omitted_mass","omitted_mass_bound","omitted_mass_covered","epsilon_feasible","cost_sandwich_covered","total_variation","reverse_kullback_leibler","maximum_pip_error","search_actions","search_expansions","screening_score_requests","preflight_nodes","preflight_blocked_nodes","minimum_required_paths","maximum_required_paths","minimum_scheduled_paths","maximum_scheduled_paths","budget_overshoot","raw_score_requests","distinct_score_evaluations","bound_score_requests","evidence_score_requests","downstream_score_requests","selection_score_requests","elapsed_seconds","peak_memory_bytes","error_message"
"regional-compression-exact-study-2026-08-13","production",TRUE,12,"perturbed",1,0.01,0.05,"exact","precomputed_exact_table","exact",202802100,202802111,,25000,"certified","bounds-met",TRUE,85,85,142,142,142,0,142,0,TRUE,0.990281582704814,0.00971841729518563,0.00971841729518323,TRUE,TRUE,TRUE,0.00971841729518563,0.00976594932062511,0.00300738987952973,28,28,24,0,0,,,,,0,109,74,85,0,0,85,3.41,,
"regional-compression-exact-study-2026-08-13","production",TRUE,12,"perturbed",1,0.01,0.05,"stochastic","precomputed_exact_table","iid",202802100,202802112,100,25000,"budget_exhausted","budget-exhausted",TRUE,280,280,142,46,249,203,249,107,FALSE,0.997636854296346,0.00236314570365448,0.00999125499012156,TRUE,TRUE,TRUE,0.00236314570365448,0.00236594233923648,0.00131996396115788,261,93,24,168,51,1,23512,100,2320,0,24299,716,280,23995,0,24275,55.43,,
"regional-compression-exact-study-2026-08-13","production",TRUE,12,"perturbed",1,0.05,0.05,"exact","precomputed_exact_table","exact",202802100,202802121,,25000,"certified","bounds-met",TRUE,46,46,56,56,56,0,56,0,TRUE,0.952446059067717,0.0475539409322834,0.047553940932281,TRUE,TRUE,TRUE,0.0475539409322834,0.048721804484906,0.0213790924355719,15,15,24,0,0,,,,,0,70,50,46,0,0,46,1.08,,
"regional-compression-exact-study-2026-08-13","production",TRUE,12,"perturbed",1,0.05,0.05,"stochastic","precomputed_exact_table","iid",202802100,202802122,100,25000,"budget_exhausted","budget-exhausted",TRUE,280,280,56,9,141,132,141,85,FALSE,0.986757280103041,0.0132427198969589,0.0486902021004753,TRUE,TRUE,TRUE,0.0132427198969589,0.013331186606715,0.00859326543585689,261,93,24,168,51,1,23512,100,2320,0,24299,734,280,23995,0,24275,45.54,,
"regional-compression-exact-study-2026-08-13","production",TRUE,12,"perturbed",1,0.1,0.05,"exact","precomputed_exact_table","exact",202802100,202802131,,25000,"certified","bounds-met",TRUE,37,37,37,37,37,0,37,0,TRUE,0.904076898871584,0.0959231011284157,0.095923101128413,TRUE,TRUE,TRUE,0.0959231011284157,0.100840857084359,0.0202235754985948,12,12,24,0,0,,,,,0,61,44,37,0,0,37,0.780000000000001,,
"regional-compression-exact-study-2026-08-13","production",TRUE,12,"perturbed",1,0.1,0.05,"stochastic","precomputed_exact_table","iid",202802100,202802132,100,25000,"budget_exhausted","budget-exhausted",TRUE,280,280,37,9,105,96,105,68,FALSE,0.981218207622189,0.018781792377811,0.0970581650334569,TRUE,TRUE,TRUE,0.018781792377811,0.0189604102858823,0.00845058113219668,261,93,24,168,51,1,23512,100,2320,0,24299,714,280,23995,0,24275,40.11,,
"regional-compression-exact-study-2026-08-13","production",TRUE,12,"perturbed",1,0.2,0.05,"exact","precomputed_exact_table","exact",202802100,202802141,,25000,"certified","bounds-met",TRUE,19,19,19,19,19,0,19,0,TRUE,0.820082368320278,0.179917631679722,0.17991763167972,TRUE,TRUE,TRUE,0.179917631679722,0.198350494597448,0.0744983233794494,6,6,24,0,0,,,,,0,43,32,19,0,0,19,0.269999999999982,,
"regional-compression-exact-study-2026-08-13","production",TRUE,12,"perturbed",1,0.2,0.05,"stochastic","precomputed_exact_table","iid",202802100,202802142,100,25000,"budget_exhausted","budget-exhausted",TRUE,280,280,19,9,74,65,74,55,FALSE,0.966856485412919,0.0331435145870811,0.189422315146521,TRUE,TRUE,TRUE,0.0331435145870811,0.0337052067323504,0.016059852619398,261,93,24,168,51,1,23512,100,2320,0,24299,702,280,23995,0,24275,40.87,,
"regional-compression-exact-study-2026-08-13","production",TRUE,12,"perturbed",2,0.01,0.05,"exact","precomputed_exact_table","exact",202802200,202802211,,25000,"certified","bounds-met",TRUE,73,73,125,125,125,0,125,0,TRUE,0.990249829611846,0.00975017038815373,0.00975017038815503,TRUE,TRUE,TRUE,0.00975017038815373,0.00979801454592107,0.00344766310218893,24,24,24,0,0,,,,,0,97,68,73,0,0,73,2.54,,
"regional-compression-exact-study-2026-08-13","production",TRUE,12,"perturbed",2,0.01,0.05,"stochastic","precomputed_exact_table","iid",202802200,202802212,100,25000,"budget_exhausted","budget-exhausted",TRUE,151,151,125,54,178,124,178,53,FALSE,0.994839046219717,0.00516095378028336,0.00823035669473938,TRUE,TRUE,TRUE,0.00516095378028336,0.0051743175017733,0.00286695591046082,114,50,24,64,21,2,4446,100,2470,0,23877,429,151,23702,0,23853,9.82,,
"regional-compression-exact-study-2026-08-13","production",TRUE,12,"perturbed",2,0.05,0.05,"exact","precomputed_exact_table","exact",202802200,202802221,,25000,"certified","bounds-met",TRUE,46,46,54,54,54,0,54,0,TRUE,0.955426389633472,0.0445736103665275,0.0445736103665288,TRUE,TRUE,TRUE,0.0445736103665275,0.0455975568529264,0.0161379906133729,15,15,24,0,0,,,,,0,70,50,46,0,0,46,0.890000000000001,,
"regional-compression-exact-study-2026-08-13","production",TRUE,12,"perturbed",2,0.05,0.05,"stochastic","precomputed_exact_table","iid",202802200,202802222,100,25000,"budget_exhausted","budget-exhausted",TRUE,151,151,54,9,74,65,74,20,FALSE,0.980950331346743,0.0190496686532574,0.0498380690524913,TRUE,TRUE,TRUE,0.0190496686532574,0.0192334513338765,0.0059696403358754,114,50,24,64,21,2,4446,100,2470,0,23877,416,151,23702,0,23853,9.27,,
"regional-compression-exact-study-2026-08-13","production",TRUE,12,"perturbed",2,0.1,0.05,"exact","precomputed_exact_table","exact",202802200,202802231,,25000,"certified","bounds-met",TRUE,37,37,35,35,35,0,35,0,TRUE,0.906095914517847,0.0939040854821529,0.093904085482154,TRUE,TRUE,TRUE,0.0939040854821529,0.0986101126288196,0.0200773054024366,12,12,24,0,0,,,,,0,61,44,37,0,0,37,0.839999999999996,,
"regional-compression-exact-study-2026-08-13","production",TRUE,12,"perturbed",2,0.1,0.05,"stochastic","precomputed_exact_table","iid",202802200,202802232,100,25000,"budget_exhausted","budget-exhausted",TRUE,151,151,35,9,55,46,55,20,FALSE,0.949106014933094,0.0508939850669065,0.0986293664916845,TRUE,TRUE,TRUE,0.0508939850669065,0.0522347743532938,0.0329651107211573,114,50,24,64,21,2,4446,100,2470,0,23877,419,151,23702,0,23853,10.07,,
"regional-compression-exact-study-2026-08-13","production",TRUE,12,"perturbed",2,0.2,0.05,"exact","precomputed_exact_table","exact",202802200,202802241,,25000,"certified","bounds-met",TRUE,22,22,17,17,17,0,17,0,TRUE,0.833142802690189,0.166857197309811,0.166857197309811,TRUE,TRUE,TRUE,0.166857197309811,0.182550219707099,0.0506145645038861,7,7,24,0,0,,,,,0,46,34,22,0,0,22,0.609999999999999,,
"regional-compression-exact-study-2026-08-13","production",TRUE,12,"perturbed",2,0.2,0.05,"stochastic","precomputed_exact_table","iid",202802200,202802242,100,25000,"budget_exhausted","budget-exhausted",TRUE,151,151,17,9,47,38,47,30,FALSE,0.905721597672547,0.0942784023274531,0.156396510366875,TRUE,TRUE,TRUE,0.0942784023274531,0.0990233074987304,0.0347579284887036,114,50,24,64,21,2,4446,100,2470,0,23877,422,151,23702,0,23853,9.52,,
"regional-compression-exact-study-2026-08-13","production",TRUE,12,"perturbed",3,0.01,0.05,"exact","precomputed_exact_table","exact",202802300,202802311,,25000,"certified","bounds-met",TRUE,58,58,75,75,75,0,75,0,TRUE,0.990030679035071,0.00996932096492942,0.00996932096493048,TRUE,TRUE,TRUE,0.00996932096492942,0.0100193474093345,0.00264448562095244,19,19,24,0,0,,,,,0,82,58,58,0,0,58,2.09,,
"regional-compression-exact-study-2026-08-13","production",TRUE,12,"perturbed",3,0.01,0.05,"stochastic","precomputed_exact_table","iid",202802300,202802312,100,25000,"budget_exhausted","budget-exhausted",TRUE,262,262,75,36,154,118,154,79,FALSE,0.997805868997858,0.00219413100214194,0.00992543360435237,TRUE,TRUE,TRUE,0.00219413100214194,0.00219654163437666,0.00106709315831298,228,87,24,141,126,935,1145587,935,2220,0,24310,294,262,24024,0,24286,37.24,,
"regional-compression-exact-study-2026-08-13","production",TRUE,12,"perturbed",3,0.05,0.05,"exact","precomputed_exact_table","exact",202802300,202802321,,25000,"certified","bounds-met",TRUE,46,46,46,46,46,0,46,0,TRUE,0.962739785091094,0.0372602149089062,0.0372602149089072,TRUE,TRUE,TRUE,0.0372602149089062,0.0379721164798971,0.0147129040994992,15,15,24,0,0,,,,,0,70,50,46,0,0,46,1.06,,
"regional-compression-exact-study-2026-08-13","production",TRUE,12,"perturbed",3,0.05,0.05,"stochastic","precomputed_exact_table","iid",202802300,202802322,100,25000,"budget_exhausted","budget-exhausted",TRUE,262,262,46,9,75,66,75,29,FALSE,0.990030679035071,0.00996932096492942,0.0472656001207661,TRUE,TRUE,TRUE,0.00996932096492942,0.0100193474093345,0.00264448562095244,228,87,24,141,126,935,1145587,935,2220,0,24310,293,262,24024,0,24286,39.47,,
"regional-compression-exact-study-2026-08-13","production",TRUE,12,"perturbed",3,0.1,0.05,"exact","precomputed_exact_table","exact",202802300,202802331,,25000,"certified","bounds-met",TRUE,37,37,27,27,27,0,27,0,TRUE,0.907334591815008,0.0926654081849919,0.0926654081849928,TRUE,TRUE,TRUE,0.0926654081849919,0.0972439974283997,0.019800153254238,12,12,24,0,0,,,,,0,61,44,37,0,0,37,0.600000000000009,,
"regional-compression-exact-study-2026-08-13","production",TRUE,12,"perturbed",3,0.1,0.05,"stochastic","precomputed_exact_table","iid",202802300,202802332,100,25000,"budget_exhausted","budget-exhausted",TRUE,262,262,27,9,56,47,56,29,FALSE,0.986961355911447,0.0130386440885532,0.0650089234088433,TRUE,TRUE,TRUE,0.0130386440885532,0.0131243933937319,0.0055934292970039,228,87,24,141,126,935,1145587,935,2220,0,24310,295,262,24024,0,24286,28.7,,
"regional-compression-exact-study-2026-08-13","production",TRUE,12,"perturbed",3,0.2,0.05,"exact","precomputed_exact_table","exact",202802300,202802341,,25000,"certified","bounds-met",TRUE,16,16,9,9,9,0,9,0,TRUE,0.834446864734,0.165553135266,0.165553135266001,TRUE,TRUE,TRUE,0.165553135266,0.180986211084223,0.0520536267936131,5,5,24,0,0,,,,,0,40,30,16,0,0,16,0.320000000000007,,
"regional-compression-exact-study-2026-08-13","production",TRUE,12,"perturbed",3,0.2,0.05,"stochastic","precomputed_exact_table","iid",202802300,202802342,100,25000,"budget_exhausted","budget-exhausted",TRUE,262,262,9,9,46,37,46,37,FALSE,0.962739785091094,0.0372602149089062,0.192367066500105,TRUE,TRUE,TRUE,0.0372602149089062,0.0379721164798971,0.0147129040994992,228,87,24,141,126,935,1145587,935,2220,0,24310,293,262,24024,0,24286,28.76,,
"regional-compression-exact-study-2026-08-13","production",TRUE,12,"perturbed",4,0.01,0.05,"exact","precomputed_exact_table","exact",202802400,202802411,,25000,"certified","bounds-met",TRUE,67,67,93,93,93,0,93,0,TRUE,0.990007860627899,0.00999213937210086,0.00999213937209884,TRUE,TRUE,TRUE,0.00999213937210086,0.0100423958568423,0.00277391739989343,22,22,24,0,0,,,,,0,91,64,67,0,0,67,1.68,,
"regional-compression-exact-study-2026-08-13","production",TRUE,12,"perturbed",4,0.01,0.05,"stochastic","precomputed_exact_table","iid",202802400,202802412,100,25000,"budget_exhausted","budget-exhausted",TRUE,154,154,93,46,144,98,144,51,FALSE,0.995949872417994,0.00405012758200596,0.00963010175935554,TRUE,TRUE,TRUE,0.00405012758200596,0.00405835156167662,0.0015185106408441,97,51,24,46,15,7,21295,100,2238,0,24596,403,154,24418,0,24572,8.54,,
"regional-compression-exact-study-2026-08-13","production",TRUE,12,"perturbed",4,0.05,0.05,"exact","precomputed_exact_table","exact",202802400,202802421,,25000,"certified","bounds-met",TRUE,43,43,46,46,46,0,46,0,TRUE,0.960263485544675,0.0397365144553254,0.0397365144553237,TRUE,TRUE,TRUE,0.0397365144553254,0.0405475680696023,0.0147062537834623,14,14,24,0,0,,,,,0,67,48,43,0,0,43,1.23,,
"regional-compression-exact-study-2026-08-13","production",TRUE,12,"perturbed",4,0.05,0.05,"stochastic","precomputed_exact_table","iid",202802400,202802422,100,25000,"budget_exhausted","budget-exhausted",TRUE,154,154,46,9,77,68,77,31,FALSE,0.987005897552639,0.0129941024473611,0.0442892108355645,TRUE,TRUE,TRUE,0.0129941024473611,0.0130792643358699,0.00518541820533597,97,51,24,46,15,7,21295,100,2238,0,24596,400,154,24418,0,24572,7.83,,
"regional-compression-exact-study-2026-08-13","production",TRUE,12,"perturbed",4,0.1,0.05,"exact","precomputed_exact_table","exact",202802400,202802431,,25000,"certified","bounds-met",TRUE,43,43,28,28,28,0,28,0,TRUE,0.904282415302032,0.0957175846979678,0.0957175846979661,TRUE,TRUE,TRUE,0.0957175846979678,0.100613561071092,0.036330638074828,14,14,24,0,0,,,,,0,67,48,43,0,0,43,0.800000000000001,,
"regional-compression-exact-study-2026-08-13","production",TRUE,12,"perturbed",4,0.1,0.05,"stochastic","precomputed_exact_table","iid",202802400,202802432,100,25000,"budget_exhausted","budget-exhausted",TRUE,154,154,28,9,56,47,56,28,FALSE,0.984057702775727,0.0159422972242727,0.0708529851944121,TRUE,TRUE,TRUE,0.0159422972242727,0.0160707426169585,0.00509297842414222,97,51,24,46,15,7,21295,100,2238,0,24596,391,154,24418,0,24572,8.36,,
"regional-compression-exact-study-2026-08-13","production",TRUE,12,"perturbed",4,0.2,0.05,"exact","precomputed_exact_table","exact",202802400,202802441,,25000,"certified","bounds-met",TRUE,16,16,9,9,9,0,9,0,TRUE,0.819469020439028,0.180530979560972,0.180530979560971,TRUE,TRUE,TRUE,0.180530979560972,0.199098684515821,0.0387827856466695,5,5,24,0,0,,,,,0,40,30,16,0,0,16,0.240000000000002,,
"regional-compression-exact-study-2026-08-13","production",TRUE,12,"perturbed",4,0.2,0.05,"stochastic","precomputed_exact_table","iid",202802400,202802442,100,25000,"budget_exhausted","budget-exhausted",TRUE,154,154,9,9,38,29,38,29,FALSE,0.928076632533085,0.071923367466915,0.178689864592086,TRUE,TRUE,TRUE,0.071923367466915,0.0746409714446731,0.0363285820305775,97,51,24,46,15,7,21295,100,2238,0,24596,401,154,24418,0,24572,9.21,,
"regional-compression-exact-study-2026-08-13","production",TRUE,12,"perturbed",5,0.01,0.05,"exact","precomputed_exact_table","exact",202802500,202802511,,25000,"certified","bounds-met",TRUE,70,70,96,96,96,0,96,0,TRUE,0.990388982674461,0.00961101732553948,0.00961101732554057,TRUE,TRUE,TRUE,0.00961101732553948,0.00965750123074214,0.00322755459602983,23,23,24,0,0,,,,,0,94,66,70,0,0,70,3.41,,
"regional-compression-exact-study-2026-08-13","production",TRUE,12,"perturbed",5,0.01,0.05,"stochastic","precomputed_exact_table","iid",202802500,202802512,100,25000,"budget_exhausted","budget-exhausted",TRUE,241,241,96,9,248,239,248,152,FALSE,0.999321792134275,0.000678207865724811,0.00976721999353146,TRUE,TRUE,TRUE,0.000678207865724811,0.000678437952716464,0.000441395523009369,202,80,24,122,67,10,4498304,100,1748,0,24972,790,241,24707,0,24948,31.86,,
"regional-compression-exact-study-2026-08-13","production",TRUE,12,"perturbed",5,0.05,0.05,"exact","precomputed_exact_table","exact",202802500,202802521,,25000,"certified","bounds-met",TRUE,43,43,46,46,46,0,46,0,TRUE,0.9569019460231,0.0430980539769,0.0430980539769011,TRUE,TRUE,TRUE,0.0430980539769,0.0440543525245182,0.0157189994298841,14,14,24,0,0,,,,,0,67,48,43,0,0,43,1.19,,
"regional-compression-exact-study-2026-08-13","production",TRUE,12,"perturbed",5,0.05,0.05,"stochastic","precomputed_exact_table","iid",202802500,202802522,100,25000,"budget_exhausted","budget-exhausted",TRUE,241,241,46,9,176,167,176,130,FALSE,0.996879051575355,0.00312094842464494,0.0476082898371007,TRUE,TRUE,TRUE,0.00312094842464494,0.00312582874096857,0.00230638003914321,202,80,24,122,67,10,4498304,100,1748,0,24972,775,241,24707,0,24948,29.7,,
"regional-compression-exact-study-2026-08-13","production",TRUE,12,"perturbed",5,0.1,0.05,"exact","precomputed_exact_table","exact",202802500,202802531,,25000,"certified","bounds-met",TRUE,37,37,28,28,28,0,28,0,TRUE,0.9040386767042,0.0959613232958002,0.0959613232958012,TRUE,TRUE,TRUE,0.0959613232958002,0.100883135540345,0.0267514138039313,12,12,24,0,0,,,,,0,61,44,37,0,0,37,1.01000000000001,,
"regional-compression-exact-study-2026-08-13","production",TRUE,12,"perturbed",5,0.1,0.05,"stochastic","precomputed_exact_table","iid",202802500,202802532,100,25000,"budget_exhausted","budget-exhausted",TRUE,241,241,28,9,136,127,136,108,FALSE,0.992480481572397,0.0075195184276029,0.0754866030647563,TRUE,TRUE,TRUE,0.0075195184276029,0.00754793253618639,0.00598958284542148,202,80,24,122,67,10,4498304,100,1748,0,24972,768,241,24707,0,24948,26.21,,
"regional-compression-exact-study-2026-08-13","production",TRUE,12,"perturbed",5,0.2,0.05,"exact","precomputed_exact_table","exact",202802500,202802541,,25000,"certified","bounds-met",TRUE,16,16,9,9,9,0,9,0,TRUE,0.800003881703293,0.199996118296707,0.199996118296709,TRUE,TRUE,TRUE,0.199996118296707,0.223138699196865,0.0464957605736255,5,5,24,0,0,,,,,0,40,30,16,0,0,16,0.169999999999987,,
"regional-compression-exact-study-2026-08-13","production",TRUE,12,"perturbed",5,0.2,0.05,"stochastic","precomputed_exact_table","iid",202802500,202802542,100,25000,"budget_exhausted","budget-exhausted",TRUE,241,241,9,9,116,107,116,107,FALSE,0.991169825614885,0.00883017438511469,0.177414216121846,TRUE,TRUE,TRUE,0.00883017438511469,0.00886939140773352,0.00596055114785177,202,80,24,122,67,10,4498304,100,1748,0,24972,777,241,24707,0,24948,23.08,,
"regional-compression-exact-study-2026-08-13","production",TRUE,12,"perturbed",6,0.01,0.05,"exact","precomputed_exact_table","exact",202802600,202802611,,25000,"certified","bounds-met",TRUE,82,82,115,115,115,0,115,0,TRUE,0.990294418965293,0.0097055810347072,0.00970558103470702,TRUE,TRUE,TRUE,0.0097055810347072,0.00975298717176762,0.00351483003784206,27,27,24,0,0,,,,,0,106,74,82,0,0,82,4.17,,
"regional-compression-exact-study-2026-08-13","production",TRUE,12,"perturbed",6,0.01,0.05,"stochastic","precomputed_exact_table","iid",202802600,202802612,100,25000,"budget_exhausted","budget-exhausted",TRUE,178,178,115,56,155,99,155,40,FALSE,0.996341306379756,0.00365869362024429,0.00996202476213498,TRUE,TRUE,TRUE,0.00365869362024429,0.00366540300981423,0.00186377502990326,154,59,24,95,70,134,2439278,134,2251,0,23172,317,178,22970,0,23148,16.83,,
"regional-compression-exact-study-2026-08-13","production",TRUE,12,"perturbed",6,0.05,0.05,"exact","precomputed_exact_table","exact",202802600,202802621,,25000,"certified","bounds-met",TRUE,46,46,56,56,56,0,56,0,TRUE,0.977375426238789,0.0226245737612113,0.0226245737612111,TRUE,TRUE,TRUE,0.0226245737612113,0.0228844364318744,0.00802961912017392,15,15,24,0,0,,,,,0,70,50,46,0,0,46,0.900000000000002,,
"regional-compression-exact-study-2026-08-13","production",TRUE,12,"perturbed",6,0.05,0.05,"stochastic","precomputed_exact_table","iid",202802600,202802622,100,25000,"budget_exhausted","budget-exhausted",TRUE,178,178,56,18,87,69,87,31,FALSE,0.985025440498391,0.0149745595016088,0.047693528202047,TRUE,TRUE,TRUE,0.0149745595016088,0.0150878102264346,0.0065815996732576,154,59,24,95,70,134,2439278,134,2251,0,23172,309,178,22970,0,23148,17.48,,
"regional-compression-exact-study-2026-08-13","production",TRUE,12,"perturbed",6,0.1,0.05,"exact","precomputed_exact_table","exact",202802600,202802631,,25000,"certified","bounds-met",TRUE,46,46,37,37,37,0,37,0,TRUE,0.911804084277674,0.0881959157223264,0.088195915722326,TRUE,TRUE,TRUE,0.0881959157223264,0.0923301318558711,0.0356744997479703,15,15,24,0,0,,,,,0,70,50,46,0,0,46,1.22,,
"regional-compression-exact-study-2026-08-13","production",TRUE,12,"perturbed",6,0.1,0.05,"stochastic","precomputed_exact_table","iid",202802600,202802632,100,25000,"budget_exhausted","budget-exhausted",TRUE,178,178,37,9,56,47,56,19,FALSE,0.977375426238789,0.0226245737612113,0.0768162944533239,TRUE,TRUE,TRUE,0.0226245737612113,0.0228844364318744,0.00802961912017392,154,59,24,95,70,134,2439278,134,2251,0,23172,317,178,22970,0,23148,17.34,,
"regional-compression-exact-study-2026-08-13","production",TRUE,12,"perturbed",6,0.2,0.05,"exact","precomputed_exact_table","exact",202802600,202802641,,25000,"certified","bounds-met",TRUE,37,37,18,18,18,0,18,0,TRUE,0.818829833474838,0.181170166525162,0.181170166525162,TRUE,TRUE,TRUE,0.181170166525162,0.199878990251975,0.0459051823527226,12,12,24,0,0,,,,,0,61,44,37,0,0,37,0.919999999999987,,
"regional-compression-exact-study-2026-08-13","production",TRUE,12,"perturbed",6,0.2,0.05,"stochastic","precomputed_exact_table","iid",202802600,202802642,100,25000,"budget_exhausted","budget-exhausted",TRUE,178,178,18,9,46,37,46,28,FALSE,0.942347257804476,0.0576527421955237,0.184240072629471,TRUE,TRUE,TRUE,0.0576527421955237,0.0593814334781288,0.0243753732176134,154,59,24,95,70,134,2439278,134,2251,0,23172,317,178,22970,0,23148,18.55,,
"regional-compression-exact-study-2026-08-13","production",TRUE,12,"perturbed",7,0.01,0.05,"exact","precomputed_exact_table","exact",202802700,202802711,,25000,"certified","bounds-met",TRUE,85,85,102,102,102,0,102,0,TRUE,0.990527085708111,0.00947291429188912,0.00947291429188782,TRUE,TRUE,TRUE,0.00947291429188912,0.00951806772714411,0.00282186586673688,28,28,24,0,0,,,,,0,109,75,85,0,0,85,3.11,,
"regional-compression-exact-study-2026-08-13","production",TRUE,12,"perturbed",7,0.01,0.05,"stochastic","precomputed_exact_table","iid",202802700,202802712,100,25000,"budget_exhausted","budget-exhausted",TRUE,238,238,102,46,172,126,172,70,FALSE,0.997910085496844,0.0020899145031561,0.00766687976988573,TRUE,TRUE,TRUE,0.0020899145031561,0.00209210142198485,0.000778383447869893,156,79,24,77,28,5,11519,100,2214,0,23578,566,238,23316,0,23554,22,,
"regional-compression-exact-study-2026-08-13","production",TRUE,12,"perturbed",7,0.05,0.05,"exact","precomputed_exact_table","exact",202802700,202802721,,25000,"certified","bounds-met",TRUE,43,43,46,46,46,0,46,0,TRUE,0.957321894611796,0.0426781053882044,0.042678105388203,TRUE,TRUE,TRUE,0.0426781053882044,0.0436155860787993,0.0162152655639254,14,14,24,0,0,,,,,0,67,48,43,0,0,43,0.969999999999999,,
"regional-compression-exact-study-2026-08-13","production",TRUE,12,"perturbed",7,0.05,0.05,"stochastic","precomputed_exact_table","iid",202802700,202802722,100,25000,"budget_exhausted","budget-exhausted",TRUE,238,238,46,9,84,75,84,38,FALSE,0.98804207096727,0.0119579290327297,0.0497842551868429,TRUE,TRUE,TRUE,0.0119579290327297,0.0120300001901764,0.00356713331042835,156,79,24,77,28,5,11519,100,2214,0,23578,570,238,23316,0,23554,21.83,,
"regional-compression-exact-study-2026-08-13","production",TRUE,12,"perturbed",7,0.1,0.05,"exact","precomputed_exact_table","exact",202802700,202802731,,25000,"certified","bounds-met",TRUE,49,49,36,36,36,0,36,0,TRUE,0.917595007771567,0.0824049922284329,0.0824049922284319,TRUE,TRUE,TRUE,0.0824049922284329,0.0859991537097106,0.0296665440892164,16,16,24,0,0,,,,,0,73,51,49,0,0,49,1.3,,
"regional-compression-exact-study-2026-08-13","production",TRUE,12,"perturbed",7,0.1,0.05,"stochastic","precomputed_exact_table","iid",202802700,202802732,100,25000,"budget_exhausted","budget-exhausted",TRUE,238,238,36,9,56,47,56,20,FALSE,0.983131677449192,0.0168683225508078,0.0781074042273051,TRUE,TRUE,TRUE,0.0168683225508078,0.0170122131273668,0.00518619720475244,156,79,24,77,28,5,11519,100,2214,0,23578,574,238,23316,0,23554,22.52,,
"regional-compression-exact-study-2026-08-13","production",TRUE,12,"perturbed",7,0.2,0.05,"exact","precomputed_exact_table","exact",202802700,202802741,,25000,"certified","bounds-met",TRUE,16,16,9,9,9,0,9,0,TRUE,0.824406400275962,0.175593599724038,0.175593599724038,TRUE,TRUE,TRUE,0.175593599724038,0.193091666439489,0.0409539233156732,5,5,24,0,0,,,,,0,40,30,16,0,0,16,0.280000000000001,,
"regional-compression-exact-study-2026-08-13","production",TRUE,12,"perturbed",7,0.2,0.05,"stochastic","precomputed_exact_table","iid",202802700,202802742,100,25000,"budget_exhausted","budget-exhausted",TRUE,238,238,9,9,46,37,46,37,FALSE,0.957321894611796,0.0426781053882044,0.194145824692443,TRUE,TRUE,TRUE,0.0426781053882044,0.0436155860787993,0.0162152655639254,156,79,24,77,28,5,11519,100,2214,0,23578,566,238,23316,0,23554,17.11,,
"regional-compression-exact-study-2026-08-13","production",TRUE,12,"perturbed",8,0.01,0.05,"exact","precomputed_exact_table","exact",202802800,202802811,,25000,"certified","bounds-met",TRUE,85,85,132,132,132,0,132,0,TRUE,0.990142620336931,0.0098573796630691,0.00985737966306601,TRUE,TRUE,TRUE,0.0098573796630691,0.00990628528288824,0.00484766335919645,28,28,24,0,0,,,,,0,109,76,85,0,0,85,2.96,,
"regional-compression-exact-study-2026-08-13","production",TRUE,12,"perturbed",8,0.01,0.05,"stochastic","precomputed_exact_table","iid",202802800,202802812,100,25000,"budget_exhausted","budget-exhausted",TRUE,190,190,132,93,161,68,161,29,FALSE,0.993543949006654,0.00645605099334623,0.00975020089103778,TRUE,TRUE,TRUE,0.00645605099334623,0.00647698142448157,0.00243414265070642,155,63,24,92,7,4,4453,100,1441,0,24865,931,190,24651,0,24841,16.16,,
"regional-compression-exact-study-2026-08-13","production",TRUE,12,"perturbed",8,0.05,0.05,"exact","precomputed_exact_table","exact",202802800,202802821,,25000,"certified","bounds-met",TRUE,55,55,56,56,56,0,56,0,TRUE,0.954251753581241,0.0457482464187591,0.0457482464187562,TRUE,TRUE,TRUE,0.0457482464187591,0.0468277497045792,0.0289695423615867,18,18,24,0,0,,,,,0,79,56,55,0,0,55,0.869999999999997,,
"regional-compression-exact-study-2026-08-13","production",TRUE,12,"perturbed",8,0.05,0.05,"stochastic","precomputed_exact_table","iid",202802800,202802822,100,25000,"budget_exhausted","budget-exhausted",TRUE,190,190,56,46,66,20,66,10,FALSE,0.973691062379698,0.0263089376203015,0.0481653951372314,TRUE,TRUE,TRUE,0.0263089376203015,0.0266612100683119,0.0101212101150976,155,63,24,92,7,4,4453,100,1441,0,24865,905,190,24651,0,24841,17.5,,
"regional-compression-exact-study-2026-08-13","production",TRUE,12,"perturbed",8,0.1,0.05,"exact","precomputed_exact_table","exact",202802800,202802831,,25000,"certified","bounds-met",TRUE,46,46,37,37,37,0,37,0,TRUE,0.908292831088793,0.0917071689112072,0.0917071689112045,TRUE,TRUE,TRUE,0.0917071689112072,0.0961884511740664,0.0261405276893598,15,15,24,0,0,,,,,0,70,50,46,0,0,46,1.09,,
"regional-compression-exact-study-2026-08-13","production",TRUE,12,"perturbed",8,0.1,0.05,"stochastic","precomputed_exact_table","iid",202802800,202802832,100,25000,"budget_exhausted","budget-exhausted",TRUE,190,190,37,27,56,29,56,19,FALSE,0.954251753581241,0.0457482464187591,0.076710133141283,TRUE,TRUE,TRUE,0.0457482464187591,0.0468277497045792,0.0289695423615867,155,63,24,92,7,4,4453,100,1441,0,24865,909,190,24651,0,24841,16.11,,
"regional-compression-exact-study-2026-08-13","production",TRUE,12,"perturbed",8,0.2,0.05,"exact","precomputed_exact_table","exact",202802800,202802841,,25000,"certified","bounds-met",TRUE,31,31,18,18,18,0,18,0,TRUE,0.811549768133373,0.188450231866627,0.188450231866625,TRUE,TRUE,TRUE,0.188450231866627,0.208809565339468,0.0848797684172749,10,10,24,0,0,,,,,0,55,40,31,0,0,31,0.530000000000001,,
"regional-compression-exact-study-2026-08-13","production",TRUE,12,"perturbed",8,0.2,0.05,"stochastic","precomputed_exact_table","iid",202802800,202802842,100,25000,"budget_exhausted","budget-exhausted",TRUE,190,190,18,9,28,19,28,10,FALSE,0.881219921252981,0.118780078747019,0.177936690006498,TRUE,TRUE,TRUE,0.118780078747019,0.126448057349677,0.0243359359754211,155,63,24,92,7,4,4453,100,1441,0,24865,921,190,24651,0,24841,18.22,,
"regional-compression-exact-study-2026-08-13","production",TRUE,12,"perturbed",9,0.01,0.05,"exact","precomputed_exact_table","exact",202802900,202802911,,25000,"certified","bounds-met",TRUE,79,79,110,110,110,0,110,0,TRUE,0.990242151879446,0.00975784812055447,0.00975784812055526,TRUE,TRUE,TRUE,0.00975784812055447,0.00980576790465468,0.00377134796253179,26,26,24,0,0,,,,,0,103,71,79,0,0,79,2.54,,
"regional-compression-exact-study-2026-08-13","production",TRUE,12,"perturbed",9,0.01,0.05,"stochastic","precomputed_exact_table","iid",202802900,202802912,100,25000,"budget_exhausted","budget-exhausted",TRUE,151,151,110,72,141,69,141,31,FALSE,0.993569771011099,0.00643022898890089,0.0096187354390598,TRUE,TRUE,TRUE,0.00643022898890089,0.00645099196631753,0.00282796109109987,94,50,24,44,5,5,4937,100,2160,0,24867,467,151,24692,0,24843,8.31,,
"regional-compression-exact-study-2026-08-13","production",TRUE,12,"perturbed",9,0.05,0.05,"exact","precomputed_exact_table","exact",202802900,202802921,,25000,"certified","bounds-met",TRUE,43,43,46,46,46,0,46,0,TRUE,0.951083494476464,0.0489165055235357,0.0489165055235363,TRUE,TRUE,TRUE,0.0489165055235357,0.0501534237854142,0.01935513872422,14,14,24,0,0,,,,,0,67,48,43,0,0,43,1.04,,
"regional-compression-exact-study-2026-08-13","production",TRUE,12,"perturbed",9,0.05,0.05,"stochastic","precomputed_exact_table","iid",202802900,202802922,100,25000,"budget_exhausted","budget-exhausted",TRUE,151,151,46,36,56,20,56,10,FALSE,0.980392862297385,0.0196071377026146,0.0321098192331467,TRUE,TRUE,TRUE,0.0196071377026146,0.0198019077531055,0.00496206502518401,94,50,24,44,5,5,4937,100,2160,0,24867,461,151,24692,0,24843,7.31,,
"regional-compression-exact-study-2026-08-13","production",TRUE,12,"perturbed",9,0.1,0.05,"exact","precomputed_exact_table","exact",202802900,202802931,,25000,"certified","bounds-met",TRUE,37,37,36,36,36,0,36,0,TRUE,0.916905297987951,0.0830947020120488,0.0830947020120499,TRUE,TRUE,TRUE,0.0830947020120488,0.0867510857905584,0.0221522305986768,12,12,24,0,0,,,,,0,61,44,37,0,0,37,0.870000000000001,,
"regional-compression-exact-study-2026-08-13","production",TRUE,12,"perturbed",9,0.1,0.05,"stochastic","precomputed_exact_table","iid",202802900,202802932,100,25000,"budget_exhausted","budget-exhausted",TRUE,151,151,36,18,46,28,46,10,FALSE,0.951083494476464,0.0489165055235357,0.0749388742768107,TRUE,TRUE,TRUE,0.0489165055235357,0.0501534237854142,0.01935513872422,94,50,24,44,5,5,4937,100,2160,0,24867,464,151,24692,0,24843,7.52,,
"regional-compression-exact-study-2026-08-13","production",TRUE,12,"perturbed",9,0.2,0.05,"exact","precomputed_exact_table","exact",202802900,202802941,,25000,"certified","bounds-met",TRUE,16,16,9,9,9,0,9,0,TRUE,0.819138358234305,0.180861641765695,0.180861641765697,TRUE,TRUE,TRUE,0.180861641765695,0.199502273824053,0.0405545652253217,5,5,24,0,0,,,,,0,40,30,16,0,0,16,0.25,,
"regional-compression-exact-study-2026-08-13","production",TRUE,12,"perturbed",9,0.2,0.05,"stochastic","precomputed_exact_table","iid",202802900,202802942,100,25000,"budget_exhausted","budget-exhausted",TRUE,151,151,9,9,28,19,28,19,FALSE,0.891505609656249,0.108494390343751,0.160294661817385,TRUE,TRUE,TRUE,0.108494390343751,0.114843549319323,0.0377951629693415,94,50,24,44,5,5,4937,100,2160,0,24867,467,151,24692,0,24843,7.78,,
"regional-compression-exact-study-2026-08-13","production",TRUE,12,"perturbed",10,0.01,0.05,"exact","precomputed_exact_table","exact",202803000,202803011,,25000,"certified","bounds-met",TRUE,79,79,114,114,114,0,114,0,TRUE,0.990774953701497,0.00922504629850307,0.00922504629850592,TRUE,TRUE,TRUE,0.00922504629850307,0.00926786055050078,0.00370935129532968,26,26,24,0,0,,,,,0,103,72,79,0,0,79,4.01,,
"regional-compression-exact-study-2026-08-13","production",TRUE,12,"perturbed",10,0.01,0.05,"stochastic","precomputed_exact_table","iid",202803000,202803012,100,25000,"budget_exhausted","budget-exhausted",TRUE,238,238,114,27,246,219,246,132,FALSE,0.99927601254824,0.0007239874517595,0.00978556769731734,TRUE,TRUE,TRUE,0.0007239874517595,0.000724249657237942,0.00030759534475281,193,79,24,114,96,347,422872,347,1988,0,24568,282,238,24306,0,24544,27.66,,
"regional-compression-exact-study-2026-08-13","production",TRUE,12,"perturbed",10,0.05,0.05,"exact","precomputed_exact_table","exact",202803000,202803021,,25000,"certified","bounds-met",TRUE,55,55,55,55,55,0,55,0,TRUE,0.951258979894238,0.0487410201057624,0.0487410201057653,TRUE,TRUE,TRUE,0.0487410201057624,0.0499689297517318,0.0150726979670557,18,18,24,0,0,,,,,0,79,56,55,0,0,55,1.11000000000001,,
"regional-compression-exact-study-2026-08-13","production",TRUE,12,"perturbed",10,0.05,0.05,"stochastic","precomputed_exact_table","iid",202803000,202803022,100,25000,"budget_exhausted","budget-exhausted",TRUE,238,238,55,9,155,146,155,100,FALSE,0.996494807720983,0.0035051922790168,0.0494369780542143,TRUE,TRUE,TRUE,0.0035051922790168,0.00351134985868461,0.00114609246416383,193,79,24,114,96,347,422872,347,1988,0,24568,283,238,24306,0,24544,26.78,,
"regional-compression-exact-study-2026-08-13","production",TRUE,12,"perturbed",10,0.1,0.05,"exact","precomputed_exact_table","exact",202803000,202803031,,25000,"certified","bounds-met",TRUE,46,46,37,37,37,0,37,0,TRUE,0.922048742370172,0.0779512576298279,0.077951257629831,TRUE,TRUE,TRUE,0.0779512576298279,0.0811571909116467,0.0202627521691932,15,15,24,0,0,,,,,0,70,50,46,0,0,46,0.890000000000001,,
"regional-compression-exact-study-2026-08-13","production",TRUE,12,"perturbed",10,0.1,0.05,"stochastic","precomputed_exact_table","iid",202803000,202803032,100,25000,"budget_exhausted","budget-exhausted",TRUE,238,238,37,9,126,117,126,89,FALSE,0.992297077819703,0.00770292218029744,0.0909800220062505,TRUE,TRUE,TRUE,0.00770292218029744,0.00773274292196355,0.00327545044746641,193,79,24,114,96,347,422872,347,1988,0,24568,279,238,24306,0,24544,23.87,,
"regional-compression-exact-study-2026-08-13","production",TRUE,12,"perturbed",10,0.2,0.05,"exact","precomputed_exact_table","exact",202803000,202803041,,25000,"certified","bounds-met",TRUE,31,31,18,18,18,0,18,0,TRUE,0.821647832422195,0.178352167577805,0.178352167577808,TRUE,TRUE,TRUE,0.178352167577805,0.196443403437555,0.0630790744316157,10,10,24,0,0,,,,,0,55,40,31,0,0,31,0.5,,
"regional-compression-exact-study-2026-08-13","production",TRUE,12,"perturbed",10,0.2,0.05,"stochastic","precomputed_exact_table","iid",202803000,202803042,100,25000,"budget_exhausted","budget-exhausted",TRUE,238,238,18,9,96,87,96,78,FALSE,0.985093003724305,0.0149069962756948,0.19011373468569,TRUE,TRUE,TRUE,0.0149069962756948,0.0150192222426628,0.00472045788526873,193,79,24,114,96,347,422872,347,1988,0,24568,283,238,24306,0,24544,18.9,,
"regional-compression-exact-study-2026-08-13","production",TRUE,12,"perturbed",11,0.01,0.05,"exact","precomputed_exact_table","exact",202803100,202803111,,25000,"certified","bounds-met",TRUE,64,64,109,109,109,0,109,0,TRUE,0.990201742373099,0.00979825762690134,0.00979825762690325,TRUE,TRUE,TRUE,0.00979825762690134,0.00984657643901382,0.00304018024934954,21,21,24,0,0,,,,,0,88,62,64,0,0,64,3.64,,
"regional-compression-exact-study-2026-08-13","production",TRUE,12,"perturbed",11,0.01,0.05,"stochastic","precomputed_exact_table","iid",202803100,202803112,100,25000,"budget_exhausted","budget-exhausted",TRUE,238,238,109,18,254,236,254,145,FALSE,0.999227222737416,0.000772777262583846,0.00976311645131236,TRUE,TRUE,TRUE,0.000772777262583846,0.000773076008852094,0.000425063289535677,207,79,24,128,68,1,437396,100,2383,0,24955,564,238,24693,0,24931,29.92,,
"regional-compression-exact-study-2026-08-13","production",TRUE,12,"perturbed",11,0.05,0.05,"exact","precomputed_exact_table","exact",202803100,202803121,,25000,"certified","bounds-met",TRUE,46,46,54,54,54,0,54,0,TRUE,0.957816395940308,0.0421836040596921,0.0421836040596941,TRUE,TRUE,TRUE,0.0421836040596921,0.0430991728861423,0.0149299939747054,15,15,24,0,0,,,,,0,70,50,46,0,0,46,1.1,,
"regional-compression-exact-study-2026-08-13","production",TRUE,12,"perturbed",11,0.05,0.05,"stochastic","precomputed_exact_table","iid",202803100,202803122,100,25000,"budget_exhausted","budget-exhausted",TRUE,238,238,54,9,170,161,170,116,FALSE,0.99298271780607,0.00701728219393005,0.0478629614697082,TRUE,TRUE,TRUE,0.00701728219393005,0.00704201911050085,0.00584389863320293,207,79,24,128,68,1,437396,100,2383,0,24955,564,238,24693,0,24931,30.51,,
"regional-compression-exact-study-2026-08-13","production",TRUE,12,"perturbed",11,0.1,0.05,"exact","precomputed_exact_table","exact",202803100,202803131,,25000,"certified","bounds-met",TRUE,34,34,35,35,35,0,35,0,TRUE,0.903259436308357,0.0967405636916434,0.096740563691645,TRUE,TRUE,TRUE,0.0967405636916434,0.101745461947395,0.0260456284195568,11,11,24,0,0,,,,,0,58,42,34,0,0,34,0.640000000000001,,
"regional-compression-exact-study-2026-08-13","production",TRUE,12,"perturbed",11,0.1,0.05,"stochastic","precomputed_exact_table","iid",202803100,202803132,100,25000,"budget_exhausted","budget-exhausted",TRUE,238,238,35,9,140,131,140,105,FALSE,0.991128779303954,0.00887122069604573,0.0928600817800239,TRUE,TRUE,TRUE,0.00887122069604573,0.00891080425122245,0.00578996862130474,207,79,24,128,68,1,437396,100,2383,0,24955,548,238,24693,0,24931,23.86,,
"regional-compression-exact-study-2026-08-13","production",TRUE,12,"perturbed",11,0.2,0.05,"exact","precomputed_exact_table","exact",202803100,202803141,,25000,"certified","bounds-met",TRUE,22,22,17,17,17,0,17,0,TRUE,0.810435844289447,0.189564155710553,0.189564155710555,TRUE,TRUE,TRUE,0.189564155710553,0.21018309665876,0.0479069455303389,7,7,24,0,0,,,,,0,46,34,22,0,0,22,0.299999999999997,,
"regional-compression-exact-study-2026-08-13","production",TRUE,12,"perturbed",11,0.2,0.05,"stochastic","precomputed_exact_table","iid",202803100,202803142,100,25000,"budget_exhausted","budget-exhausted",TRUE,238,238,17,9,91,82,91,74,FALSE,0.986734641305847,0.0132653586941527,0.184708657364249,TRUE,TRUE,TRUE,0.0132653586941527,0.0133541294897835,0.00569997449089492,207,79,24,128,68,1,437396,100,2383,0,24955,561,238,24693,0,24931,23.05,,
"regional-compression-exact-study-2026-08-13","production",TRUE,12,"perturbed",12,0.01,0.05,"exact","precomputed_exact_table","exact",202803200,202803211,,25000,"certified","bounds-met",TRUE,70,70,95,95,95,0,95,0,TRUE,0.990065350507254,0.00993464949274558,0.00993464949274197,TRUE,TRUE,TRUE,0.00993464949274558,0.00998432741871781,0.00353269368706954,23,23,24,0,0,,,,,0,94,66,70,0,0,70,3.43,,
"regional-compression-exact-study-2026-08-13","production",TRUE,12,"perturbed",12,0.01,0.05,"stochastic","precomputed_exact_table","iid",202803200,202803212,100,25000,"budget_exhausted","budget-exhausted",TRUE,226,226,95,36,174,138,174,79,FALSE,0.999128794646302,0.000871205353697668,0.0062771556491488,TRUE,TRUE,TRUE,0.000871205353697668,0.000871585073640541,0.000434029337186729,159,75,24,84,62,224,151790,224,2416,0,23741,369,226,23491,0,23717,21.16,,
"regional-compression-exact-study-2026-08-13","production",TRUE,12,"perturbed",12,0.05,0.05,"exact","precomputed_exact_table","exact",202803200,202803221,,25000,"certified","bounds-met",TRUE,43,43,46,46,46,0,46,0,TRUE,0.95513020195813,0.0448697980418701,0.0448697980418666,TRUE,TRUE,TRUE,0.0448697980418701,0.0459076106655367,0.0194980866952233,14,14,24,0,0,,,,,0,67,48,43,0,0,43,1,,
"regional-compression-exact-study-2026-08-13","production",TRUE,12,"perturbed",12,0.05,0.05,"stochastic","precomputed_exact_table","iid",202803200,202803222,100,25000,"budget_exhausted","budget-exhausted",TRUE,226,226,46,9,116,107,116,70,FALSE,0.992589126146282,0.00741087385371775,0.0461183634331627,TRUE,TRUE,TRUE,0.00741087385371775,0.00743847080892888,0.00356112282973269,159,75,24,84,62,224,151790,224,2416,0,23741,367,226,23491,0,23717,18.92,,
"regional-compression-exact-study-2026-08-13","production",TRUE,12,"perturbed",12,0.1,0.05,"exact","precomputed_exact_table","exact",202803200,202803231,,25000,"certified","bounds-met",TRUE,43,43,36,36,36,0,36,0,TRUE,0.915178933409235,0.0848210665907646,0.0848210665907609,TRUE,TRUE,TRUE,0.0848210665907646,0.0886356771866185,0.0292040960214429,14,14,24,0,0,,,,,0,67,48,43,0,0,43,0.649999999999999,,
"regional-compression-exact-study-2026-08-13","production",TRUE,12,"perturbed",12,0.1,0.05,"stochastic","precomputed_exact_table","iid",202803200,202803232,100,25000,"budget_exhausted","budget-exhausted",TRUE,226,226,36,9,66,57,66,30,FALSE,0.985872582071458,0.0141274179285424,0.0947804880911174,TRUE,TRUE,TRUE,0.0141274179285424,0.014228159838099,0.00455772359754263,159,75,24,84,62,224,151790,224,2416,0,23741,364,226,23491,0,23717,20.69,,
"regional-compression-exact-study-2026-08-13","production",TRUE,12,"perturbed",12,0.2,0.05,"exact","precomputed_exact_table","exact",202803200,202803241,,25000,"certified","bounds-met",TRUE,16,16,9,9,9,0,9,0,TRUE,0.822473580862074,0.177526419137926,0.177526419137922,TRUE,TRUE,TRUE,0.177526419137926,0.195438917390918,0.0337484581694073,5,5,24,0,0,,,,,0,40,30,16,0,0,16,0.289999999999992,,
"regional-compression-exact-study-2026-08-13","production",TRUE,12,"perturbed",12,0.2,0.05,"stochastic","precomputed_exact_table","iid",202803200,202803242,100,25000,"budget_exhausted","budget-exhausted",TRUE,226,226,9,9,56,47,56,47,FALSE,0.98422233520695,0.0157776647930502,0.107476885405413,TRUE,TRUE,TRUE,0.0157776647930502,0.0159034570392669,0.00507371720637362,159,75,24,84,62,224,151790,224,2416,0,23741,370,226,23491,0,23717,17.17,,
"regional-compression-exact-study-2026-08-13","production",TRUE,12,"perturbed",13,0.01,0.05,"exact","precomputed_exact_table","exact",202803300,202803311,,25000,"certified","bounds-met",TRUE,70,70,126,126,126,0,126,0,TRUE,0.990042612197059,0.00995738780294053,0.00995738780294111,TRUE,TRUE,TRUE,0.00995738780294053,0.0100072941565162,0.00354648920850749,23,23,24,0,0,,,,,0,94,66,70,0,0,70,3.18,,
"regional-compression-exact-study-2026-08-13","production",TRUE,12,"perturbed",13,0.01,0.05,"stochastic","precomputed_exact_table","iid",202803300,202803312,100,25000,"budget_exhausted","budget-exhausted",TRUE,295,295,126,98,147,49,147,21,FALSE,0.992983227084579,0.00701677291542124,0.00976399620373536,TRUE,TRUE,TRUE,0.00701677291542124,0.00704150623311731,0.00251248963508952,261,98,24,163,0,1,850,100,850,0,24977,1459,295,24658,0,24953,51,,
"regional-compression-exact-study-2026-08-13","production",TRUE,12,"perturbed",13,0.05,0.05,"exact","precomputed_exact_table","exact",202803300,202803321,,25000,"certified","bounds-met",TRUE,43,43,54,54,54,0,54,0,TRUE,0.957408365645771,0.0425916343542293,0.0425916343542299,TRUE,TRUE,TRUE,0.0425916343542293,0.0435252641824688,0.0146986894132223,14,14,24,0,0,,,,,0,67,48,43,0,0,43,0.840000000000003,,
"regional-compression-exact-study-2026-08-13","production",TRUE,12,"perturbed",13,0.05,0.05,"stochastic","precomputed_exact_table","iid",202803300,202803322,100,25000,"budget_exhausted","budget-exhausted",TRUE,295,295,54,45,64,19,64,10,FALSE,0.980509663661044,0.0194903363389559,0.0269967373950742,TRUE,TRUE,TRUE,0.0194903363389559,0.0196827775441832,0.0053295719961504,261,98,24,163,0,1,850,100,850,0,24977,1495,295,24658,0,24953,35.89,,
"regional-compression-exact-study-2026-08-13","production",TRUE,12,"perturbed",13,0.1,0.05,"exact","precomputed_exact_table","exact",202803300,202803331,,25000,"certified","bounds-met",TRUE,43,43,36,36,36,0,36,0,TRUE,0.904571067564395,0.0954289324356054,0.0954289324356058,TRUE,TRUE,TRUE,0.0954289324356054,0.100294406128421,0.0302092391603871,14,14,24,0,0,,,,,0,67,48,43,0,0,43,0.790000000000006,,
"regional-compression-exact-study-2026-08-13","production",TRUE,12,"perturbed",13,0.1,0.05,"stochastic","precomputed_exact_table","iid",202803300,202803332,100,25000,"budget_exhausted","budget-exhausted",TRUE,295,295,36,27,45,18,45,9,FALSE,0.933197228899834,0.0668027711001656,0.0935610257272421,TRUE,TRUE,TRUE,0.0668027711001656,0.0691387082993713,0.0193200115665806,261,98,24,163,0,1,850,100,850,0,24977,1462,295,24658,0,24953,34.63,,
"regional-compression-exact-study-2026-08-13","production",TRUE,12,"perturbed",13,0.2,0.05,"exact","precomputed_exact_table","exact",202803300,202803341,,25000,"certified","bounds-met",TRUE,22,22,17,17,17,0,17,0,TRUE,0.83116863491266,0.16883136508734,0.168831365087341,TRUE,TRUE,TRUE,0.16883136508734,0.184922574614746,0.0314755507290392,7,7,24,0,0,,,,,0,46,34,22,0,0,22,0.260000000000019,,
"regional-compression-exact-study-2026-08-13","production",TRUE,12,"perturbed",13,0.2,0.05,"stochastic","precomputed_exact_table","iid",202803300,202803342,100,25000,"budget_exhausted","budget-exhausted",TRUE,295,295,17,9,26,17,26,9,FALSE,0.861995662109569,0.138004337890431,0.188694993638521,TRUE,TRUE,TRUE,0.138004337890431,0.148505040686595,0.0303916530566742,261,98,24,163,0,1,850,100,850,0,24977,1476,295,24658,0,24953,36.13,,
"regional-compression-exact-study-2026-08-13","production",TRUE,12,"perturbed",14,0.01,0.05,"exact","precomputed_exact_table","exact",202803400,202803411,,25000,"certified","bounds-met",TRUE,91,91,133,133,133,0,133,0,TRUE,0.991007319382273,0.00899268061772651,0.00899268061772767,TRUE,TRUE,TRUE,0.00899268061772651,0.00903335882445615,0.00401725696833857,30,30,24,0,0,,,,,0,115,80,91,0,0,91,2.83,,
"regional-compression-exact-study-2026-08-13","production",TRUE,12,"perturbed",14,0.01,0.05,"stochastic","precomputed_exact_table","iid",202803400,202803412,100,25000,"budget_exhausted","budget-exhausted",TRUE,178,178,133,18,206,188,206,73,FALSE,0.998088118803589,0.00191188119641073,0.0095133107860852,TRUE,TRUE,TRUE,0.00191188119641073,0.00191371117410394,0.00121709995556094,123,59,24,64,42,29,543909,100,2465,0,24116,322,178,23914,0,24092,12.31,,
"regional-compression-exact-study-2026-08-13","production",TRUE,12,"perturbed",14,0.05,0.05,"exact","precomputed_exact_table","exact",202803400,202803421,,25000,"certified","bounds-met",TRUE,49,49,56,56,56,0,56,0,TRUE,0.955345673254209,0.0446543267457905,0.0446543267457917,TRUE,TRUE,TRUE,0.0446543267457905,0.045682042470943,0.0179557228078995,16,16,24,0,0,,,,,0,73,52,49,0,0,49,2.02,,
"regional-compression-exact-study-2026-08-13","production",TRUE,12,"perturbed",14,0.05,0.05,"stochastic","precomputed_exact_table","iid",202803400,202803422,100,25000,"budget_exhausted","budget-exhausted",TRUE,178,178,56,9,147,138,147,91,FALSE,0.991317939253834,0.00868206074616584,0.0487078155225365,TRUE,TRUE,TRUE,0.00868206074616584,0.0087199694119471,0.00494010658209004,123,59,24,64,42,29,543909,100,2465,0,24116,316,178,23914,0,24092,12.57,,
"regional-compression-exact-study-2026-08-13","production",TRUE,12,"perturbed",14,0.1,0.05,"exact","precomputed_exact_table","exact",202803400,202803431,,25000,"certified","bounds-met",TRUE,49,49,46,46,46,0,46,0,TRUE,0.924469412129298,0.0755305878707023,0.0755305878707033,TRUE,TRUE,TRUE,0.0755305878707023,0.0785353145548779,0.0374448564374641,16,16,24,0,0,,,,,0,73,52,49,0,0,49,0.93,,
"regional-compression-exact-study-2026-08-13","production",TRUE,12,"perturbed",14,0.1,0.05,"stochastic","precomputed_exact_table","iid",202803400,202803432,100,25000,"budget_exhausted","budget-exhausted",TRUE,178,178,46,9,116,107,116,70,FALSE,0.988397230627467,0.0116027693725328,0.0972603339434932,TRUE,TRUE,TRUE,0.0116027693725328,0.0116706067458817,0.00490901316377276,123,59,24,64,42,29,543909,100,2465,0,24116,316,178,23914,0,24092,12.75,,
"regional-compression-exact-study-2026-08-13","production",TRUE,12,"perturbed",14,0.2,0.05,"exact","precomputed_exact_table","exact",202803400,202803441,,25000,"certified","bounds-met",TRUE,37,37,18,18,18,0,18,0,TRUE,0.831736721579471,0.168263278420529,0.168263278420531,TRUE,TRUE,TRUE,0.168263278420529,0.184239328648049,0.0621908791519531,12,12,24,0,0,,,,,0,61,44,37,0,0,37,0.640000000000001,,
"regional-compression-exact-study-2026-08-13","production",TRUE,12,"perturbed",14,0.2,0.05,"stochastic","precomputed_exact_table","iid",202803400,202803442,100,25000,"budget_exhausted","budget-exhausted",TRUE,178,178,18,9,66,57,66,48,FALSE,0.982291311692447,0.0177086883075526,0.189476987514557,TRUE,TRUE,TRUE,0.0177086883075526,0.0178673632020321,0.00746861748021015,123,59,24,64,42,29,543909,100,2465,0,24116,313,178,23914,0,24092,8.39999999999999,,
"regional-compression-exact-study-2026-08-13","production",TRUE,12,"perturbed",15,0.01,0.05,"exact","precomputed_exact_table","exact",202803500,202803511,,25000,"certified","bounds-met",TRUE,64,64,97,97,97,0,97,0,TRUE,0.99029453333857,0.00970546666142968,0.00970546666142912,TRUE,TRUE,TRUE,0.00970546666142968,0.0097528716775583,0.00324119952574706,21,21,24,0,0,,,,,0,88,62,64,0,0,64,2.13,,
"regional-compression-exact-study-2026-08-13","production",TRUE,12,"perturbed",15,0.01,0.05,"stochastic","precomputed_exact_table","iid",202803500,202803512,100,25000,"budget_exhausted","budget-exhausted",TRUE,136,136,97,56,135,79,135,38,FALSE,0.995289273956278,0.00471072604372247,0.00977543854225891,TRUE,TRUE,TRUE,0.00471072604372247,0.00472185648237331,0.00183399788121587,86,45,24,41,10,2,7923,100,2117,0,23366,434,136,23206,0,23342,7.41,,
"regional-compression-exact-study-2026-08-13","production",TRUE,12,"perturbed",15,0.05,0.05,"exact","precomputed_exact_table","exact",202803500,202803521,,25000,"certified","bounds-met",TRUE,43,43,46,46,46,0,46,0,TRUE,0.950582561057377,0.049417438942623,0.0494174389426225,TRUE,TRUE,TRUE,0.049417438942623,0.0506802601657724,0.0178642551250813,14,14,24,0,0,,,,,0,67,48,43,0,0,43,0.880000000000003,,
"regional-compression-exact-study-2026-08-13","production",TRUE,12,"perturbed",15,0.05,0.05,"stochastic","precomputed_exact_table","iid",202803500,202803522,100,25000,"budget_exhausted","budget-exhausted",TRUE,136,136,46,28,66,38,66,20,FALSE,0.980702416830991,0.0192975831690094,0.0459068238466791,TRUE,TRUE,TRUE,0.0192975831690094,0.0194862121931083,0.00673533732285825,86,45,24,41,10,2,7923,100,2117,0,23366,419,136,23206,0,23342,7.39,,
"regional-compression-exact-study-2026-08-13","production",TRUE,12,"perturbed",15,0.1,0.05,"exact","precomputed_exact_table","exact",202803500,202803531,,25000,"certified","bounds-met",TRUE,46,46,37,37,37,0,37,0,TRUE,0.925279677025701,0.0747203229742993,0.074720322974299,TRUE,TRUE,TRUE,0.0747203229742993,0.0776592336280344,0.0254231570668103,15,15,24,0,0,,,,,0,70,50,46,0,0,46,1.64,,
"regional-compression-exact-study-2026-08-13","production",TRUE,12,"perturbed",15,0.1,0.05,"stochastic","precomputed_exact_table","iid",202803500,202803532,100,25000,"budget_exhausted","budget-exhausted",TRUE,136,136,37,9,56,47,56,19,FALSE,0.977825564809807,0.0221744351901935,0.0564856881445093,TRUE,TRUE,TRUE,0.0221744351901935,0.0224239839453712,0.00816057316039361,86,45,24,41,10,2,7923,100,2117,0,23366,433,136,23206,0,23342,6.13,,
"regional-compression-exact-study-2026-08-13","production",TRUE,12,"perturbed",15,0.2,0.05,"exact","precomputed_exact_table","exact",202803500,202803541,,25000,"certified","bounds-met",TRUE,37,37,18,18,18,0,18,0,TRUE,0.807693310222872,0.192306689777128,0.192306689777127,TRUE,TRUE,TRUE,0.192306689777128,0.213572859070511,0.0569953355374434,12,12,24,0,0,,,,,0,61,44,37,0,0,37,0.690000000000005,,
"regional-compression-exact-study-2026-08-13","production",TRUE,12,"perturbed",15,0.2,0.05,"stochastic","precomputed_exact_table","iid",202803500,202803542,100,25000,"budget_exhausted","budget-exhausted",TRUE,136,136,18,9,37,28,37,19,FALSE,0.925279677025701,0.0747203229742993,0.163519367439164,TRUE,TRUE,TRUE,0.0747203229742993,0.0776592336280344,0.0254231570668103,86,45,24,41,10,2,7923,100,2117,0,23366,427,136,23206,0,23342,6,,
"regional-compression-exact-study-2026-08-13","production",TRUE,12,"perturbed",16,0.01,0.05,"exact","precomputed_exact_table","exact",202803600,202803611,,25000,"certified","bounds-met",TRUE,61,61,106,106,106,0,106,0,TRUE,0.990085136392464,0.0099148636075358,0.00991486360753375,TRUE,TRUE,TRUE,0.0099148636075358,0.00996434319495164,0.00308361051040051,20,20,24,0,0,,,,,0,85,60,61,0,0,61,2.4,,
"regional-compression-exact-study-2026-08-13","production",TRUE,12,"perturbed",16,0.01,0.05,"stochastic","precomputed_exact_table","iid",202803600,202803612,100,25000,"budget_exhausted","budget-exhausted",TRUE,145,145,106,56,154,98,154,48,FALSE,0.997301877761924,0.00269812223807564,0.00993215509906706,TRUE,TRUE,TRUE,0.00269812223807564,0.00270176873047984,0.00119935786245574,92,48,24,44,10,41,13160,100,2314,0,24632,797,145,24463,0,24608,7.34,,
"regional-compression-exact-study-2026-08-13","production",TRUE,12,"perturbed",16,0.05,0.05,"exact","precomputed_exact_table","exact",202803600,202803621,,25000,"certified","bounds-met",TRUE,40,40,47,47,47,0,47,0,TRUE,0.951541108941901,0.0484588910580994,0.0484588910580975,TRUE,TRUE,TRUE,0.0484588910580994,0.0496723888261919,0.0186638676394995,13,13,24,0,0,,,,,0,64,46,40,0,0,40,0.919999999999998,,
"regional-compression-exact-study-2026-08-13","production",TRUE,12,"perturbed",16,0.05,0.05,"stochastic","precomputed_exact_table","iid",202803600,202803622,100,25000,"budget_exhausted","budget-exhausted",TRUE,145,145,47,28,77,49,77,30,FALSE,0.9848668414411,0.0151331585589,0.0495408668393836,TRUE,TRUE,TRUE,0.0151331585589,0.0152488333027601,0.00556308292852123,92,48,24,44,10,41,13160,100,2314,0,24632,768,145,24463,0,24608,6.77,,
"regional-compression-exact-study-2026-08-13","production",TRUE,12,"perturbed",16,0.1,0.05,"exact","precomputed_exact_table","exact",202803600,202803631,,25000,"certified","bounds-met",TRUE,46,46,36,36,36,0,36,0,TRUE,0.9019462569254,0.0980537430745999,0.0980537430745979,TRUE,TRUE,TRUE,0.0980537430745999,0.103200342817215,0.0260156431740788,15,15,24,0,0,,,,,0,70,50,46,0,0,46,1.22,,
"regional-compression-exact-study-2026-08-13","production",TRUE,12,"perturbed",16,0.1,0.05,"stochastic","precomputed_exact_table","iid",202803600,202803632,100,25000,"budget_exhausted","budget-exhausted",TRUE,145,145,36,9,56,47,56,20,FALSE,0.980976460647893,0.0190235393521065,0.0675448786059332,TRUE,TRUE,TRUE,0.0190235393521065,0.0192068149667511,0.0061732238292183,92,48,24,44,10,41,13160,100,2314,0,24632,780,145,24463,0,24608,7.73,,
"regional-compression-exact-study-2026-08-13","production",TRUE,12,"perturbed",16,0.2,0.05,"exact","precomputed_exact_table","exact",202803600,202803641,,25000,"certified","bounds-met",TRUE,16,16,9,9,9,0,9,0,TRUE,0.800510513393746,0.199489486606254,0.199489486606252,TRUE,TRUE,TRUE,0.199489486606254,0.222505613097888,0.0408519659039622,5,5,24,0,0,,,,,0,40,30,16,0,0,16,0.300000000000004,,
"regional-compression-exact-study-2026-08-13","production",TRUE,12,"perturbed",16,0.2,0.05,"stochastic","precomputed_exact_table","iid",202803600,202803642,100,25000,"budget_exhausted","budget-exhausted",TRUE,145,145,9,9,46,37,46,37,FALSE,0.94220919042519,0.0577908095748099,0.183447969795107,TRUE,TRUE,TRUE,0.0577908095748099,0.0595279585447171,0.0240783405074877,92,48,24,44,10,41,13160,100,2314,0,24632,770,145,24463,0,24608,7.53,,
"regional-compression-exact-study-2026-08-13","production",TRUE,12,"perturbed",17,0.01,0.05,"exact","precomputed_exact_table","exact",202803700,202803711,,25000,"certified","bounds-met",TRUE,64,64,84,84,84,0,84,0,TRUE,0.990125769448461,0.00987423055153902,0.00987423055154152,TRUE,TRUE,TRUE,0.00987423055153902,0.00992330407544914,0.00303920415984124,21,21,24,0,0,,,,,0,88,62,64,0,0,64,3.03,,
"regional-compression-exact-study-2026-08-13","production",TRUE,12,"perturbed",17,0.01,0.05,"stochastic","precomputed_exact_table","iid",202803700,202803712,100,25000,"budget_exhausted","budget-exhausted",TRUE,142,142,84,46,152,106,152,68,FALSE,0.996882729886279,0.00311727011372087,0.00934738584338575,TRUE,TRUE,TRUE,0.00311727011372087,0.00312213892109312,0.00155996161617652,88,47,24,41,16,124,9766,124,1987,0,24703,424,142,24537,0,24679,8.5,,
"regional-compression-exact-study-2026-08-13","production",TRUE,12,"perturbed",17,0.05,0.05,"exact","precomputed_exact_table","exact",202803700,202803721,,25000,"certified","bounds-met",TRUE,46,46,46,46,46,0,46,0,TRUE,0.960620754196713,0.0393792458032869,0.0393792458032894,TRUE,TRUE,TRUE,0.0393792458032869,0.0401755845333052,0.0151651508133424,15,15,24,0,0,,,,,0,70,50,46,0,0,46,1.06,,
"regional-compression-exact-study-2026-08-13","production",TRUE,12,"perturbed",17,0.05,0.05,"stochastic","precomputed_exact_table","iid",202803700,202803722,100,25000,"budget_exhausted","budget-exhausted",TRUE,142,142,46,9,56,47,56,10,FALSE,0.985781713794135,0.0142182862058648,0.0467257742334421,TRUE,TRUE,TRUE,0.0142182862058648,0.0143203344932374,0.00531845345823964,88,47,24,41,16,124,9766,124,1987,0,24703,430,142,24537,0,24679,7.86,,
"regional-compression-exact-study-2026-08-13","production",TRUE,12,"perturbed",17,0.1,0.05,"exact","precomputed_exact_table","exact",202803700,202803731,,25000,"certified","bounds-met",TRUE,40,40,27,27,27,0,27,0,TRUE,0.900048636086098,0.0999513639139016,0.0999513639139038,TRUE,TRUE,TRUE,0.0999513639139016,0.105306477022275,0.0269363583482613,13,13,24,0,0,,,,,0,64,46,40,0,0,40,0.910000000000004,,
"regional-compression-exact-study-2026-08-13","production",TRUE,12,"perturbed",17,0.1,0.05,"stochastic","precomputed_exact_table","iid",202803700,202803732,100,25000,"budget_exhausted","budget-exhausted",TRUE,142,142,27,9,56,47,56,29,FALSE,0.985781713794135,0.0142182862058648,0.0466975289754279,TRUE,TRUE,TRUE,0.0142182862058648,0.0143203344932374,0.00531845345823964,88,47,24,41,16,124,9766,124,1987,0,24703,440,142,24537,0,24679,5.53,,
"regional-compression-exact-study-2026-08-13","production",TRUE,12,"perturbed",17,0.2,0.05,"exact","precomputed_exact_table","exact",202803700,202803741,,25000,"certified","bounds-met",TRUE,16,16,9,9,9,0,9,0,TRUE,0.841155129495325,0.158844870504675,0.158844870504678,TRUE,TRUE,TRUE,0.158844870504675,0.172979177642225,0.0323152080644022,5,5,24,0,0,,,,,0,40,30,16,0,0,16,0.170000000000002,,
"regional-compression-exact-study-2026-08-13","production",TRUE,12,"perturbed",17,0.2,0.05,"stochastic","precomputed_exact_table","iid",202803700,202803742,100,25000,"budget_exhausted","budget-exhausted",TRUE,142,142,9,9,38,29,38,29,FALSE,0.928347570184938,0.0716524298150625,0.180129595620996,TRUE,TRUE,TRUE,0.0716524298150625,0.0743490794801324,0.0322185991944913,88,47,24,41,16,124,9766,124,1987,0,24703,424,142,24537,0,24679,4.99,,
"regional-compression-exact-study-2026-08-13","production",TRUE,12,"perturbed",18,0.01,0.05,"exact","precomputed_exact_table","exact",202803800,202803811,,25000,"certified","bounds-met",TRUE,55,55,83,83,83,0,83,0,TRUE,0.990174821074563,0.00982517892543711,0.00982517892543867,TRUE,TRUE,TRUE,0.00982517892543711,0.00987376449913766,0.00331602508182908,18,18,24,0,0,,,,,0,79,56,55,0,0,55,2.91,,
"regional-compression-exact-study-2026-08-13","production",TRUE,12,"perturbed",18,0.01,0.05,"stochastic","precomputed_exact_table","iid",202803800,202803812,100,25000,"budget_exhausted","budget-exhausted",TRUE,211,211,83,27,164,137,164,81,FALSE,0.998460003390534,0.00153999660946635,0.00816541252522598,TRUE,TRUE,TRUE,0.00153999660946635,0.00154118362306607,0.000643357163795806,157,70,24,87,46,11,138124,100,1991,0,24732,479,211,24497,0,24708,17.89,,
"regional-compression-exact-study-2026-08-13","production",TRUE,12,"perturbed",18,0.05,0.05,"exact","precomputed_exact_table","exact",202803800,202803821,,25000,"certified","bounds-met",TRUE,46,46,46,46,46,0,46,0,TRUE,0.961537456416181,0.038462543583819,0.0384625435838207,TRUE,TRUE,TRUE,0.038462543583819,0.0392217584809994,0.0151526525758364,15,15,24,0,0,,,,,0,70,50,46,0,0,46,0.859999999999999,,
"regional-compression-exact-study-2026-08-13","production",TRUE,12,"perturbed",18,0.05,0.05,"stochastic","precomputed_exact_table","iid",202803800,202803822,100,25000,"budget_exhausted","budget-exhausted",TRUE,211,211,46,9,106,97,106,60,FALSE,0.992521899444554,0.00747810055544584,0.0490232191103291,TRUE,TRUE,TRUE,0.00747810055544584,0.00750620173267788,0.00232942505895706,157,70,24,87,46,11,138124,100,1991,0,24732,470,211,24497,0,24708,13,,
"regional-compression-exact-study-2026-08-13","production",TRUE,12,"perturbed",18,0.1,0.05,"exact","precomputed_exact_table","exact",202803800,202803831,,25000,"certified","bounds-met",TRUE,37,37,27,27,27,0,27,0,TRUE,0.901880531308678,0.0981194686913218,0.0981194686913225,TRUE,TRUE,TRUE,0.0981194686913218,0.103273216351614,0.0196720793950926,12,12,24,0,0,,,,,0,61,44,37,0,0,37,0.610000000000007,,
"regional-compression-exact-study-2026-08-13","production",TRUE,12,"perturbed",18,0.1,0.05,"stochastic","precomputed_exact_table","iid",202803800,202803832,100,25000,"budget_exhausted","budget-exhausted",TRUE,211,211,27,9,75,66,75,48,FALSE,0.988898697449049,0.0111013025509509,0.0907879928012287,TRUE,TRUE,TRUE,0.0111013025509509,0.0111633818786145,0.00369780245321921,157,70,24,87,46,11,138124,100,1991,0,24732,474,211,24497,0,24708,13.25,,
"regional-compression-exact-study-2026-08-13","production",TRUE,12,"perturbed",18,0.2,0.05,"exact","precomputed_exact_table","exact",202803800,202803841,,25000,"certified","bounds-met",TRUE,16,16,9,9,9,0,9,0,TRUE,0.826799388533213,0.173200611466787,0.173200611466788,TRUE,TRUE,TRUE,0.173200611466787,0.190193190733079,0.0426158339840595,5,5,24,0,0,,,,,0,40,30,16,0,0,16,0.199999999999996,,
"regional-compression-exact-study-2026-08-13","production",TRUE,12,"perturbed",18,0.2,0.05,"stochastic","precomputed_exact_table","iid",202803800,202803842,100,25000,"budget_exhausted","budget-exhausted",TRUE,211,211,9,9,47,38,47,38,FALSE,0.957134810972968,0.0428651890270322,0.192442844381316,TRUE,TRUE,TRUE,0.0428651890270322,0.0438110291398803,0.0168984297781558,157,70,24,87,46,11,138124,100,1991,0,24732,482,211,24497,0,24708,14.38,,
"regional-compression-exact-study-2026-08-13","production",TRUE,12,"perturbed",19,0.01,0.05,"exact","precomputed_exact_table","exact",202803900,202803911,,25000,"certified","bounds-met",TRUE,82,82,125,125,125,0,125,0,TRUE,0.990215480581343,0.00978451941865666,0.00978451941865523,TRUE,TRUE,TRUE,0.00978451941865666,0.00983270238451089,0.00518265604972424,27,27,24,0,0,,,,,0,106,74,82,0,0,82,3.72,,
"regional-compression-exact-study-2026-08-13","production",TRUE,12,"perturbed",19,0.01,0.05,"stochastic","precomputed_exact_table","iid",202803900,202803912,100,25000,"budget_exhausted","budget-exhausted",TRUE,211,211,125,28,247,219,247,122,FALSE,0.998730209244973,0.00126979075502665,0.00977753013602533,TRUE,TRUE,TRUE,0.00126979075502665,0.00127059762241491,0.000547485901710359,146,70,24,76,49,121,351435,121,2500,0,24439,437,211,24204,0,24415,17.14,,
"regional-compression-exact-study-2026-08-13","production",TRUE,12,"perturbed",19,0.05,0.05,"exact","precomputed_exact_table","exact",202803900,202803921,,25000,"certified","bounds-met",TRUE,46,46,56,56,56,0,56,0,TRUE,0.967297585130337,0.0327024148696629,0.0327024148696613,TRUE,TRUE,TRUE,0.0327024148696629,0.0332490903021411,0.0125975864491258,15,15,24,0,0,,,,,0,70,50,46,0,0,46,0.669999999999998,,
"regional-compression-exact-study-2026-08-13","production",TRUE,12,"perturbed",19,0.05,0.05,"stochastic","precomputed_exact_table","iid",202803900,202803922,100,25000,"budget_exhausted","budget-exhausted",TRUE,211,211,56,9,146,137,146,90,FALSE,0.992743480111344,0.00725651988865594,0.0466400247815236,TRUE,TRUE,TRUE,0.00725651988865594,0.00728297649539543,0.00299834472307159,146,70,24,76,49,121,351435,121,2500,0,24439,443,211,24204,0,24415,11.02,,
"regional-compression-exact-study-2026-08-13","production",TRUE,12,"perturbed",19,0.1,0.05,"exact","precomputed_exact_table","exact",202803900,202803931,,25000,"certified","bounds-met",TRUE,46,46,37,37,37,0,37,0,TRUE,0.901506461273792,0.0984935387262076,0.098493538726206,TRUE,TRUE,TRUE,0.0984935387262076,0.10368806911676,0.0321992508324552,15,15,24,0,0,,,,,0,70,50,46,0,0,46,0.640000000000001,,
"regional-compression-exact-study-2026-08-13","production",TRUE,12,"perturbed",19,0.1,0.05,"stochastic","precomputed_exact_table","iid",202803900,202803932,100,25000,"budget_exhausted","budget-exhausted",TRUE,211,211,37,9,117,108,117,80,FALSE,0.985184367520762,0.0148156324792384,0.0993874559219726,TRUE,TRUE,TRUE,0.0148156324792384,0.0149264801771494,0.00559040269412725,146,70,24,76,49,121,351435,121,2500,0,24439,447,211,24204,0,24415,13.48,,
"regional-compression-exact-study-2026-08-13","production",TRUE,12,"perturbed",19,0.2,0.05,"exact","precomputed_exact_table","exact",202803900,202803941,,25000,"certified","bounds-met",TRUE,25,25,19,19,19,0,19,0,TRUE,0.835909671466637,0.164090328533363,0.164090328533362,TRUE,TRUE,TRUE,0.164090328533363,0.179234720219978,0.0321992508324552,8,8,24,0,0,,,,,0,49,36,25,0,0,25,0.310000000000002,,
"regional-compression-exact-study-2026-08-13","production",TRUE,12,"perturbed",19,0.2,0.05,"stochastic","precomputed_exact_table","iid",202803900,202803942,100,25000,"budget_exhausted","budget-exhausted",TRUE,211,211,19,9,87,78,87,68,FALSE,0.979569053568524,0.0204309464314765,0.190582326120402,TRUE,TRUE,TRUE,0.0204309464314765,0.0206425452886684,0.00580259232286202,146,70,24,76,49,121,351435,121,2500,0,24439,440,211,24204,0,24415,13.2,,
"regional-compression-exact-study-2026-08-13","production",TRUE,12,"perturbed",20,0.01,0.05,"exact","precomputed_exact_table","exact",202804000,202804011,,25000,"certified","bounds-met",TRUE,76,76,124,124,124,0,124,0,TRUE,0.990673794325152,0.00932620567484777,0.00932620567484923,TRUE,TRUE,TRUE,0.00932620567484777,0.00936996702843348,0.0038210026470268,25,25,24,0,0,,,,,0,100,70,76,0,0,76,1.97,,
"regional-compression-exact-study-2026-08-13","production",TRUE,12,"perturbed",20,0.01,0.05,"stochastic","precomputed_exact_table","iid",202804000,202804012,100,25000,"budget_exhausted","budget-exhausted",TRUE,181,181,124,56,154,98,154,30,FALSE,0.995368500215975,0.00463149978402477,0.00843835435230761,TRUE,TRUE,TRUE,0.00463149978402477,0.00464225841105493,0.00188644138968398,125,60,24,65,26,7,21310,100,2223,0,23849,376,181,23644,0,23825,9.25,,
"regional-compression-exact-study-2026-08-13","production",TRUE,12,"perturbed",20,0.05,0.05,"exact","precomputed_exact_table","exact",202804000,202804021,,25000,"certified","bounds-met",TRUE,49,49,56,56,56,0,56,0,TRUE,0.96190852494689,0.0380914750531101,0.0380914750531116,TRUE,TRUE,TRUE,0.0380914750531101,0.0388359212504166,0.0185933347257693,16,16,24,0,0,,,,,0,73,52,49,0,0,49,0.75,,
"regional-compression-exact-study-2026-08-13","production",TRUE,12,"perturbed",20,0.05,0.05,"stochastic","precomputed_exact_table","iid",202804000,202804022,100,25000,"budget_exhausted","budget-exhausted",TRUE,181,181,56,18,76,58,76,20,FALSE,0.976311380186967,0.0236886198130329,0.048344547051969,TRUE,TRUE,TRUE,0.0236886198130329,0.0239737063737405,0.0089420243496742,125,60,24,65,26,7,21310,100,2223,0,23849,364,181,23644,0,23825,9.24,,
"regional-compression-exact-study-2026-08-13","production",TRUE,12,"perturbed",20,0.1,0.05,"exact","precomputed_exact_table","exact",202804000,202804031,,25000,"certified","bounds-met",TRUE,40,40,37,37,37,0,37,0,TRUE,0.911529265684421,0.0884707343155785,0.0884707343155794,TRUE,TRUE,TRUE,0.0884707343155785,0.0926315782099773,0.0365871420213494,13,13,24,0,0,,,,,0,64,46,40,0,0,40,0.719999999999999,,
"regional-compression-exact-study-2026-08-13","production",TRUE,12,"perturbed",20,0.1,0.05,"stochastic","precomputed_exact_table","iid",202804000,202804032,100,25000,"budget_exhausted","budget-exhausted",TRUE,181,181,37,9,56,47,56,19,FALSE,0.96190852494689,0.0380914750531101,0.0742219325270827,TRUE,TRUE,TRUE,0.0380914750531101,0.0388359212504166,0.0185933347257693,125,60,24,65,26,7,21310,100,2223,0,23849,372,181,23644,0,23825,9.94,,
"regional-compression-exact-study-2026-08-13","production",TRUE,12,"perturbed",20,0.2,0.05,"exact","precomputed_exact_table","exact",202804000,202804041,,25000,"certified","bounds-met",TRUE,28,28,19,19,19,0,19,0,TRUE,0.803158263677457,0.196841736322543,0.196841736322545,TRUE,TRUE,TRUE,0.196841736322543,0.21920349394774,0.0995882889895544,9,9,24,0,0,,,,,0,52,38,28,0,0,28,0.530000000000001,,
"regional-compression-exact-study-2026-08-13","production",TRUE,12,"perturbed",20,0.2,0.05,"stochastic","precomputed_exact_table","iid",202804000,202804042,100,25000,"budget_exhausted","budget-exhausted",TRUE,181,181,19,9,37,28,37,18,FALSE,0.911529265684421,0.0884707343155785,0.190476307143306,TRUE,TRUE,TRUE,0.0884707343155785,0.0926315782099773,0.0365871420213494,125,60,24,65,26,7,21310,100,2223,0,23849,372,181,23644,0,23825,9.86,,
"regional-compression-exact-study-2026-08-13","production",TRUE,12,"perturbed",21,0.01,0.05,"exact","precomputed_exact_table","exact",202804100,202804111,,25000,"certified","bounds-met",TRUE,79,79,116,116,116,0,116,0,TRUE,0.990130357169889,0.00986964283011127,0.00986964283010852,TRUE,TRUE,TRUE,0.00986964283011127,0.00991867061277116,0.0030388330718803,26,26,24,0,0,,,,,0,103,72,79,0,0,79,2.66,,
"regional-compression-exact-study-2026-08-13","production",TRUE,12,"perturbed",21,0.01,0.05,"stochastic","precomputed_exact_table","iid",202804100,202804112,100,25000,"budget_exhausted","budget-exhausted",TRUE,202,202,116,19,248,229,248,132,FALSE,0.996795382650268,0.00320461734973165,0.00875321531794763,TRUE,TRUE,TRUE,0.00320461734973165,0.00320976313236114,0.00205051057116185,142,67,24,75,43,1,87994,100,2331,0,23273,432,202,23047,0,23249,12.16,,
"regional-compression-exact-study-2026-08-13","production",TRUE,12,"perturbed",21,0.05,0.05,"exact","precomputed_exact_table","exact",202804100,202804121,,25000,"certified","bounds-met",TRUE,70,70,76,76,76,0,76,0,TRUE,0.951040349952542,0.0489596500474577,0.0489596500474549,TRUE,TRUE,TRUE,0.0489596500474577,0.0501987883646511,0.0153626393343419,23,23,24,0,0,,,,,0,94,66,70,0,0,70,1.06,,
"regional-compression-exact-study-2026-08-13","production",TRUE,12,"perturbed",21,0.05,0.05,"stochastic","precomputed_exact_table","iid",202804100,202804122,100,25000,"budget_exhausted","budget-exhausted",TRUE,202,202,76,18,158,140,158,82,FALSE,0.991306583099106,0.00869341690089387,0.0488039838485579,TRUE,TRUE,TRUE,0.00869341690089387,0.00873142509061961,0.0037718525226213,142,67,24,75,43,1,87994,100,2331,0,23273,437,202,23047,0,23249,12.69,,
"regional-compression-exact-study-2026-08-13","production",TRUE,12,"perturbed",21,0.1,0.05,"exact","precomputed_exact_table","exact",202804100,202804131,,25000,"certified","bounds-met",TRUE,52,52,46,46,46,0,46,0,TRUE,0.900397667395315,0.0996023326046847,0.0996023326046818,TRUE,TRUE,TRUE,0.0996023326046847,0.104918760584507,0.0316288947649409,17,17,24,0,0,,,,,0,76,54,52,0,0,52,0.859999999999999,,
"regional-compression-exact-study-2026-08-13","production",TRUE,12,"perturbed",21,0.1,0.05,"stochastic","precomputed_exact_table","iid",202804100,202804132,100,25000,"budget_exhausted","budget-exhausted",TRUE,202,202,46,9,107,98,107,61,FALSE,0.989160052259703,0.0108399477402973,0.0833410729842559,TRUE,TRUE,TRUE,0.0108399477402973,0.010899128036596,0.00369815928619849,142,67,24,75,43,1,87994,100,2331,0,23273,433,202,23047,0,23249,15.2,,
"regional-compression-exact-study-2026-08-13","production",TRUE,12,"perturbed",21,0.2,0.05,"exact","precomputed_exact_table","exact",202804100,202804141,,25000,"certified","bounds-met",TRUE,25,25,19,19,19,0,19,0,TRUE,0.842784795589849,0.157215204410151,0.157215204410148,TRUE,TRUE,TRUE,0.157215204410151,0.171043637568595,0.036318849903988,8,8,24,0,0,,,,,0,49,36,25,0,0,25,0.360000000000007,,
"regional-compression-exact-study-2026-08-13","production",TRUE,12,"perturbed",21,0.2,0.05,"stochastic","precomputed_exact_table","iid",202804100,202804142,100,25000,"budget_exhausted","budget-exhausted",TRUE,202,202,19,9,88,79,88,69,FALSE,0.943898470238991,0.0561015297610086,0.172966726784931,TRUE,TRUE,TRUE,0.0561015297610086,0.0577366713337769,0.0359599847809156,142,67,24,75,43,1,87994,100,2331,0,23273,424,202,23047,0,23249,11.42,,
"regional-compression-exact-study-2026-08-13","production",TRUE,12,"perturbed",22,0.01,0.05,"exact","precomputed_exact_table","exact",202804200,202804211,,25000,"certified","bounds-met",TRUE,70,70,104,104,104,0,104,0,TRUE,0.99007822193125,0.0099217780687505,0.00992177806875121,TRUE,TRUE,TRUE,0.0099217780687505,0.00997132692302202,0.00329847847554268,23,23,24,0,0,,,,,0,94,66,70,0,0,70,1.72,,
"regional-compression-exact-study-2026-08-13","production",TRUE,12,"perturbed",22,0.01,0.05,"stochastic","precomputed_exact_table","iid",202804200,202804212,100,25000,"budget_exhausted","budget-exhausted",TRUE,163,163,104,55,162,107,162,58,FALSE,0.997356252859204,0.00264374714079585,0.00835516419336614,TRUE,TRUE,TRUE,0.00264374714079585,0.00264724801190805,0.00116790889998865,98,54,24,44,19,41,32151,100,2299,0,23713,397,163,23526,0,23689,6.72,,
"regional-compression-exact-study-2026-08-13","production",TRUE,12,"perturbed",22,0.05,0.05,"exact","precomputed_exact_table","exact",202804200,202804221,,25000,"certified","bounds-met",TRUE,43,43,46,46,46,0,46,0,TRUE,0.953858720228911,0.0461412797710887,0.0461412797710895,TRUE,TRUE,TRUE,0.0461412797710887,0.0472397105037916,0.0149007748698838,14,14,24,0,0,,,,,0,67,48,43,0,0,43,0.800000000000001,,
"regional-compression-exact-study-2026-08-13","production",TRUE,12,"perturbed",22,0.05,0.05,"stochastic","precomputed_exact_table","iid",202804200,202804222,100,25000,"budget_exhausted","budget-exhausted",TRUE,163,163,46,18,84,66,84,38,FALSE,0.984387536220335,0.0156124637796647,0.0493614784952082,TRUE,TRUE,TRUE,0.0156124637796647,0.0157356218412716,0.0051738752931387,98,54,24,44,19,41,32151,100,2299,0,23713,408,163,23526,0,23689,6.71,,
"regional-compression-exact-study-2026-08-13","production",TRUE,12,"perturbed",22,0.1,0.05,"exact","precomputed_exact_table","exact",202804200,202804231,,25000,"certified","bounds-met",TRUE,37,37,36,36,36,0,36,0,TRUE,0.90001889355793,0.09998110644207,0.0999811064420708,TRUE,TRUE,TRUE,0.09998110644207,0.105339523036029,0.0296773541235404,12,12,24,0,0,,,,,0,61,44,37,0,0,37,0.760000000000002,,
"regional-compression-exact-study-2026-08-13","production",TRUE,12,"perturbed",22,0.1,0.05,"stochastic","precomputed_exact_table","iid",202804200,202804232,100,25000,"budget_exhausted","budget-exhausted",TRUE,163,163,36,9,56,47,56,20,FALSE,0.976811011403562,0.0231889885964379,0.0791936292916307,TRUE,TRUE,TRUE,0.0231889885964379,0.0234620833135116,0.00771827511532012,98,54,24,44,19,41,32151,100,2299,0,23713,377,163,23526,0,23689,7.33,,
"regional-compression-exact-study-2026-08-13","production",TRUE,12,"perturbed",22,0.2,0.05,"exact","precomputed_exact_table","exact",202804200,202804241,,25000,"certified","bounds-met",TRUE,37,37,18,18,18,0,18,0,TRUE,0.827526859186432,0.172473140813568,0.172473140813569,TRUE,TRUE,TRUE,0.172473140813568,0.189313714026338,0.0470761013500053,12,12,24,0,0,,,,,0,61,44,37,0,0,37,0.490000000000002,,
"regional-compression-exact-study-2026-08-13","production",TRUE,12,"perturbed",22,0.2,0.05,"stochastic","precomputed_exact_table","iid",202804200,202804242,100,25000,"budget_exhausted","budget-exhausted",TRUE,163,163,18,9,46,37,46,28,FALSE,0.953858720228911,0.0461412797710887,0.160309012849299,TRUE,TRUE,TRUE,0.0461412797710887,0.0472397105037916,0.0149007748698838,98,54,24,44,19,41,32151,100,2299,0,23713,393,163,23526,0,23689,6.01,,
"regional-compression-exact-study-2026-08-13","production",TRUE,12,"perturbed",23,0.01,0.05,"exact","precomputed_exact_table","exact",202804300,202804311,,25000,"certified","bounds-met",TRUE,70,70,93,93,93,0,93,0,TRUE,0.990321321542786,0.00967867845721426,0.00967867845721215,TRUE,TRUE,TRUE,0.00967867845721426,0.00972582129911058,0.0037874865247047,23,23,24,0,0,,,,,0,94,66,70,0,0,70,1.63,,
"regional-compression-exact-study-2026-08-13","production",TRUE,12,"perturbed",23,0.01,0.05,"stochastic","precomputed_exact_table","iid",202804300,202804312,100,25000,"budget_exhausted","budget-exhausted",TRUE,247,247,93,9,195,186,195,102,FALSE,0.999311855480031,0.000688144519968903,0.00934323676640163,TRUE,TRUE,TRUE,0.000688144519968903,0.000688381400087156,0.000335762165102345,200,82,24,118,69,7,642224,100,2256,0,23318,450,247,23047,0,23294,21.04,,
"regional-compression-exact-study-2026-08-13","production",TRUE,12,"perturbed",23,0.05,0.05,"exact","precomputed_exact_table","exact",202804300,202804321,,25000,"certified","bounds-met",TRUE,40,40,46,46,46,0,46,0,TRUE,0.958326711514192,0.0416732884858076,0.0416732884858055,TRUE,TRUE,TRUE,0.0416732884858076,0.0425665241669892,0.0170713203554728,13,13,24,0,0,,,,,0,64,46,40,0,0,40,0.649999999999999,,
"regional-compression-exact-study-2026-08-13","production",TRUE,12,"perturbed",23,0.05,0.05,"stochastic","precomputed_exact_table","iid",202804300,202804322,100,25000,"budget_exhausted","budget-exhausted",TRUE,247,247,46,9,127,118,127,81,FALSE,0.994023929685602,0.00597607031439795,0.0492898310643136,TRUE,TRUE,TRUE,0.00597607031439795,0.00599399848495589,0.00344771426069645,200,82,24,118,69,7,642224,100,2256,0,23318,453,247,23047,0,23294,22.37,,
"regional-compression-exact-study-2026-08-13","production",TRUE,12,"perturbed",23,0.1,0.05,"exact","precomputed_exact_table","exact",202804300,202804331,,25000,"certified","bounds-met",TRUE,31,31,28,28,28,0,28,0,TRUE,0.902406873453398,0.0975931265466016,0.0975931265465991,TRUE,TRUE,TRUE,0.0975931265466016,0.102689781408532,0.0263098113494251,10,10,24,0,0,,,,,0,55,40,31,0,0,31,0.609999999999999,,
"regional-compression-exact-study-2026-08-13","production",TRUE,12,"perturbed",23,0.1,0.05,"stochastic","precomputed_exact_table","iid",202804300,202804332,100,25000,"budget_exhausted","budget-exhausted",TRUE,247,247,28,9,106,97,106,78,FALSE,0.991291992381895,0.00870800761810531,0.099949983323631,TRUE,TRUE,TRUE,0.00870800761810531,0.00874614387171039,0.0049880802169208,200,82,24,118,69,7,642224,100,2256,0,23318,440,247,23047,0,23294,20.71,,
"regional-compression-exact-study-2026-08-13","production",TRUE,12,"perturbed",23,0.2,0.05,"exact","precomputed_exact_table","exact",202804300,202804341,,25000,"certified","bounds-met",TRUE,16,16,9,9,9,0,9,0,TRUE,0.827605653213182,0.172394346786818,0.172394346786815,TRUE,TRUE,TRUE,0.172394346786818,0.189218502281998,0.0379475330185587,5,5,24,0,0,,,,,0,40,30,16,0,0,16,0.25,,
"regional-compression-exact-study-2026-08-13","production",TRUE,12,"perturbed",23,0.2,0.05,"stochastic","precomputed_exact_table","iid",202804300,202804342,100,25000,"budget_exhausted","budget-exhausted",TRUE,247,247,9,9,76,67,76,67,FALSE,0.988077764782672,0.0119222352173283,0.193177267211423,TRUE,TRUE,TRUE,0.0119222352173283,0.011993875037481,0.00487820826522283,200,82,24,118,69,7,642224,100,2256,0,23318,462,247,23047,0,23294,23.02,,
"regional-compression-exact-study-2026-08-13","production",TRUE,12,"perturbed",24,0.01,0.05,"exact","precomputed_exact_table","exact",202804400,202804411,,25000,"certified","bounds-met",TRUE,106,106,182,182,182,0,182,0,TRUE,0.990416217180103,0.00958378281989714,0.00958378281990047,TRUE,TRUE,TRUE,0.00958378281989714,0.00963000281176983,0.00297041542948771,35,35,24,0,0,,,,,0,130,88,106,0,0,106,2.86,,
"regional-compression-exact-study-2026-08-13","production",TRUE,12,"perturbed",24,0.01,0.05,"stochastic","precomputed_exact_table","iid",202804400,202804412,100,25000,"budget_exhausted","budget-exhausted",TRUE,358,358,182,154,201,47,201,19,FALSE,0.99263368606953,0.00736631393047027,0.00988612312760399,TRUE,TRUE,TRUE,0.00736631393047027,0.00739357919980494,0.00302100623830648,345,119,24,226,0,1,343,100,343,0,24935,1425,358,24553,0,24911,72.36,,
"regional-compression-exact-study-2026-08-13","production",TRUE,12,"perturbed",24,0.05,0.05,"exact","precomputed_exact_table","exact",202804400,202804421,,25000,"certified","bounds-met",TRUE,46,46,64,64,64,0,64,0,TRUE,0.953243342043041,0.046756657956959,0.0467566579569625,TRUE,TRUE,TRUE,0.046756657956959,0.0478850647503232,0.0105083767588037,15,15,24,0,0,,,,,0,70,50,46,0,0,46,0.679999999999993,,
"regional-compression-exact-study-2026-08-13","production",TRUE,12,"perturbed",24,0.05,0.05,"stochastic","precomputed_exact_table","iid",202804400,202804422,100,25000,"budget_exhausted","budget-exhausted",TRUE,358,358,64,62,72,10,72,8,FALSE,0.965531657472721,0.0344683425272786,0.046903578088873,TRUE,TRUE,TRUE,0.0344683425272786,0.0350763889688457,0.00901894877932857,345,119,24,226,0,1,343,100,343,0,24935,1390,358,24553,0,24911,63.67,,
"regional-compression-exact-study-2026-08-13","production",TRUE,12,"perturbed",24,0.1,0.05,"exact","precomputed_exact_table","exact",202804400,202804431,,25000,"certified","bounds-met",TRUE,46,46,46,46,46,0,46,0,TRUE,0.911937264570353,0.0880627354296469,0.0880627354296504,TRUE,TRUE,TRUE,0.0880627354296469,0.0921840801221641,0.0173315332066386,15,15,24,0,0,,,,,0,70,50,46,0,0,46,0.919999999999987,,
"regional-compression-exact-study-2026-08-13","production",TRUE,12,"perturbed",24,0.1,0.05,"stochastic","precomputed_exact_table","iid",202804400,202804432,100,25000,"budget_exhausted","budget-exhausted",TRUE,358,358,46,36,54,18,54,8,FALSE,0.924225580000034,0.0757744199999665,0.0984223833110664,TRUE,TRUE,TRUE,0.0757744199999665,0.0787991029371867,0.0188594879494118,345,119,24,226,0,1,343,100,343,0,24935,1396,358,24553,0,24911,70.1,,
"regional-compression-exact-study-2026-08-13","production",TRUE,12,"perturbed",24,0.2,0.05,"exact","precomputed_exact_table","exact",202804400,202804441,,25000,"certified","bounds-met",TRUE,37,37,26,26,26,0,26,0,TRUE,0.809566478512616,0.190433521487384,0.190433521487388,TRUE,TRUE,TRUE,0.190433521487384,0.211256386305386,0.0467879008184231,12,12,24,0,0,,,,,0,61,44,37,0,0,37,0.699999999999989,,
"regional-compression-exact-study-2026-08-13","production",TRUE,12,"perturbed",24,0.2,0.05,"stochastic","precomputed_exact_table","iid",202804400,202804442,100,25000,"budget_exhausted","budget-exhausted",TRUE,358,358,26,17,27,10,27,1,FALSE,0.846421183451921,0.153578816548079,0.198891156599604,TRUE,TRUE,TRUE,0.153578816548079,0.166738190483444,0.042332062458733,345,119,24,226,0,1,343,100,343,0,24935,1402,358,24553,0,24911,68.54,,
"regional-compression-exact-study-2026-08-13","production",TRUE,12,"perturbed",25,0.01,0.05,"exact","precomputed_exact_table","exact",202804500,202804511,,25000,"certified","bounds-met",TRUE,73,73,134,134,134,0,134,0,TRUE,0.990812927252596,0.00918707274740382,0.00918707274740575,TRUE,TRUE,TRUE,0.00918707274740382,0.00922953416440519,0.00395905780130316,24,24,24,0,0,,,,,0,97,68,73,0,0,73,2.07,,
"regional-compression-exact-study-2026-08-13","production",TRUE,12,"perturbed",25,0.01,0.05,"stochastic","precomputed_exact_table","iid",202804500,202804512,100,25000,"budget_exhausted","budget-exhausted",TRUE,163,163,134,46,226,180,226,92,FALSE,0.996348374532485,0.00365162546751463,0.00977421883927745,TRUE,TRUE,TRUE,0.00365162546751463,0.00365830892708033,0.0025759147274431,124,54,24,70,38,10,157834,100,2348,0,24961,423,163,24774,0,24937,8.98,,
"regional-compression-exact-study-2026-08-13","production",TRUE,12,"perturbed",25,0.05,0.05,"exact","precomputed_exact_table","exact",202804500,202804521,,25000,"certified","bounds-met",TRUE,49,49,66,66,66,0,66,0,TRUE,0.959154226216979,0.0408457737830211,0.040845773783023,TRUE,TRUE,TRUE,0.0408457737830211,0.0417033971988122,0.0141388197781702,16,16,24,0,0,,,,,0,73,52,49,0,0,49,0.720000000000002,,
"regional-compression-exact-study-2026-08-13","production",TRUE,12,"perturbed",25,0.05,0.05,"stochastic","precomputed_exact_table","iid",202804500,202804522,100,25000,"budget_exhausted","budget-exhausted",TRUE,163,163,66,18,116,98,116,50,FALSE,0.985778387462947,0.0142216125370531,0.0479325852774605,TRUE,TRUE,TRUE,0.0142216125370531,0.0143237088069965,0.0086300383064508,124,54,24,70,38,10,157834,100,2348,0,24961,412,163,24774,0,24937,9.58,,
"regional-compression-exact-study-2026-08-13","production",TRUE,12,"perturbed",25,0.1,0.05,"exact","precomputed_exact_table","exact",202804500,202804531,,25000,"certified","bounds-met",TRUE,52,52,46,46,46,0,46,0,TRUE,0.922799455851307,0.0772005441486926,0.0772005441486947,TRUE,TRUE,TRUE,0.0772005441486926,0.0803433423540307,0.022307607345022,17,17,24,0,0,,,,,0,76,54,52,0,0,52,1,,
"regional-compression-exact-study-2026-08-13","production",TRUE,12,"perturbed",25,0.1,0.05,"stochastic","precomputed_exact_table","iid",202804500,202804532,100,25000,"budget_exhausted","budget-exhausted",TRUE,163,163,46,9,97,88,97,51,FALSE,0.967034104384579,0.0329658956154205,0.0827885306361182,TRUE,TRUE,TRUE,0.0329658956154205,0.0335215159143723,0.0253573178711479,124,54,24,70,38,10,157834,100,2348,0,24961,418,163,24774,0,24937,6.92,,
"regional-compression-exact-study-2026-08-13","production",TRUE,12,"perturbed",25,0.2,0.05,"exact","precomputed_exact_table","exact",202804500,202804541,,25000,"certified","bounds-met",TRUE,19,19,19,19,19,0,19,0,TRUE,0.809861414737611,0.190138585262389,0.19013858526239,TRUE,TRUE,TRUE,0.190138585262389,0.210892138870245,0.0890005804155235,6,6,24,0,0,,,,,0,43,32,19,0,0,19,0.280000000000001,,
"regional-compression-exact-study-2026-08-13","production",TRUE,12,"perturbed",25,0.2,0.05,"stochastic","precomputed_exact_table","iid",202804500,202804542,100,25000,"budget_exhausted","budget-exhausted",TRUE,163,163,19,9,76,67,76,57,FALSE,0.956880827639814,0.0431191723601857,0.158503188925469,TRUE,TRUE,TRUE,0.0431191723601857,0.0440764223054538,0.0246824990275292,124,54,24,70,38,10,157834,100,2348,0,24961,410,163,24774,0,24937,7.14,,
"regional-compression-exact-study-2026-08-13","production",TRUE,12,"perturbed",26,0.01,0.05,"exact","precomputed_exact_table","exact",202804600,202804611,,25000,"certified","bounds-met",TRUE,85,85,113,113,113,0,113,0,TRUE,0.990162093752081,0.00983790624791858,0.00983790624791769,TRUE,TRUE,TRUE,0.00983790624791858,0.00988661819326047,0.00343951694532962,28,28,24,0,0,,,,,0,109,76,85,0,0,85,1.89,,
"regional-compression-exact-study-2026-08-13","production",TRUE,12,"perturbed",26,0.01,0.05,"stochastic","precomputed_exact_table","iid",202804600,202804612,100,25000,"budget_exhausted","budget-exhausted",TRUE,154,154,113,64,162,98,162,49,FALSE,0.995790549934015,0.0042094500659855,0.00938199857750651,TRUE,TRUE,TRUE,0.0042094500659855,0.0042183347427492,0.0013268645655606,113,51,24,62,21,19,22020,100,2068,0,24540,549,154,24362,0,24516,7.84,,
"regional-compression-exact-study-2026-08-13","production",TRUE,12,"perturbed",26,0.05,0.05,"exact","precomputed_exact_table","exact",202804600,202804621,,25000,"certified","bounds-met",TRUE,46,46,54,54,54,0,54,0,TRUE,0.952226404122486,0.0477735958775137,0.0477735958775129,TRUE,TRUE,TRUE,0.0477735958775137,0.0489524530089428,0.0239066302888606,15,15,24,0,0,,,,,0,70,50,46,0,0,46,0.989999999999998,,
"regional-compression-exact-study-2026-08-13","production",TRUE,12,"perturbed",26,0.05,0.05,"stochastic","precomputed_exact_table","iid",202804600,202804622,100,25000,"budget_exhausted","budget-exhausted",TRUE,154,154,54,27,64,37,64,10,FALSE,0.981925168770887,0.0180748312291126,0.0437184771121812,TRUE,TRUE,TRUE,0.0180748312291126,0.0182401764122282,0.00607459717289219,113,51,24,62,21,19,22020,100,2068,0,24540,545,154,24362,0,24516,7.35,,
"regional-compression-exact-study-2026-08-13","production",TRUE,12,"perturbed",26,0.1,0.05,"exact","precomputed_exact_table","exact",202804600,202804631,,25000,"certified","bounds-met",TRUE,40,40,36,36,36,0,36,0,TRUE,0.903521001558902,0.0964789984410979,0.096478998441097,TRUE,TRUE,TRUE,0.0964789984410979,0.101455924550497,0.0248631235176211,13,13,24,0,0,,,,,0,64,46,40,0,0,40,0.710000000000001,,
"regional-compression-exact-study-2026-08-13","production",TRUE,12,"perturbed",26,0.1,0.05,"stochastic","precomputed_exact_table","iid",202804600,202804632,100,25000,"budget_exhausted","budget-exhausted",TRUE,154,154,36,9,55,46,55,19,FALSE,0.957241779031994,0.0427582209680057,0.0896041214820163,TRUE,TRUE,TRUE,0.0427582209680057,0.0436992767713064,0.0216603804939769,113,51,24,62,21,19,22020,100,2068,0,24540,540,154,24362,0,24516,7.29,,
"regional-compression-exact-study-2026-08-13","production",TRUE,12,"perturbed",26,0.2,0.05,"exact","precomputed_exact_table","exact",202804600,202804641,,25000,"certified","bounds-met",TRUE,16,16,9,9,9,0,9,0,TRUE,0.816723063609282,0.183276936390718,0.183276936390718,TRUE,TRUE,TRUE,0.183276936390718,0.202455209015079,0.0353887859182938,5,5,24,0,0,,,,,0,40,30,16,0,0,16,0.199999999999996,,
"regional-compression-exact-study-2026-08-13","production",TRUE,12,"perturbed",26,0.2,0.05,"stochastic","precomputed_exact_table","iid",202804600,202804642,100,25000,"budget_exhausted","budget-exhausted",TRUE,154,154,9,9,37,28,37,28,FALSE,0.919471699175856,0.080528300824144,0.178813286516155,TRUE,TRUE,TRUE,0.080528300824144,0.0839560139042444,0.0239066302888606,113,51,24,62,21,19,22020,100,2068,0,24540,560,154,24362,0,24516,6.26,,
"regional-compression-exact-study-2026-08-13","production",TRUE,12,"perturbed",27,0.01,0.05,"exact","precomputed_exact_table","exact",202804700,202804711,,25000,"certified","bounds-met",TRUE,79,79,106,106,106,0,106,0,TRUE,0.990182805214078,0.00981719478592213,0.00981719478592144,TRUE,TRUE,TRUE,0.00981719478592213,0.00986570116814226,0.00302525825906755,26,26,24,0,0,,,,,0,103,72,79,0,0,79,2.59,,
"regional-compression-exact-study-2026-08-13","production",TRUE,12,"perturbed",27,0.01,0.05,"stochastic","precomputed_exact_table","iid",202804700,202804712,100,25000,"budget_exhausted","budget-exhausted",TRUE,187,187,106,46,164,118,164,58,FALSE,0.99724505787093,0.00275494212907001,0.00916995524369935,TRUE,TRUE,TRUE,0.00275494212907001,0.00275874396630372,0.00184834498613319,157,62,24,95,70,98,698609,100,2357,0,24165,295,187,23954,0,24141,12.83,,
"regional-compression-exact-study-2026-08-13","production",TRUE,12,"perturbed",27,0.05,0.05,"exact","precomputed_exact_table","exact",202804700,202804721,,25000,"certified","bounds-met",TRUE,43,43,46,46,46,0,46,0,TRUE,0.95245541333244,0.0475445866675601,0.0475445866675593,TRUE,TRUE,TRUE,0.0475445866675601,0.0487119832265797,0.0155062050325885,14,14,24,0,0,,,,,0,67,48,43,0,0,43,0.93,,
"regional-compression-exact-study-2026-08-13","production",TRUE,12,"perturbed",27,0.05,0.05,"stochastic","precomputed_exact_table","iid",202804700,202804722,100,25000,"budget_exhausted","budget-exhausted",TRUE,187,187,46,9,96,87,96,50,FALSE,0.988279896187875,0.011720103812125,0.0455982219597563,TRUE,TRUE,TRUE,0.011720103812125,0.0117893256182137,0.00446201743886583,157,62,24,95,70,98,698609,100,2357,0,24165,305,187,23954,0,24141,12.17,,
"regional-compression-exact-study-2026-08-13","production",TRUE,12,"perturbed",27,0.1,0.05,"exact","precomputed_exact_table","exact",202804700,202804731,,25000,"certified","bounds-met",TRUE,43,43,37,37,37,0,37,0,TRUE,0.925762338882355,0.0742376611176452,0.0742376611176448,TRUE,TRUE,TRUE,0.0742376611176452,0.077137730751876,0.0282906051883577,14,14,24,0,0,,,,,0,67,48,43,0,0,43,0.609999999999999,,
"regional-compression-exact-study-2026-08-13","production",TRUE,12,"perturbed",27,0.1,0.05,"stochastic","precomputed_exact_table","iid",202804700,202804732,100,25000,"budget_exhausted","budget-exhausted",TRUE,187,187,37,9,64,55,64,27,FALSE,0.975404918163159,0.0245950818368407,0.0999371545322534,TRUE,TRUE,TRUE,0.0245950818368407,0.0249025935175851,0.00976758567116485,157,62,24,95,70,98,698609,100,2357,0,24165,296,187,23954,0,24141,11.53,,
"regional-compression-exact-study-2026-08-13","production",TRUE,12,"perturbed",27,0.2,0.05,"exact","precomputed_exact_table","exact",202804700,202804741,,25000,"certified","bounds-met",TRUE,37,37,18,18,18,0,18,0,TRUE,0.810193034860621,0.189806965139379,0.189806965139379,TRUE,TRUE,TRUE,0.189806965139379,0.210482745065335,0.0612580584144307,12,12,24,0,0,,,,,0,61,44,37,0,0,37,0.439999999999998,,
"regional-compression-exact-study-2026-08-13","production",TRUE,12,"perturbed",27,0.2,0.05,"stochastic","precomputed_exact_table","iid",202804700,202804742,100,25000,"budget_exhausted","budget-exhausted",TRUE,187,187,18,9,47,38,47,29,FALSE,0.935416346854317,0.0645836531456835,0.196028849413701,TRUE,TRUE,TRUE,0.0645836531456835,0.0667635580526763,0.0490161944528049,157,62,24,95,70,98,698609,100,2357,0,24165,295,187,23954,0,24141,11.98,,
"regional-compression-exact-study-2026-08-13","production",TRUE,12,"perturbed",28,0.01,0.05,"exact","precomputed_exact_table","exact",202804800,202804811,,25000,"certified","bounds-met",TRUE,85,85,93,93,93,0,93,0,TRUE,0.990827334314001,0.00917266568599895,0.00917266568599725,TRUE,TRUE,TRUE,0.00917266568599895,0.00921499362272914,0.00359961002849701,28,28,24,0,0,,,,,0,109,76,85,0,0,85,2.88,,
"regional-compression-exact-study-2026-08-13","production",TRUE,12,"perturbed",28,0.01,0.05,"stochastic","precomputed_exact_table","iid",202804800,202804812,100,25000,"budget_exhausted","budget-exhausted",TRUE,220,220,93,9,267,258,267,174,FALSE,0.99718813294074,0.0028118670592604,0.00988912207384563,TRUE,TRUE,TRUE,0.0028118670592604,0.00281582778386963,0.00193141647513401,178,73,24,105,53,8,112489118,100,1403,0,24735,551,220,24491,0,24711,14.9,,
"regional-compression-exact-study-2026-08-13","production",TRUE,12,"perturbed",28,0.05,0.05,"exact","precomputed_exact_table","exact",202804800,202804821,,25000,"certified","bounds-met",TRUE,46,46,46,46,46,0,46,0,TRUE,0.958524919801794,0.0414750801982064,0.0414750801982048,TRUE,TRUE,TRUE,0.0414750801982064,0.0423597180844845,0.0186018553980566,15,15,24,0,0,,,,,0,70,50,46,0,0,46,0.580000000000002,,
"regional-compression-exact-study-2026-08-13","production",TRUE,12,"perturbed",28,0.05,0.05,"stochastic","precomputed_exact_table","iid",202804800,202804822,100,25000,"budget_exhausted","budget-exhausted",TRUE,220,220,46,9,208,199,208,162,FALSE,0.994331851731787,0.00566814826821271,0.049727627697483,TRUE,TRUE,TRUE,0.00566814826821271,0.00568427318174349,0.00385298724094602,178,73,24,105,53,8,112489118,100,1403,0,24735,540,220,24491,0,24711,15.42,,
"regional-compression-exact-study-2026-08-13","production",TRUE,12,"perturbed",28,0.1,0.05,"exact","precomputed_exact_table","exact",202804800,202804831,,25000,"certified","bounds-met",TRUE,37,37,36,36,36,0,36,0,TRUE,0.927042965037468,0.0729570349625318,0.0729570349625302,TRUE,TRUE,TRUE,0.0729570349625318,0.0757553660141061,0.0203322148023356,12,12,24,0,0,,,,,0,61,44,37,0,0,37,0.68,,
"regional-compression-exact-study-2026-08-13","production",TRUE,12,"perturbed",28,0.1,0.05,"stochastic","precomputed_exact_table","iid",202804800,202804832,100,25000,"budget_exhausted","budget-exhausted",TRUE,220,220,36,9,167,158,167,131,FALSE,0.994185392118372,0.00581460788162846,0.0967881042559742,TRUE,TRUE,TRUE,0.00581460788162846,0.00583157853112735,0.00385422740809871,178,73,24,105,53,8,112489118,100,1403,0,24735,545,220,24491,0,24711,16.89,,
"regional-compression-exact-study-2026-08-13","production",TRUE,12,"perturbed",28,0.2,0.05,"exact","precomputed_exact_table","exact",202804800,202804841,,25000,"certified","bounds-met",TRUE,16,16,9,9,9,0,9,0,TRUE,0.829173428199434,0.170826571800566,0.170826571800564,TRUE,TRUE,TRUE,0.170826571800566,0.187325944038365,0.0376921899900254,5,5,24,0,0,,,,,0,40,30,16,0,0,16,0.18,,
"regional-compression-exact-study-2026-08-13","production",TRUE,12,"perturbed",28,0.2,0.05,"stochastic","precomputed_exact_table","iid",202804800,202804842,100,25000,"budget_exhausted","budget-exhausted",TRUE,220,220,9,9,127,118,127,118,FALSE,0.958547671443381,0.041452328556619,0.199013977086702,TRUE,TRUE,TRUE,0.041452328556619,0.0423359822680188,0.0294617556237389,178,73,24,105,53,8,112489118,100,1403,0,24735,540,220,24491,0,24711,14.83,,
"regional-compression-exact-study-2026-08-13","production",TRUE,12,"perturbed",29,0.01,0.05,"exact","precomputed_exact_table","exact",202804900,202804911,,25000,"certified","bounds-met",TRUE,76,76,103,103,103,0,103,0,TRUE,0.990024382431445,0.00997561756855514,0.009975617568556,TRUE,TRUE,TRUE,0.00997561756855514,0.0100257074381522,0.00235555681872191,25,25,24,0,0,,,,,0,100,68,76,0,0,76,2,,
"regional-compression-exact-study-2026-08-13","production",TRUE,12,"perturbed",29,0.01,0.05,"stochastic","precomputed_exact_table","iid",202804900,202804912,100,25000,"budget_exhausted","budget-exhausted",TRUE,361,361,103,75,131,56,131,28,FALSE,0.992812541270171,0.00718745872982929,0.0097471704992191,TRUE,TRUE,TRUE,0.00718745872982929,0.00721341294935511,0.00236121742403103,342,120,24,222,0,1,321,100,321,0,24931,1552,361,24546,0,24907,73.73,,
"regional-compression-exact-study-2026-08-13","production",TRUE,12,"perturbed",29,0.05,0.05,"exact","precomputed_exact_table","exact",202804900,202804921,,25000,"certified","bounds-met",TRUE,46,46,47,47,47,0,47,0,TRUE,0.95819713452972,0.0418028654702801,0.0418028654702809,TRUE,TRUE,TRUE,0.0418028654702801,0.0427017450095969,0.0143444255145633,15,15,24,0,0,,,,,0,70,50,46,0,0,46,1.03,,
"regional-compression-exact-study-2026-08-13","production",TRUE,12,"perturbed",29,0.05,0.05,"stochastic","precomputed_exact_table","iid",202804900,202804922,100,25000,"budget_exhausted","budget-exhausted",TRUE,361,361,47,38,55,17,55,8,FALSE,0.961845503436454,0.0381544965635464,0.0495174581193068,TRUE,TRUE,TRUE,0.0381544965635464,0.038901440552291,0.0158713019007024,342,120,24,222,0,1,321,100,321,0,24931,1578,361,24546,0,24907,73.95,,
"regional-compression-exact-study-2026-08-13","production",TRUE,12,"perturbed",29,0.1,0.05,"exact","precomputed_exact_table","exact",202804900,202804931,,25000,"certified","bounds-met",TRUE,28,28,29,29,29,0,29,0,TRUE,0.904328627977129,0.0956713720228713,0.0956713720228716,TRUE,TRUE,TRUE,0.0956713720228713,0.100562458126346,0.0307922492464711,9,9,24,0,0,,,,,0,52,38,28,0,0,28,0.409999999999997,,
"regional-compression-exact-study-2026-08-13","production",TRUE,12,"perturbed",29,0.1,0.05,"stochastic","precomputed_exact_table","iid",202804900,202804932,100,25000,"budget_exhausted","budget-exhausted",TRUE,361,361,29,19,38,19,38,9,FALSE,0.934039032190089,0.0659609678099109,0.085506383936047,TRUE,TRUE,TRUE,0.0659609678099109,0.0682370512730725,0.0164066262586283,342,120,24,222,0,1,321,100,321,0,24931,1552,361,24546,0,24907,73.27,,
"regional-compression-exact-study-2026-08-13","production",TRUE,12,"perturbed",29,0.2,0.05,"exact","precomputed_exact_table","exact",202804900,202804941,,25000,"certified","bounds-met",TRUE,16,16,9,9,9,0,9,0,TRUE,0.829660474897062,0.170339525102938,0.170339525102939,TRUE,TRUE,TRUE,0.170339525102938,0.186738728271055,0.0310346714747147,5,5,24,0,0,,,,,0,40,30,16,0,0,16,0.169999999999987,,
"regional-compression-exact-study-2026-08-13","production",TRUE,12,"perturbed",29,0.2,0.05,"stochastic","precomputed_exact_table","iid",202804900,202804942,100,25000,"budget_exhausted","budget-exhausted",TRUE,361,361,9,9,18,9,18,9,FALSE,0.859370879110022,0.140629120889978,0.184245076645331,TRUE,TRUE,TRUE,0.140629120889978,0.151554693356127,0.0250947043711725,342,120,24,222,0,1,321,100,321,0,24931,1556,361,24546,0,24907,72.23,,
"regional-compression-exact-study-2026-08-13","production",TRUE,12,"perturbed",30,0.01,0.05,"exact","precomputed_exact_table","exact",202805000,202805011,,25000,"certified","bounds-met",TRUE,76,76,102,102,102,0,102,0,TRUE,0.990324333784328,0.00967566621567151,0.0096756662156746,TRUE,TRUE,TRUE,0.00967566621567151,0.0097227796227414,0.00336283136689446,25,25,24,0,0,,,,,0,100,70,76,0,0,76,1.97,,
"regional-compression-exact-study-2026-08-13","production",TRUE,12,"perturbed",30,0.01,0.05,"stochastic","precomputed_exact_table","iid",202805000,202805012,100,25000,"budget_exhausted","budget-exhausted",TRUE,163,163,102,73,122,49,122,20,FALSE,0.993072427887516,0.00692757211248429,0.00988632520409235,TRUE,TRUE,TRUE,0.00692757211248429,0.00695167914013166,0.00225607201081273,129,54,24,75,1,6,2590,100,2119,0,23268,693,163,23081,0,23244,8.98,,
"regional-compression-exact-study-2026-08-13","production",TRUE,12,"perturbed",30,0.05,0.05,"exact","precomputed_exact_table","exact",202805000,202805021,,25000,"certified","bounds-met",TRUE,46,46,47,47,47,0,47,0,TRUE,0.96002799917171,0.0399720008282899,0.0399720008282929,TRUE,TRUE,TRUE,0.0399720008282899,0.0407928291417042,0.0128720603189654,15,15,24,0,0,,,,,0,70,50,46,0,0,46,0.66,,
"regional-compression-exact-study-2026-08-13","production",TRUE,12,"perturbed",30,0.05,0.05,"stochastic","precomputed_exact_table","iid",202805000,202805022,100,25000,"budget_exhausted","budget-exhausted",TRUE,163,163,47,46,56,10,56,9,FALSE,0.983234559001715,0.0167654409982849,0.0239025481621508,TRUE,TRUE,TRUE,0.0167654409982849,0.0169075718344991,0.00540951896870506,129,54,24,75,1,6,2590,100,2119,0,23268,688,163,23081,0,23244,9.18,,
"regional-compression-exact-study-2026-08-13","production",TRUE,12,"perturbed",30,0.1,0.05,"exact","precomputed_exact_table","exact",202805000,202805031,,25000,"certified","bounds-met",TRUE,46,46,36,36,36,0,36,0,TRUE,0.911298176044611,0.0887018239553893,0.0887018239553915,TRUE,TRUE,TRUE,0.0887018239553893,0.0928851289693729,0.0225262555401544,15,15,24,0,0,,,,,0,70,50,46,0,0,46,0.720000000000002,,
"regional-compression-exact-study-2026-08-13","production",TRUE,12,"perturbed",30,0.1,0.05,"stochastic","precomputed_exact_table","iid",202805000,202805032,100,25000,"budget_exhausted","budget-exhausted",TRUE,163,163,36,27,38,11,38,2,FALSE,0.92878598745474,0.0712140125452596,0.0958998207340066,TRUE,TRUE,TRUE,0.0712140125452596,0.0738769354319634,0.0331931049582307,129,54,24,75,1,6,2590,100,2119,0,23268,707,163,23081,0,23244,9.89,,
"regional-compression-exact-study-2026-08-13","production",TRUE,12,"perturbed",30,0.2,0.05,"exact","precomputed_exact_table","exact",202805000,202805041,,25000,"certified","bounds-met",TRUE,16,16,9,9,9,0,9,0,TRUE,0.820405597031733,0.179594402968267,0.17959440296827,TRUE,TRUE,TRUE,0.179594402968267,0.197956430486689,0.0419127032103475,5,5,24,0,0,,,,,0,40,30,16,0,0,16,0.289999999999999,,
"regional-compression-exact-study-2026-08-13","production",TRUE,12,"perturbed",30,0.2,0.05,"stochastic","precomputed_exact_table","iid",202805000,202805042,100,25000,"budget_exhausted","budget-exhausted",TRUE,163,163,9,9,18,9,18,9,FALSE,0.856849604497636,0.143150395502364,0.19238668706882,TRUE,TRUE,TRUE,0.143150395502364,0.154492866452516,0.032845917232293,129,54,24,75,1,6,2590,100,2119,0,23268,729,163,23081,0,23244,9.81,,
"regional-compression-exact-study-2026-08-13","production",TRUE,12,"perturbed",31,0.01,0.05,"exact","precomputed_exact_table","exact",202805100,202805111,,25000,"certified","bounds-met",TRUE,58,58,107,107,107,0,107,0,TRUE,0.99057897874955,0.00942102125044975,0.00942102125044633,TRUE,TRUE,TRUE,0.00942102125044975,0.00946567977842976,0.00345492910673598,19,19,24,0,0,,,,,0,82,58,58,0,0,58,1.56,,
"regional-compression-exact-study-2026-08-13","production",TRUE,12,"perturbed",31,0.01,0.05,"stochastic","precomputed_exact_table","iid",202805100,202805112,100,25000,"budget_exhausted","budget-exhausted",TRUE,217,217,107,28,266,238,266,159,FALSE,0.999227764358251,0.000772235641748775,0.00945196617662781,TRUE,TRUE,TRUE,0.000772235641748775,0.000772533969287962,0.000305922914097576,176,72,24,104,87,243,593060,243,2417,0,24313,295,217,24072,0,24289,16.34,,
"regional-compression-exact-study-2026-08-13","production",TRUE,12,"perturbed",31,0.05,0.05,"exact","precomputed_exact_table","exact",202805100,202805121,,25000,"certified","bounds-met",TRUE,46,46,56,56,56,0,56,0,TRUE,0.970080665569552,0.0299193344304485,0.0299193344304452,TRUE,TRUE,TRUE,0.0299193344304485,0.0303760505613604,0.0157462822162147,15,15,24,0,0,,,,,0,70,50,46,0,0,46,0.98,,
"regional-compression-exact-study-2026-08-13","production",TRUE,12,"perturbed",31,0.05,0.05,"stochastic","precomputed_exact_table","iid",202805100,202805122,100,25000,"budget_exhausted","budget-exhausted",TRUE,217,217,56,9,163,154,163,107,FALSE,0.996108064254024,0.00389193574597568,0.049505634774812,TRUE,TRUE,TRUE,0.00389193574597568,0.00389952903603555,0.00137689261642943,176,72,24,104,87,243,593060,243,2417,0,24313,295,217,24072,0,24289,16.29,,
"regional-compression-exact-study-2026-08-13","production",TRUE,12,"perturbed",31,0.1,0.05,"exact","precomputed_exact_table","exact",202805100,202805131,,25000,"certified","bounds-met",TRUE,43,43,37,37,37,0,37,0,TRUE,0.91740372944255,0.0825962705574498,0.0825962705574463,TRUE,TRUE,TRUE,0.0825962705574498,0.0862076315967309,0.021909549810929,14,14,24,0,0,,,,,0,67,48,43,0,0,43,0.549999999999997,,
"regional-compression-exact-study-2026-08-13","production",TRUE,12,"perturbed",31,0.1,0.05,"stochastic","precomputed_exact_table","iid",202805100,202805132,100,25000,"budget_exhausted","budget-exhausted",TRUE,217,217,37,9,116,107,116,79,FALSE,0.991731071895307,0.00826892810469315,0.0980053129645207,TRUE,TRUE,TRUE,0.00826892810469315,0.008303305330397,0.00306849870725371,176,72,24,104,87,243,593060,243,2417,0,24313,295,217,24072,0,24289,14.31,,
"regional-compression-exact-study-2026-08-13","production",TRUE,12,"perturbed",31,0.2,0.05,"exact","precomputed_exact_table","exact",202805100,202805141,,25000,"certified","bounds-met",TRUE,19,19,19,19,19,0,19,0,TRUE,0.858172639521296,0.141827360478704,0.141827360478701,TRUE,TRUE,TRUE,0.141827360478704,0.152949988171224,0.0340682717926862,6,6,24,0,0,,,,,0,43,32,19,0,0,19,0.189999999999998,,
"regional-compression-exact-study-2026-08-13","production",TRUE,12,"perturbed",31,0.2,0.05,"stochastic","precomputed_exact_table","iid",202805100,202805142,100,25000,"budget_exhausted","budget-exhausted",TRUE,217,217,19,9,87,78,87,68,FALSE,0.983411915756176,0.0165880842438237,0.179349190551871,TRUE,TRUE,TRUE,0.0165880842438237,0.0167272071810462,0.00541973035243849,176,72,24,104,87,243,593060,243,2417,0,24313,292,217,24072,0,24289,13.84,,
"regional-compression-exact-study-2026-08-13","production",TRUE,12,"perturbed",32,0.01,0.05,"exact","precomputed_exact_table","exact",202805200,202805211,,25000,"certified","bounds-met",TRUE,70,70,94,94,94,0,94,0,TRUE,0.99013956799072,0.00986043200927977,0.00986043200927719,TRUE,TRUE,TRUE,0.00986043200927977,0.0099093680215289,0.00322191994291949,23,23,24,0,0,,,,,0,94,66,70,0,0,70,1.69,,
"regional-compression-exact-study-2026-08-13","production",TRUE,12,"perturbed",32,0.01,0.05,"stochastic","precomputed_exact_table","iid",202805200,202805212,100,25000,"budget_exhausted","budget-exhausted",TRUE,265,265,94,18,212,194,212,118,FALSE,0.999289610632016,0.000710389367984399,0.00980800142766619,TRUE,TRUE,TRUE,0.000710389367984399,0.000710641814075231,0.000283447771172889,215,88,24,127,73,3,252514,100,2482,0,24937,507,265,24648,0,24913,25.08,,
"regional-compression-exact-study-2026-08-13","production",TRUE,12,"perturbed",32,0.05,0.05,"exact","precomputed_exact_table","exact",202805200,202805221,,25000,"certified","bounds-met",TRUE,43,43,46,46,46,0,46,0,TRUE,0.959773927824472,0.0402260721755283,0.0402260721755258,TRUE,TRUE,TRUE,0.0402260721755283,0.0410575141023233,0.0149147971426492,14,14,24,0,0,,,,,0,67,48,43,0,0,43,0.789999999999999,,
"regional-compression-exact-study-2026-08-13","production",TRUE,12,"perturbed",32,0.05,0.05,"stochastic","precomputed_exact_table","iid",202805200,202805222,100,25000,"budget_exhausted","budget-exhausted",TRUE,265,265,46,9,145,136,145,99,FALSE,0.995364835529307,0.00463516447069268,0.0464256983997811,TRUE,TRUE,TRUE,0.00463516447069268,0.00464594015647216,0.00288257606219769,215,88,24,127,73,3,252514,100,2482,0,24937,487,265,24648,0,24913,22.79,,
"regional-compression-exact-study-2026-08-13","production",TRUE,12,"perturbed",32,0.1,0.05,"exact","precomputed_exact_table","exact",202805200,202805231,,25000,"certified","bounds-met",TRUE,43,43,36,36,36,0,36,0,TRUE,0.915441886830263,0.0845581131697372,0.0845581131697343,TRUE,TRUE,TRUE,0.0845581131697372,0.0883483938563639,0.0322691029385072,14,14,24,0,0,,,,,0,67,48,43,0,0,43,0.579999999999998,,
"regional-compression-exact-study-2026-08-13","production",TRUE,12,"perturbed",32,0.1,0.05,"stochastic","precomputed_exact_table","iid",202805200,202805232,100,25000,"budget_exhausted","budget-exhausted",TRUE,265,265,36,9,115,106,115,79,FALSE,0.992308329004662,0.00769167099533785,0.097484339223939,TRUE,TRUE,TRUE,0.00769167099533785,0.00772140446151089,0.00379089684262177,215,88,24,127,73,3,252514,100,2482,0,24937,494,265,24648,0,24913,21.31,,
"regional-compression-exact-study-2026-08-13","production",TRUE,12,"perturbed",32,0.2,0.05,"exact","precomputed_exact_table","exact",202805200,202805241,,25000,"certified","bounds-met",TRUE,16,16,9,9,9,0,9,0,TRUE,0.818561190821852,0.181438809178148,0.181438809178145,TRUE,TRUE,TRUE,0.181438809178148,0.200207125256271,0.0367392956545918,5,5,24,0,0,,,,,0,40,30,16,0,0,16,0.180000000000007,,
"regional-compression-exact-study-2026-08-13","production",TRUE,12,"perturbed",32,0.2,0.05,"stochastic","precomputed_exact_table","iid",202805200,202805242,100,25000,"budget_exhausted","budget-exhausted",TRUE,265,265,9,9,66,57,66,57,FALSE,0.985642261939441,0.0143577380605585,0.197859351111275,TRUE,TRUE,TRUE,0.0143577380605585,0.0144618077193346,0.00487460766207785,215,88,24,127,73,3,252514,100,2482,0,24937,491,265,24648,0,24913,21.81,,
"regional-compression-exact-study-2026-08-13","production",TRUE,12,"perturbed",33,0.01,0.05,"exact","precomputed_exact_table","exact",202805300,202805311,,25000,"certified","bounds-met",TRUE,70,70,107,107,107,0,107,0,TRUE,0.990295863089581,0.00970413691041927,0.00970413691041738,TRUE,TRUE,TRUE,0.00970413691041927,0.00975152889511039,0.00280492057594159,23,23,24,0,0,,,,,0,94,64,70,0,0,70,1.68,,
"regional-compression-exact-study-2026-08-13","production",TRUE,12,"perturbed",33,0.01,0.05,"stochastic","precomputed_exact_table","iid",202805300,202805312,100,25000,"budget_exhausted","budget-exhausted",TRUE,250,250,107,44,197,153,197,90,FALSE,0.997659403543074,0.00234059645692586,0.00896376225947366,TRUE,TRUE,TRUE,0.00234059645692586,0.00234333993456501,0.00113679107779173,165,83,24,82,68,1123,41369,1123,2480,0,24778,306,250,24504,0,24754,16.8,,
"regional-compression-exact-study-2026-08-13","production",TRUE,12,"perturbed",33,0.05,0.05,"exact","precomputed_exact_table","exact",202805300,202805321,,25000,"certified","bounds-met",TRUE,52,52,54,54,54,0,54,0,TRUE,0.959025575198923,0.0409744248010774,0.0409744248010756,TRUE,TRUE,TRUE,0.0409744248010774,0.0418375358422847,0.0147060522379055,17,17,24,0,0,,,,,0,76,53,52,0,0,52,1,,
"regional-compression-exact-study-2026-08-13","production",TRUE,12,"perturbed",33,0.05,0.05,"stochastic","precomputed_exact_table","iid",202805300,202805322,100,25000,"budget_exhausted","budget-exhausted",TRUE,250,250,54,9,107,98,107,53,FALSE,0.990295863089581,0.00970413691041927,0.0483227861552558,TRUE,TRUE,TRUE,0.00970413691041927,0.00975152889511039,0.00280492057594159,165,83,24,82,68,1123,41369,1123,2480,0,24778,309,250,24504,0,24754,16,,
"regional-compression-exact-study-2026-08-13","production",TRUE,12,"perturbed",33,0.1,0.05,"exact","precomputed_exact_table","exact",202805300,202805331,,25000,"certified","bounds-met",TRUE,43,43,35,35,35,0,35,0,TRUE,0.911038161239464,0.0889618387605361,0.0889618387605339,TRUE,TRUE,TRUE,0.0889618387605361,0.0931704932038356,0.017191407942813,14,14,24,0,0,,,,,0,67,47,43,0,0,43,0.870000000000005,,
"regional-compression-exact-study-2026-08-13","production",TRUE,12,"perturbed",33,0.1,0.05,"stochastic","precomputed_exact_table","iid",202805300,202805332,100,25000,"budget_exhausted","budget-exhausted",TRUE,250,250,35,9,64,55,64,29,FALSE,0.982236628876663,0.0177633711233366,0.080080556409054,TRUE,TRUE,TRUE,0.0177633711233366,0.017923033385865,0.00555514949919225,165,83,24,82,68,1123,41369,1123,2480,0,24778,306,250,24504,0,24754,14.41,,
"regional-compression-exact-study-2026-08-13","production",TRUE,12,"perturbed",33,0.2,0.05,"exact","precomputed_exact_table","exact",202805300,202805341,,25000,"certified","bounds-met",TRUE,16,16,9,9,9,0,9,0,TRUE,0.800438715236219,0.199561284763781,0.199561284763779,TRUE,TRUE,TRUE,0.199561284763781,0.222595307581999,0.0367387161446429,5,5,24,0,0,,,,,0,40,30,16,0,0,16,0.189999999999998,,
"regional-compression-exact-study-2026-08-13","production",TRUE,12,"perturbed",33,0.2,0.05,"stochastic","precomputed_exact_table","iid",202805300,202805342,100,25000,"budget_exhausted","budget-exhausted",TRUE,250,250,9,9,55,46,55,46,FALSE,0.961424045909624,0.0385759540903763,0.163551247156903,TRUE,TRUE,TRUE,0.0385759540903763,0.0393397124874125,0.0104732469105154,165,83,24,82,68,1123,41369,1123,2480,0,24778,306,250,24504,0,24754,13.31,,
"regional-compression-exact-study-2026-08-13","production",TRUE,12,"perturbed",34,0.01,0.05,"exact","precomputed_exact_table","exact",202805400,202805411,,25000,"certified","bounds-met",TRUE,79,79,113,113,113,0,113,0,TRUE,0.99020080804873,0.00979919195127033,0.00979919195126676,TRUE,TRUE,TRUE,0.00979919195127033,0.00984752000916706,0.00307122093282501,26,26,24,0,0,,,,,0,103,72,79,0,0,79,1.84,,
"regional-compression-exact-study-2026-08-13","production",TRUE,12,"perturbed",34,0.01,0.05,"stochastic","precomputed_exact_table","iid",202805400,202805412,100,25000,"budget_exhausted","budget-exhausted",TRUE,175,175,113,28,216,188,216,103,FALSE,0.998943196855988,0.0010568031440118,0.00934517727173664,TRUE,TRUE,TRUE,0.0010568031440118,0.00105736195419066,0.000518218390051561,128,58,24,70,38,6,84028,100,2353,0,23725,471,175,23526,0,23701,8.86,,
"regional-compression-exact-study-2026-08-13","production",TRUE,12,"perturbed",34,0.05,0.05,"exact","precomputed_exact_table","exact",202805400,202805421,,25000,"certified","bounds-met",TRUE,43,43,54,54,54,0,54,0,TRUE,0.957838772828147,0.0421612271718532,0.0421612271718496,TRUE,TRUE,TRUE,0.0421612271718532,0.0430758107610534,0.014834928253175,14,14,24,0,0,,,,,0,67,48,43,0,0,43,0.789999999999999,,
"regional-compression-exact-study-2026-08-13","production",TRUE,12,"perturbed",34,0.05,0.05,"stochastic","precomputed_exact_table","iid",202805400,202805422,100,25000,"budget_exhausted","budget-exhausted",TRUE,175,175,54,9,133,124,133,79,FALSE,0.990067609643606,0.00993239035639437,0.0492495473172265,TRUE,TRUE,TRUE,0.00993239035639437,0.00998204561603417,0.00665021371665435,128,58,24,70,38,6,84028,100,2353,0,23725,471,175,23526,0,23701,9.45,,
"regional-compression-exact-study-2026-08-13","production",TRUE,12,"perturbed",34,0.1,0.05,"exact","precomputed_exact_table","exact",202805400,202805431,,25000,"certified","bounds-met",TRUE,43,43,36,36,36,0,36,0,TRUE,0.910193026348055,0.0898069736519449,0.0898069736519413,TRUE,TRUE,TRUE,0.0898069736519449,0.0940985850988483,0.0243913637178107,14,14,24,0,0,,,,,0,67,48,43,0,0,43,0.66,,
"regional-compression-exact-study-2026-08-13","production",TRUE,12,"perturbed",34,0.1,0.05,"stochastic","precomputed_exact_table","iid",202805400,202805432,100,25000,"budget_exhausted","budget-exhausted",TRUE,175,175,36,9,95,86,95,59,FALSE,0.986329738595808,0.0136702614041918,0.0970159101622302,TRUE,TRUE,TRUE,0.0136702614041918,0.0137645598030034,0.00650661680728785,128,58,24,70,38,6,84028,100,2353,0,23725,460,175,23526,0,23701,9.52,,
"regional-compression-exact-study-2026-08-13","production",TRUE,12,"perturbed",34,0.2,0.05,"exact","precomputed_exact_table","exact",202805400,202805441,,25000,"certified","bounds-met",TRUE,22,22,17,17,17,0,17,0,TRUE,0.814407840045575,0.185592159954425,0.185592159954421,TRUE,TRUE,TRUE,0.185592159954425,0.205294006457197,0.0436995580737604,7,7,24,0,0,,,,,0,46,34,22,0,0,22,0.380000000000003,,
"regional-compression-exact-study-2026-08-13","production",TRUE,12,"perturbed",34,0.2,0.05,"stochastic","precomputed_exact_table","iid",202805400,202805442,100,25000,"budget_exhausted","budget-exhausted",TRUE,175,175,17,9,64,55,64,47,FALSE,0.981106770819454,0.0188932291805461,0.180908331395451,TRUE,TRUE,TRUE,0.0188932291805461,0.0190739865834673,0.00660122000598513,128,58,24,70,38,6,84028,100,2353,0,23725,460,175,23526,0,23701,8.46,,
"regional-compression-exact-study-2026-08-13","production",TRUE,12,"perturbed",35,0.01,0.05,"exact","precomputed_exact_table","exact",202805500,202805511,,25000,"certified","bounds-met",TRUE,76,76,91,91,91,0,91,0,TRUE,0.990695567964624,0.00930443203537645,0.00930443203537696,TRUE,TRUE,TRUE,0.00930443203537645,0.00934798865338985,0.00301493221842465,25,25,24,0,0,,,,,0,100,70,76,0,0,76,2.69,,
"regional-compression-exact-study-2026-08-13","production",TRUE,12,"perturbed",35,0.01,0.05,"stochastic","precomputed_exact_table","iid",202805500,202805512,100,25000,"budget_exhausted","budget-exhausted",TRUE,127,127,91,56,121,65,121,30,FALSE,0.994069490290616,0.00593050970938425,0.00881157653721823,TRUE,TRUE,TRUE,0.00593050970938425,0.00594816502002522,0.00223430496339699,76,42,24,34,0,4,2233,100,2233,0,23730,547,127,23579,0,23706,5.21,,
"regional-compression-exact-study-2026-08-13","production",TRUE,12,"perturbed",35,0.05,0.05,"exact","precomputed_exact_table","exact",202805500,202805521,,25000,"certified","bounds-met",TRUE,46,46,46,46,46,0,46,0,TRUE,0.958479262491395,0.0415207375086051,0.0415207375086056,TRUE,TRUE,TRUE,0.0415207375086051,0.0424073521072258,0.0168841599270215,15,15,24,0,0,,,,,0,70,50,46,0,0,46,0.669999999999998,,
"regional-compression-exact-study-2026-08-13","production",TRUE,12,"perturbed",35,0.05,0.05,"stochastic","precomputed_exact_table","iid",202805500,202805522,100,25000,"budget_exhausted","budget-exhausted",TRUE,127,127,46,37,56,19,56,10,FALSE,0.986118643288261,0.0138813567117394,0.0203694439339856,TRUE,TRUE,TRUE,0.0138813567117394,0.0139786037397597,0.00407519042393778,76,42,24,34,0,4,2233,100,2233,0,23730,531,127,23579,0,23706,4.47,,
"regional-compression-exact-study-2026-08-13","production",TRUE,12,"perturbed",35,0.1,0.05,"exact","precomputed_exact_table","exact",202805500,202805531,,25000,"certified","bounds-met",TRUE,37,37,27,27,27,0,27,0,TRUE,0.901009315712206,0.0989906842877939,0.0989906842877943,TRUE,TRUE,TRUE,0.0989906842877939,0.104239682124024,0.0233961722726176,12,12,24,0,0,,,,,0,61,44,37,0,0,37,0.57,,
"regional-compression-exact-study-2026-08-13","production",TRUE,12,"perturbed",35,0.1,0.05,"stochastic","precomputed_exact_table","iid",202805500,202805532,100,25000,"budget_exhausted","budget-exhausted",TRUE,127,127,27,18,37,19,37,10,FALSE,0.932226116159348,0.0677738838406516,0.0980813825573851,TRUE,TRUE,TRUE,0.0677738838406516,0.0701798798176597,0.0234707153261504,76,42,24,34,0,4,2233,100,2233,0,23730,551,127,23579,0,23706,4.45,,
"regional-compression-exact-study-2026-08-13","production",TRUE,12,"perturbed",35,0.2,0.05,"exact","precomputed_exact_table","exact",202805500,202805541,,25000,"certified","bounds-met",TRUE,16,16,9,9,9,0,9,0,TRUE,0.838280931818729,0.161719068181271,0.161719068181272,TRUE,TRUE,TRUE,0.161719068181271,0.176401993846901,0.0342068637079271,5,5,24,0,0,,,,,0,40,30,16,0,0,16,0.239999999999998,,
"regional-compression-exact-study-2026-08-13","production",TRUE,12,"perturbed",35,0.2,0.05,"stochastic","precomputed_exact_table","iid",202805500,202805542,100,25000,"budget_exhausted","budget-exhausted",TRUE,127,127,9,9,18,9,18,9,FALSE,0.869368965236617,0.130631034763383,0.183275250456291,TRUE,TRUE,TRUE,0.130631034763383,0.139987657824865,0.0341940740393002,76,42,24,34,0,4,2233,100,2233,0,23730,520,127,23579,0,23706,4.39,,
"regional-compression-exact-study-2026-08-13","production",TRUE,12,"perturbed",36,0.01,0.05,"exact","precomputed_exact_table","exact",202805600,202805611,,25000,"certified","bounds-met",TRUE,67,67,108,108,108,0,108,0,TRUE,0.990095652491763,0.00990434750823743,0.00990434750823796,TRUE,TRUE,TRUE,0.00990434750823743,0.00995372184223729,0.00288464795010038,22,22,24,0,0,,,,,0,91,64,67,0,0,67,2.53,,
"regional-compression-exact-study-2026-08-13","production",TRUE,12,"perturbed",36,0.01,0.05,"stochastic","precomputed_exact_table","iid",202805600,202805612,100,25000,"budget_exhausted","budget-exhausted",TRUE,163,163,108,54,186,132,186,78,FALSE,0.996642725515729,0.00335727448427114,0.00931549370352118,TRUE,TRUE,TRUE,0.00335727448427114,0.00336292277570553,0.00176279644617791,114,54,24,60,16,1,4794,100,2364,0,23227,458,163,23040,0,23203,8.27,,
"regional-compression-exact-study-2026-08-13","production",TRUE,12,"perturbed",36,0.05,0.05,"exact","precomputed_exact_table","exact",202805600,202805621,,25000,"certified","bounds-met",TRUE,46,46,54,54,54,0,54,0,TRUE,0.959189135564064,0.0408108644359363,0.0408108644359364,TRUE,TRUE,TRUE,0.0408108644359363,0.0416670018925451,0.0177669938217252,15,15,24,0,0,,,,,0,70,50,46,0,0,46,0.829999999999998,,
"regional-compression-exact-study-2026-08-13","production",TRUE,12,"perturbed",36,0.05,0.05,"stochastic","precomputed_exact_table","iid",202805600,202805622,100,25000,"budget_exhausted","budget-exhausted",TRUE,163,163,54,17,72,55,72,18,FALSE,0.986142565194587,0.0138574348054133,0.0478327808018596,TRUE,TRUE,TRUE,0.0138574348054133,0.0139543453847058,0.00385067383671597,114,54,24,60,16,1,4794,100,2364,0,23227,455,163,23040,0,23203,7.42,,
"regional-compression-exact-study-2026-08-13","production",TRUE,12,"perturbed",36,0.1,0.05,"exact","precomputed_exact_table","exact",202805600,202805631,,25000,"certified","bounds-met",TRUE,37,37,35,35,35,0,35,0,TRUE,0.910224661417254,0.0897753385827461,0.0897753385827465,TRUE,TRUE,TRUE,0.0897753385827461,0.0940638292629601,0.0177669938217252,12,12,24,0,0,,,,,0,61,44,37,0,0,37,1.34,,
"regional-compression-exact-study-2026-08-13","production",TRUE,12,"perturbed",36,0.1,0.05,"stochastic","precomputed_exact_table","iid",202805600,202805632,100,25000,"budget_exhausted","budget-exhausted",TRUE,163,163,35,9,64,55,64,29,FALSE,0.985097830105806,0.0149021698941936,0.0506437528258503,TRUE,TRUE,TRUE,0.0149021698941936,0.0150143228375713,0.0047076146166639,114,54,24,60,16,1,4794,100,2364,0,23227,460,163,23040,0,23203,7.13,,
"regional-compression-exact-study-2026-08-13","production",TRUE,12,"perturbed",36,0.2,0.05,"exact","precomputed_exact_table","exact",202805600,202805641,,25000,"certified","bounds-met",TRUE,16,16,9,9,9,0,9,0,TRUE,0.825837001613339,0.174162998386661,0.174162998386661,TRUE,TRUE,TRUE,0.174162998386661,0.191357859542743,0.0356635325197143,5,5,24,0,0,,,,,0,40,30,16,0,0,16,0.25,,
"regional-compression-exact-study-2026-08-13","production",TRUE,12,"perturbed",36,0.2,0.05,"stochastic","precomputed_exact_table","iid",202805600,202805642,100,25000,"budget_exhausted","budget-exhausted",TRUE,163,163,9,9,46,37,46,37,FALSE,0.936275728632299,0.0637242713677006,0.170540988208727,TRUE,TRUE,TRUE,0.0637242713677006,0.0658452640131508,0.028306808519427,114,54,24,60,16,1,4794,100,2364,0,23227,463,163,23040,0,23203,6.94,,
"regional-compression-exact-study-2026-08-13","production",TRUE,12,"perturbed",37,0.01,0.05,"exact","precomputed_exact_table","exact",202805700,202805711,,25000,"certified","bounds-met",TRUE,64,64,74,74,74,0,74,0,TRUE,0.990244695742316,0.00975530425768445,0.00975530425768306,TRUE,TRUE,TRUE,0.00975530425768445,0.00980319897785461,0.0031921216406559,21,21,24,0,0,,,,,0,88,62,64,0,0,64,1.67,,
"regional-compression-exact-study-2026-08-13","production",TRUE,12,"perturbed",37,0.01,0.05,"stochastic","precomputed_exact_table","iid",202805700,202805712,100,25000,"budget_exhausted","budget-exhausted",TRUE,223,223,74,56,103,47,103,29,FALSE,0.993265060815469,0.00673493918453094,0.00978238778315473,TRUE,TRUE,TRUE,0.00673493918453094,0.00675772123554312,0.00254797741470132,164,74,24,90,0,2,1483,100,1483,0,24856,952,223,24609,0,24832,16.39,,
"regional-compression-exact-study-2026-08-13","production",TRUE,12,"perturbed",37,0.05,0.05,"exact","precomputed_exact_table","exact",202805700,202805721,,25000,"certified","bounds-met",TRUE,46,46,46,46,46,0,46,0,TRUE,0.962957695851523,0.0370423041484772,0.0370423041484757,TRUE,TRUE,TRUE,0.0370423041484772,0.0377457976904553,0.0155941610279315,15,15,24,0,0,,,,,0,70,50,46,0,0,46,0.940000000000001,,
"regional-compression-exact-study-2026-08-13","production",TRUE,12,"perturbed",37,0.05,0.05,"stochastic","precomputed_exact_table","iid",202805700,202805722,100,25000,"budget_exhausted","budget-exhausted",TRUE,223,223,46,36,56,20,56,10,FALSE,0.988248371378804,0.0117516286211957,0.0167828435397863,TRUE,TRUE,TRUE,0.0117516286211957,0.0118212247917198,0.00371700394400887,164,74,24,90,0,2,1483,100,1483,0,24856,955,223,24609,0,24832,14.85,,
"regional-compression-exact-study-2026-08-13","production",TRUE,12,"perturbed",37,0.1,0.05,"exact","precomputed_exact_table","exact",202805700,202805731,,25000,"certified","bounds-met",TRUE,37,37,27,27,27,0,27,0,TRUE,0.910159862091723,0.0898401379082775,0.0898401379082762,TRUE,TRUE,TRUE,0.0898401379082775,0.0941350222716041,0.0177784988774009,12,12,24,0,0,,,,,0,61,44,37,0,0,37,0.560000000000002,,
"regional-compression-exact-study-2026-08-13","production",TRUE,12,"perturbed",37,0.1,0.05,"stochastic","precomputed_exact_table","iid",202805700,202805732,100,25000,"budget_exhausted","budget-exhausted",TRUE,223,223,27,18,36,18,36,9,FALSE,0.936146984919381,0.0638530150806189,0.0920537713553621,TRUE,TRUE,TRUE,0.0638530150806189,0.0659827796629977,0.0177784988774009,164,74,24,90,0,2,1483,100,1483,0,24856,958,223,24609,0,24832,12.31,,
"regional-compression-exact-study-2026-08-13","production",TRUE,12,"perturbed",37,0.2,0.05,"exact","precomputed_exact_table","exact",202805700,202805741,,25000,"certified","bounds-met",TRUE,16,16,9,9,9,0,9,0,TRUE,0.850966065143154,0.149033934856846,0.149033934856844,TRUE,TRUE,TRUE,0.149033934856846,0.161383027651377,0.0347037801204853,5,5,24,0,0,,,,,0,40,30,16,0,0,16,0.18,,
"regional-compression-exact-study-2026-08-13","production",TRUE,12,"perturbed",37,0.2,0.05,"stochastic","precomputed_exact_table","iid",202805700,202805742,100,25000,"budget_exhausted","budget-exhausted",TRUE,223,223,9,9,18,9,18,9,FALSE,0.882879246746243,0.117120753253757,0.163384516456019,TRUE,TRUE,TRUE,0.117120753253757,0.12456684113154,0.0231576084440538,164,74,24,90,0,2,1483,100,1483,0,24856,967,223,24609,0,24832,13.69,,
"regional-compression-exact-study-2026-08-13","production",TRUE,12,"perturbed",38,0.01,0.05,"exact","precomputed_exact_table","exact",202805800,202805811,,25000,"certified","bounds-met",TRUE,82,82,101,101,101,0,101,0,TRUE,0.990657057655451,0.00934294234454902,0.00934294234454599,TRUE,TRUE,TRUE,0.00934294234454902,0.0093868613998959,0.00365464987577348,27,27,24,0,0,,,,,0,106,73,82,0,0,82,2.01,,
"regional-compression-exact-study-2026-08-13","production",TRUE,12,"perturbed",38,0.01,0.05,"stochastic","precomputed_exact_table","iid",202805800,202805812,100,25000,"budget_exhausted","budget-exhausted",TRUE,199,199,101,56,132,76,132,31,FALSE,0.993838254950495,0.00616174504950484,0.00977381471535512,TRUE,TRUE,TRUE,0.00616174504950484,0.00618080694389425,0.00179695081300425,114,66,24,48,8,2,4754,100,2408,0,24809,529,199,24586,0,24785,9.69,,
"regional-compression-exact-study-2026-08-13","production",TRUE,12,"perturbed",38,0.05,0.05,"exact","precomputed_exact_table","exact",202805800,202805821,,25000,"certified","bounds-met",TRUE,46,46,46,46,46,0,46,0,TRUE,0.958133694117292,0.0418663058827079,0.0418663058827052,TRUE,TRUE,TRUE,0.0418663058827079,0.0427679553022067,0.0170239489894911,15,15,24,0,0,,,,,0,70,50,46,0,0,46,0.710000000000001,,
"regional-compression-exact-study-2026-08-13","production",TRUE,12,"perturbed",38,0.05,0.05,"stochastic","precomputed_exact_table","iid",202805800,202805822,100,25000,"budget_exhausted","budget-exhausted",TRUE,199,199,46,36,56,20,56,10,FALSE,0.983815984294258,0.0161840157057419,0.0313919347949618,TRUE,TRUE,TRUE,0.0161840157057419,0.0163164072490669,0.00524098610301467,114,66,24,48,8,2,4754,100,2408,0,24809,520,199,24586,0,24785,8.72,,
"regional-compression-exact-study-2026-08-13","production",TRUE,12,"perturbed",38,0.1,0.05,"exact","precomputed_exact_table","exact",202805800,202805831,,25000,"certified","bounds-met",TRUE,31,31,28,28,28,0,28,0,TRUE,0.904837246688275,0.0951627533117246,0.0951627533117219,TRUE,TRUE,TRUE,0.0951627533117246,0.100000189368495,0.0235586109902419,10,10,24,0,0,,,,,0,55,40,31,0,0,31,0.59,,
"regional-compression-exact-study-2026-08-13","production",TRUE,12,"perturbed",38,0.1,0.05,"stochastic","precomputed_exact_table","iid",202805800,202805832,100,25000,"budget_exhausted","budget-exhausted",TRUE,199,199,28,17,47,30,47,19,FALSE,0.956976048362801,0.043023951637199,0.069690448387883,TRUE,TRUE,TRUE,0.043023951637199,0.043976915676448,0.0212975215332062,114,66,24,48,8,2,4754,100,2408,0,24809,531,199,24586,0,24785,8.53,,
"regional-compression-exact-study-2026-08-13","production",TRUE,12,"perturbed",38,0.2,0.05,"exact","precomputed_exact_table","exact",202805800,202805841,,25000,"certified","bounds-met",TRUE,16,16,9,9,9,0,9,0,TRUE,0.831546370774905,0.168453629225095,0.168453629225093,TRUE,TRUE,TRUE,0.168453629225095,0.184468214285463,0.0456223294796913,5,5,24,0,0,,,,,0,40,30,16,0,0,16,0.25,,
"regional-compression-exact-study-2026-08-13","production",TRUE,12,"perturbed",38,0.2,0.05,"stochastic","precomputed_exact_table","iid",202805800,202805842,100,25000,"budget_exhausted","budget-exhausted",TRUE,199,199,9,9,28,19,28,19,FALSE,0.904837246688275,0.0951627533117246,0.187009911401402,TRUE,TRUE,TRUE,0.0951627533117246,0.100000189368495,0.0235586109902419,114,66,24,48,8,2,4754,100,2408,0,24809,517,199,24586,0,24785,7.45,,
"regional-compression-exact-study-2026-08-13","production",TRUE,12,"perturbed",39,0.01,0.05,"exact","precomputed_exact_table","exact",202805900,202805911,,25000,"certified","bounds-met",TRUE,67,67,134,134,134,0,134,0,TRUE,0.990345609975174,0.00965439002482582,0.00965439002482332,TRUE,TRUE,TRUE,0.00965439002482582,0.00970129579004778,0.00484083341450807,22,22,24,0,0,,,,,0,91,64,67,0,0,67,2.14,,
"regional-compression-exact-study-2026-08-13","production",TRUE,12,"perturbed",39,0.01,0.05,"stochastic","precomputed_exact_table","iid",202805900,202805912,100,25000,"budget_exhausted","budget-exhausted",TRUE,163,163,134,56,227,171,227,93,FALSE,0.997674831507243,0.00232516849275677,0.0095847811975685,TRUE,TRUE,TRUE,0.00232516849275677,0.0023278758946078,0.00105768155347324,125,54,24,71,38,3,376108,100,2168,0,23633,334,163,23446,0,23609,8.28,,
"regional-compression-exact-study-2026-08-13","production",TRUE,12,"perturbed",39,0.05,0.05,"exact","precomputed_exact_table","exact",202805900,202805921,,25000,"certified","bounds-met",TRUE,46,46,66,66,66,0,66,0,TRUE,0.953774246475297,0.0462257535247026,0.0462257535247004,TRUE,TRUE,TRUE,0.0462257535247026,0.047328274452039,0.0159742188418587,15,15,24,0,0,,,,,0,70,50,46,0,0,46,0.66,,
"regional-compression-exact-study-2026-08-13","production",TRUE,12,"perturbed",39,0.05,0.05,"stochastic","precomputed_exact_table","iid",202805900,202805922,100,25000,"budget_exhausted","budget-exhausted",TRUE,163,163,66,19,127,108,127,61,FALSE,0.987222658156659,0.0127773418433411,0.0473672259758097,TRUE,TRUE,TRUE,0.0127773418433411,0.0128596741528953,0.0065762215580025,125,54,24,71,38,3,376108,100,2168,0,23633,327,163,23446,0,23609,7.54,,
"regional-compression-exact-study-2026-08-13","production",TRUE,12,"perturbed",39,0.1,0.05,"exact","precomputed_exact_table","exact",202805900,202805931,,25000,"certified","bounds-met",TRUE,40,40,46,46,46,0,46,0,TRUE,0.913897472395396,0.086102527604604,0.0861025276046017,TRUE,TRUE,TRUE,0.086102527604604,0.0900368884421356,0.0265036796572457,13,13,24,0,0,,,,,0,64,46,40,0,0,40,0.529999999999998,,
"regional-compression-exact-study-2026-08-13","production",TRUE,12,"perturbed",39,0.1,0.05,"stochastic","precomputed_exact_table","iid",202805900,202805932,100,25000,"budget_exhausted","budget-exhausted",TRUE,163,163,46,19,97,78,97,51,FALSE,0.978149757216715,0.0218502427832852,0.0962161830912194,TRUE,TRUE,TRUE,0.0218502427832852,0.0220924946814463,0.00986280714990372,125,54,24,71,38,3,376108,100,2168,0,23633,345,163,23446,0,23609,7.18,,
"regional-compression-exact-study-2026-08-13","production",TRUE,12,"perturbed",39,0.2,0.05,"exact","precomputed_exact_table","exact",202805900,202805941,,25000,"certified","bounds-met",TRUE,40,40,28,28,28,0,28,0,TRUE,0.863243537907112,0.136756462092888,0.136756462092886,TRUE,TRUE,TRUE,0.136756462092888,0.147058428512296,0.0437814809424363,13,13,24,0,0,,,,,0,64,46,40,0,0,40,0.469999999999999,,
"regional-compression-exact-study-2026-08-13","production",TRUE,12,"perturbed",39,0.2,0.05,"stochastic","precomputed_exact_table","iid",202805900,202805942,100,25000,"budget_exhausted","budget-exhausted",TRUE,163,163,28,18,78,60,78,50,FALSE,0.947782675363374,0.0522173246366258,0.196945266383388,TRUE,TRUE,TRUE,0.0522173246366258,0.0536300484051425,0.0213362316237476,125,54,24,71,38,3,376108,100,2168,0,23633,336,163,23446,0,23609,8.25,,
"regional-compression-exact-study-2026-08-13","production",TRUE,12,"perturbed",40,0.01,0.05,"exact","precomputed_exact_table","exact",202806000,202806011,,25000,"certified","bounds-met",TRUE,73,73,123,123,123,0,123,0,TRUE,0.990113117306168,0.0098868826938322,0.00988688269383489,TRUE,TRUE,TRUE,0.0098868826938322,0.00993608247544722,0.00413814561631008,24,24,24,0,0,,,,,0,97,68,73,0,0,73,1.79,,
"regional-compression-exact-study-2026-08-13","production",TRUE,12,"perturbed",40,0.01,0.05,"stochastic","precomputed_exact_table","iid",202806000,202806012,100,25000,"budget_exhausted","budget-exhausted",TRUE,169,169,123,27,213,186,213,90,FALSE,0.99845044013841,0.00154955986159011,0.0095160485336126,TRUE,TRUE,TRUE,0.00154955986159011,0.00155076167115012,0.000661264574543546,140,56,24,84,55,1,652174,100,2344,0,23750,348,169,23557,0,23726,8.53,,
"regional-compression-exact-study-2026-08-13","production",TRUE,12,"perturbed",40,0.05,0.05,"exact","precomputed_exact_table","exact",202806000,202806021,,25000,"certified","bounds-met",TRUE,46,46,56,56,56,0,56,0,TRUE,0.972490000001611,0.0275099999983894,0.0275099999983921,TRUE,TRUE,TRUE,0.0275099999983894,0.0278954863170973,0.00958141671845225,15,15,24,0,0,,,,,0,70,50,46,0,0,46,0.629999999999999,,
"regional-compression-exact-study-2026-08-13","production",TRUE,12,"perturbed",40,0.05,0.05,"stochastic","precomputed_exact_table","iid",202806000,202806022,100,25000,"budget_exhausted","budget-exhausted",TRUE,169,169,56,9,136,127,136,80,FALSE,0.990698137656971,0.00930186234302932,0.0490689895786201,TRUE,TRUE,TRUE,0.00930186234302932,0.00934539483032496,0.00397252853138191,140,56,24,84,55,1,652174,100,2344,0,23750,349,169,23557,0,23726,8.86,,
"regional-compression-exact-study-2026-08-13","production",TRUE,12,"perturbed",40,0.1,0.05,"exact","precomputed_exact_table","exact",202806000,202806031,,25000,"certified","bounds-met",TRUE,46,46,37,37,37,0,37,0,TRUE,0.90528709855492,0.09471290144508,0.0947129014450818,TRUE,TRUE,TRUE,0.09471290144508,0.0995031496186152,0.0361720047392136,15,15,24,0,0,,,,,0,70,50,46,0,0,46,0.68,,
"regional-compression-exact-study-2026-08-13","production",TRUE,12,"perturbed",40,0.1,0.05,"stochastic","precomputed_exact_table","iid",202806000,202806032,100,25000,"budget_exhausted","budget-exhausted",TRUE,169,169,37,9,97,88,97,60,FALSE,0.983196838138425,0.0168031618615753,0.0932812990201813,TRUE,TRUE,TRUE,0.0168031618615753,0.0169459366239851,0.00649281532177667,140,56,24,84,55,1,652174,100,2344,0,23750,348,169,23557,0,23726,9.45,,
"regional-compression-exact-study-2026-08-13","production",TRUE,12,"perturbed",40,0.2,0.05,"exact","precomputed_exact_table","exact",202806000,202806041,,25000,"certified","bounds-met",TRUE,37,37,18,18,18,0,18,0,TRUE,0.825180268263472,0.174819731736528,0.174819731736531,TRUE,TRUE,TRUE,0.174819731736528,0.192153409530604,0.0373310933470655,12,12,24,0,0,,,,,0,61,44,37,0,0,37,0.710000000000001,,
"regional-compression-exact-study-2026-08-13","production",TRUE,12,"perturbed",40,0.2,0.05,"stochastic","precomputed_exact_table","iid",202806000,202806042,100,25000,"budget_exhausted","budget-exhausted",TRUE,169,169,18,9,56,47,56,38,FALSE,0.972490000001611,0.0275099999983894,0.197617375005053,TRUE,TRUE,TRUE,0.0275099999983894,0.0278954863170973,0.00958141671845225,140,56,24,84,55,1,652174,100,2344,0,23750,349,169,23557,0,23726,9.84,,
"regional-compression-exact-study-2026-08-13","production",TRUE,12,"perturbed",41,0.01,0.05,"exact","precomputed_exact_table","exact",202806100,202806111,,25000,"certified","bounds-met",TRUE,85,85,126,126,126,0,126,0,TRUE,0.990317958054958,0.00968204194504163,0.0096820419450434,TRUE,TRUE,TRUE,0.00968204194504163,0.00972921766498297,0.00389644693136024,28,28,24,0,0,,,,,0,109,76,85,0,0,85,2.14,,
"regional-compression-exact-study-2026-08-13","production",TRUE,12,"perturbed",41,0.01,0.05,"stochastic","precomputed_exact_table","iid",202806100,202806112,100,25000,"budget_exhausted","budget-exhausted",TRUE,178,178,126,105,146,41,146,20,FALSE,0.993980649610047,0.00601935038995327,0.00994746427418426,TRUE,TRUE,TRUE,0.00601935038995327,0.00603753970816322,0.00226539980170698,114,59,24,55,5,1,6317,100,2162,0,25000,546,178,24798,0,24976,7.24,,
"regional-compression-exact-study-2026-08-13","production",TRUE,12,"perturbed",41,0.05,0.05,"exact","precomputed_exact_table","exact",202806100,202806121,,25000,"certified","bounds-met",TRUE,46,46,56,56,56,0,56,0,TRUE,0.962076953167942,0.0379230468320583,0.0379230468320601,TRUE,TRUE,TRUE,0.0379230468320583,0.0386608386176235,0.0167923569158965,15,15,24,0,0,,,,,0,70,50,46,0,0,46,0.800000000000001,,
"regional-compression-exact-study-2026-08-13","production",TRUE,12,"perturbed",41,0.05,0.05,"stochastic","precomputed_exact_table","iid",202806100,202806122,100,25000,"budget_exhausted","budget-exhausted",TRUE,178,178,56,46,67,21,67,11,FALSE,0.969801684895638,0.0301983151043622,0.0460540468507802,TRUE,TRUE,TRUE,0.0301983151043622,0.0306636769483628,0.0122305987727401,114,59,24,55,5,1,6317,100,2162,0,25000,553,178,24798,0,24976,8.31,,
"regional-compression-exact-study-2026-08-13","production",TRUE,12,"perturbed",41,0.1,0.05,"exact","precomputed_exact_table","exact",202806100,202806131,,25000,"certified","bounds-met",TRUE,46,46,38,38,38,0,38,0,TRUE,0.907866860545226,0.0921331394547742,0.0921331394547757,TRUE,TRUE,TRUE,0.0921331394547742,0.0966575404874569,0.0381725742792669,15,15,24,0,0,,,,,0,70,50,46,0,0,46,0.719999999999999,,
"regional-compression-exact-study-2026-08-13","production",TRUE,12,"perturbed",41,0.1,0.05,"stochastic","precomputed_exact_table","iid",202806100,202806132,100,25000,"budget_exhausted","budget-exhausted",TRUE,178,178,38,28,56,28,56,18,FALSE,0.962076953167942,0.0379230468320583,0.0758606370929481,TRUE,TRUE,TRUE,0.0379230468320583,0.0386608386176235,0.0167923569158965,114,59,24,55,5,1,6317,100,2162,0,25000,574,178,24798,0,24976,7.36,,
"regional-compression-exact-study-2026-08-13","production",TRUE,12,"perturbed",41,0.2,0.05,"exact","precomputed_exact_table","exact",202806100,202806141,,25000,"certified","bounds-met",TRUE,25,25,19,19,19,0,19,0,TRUE,0.829994527658167,0.170005472341833,0.170005472341833,TRUE,TRUE,TRUE,0.170005472341833,0.18633617139616,0.0381956160605311,8,8,24,0,0,,,,,0,49,36,25,0,0,25,0.409999999999997,,
"regional-compression-exact-study-2026-08-13","production",TRUE,12,"perturbed",41,0.2,0.05,"stochastic","precomputed_exact_table","iid",202806100,202806142,100,25000,"budget_exhausted","budget-exhausted",TRUE,178,178,19,9,29,20,29,10,FALSE,0.878696024938843,0.121303975061157,0.19191670650854,TRUE,TRUE,TRUE,0.121303975061157,0.129316260288407,0.0381749757186806,114,59,24,55,5,1,6317,100,2162,0,25000,546,178,24798,0,24976,7.39,,
"regional-compression-exact-study-2026-08-13","production",TRUE,12,"perturbed",42,0.01,0.05,"exact","precomputed_exact_table","exact",202806200,202806211,,25000,"certified","bounds-met",TRUE,70,70,112,112,112,0,112,0,TRUE,0.990075172061549,0.00992482793845084,0.00992482793845057,TRUE,TRUE,TRUE,0.00992482793845084,0.00997440736084022,0.00320237067152312,23,23,24,0,0,,,,,0,94,66,70,0,0,70,1.75,,
"regional-compression-exact-study-2026-08-13","production",TRUE,12,"perturbed",42,0.01,0.05,"stochastic","precomputed_exact_table","iid",202806200,202806212,100,25000,"budget_exhausted","budget-exhausted",TRUE,139,139,112,74,143,69,143,31,FALSE,0.994143975971808,0.00585602402819152,0.00954315822967901,TRUE,TRUE,TRUE,0.00585602402819152,0.00587323777253243,0.00191455820920452,101,46,24,55,9,2,8326,100,1987,0,23583,449,139,23420,0,23559,4.56,,
"regional-compression-exact-study-2026-08-13","production",TRUE,12,"perturbed",42,0.05,0.05,"exact","precomputed_exact_table","exact",202806200,202806221,,25000,"certified","bounds-met",TRUE,43,43,46,46,46,0,46,0,TRUE,0.951476325973092,0.0485236740269083,0.0485236740269077,TRUE,TRUE,TRUE,0.0485236740269083,0.0497404732984046,0.0149389619297233,14,14,24,0,0,,,,,0,67,48,43,0,0,43,0.619999999999999,,
"regional-compression-exact-study-2026-08-13","production",TRUE,12,"perturbed",42,0.05,0.05,"stochastic","precomputed_exact_table","iid",202806200,202806222,100,25000,"budget_exhausted","budget-exhausted",TRUE,139,139,46,37,66,29,66,20,FALSE,0.976774366246943,0.0232256337530566,0.0453703915574902,TRUE,TRUE,TRUE,0.0232256337530566,0.023499599110919,0.00765213273432223,101,46,24,55,9,2,8326,100,1987,0,23583,441,139,23420,0,23559,6.16,,
"regional-compression-exact-study-2026-08-13","production",TRUE,12,"perturbed",42,0.1,0.05,"exact","precomputed_exact_table","exact",202806200,202806231,,25000,"certified","bounds-met",TRUE,43,43,37,37,37,0,37,0,TRUE,0.92348160619276,0.0765183938072402,0.0765183938072397,TRUE,TRUE,TRUE,0.0765183938072402,0.0796043970368564,0.0292778560765779,14,14,24,0,0,,,,,0,67,48,43,0,0,43,0.52,,
"regional-compression-exact-study-2026-08-13","production",TRUE,12,"perturbed",42,0.1,0.05,"stochastic","precomputed_exact_table","iid",202806200,202806232,100,25000,"budget_exhausted","budget-exhausted",TRUE,139,139,37,19,47,28,47,10,FALSE,0.946555713099003,0.0534442869009975,0.0956481010715107,TRUE,TRUE,TRUE,0.0534442869009975,0.0549254478368606,0.0292975687012901,101,46,24,55,9,2,8326,100,1987,0,23583,462,139,23420,0,23559,5,,
"regional-compression-exact-study-2026-08-13","production",TRUE,12,"perturbed",42,0.2,0.05,"exact","precomputed_exact_table","exact",202806200,202806241,,25000,"certified","bounds-met",TRUE,37,37,18,18,18,0,18,0,TRUE,0.830961125283848,0.169038874716152,0.169038874716151,TRUE,TRUE,TRUE,0.169038874716152,0.185172265866127,0.0407333179115973,12,12,24,0,0,,,,,0,61,44,37,0,0,37,0.43,,
"regional-compression-exact-study-2026-08-13","production",TRUE,12,"perturbed",42,0.2,0.05,"stochastic","precomputed_exact_table","iid",202806200,202806242,100,25000,"budget_exhausted","budget-exhausted",TRUE,139,139,18,9,29,20,29,11,FALSE,0.873801347844513,0.126198652155487,0.198232051428284,TRUE,TRUE,TRUE,0.126198652155487,0.13490221995682,0.0509843987447771,101,46,24,55,9,2,8326,100,1987,0,23583,460,139,23420,0,23559,5.31,,
"regional-compression-exact-study-2026-08-13","production",TRUE,12,"perturbed",43,0.01,0.05,"exact","precomputed_exact_table","exact",202806300,202806311,,25000,"certified","bounds-met",TRUE,67,67,104,104,104,0,104,0,TRUE,0.991267170322271,0.00873282967772926,0.00873282967773083,TRUE,TRUE,TRUE,0.00873282967772926,0.00877118429430377,0.00326295801818952,22,22,24,0,0,,,,,0,91,64,67,0,0,67,1.36,,
"regional-compression-exact-study-2026-08-13","production",TRUE,12,"perturbed",43,0.01,0.05,"stochastic","precomputed_exact_table","iid",202806300,202806312,100,25000,"budget_exhausted","budget-exhausted",TRUE,304,304,104,9,411,402,411,307,FALSE,0.999959461809973,4.05381900274726e-05,0.00999998239225305,TRUE,TRUE,TRUE,4.05381900274726e-05,4.05390117221047e-05,2.37994180985746e-05,276,101,24,175,157,148,Inf,148,2418,0,24988,313,304,24660,0,24964,39.39,,
"regional-compression-exact-study-2026-08-13","production",TRUE,12,"perturbed",43,0.05,0.05,"exact","precomputed_exact_table","exact",202806300,202806321,,25000,"certified","bounds-met",TRUE,46,46,46,46,46,0,46,0,TRUE,0.950454891269424,0.0495451087305756,0.0495451087305773,TRUE,TRUE,TRUE,0.0495451087305756,0.0508145760762647,0.0214190124497948,15,15,24,0,0,,,,,0,70,50,46,0,0,46,0.850000000000001,,
"regional-compression-exact-study-2026-08-13","production",TRUE,12,"perturbed",43,0.05,0.05,"stochastic","precomputed_exact_table","iid",202806300,202806322,100,25000,"budget_exhausted","budget-exhausted",TRUE,304,304,46,9,318,309,318,272,FALSE,0.999782638338646,0.000217361661354443,0.0490120732522838,TRUE,TRUE,TRUE,0.000217361661354443,0.000217385287824077,0.000121147119415799,276,101,24,175,157,148,Inf,148,2418,0,24988,316,304,24660,0,24964,40.78,,
"regional-compression-exact-study-2026-08-13","production",TRUE,12,"perturbed",43,0.1,0.05,"exact","precomputed_exact_table","exact",202806300,202806331,,25000,"certified","bounds-met",TRUE,37,37,36,36,36,0,36,0,TRUE,0.923470432309732,0.076529567690268,0.0765295676902697,TRUE,TRUE,TRUE,0.076529567690268,0.0796164968454004,0.0214190124497948,12,12,24,0,0,,,,,0,61,44,37,0,0,37,0.780000000000001,,
"regional-compression-exact-study-2026-08-13","production",TRUE,12,"perturbed",43,0.1,0.05,"stochastic","precomputed_exact_table","iid",202806300,202806332,100,25000,"budget_exhausted","budget-exhausted",TRUE,304,304,36,9,279,270,279,243,FALSE,0.999356215512945,0.000643784487055155,0.0956094652368369,TRUE,TRUE,TRUE,0.000643784487055155,0.000643991805271651,0.000316656857486025,276,101,24,175,157,148,Inf,148,2418,0,24988,316,304,24660,0,24964,40.88,,
"regional-compression-exact-study-2026-08-13","production",TRUE,12,"perturbed",43,0.2,0.05,"exact","precomputed_exact_table","exact",202806300,202806341,,25000,"certified","bounds-met",TRUE,37,37,18,18,18,0,18,0,TRUE,0.860250962211499,0.139749037788501,0.139749037788501,TRUE,TRUE,TRUE,0.139749037788501,0.150531115779745,0.0348849024604301,12,12,24,0,0,,,,,0,61,44,37,0,0,37,0.510000000000019,,
"regional-compression-exact-study-2026-08-13","production",TRUE,12,"perturbed",43,0.2,0.05,"stochastic","precomputed_exact_table","iid",202806300,202806342,100,25000,"budget_exhausted","budget-exhausted",TRUE,304,304,18,9,237,228,237,219,FALSE,0.999043859938265,0.000956140061735389,0.194648170770099,TRUE,TRUE,TRUE,0.000956140061735389,0.000956597455222283,0.00054716892731857,276,101,24,175,157,148,Inf,148,2418,0,24988,316,304,24660,0,24964,40.89,,
"regional-compression-exact-study-2026-08-13","production",TRUE,12,"perturbed",44,0.01,0.05,"exact","precomputed_exact_table","exact",202806400,202806411,,25000,"certified","bounds-met",TRUE,58,58,124,124,124,0,124,0,TRUE,0.990199669141576,0.00980033085842402,0.00980033085842704,TRUE,TRUE,TRUE,0.00980033085842402,0.0098486701877969,0.00334531708508892,19,19,24,0,0,,,,,0,82,58,58,0,0,58,1.54,,
"regional-compression-exact-study-2026-08-13","production",TRUE,12,"perturbed",44,0.01,0.05,"stochastic","precomputed_exact_table","iid",202806400,202806412,100,25000,"budget_exhausted","budget-exhausted",TRUE,136,136,124,37,223,186,223,99,FALSE,0.998297789457074,0.0017022105429263,0.00988614569156393,TRUE,TRUE,TRUE,0.0017022105429263,0.00170366094945774,0.000654711643398996,94,45,24,49,28,3,40301,100,2228,0,22947,311,136,22787,0,22923,5.86,,
"regional-compression-exact-study-2026-08-13","production",TRUE,12,"perturbed",44,0.05,0.05,"exact","precomputed_exact_table","exact",202806400,202806421,,25000,"certified","bounds-met",TRUE,46,46,56,56,56,0,56,0,TRUE,0.971194812357053,0.0288051876429475,0.0288051876429502,TRUE,TRUE,TRUE,0.0288051876429475,0.0292282001686684,0.00978866236317274,15,15,24,0,0,,,,,0,70,50,46,0,0,46,0.890000000000001,,
"regional-compression-exact-study-2026-08-13","production",TRUE,12,"perturbed",44,0.05,0.05,"stochastic","precomputed_exact_table","iid",202806400,202806422,100,25000,"budget_exhausted","budget-exhausted",TRUE,136,136,56,9,135,126,135,79,FALSE,0.990665127423736,0.00933487257626409,0.0470318459753487,TRUE,TRUE,TRUE,0.00933487257626409,0.00937871555835054,0.00381191530583898,94,45,24,49,28,3,40301,100,2228,0,22947,305,136,22787,0,22923,4.54,,
"regional-compression-exact-study-2026-08-13","production",TRUE,12,"perturbed",44,0.1,0.05,"exact","precomputed_exact_table","exact",202806400,202806431,,25000,"certified","bounds-met",TRUE,40,40,37,37,37,0,37,0,TRUE,0.915596937340835,0.0844030626591648,0.0844030626591671,TRUE,TRUE,TRUE,0.0844030626591648,0.0881790358843797,0.0252960397975489,13,13,24,0,0,,,,,0,64,46,40,0,0,40,0.669999999999998,,
"regional-compression-exact-study-2026-08-13","production",TRUE,12,"perturbed",44,0.1,0.05,"stochastic","precomputed_exact_table","iid",202806400,202806432,100,25000,"budget_exhausted","budget-exhausted",TRUE,136,136,37,9,105,96,105,68,FALSE,0.985451261176785,0.0145487388232148,0.0953113342545829,TRUE,TRUE,TRUE,0.0145487388232148,0.0146556095466088,0.00491582235982124,94,45,24,49,28,3,40301,100,2228,0,22947,308,136,22787,0,22923,5.14,,
"regional-compression-exact-study-2026-08-13","production",TRUE,12,"perturbed",44,0.2,0.05,"exact","precomputed_exact_table","exact",202806400,202806441,,25000,"certified","bounds-met",TRUE,34,34,18,18,18,0,18,0,TRUE,0.813416107274172,0.186583892725828,0.18658389272583,TRUE,TRUE,TRUE,0.186583892725828,0.206512483302604,0.0549239493062383,11,11,24,0,0,,,,,0,58,42,34,0,0,34,0.43,,
"regional-compression-exact-study-2026-08-13","production",TRUE,12,"perturbed",44,0.2,0.05,"stochastic","precomputed_exact_table","iid",202806400,202806442,100,25000,"budget_exhausted","budget-exhausted",TRUE,136,136,18,9,66,57,66,48,FALSE,0.975470334727709,0.0245296652722905,0.173102251874026,TRUE,TRUE,TRUE,0.0245296652722905,0.0248355297066338,0.00722242473119108,94,45,24,49,28,3,40301,100,2228,0,22947,315,136,22787,0,22923,5,,
"regional-compression-exact-study-2026-08-13","production",TRUE,12,"perturbed",45,0.01,0.05,"exact","precomputed_exact_table","exact",202806500,202806511,,25000,"certified","bounds-met",TRUE,61,61,135,135,135,0,135,0,TRUE,0.990244576845951,0.00975542315404876,0.00975542315404539,TRUE,TRUE,TRUE,0.00975542315404876,0.00980331904552269,0.00358849087982396,20,20,24,0,0,,,,,0,85,60,61,0,0,61,1.6,,
"regional-compression-exact-study-2026-08-13","production",TRUE,12,"perturbed",45,0.01,0.05,"stochastic","precomputed_exact_table","iid",202806500,202806512,100,25000,"budget_exhausted","budget-exhausted",TRUE,166,166,135,117,154,37,154,19,FALSE,0.992694813524068,0.00730518647593248,0.00990854919530089,TRUE,TRUE,TRUE,0.00730518647593248,0.00733200001573579,0.00283126902810254,106,55,24,51,1,5,3043,100,2006,0,24597,711,166,24407,0,24573,6.98,,
"regional-compression-exact-study-2026-08-13","production",TRUE,12,"perturbed",45,0.05,0.05,"exact","precomputed_exact_table","exact",202806500,202806521,,25000,"certified","bounds-met",TRUE,46,46,56,56,56,0,56,0,TRUE,0.955033390259998,0.0449666097400018,0.0449666097399983,TRUE,TRUE,TRUE,0.0449666097400018,0.0460089754895852,0.024115617377812,15,15,24,0,0,,,,,0,70,50,46,0,0,46,0.719999999999999,,
"regional-compression-exact-study-2026-08-13","production",TRUE,12,"perturbed",45,0.05,0.05,"stochastic","precomputed_exact_table","iid",202806500,202806522,100,25000,"budget_exhausted","budget-exhausted",TRUE,166,166,56,56,66,10,66,10,FALSE,0.964178079039509,0.0358219209604912,0.0487441837912725,TRUE,TRUE,TRUE,0.0358219209604912,0.0364792721378502,0.0154576145533766,106,55,24,51,1,5,3043,100,2006,0,24597,706,166,24407,0,24573,6.16,,
"regional-compression-exact-study-2026-08-13","production",TRUE,12,"perturbed",45,0.1,0.05,"exact","precomputed_exact_table","exact",202806500,202806531,,25000,"certified","bounds-met",TRUE,52,52,46,46,46,0,46,0,TRUE,0.919660017984726,0.0803399820152737,0.0803399820152701,TRUE,TRUE,TRUE,0.0803399820152737,0.0837512229066543,0.0287609843795752,17,17,24,0,0,,,,,0,76,53,52,0,0,52,0.939999999999998,,
"regional-compression-exact-study-2026-08-13","production",TRUE,12,"perturbed",45,0.1,0.05,"stochastic","precomputed_exact_table","iid",202806500,202806532,100,25000,"budget_exhausted","budget-exhausted",TRUE,166,166,46,37,47,10,47,1,FALSE,0.926968759566642,0.0730312404333576,0.0941081087089062,TRUE,TRUE,TRUE,0.0730312404333576,0.0758354145595179,0.0339295333811313,106,55,24,51,1,5,3043,100,2006,0,24597,704,166,24407,0,24573,6.74,,
"regional-compression-exact-study-2026-08-13","production",TRUE,12,"perturbed",45,0.2,0.05,"exact","precomputed_exact_table","exact",202806500,202806541,,25000,"certified","bounds-met",TRUE,19,19,19,19,19,0,19,0,TRUE,0.820854394384871,0.179145605615129,0.179145605615126,TRUE,TRUE,TRUE,0.179145605615129,0.197409536799314,0.0569959870462033,6,6,24,0,0,,,,,0,43,32,19,0,0,19,0.289999999999999,,
"regional-compression-exact-study-2026-08-13","production",TRUE,12,"perturbed",45,0.2,0.05,"stochastic","precomputed_exact_table","iid",202806500,202806542,100,25000,"budget_exhausted","budget-exhausted",TRUE,166,166,19,18,28,10,28,9,FALSE,0.864218865950423,0.135781134049577,0.17541490934852,TRUE,TRUE,TRUE,0.135781134049577,0.145929225185185,0.0350840391250619,106,55,24,51,1,5,3043,100,2006,0,24597,682,166,24407,0,24573,6.6,,
"regional-compression-exact-study-2026-08-13","production",TRUE,12,"perturbed",46,0.01,0.05,"exact","precomputed_exact_table","exact",202806600,202806611,,25000,"certified","bounds-met",TRUE,76,76,93,93,93,0,93,0,TRUE,0.990569883597957,0.00943011640204272,0.00943011640204017,TRUE,TRUE,TRUE,0.00943011640204272,0.00947486147271422,0.00353252532045891,25,25,24,0,0,,,,,0,100,70,76,0,0,76,1.81,,
"regional-compression-exact-study-2026-08-13","production",TRUE,12,"perturbed",46,0.01,0.05,"stochastic","precomputed_exact_table","iid",202806600,202806612,100,25000,"budget_exhausted","budget-exhausted",TRUE,169,169,93,27,165,138,165,72,FALSE,0.998093634364467,0.00190636563553293,0.00918124756448879,TRUE,TRUE,TRUE,0.00190636563553293,0.0019081850631984,0.000777462968209353,118,56,24,62,34,2,124946,100,2243,0,23864,405,169,23671,0,23840,7.39,,
"regional-compression-exact-study-2026-08-13","production",TRUE,12,"perturbed",46,0.05,0.05,"exact","precomputed_exact_table","exact",202806600,202806621,,25000,"certified","bounds-met",TRUE,46,46,46,46,46,0,46,0,TRUE,0.956328321144335,0.0436716788556648,0.0436716788556624,TRUE,TRUE,TRUE,0.0436716788556648,0.0446539927307147,0.0196394889772724,15,15,24,0,0,,,,,0,70,50,46,0,0,46,0.66,,
"regional-compression-exact-study-2026-08-13","production",TRUE,12,"perturbed",46,0.05,0.05,"stochastic","precomputed_exact_table","iid",202806600,202806622,100,25000,"budget_exhausted","budget-exhausted",TRUE,169,169,46,9,117,108,117,71,FALSE,0.992118857026889,0.00788114297311082,0.0451152550453624,TRUE,TRUE,TRUE,0.00788114297311082,0.00791236332327456,0.00250832626442221,118,56,24,62,34,2,124946,100,2243,0,23864,395,169,23671,0,23840,6.78,,
"regional-compression-exact-study-2026-08-13","production",TRUE,12,"perturbed",46,0.1,0.05,"exact","precomputed_exact_table","exact",202806600,202806631,,25000,"certified","bounds-met",TRUE,37,37,36,36,36,0,36,0,TRUE,0.923771186564276,0.0762288134357241,0.076228813435722,TRUE,TRUE,TRUE,0.0762288134357241,0.0792908715951587,0.0215254963580376,12,12,24,0,0,,,,,0,61,44,37,0,0,37,0.530000000000001,,
"regional-compression-exact-study-2026-08-13","production",TRUE,12,"perturbed",46,0.1,0.05,"stochastic","precomputed_exact_table","iid",202806600,202806632,100,25000,"budget_exhausted","budget-exhausted",TRUE,169,169,36,9,77,68,77,41,FALSE,0.987790209297307,0.0122097907026928,0.0929531847530237,TRUE,TRUE,TRUE,0.0122097907026928,0.0122849425492449,0.00286446959331025,118,56,24,62,34,2,124946,100,2243,0,23864,398,169,23671,0,23840,7.69,,
"regional-compression-exact-study-2026-08-13","production",TRUE,12,"perturbed",46,0.2,0.05,"exact","precomputed_exact_table","exact",202806600,202806641,,25000,"certified","bounds-met",TRUE,16,16,9,9,9,0,9,0,TRUE,0.825066234154206,0.174933765845794,0.174933765845793,TRUE,TRUE,TRUE,0.174933765845794,0.19229161204675,0.0226067127119298,5,5,24,0,0,,,,,0,40,30,16,0,0,16,0.240000000000002,,
"regional-compression-exact-study-2026-08-13","production",TRUE,12,"perturbed",46,0.2,0.05,"stochastic","precomputed_exact_table","iid",202806600,202806642,100,25000,"budget_exhausted","budget-exhausted",TRUE,169,169,9,9,47,38,47,38,FALSE,0.958358580058396,0.0416414199416039,0.195544792327608,TRUE,TRUE,TRUE,0.0416414199416039,0.0425332703570426,0.0177542484784288,118,56,24,62,34,2,124946,100,2243,0,23864,396,169,23671,0,23840,7.61,,
"regional-compression-exact-study-2026-08-13","production",TRUE,12,"perturbed",47,0.01,0.05,"exact","precomputed_exact_table","exact",202806700,202806711,,25000,"certified","bounds-met",TRUE,82,82,116,116,116,0,116,0,TRUE,0.990326218130482,0.00967378186951795,0.00967378186951593,TRUE,TRUE,TRUE,0.00967378186951795,0.00972087686796042,0.00378483709036035,27,27,24,0,0,,,,,0,106,74,82,0,0,82,2.3,,
"regional-compression-exact-study-2026-08-13","production",TRUE,12,"perturbed",47,0.01,0.05,"stochastic","precomputed_exact_table","iid",202806700,202806712,100,25000,"budget_exhausted","budget-exhausted",TRUE,220,220,116,97,135,38,135,19,FALSE,0.993650269669756,0.00634973033024389,0.00874820060154891,TRUE,TRUE,TRUE,0.00634973033024389,0.00636997561477807,0.00276964810503288,173,73,24,100,0,1,1184,100,1184,0,24955,999,220,24711,0,24931,14.55,,
"regional-compression-exact-study-2026-08-13","production",TRUE,12,"perturbed",47,0.05,0.05,"exact","precomputed_exact_table","exact",202806700,202806721,,25000,"certified","bounds-met",TRUE,46,46,56,56,56,0,56,0,TRUE,0.973782103982517,0.0262178960174831,0.0262178960174812,TRUE,TRUE,TRUE,0.0262178960174831,0.0265677129106029,0.0103499277905521,15,15,24,0,0,,,,,0,70,50,46,0,0,46,0.73,,
"regional-compression-exact-study-2026-08-13","production",TRUE,12,"perturbed",47,0.05,0.05,"stochastic","precomputed_exact_table","iid",202806700,202806722,100,25000,"budget_exhausted","budget-exhausted",TRUE,220,220,56,46,56,10,56,0,TRUE,0.973782103982517,0.0262178960174831,0.0374461547787438,TRUE,TRUE,TRUE,0.0262178960174831,0.0265677129106029,0.0103499277905521,173,73,24,100,0,1,1184,100,1184,0,24955,1006,220,24711,0,24931,14.34,,
"regional-compression-exact-study-2026-08-13","production",TRUE,12,"perturbed",47,0.1,0.05,"exact","precomputed_exact_table","exact",202806700,202806731,,25000,"certified","bounds-met",TRUE,43,43,37,37,37,0,37,0,TRUE,0.910025744294458,0.0899742557055417,0.0899742557055398,TRUE,TRUE,TRUE,0.0899742557055417,0.0942823894379375,0.0248146373559412,14,14,24,0,0,,,,,0,67,48,43,0,0,43,0.690000000000005,,
"regional-compression-exact-study-2026-08-13","production",TRUE,12,"perturbed",47,0.1,0.05,"stochastic","precomputed_exact_table","iid",202806700,202806732,100,25000,"budget_exhausted","budget-exhausted",TRUE,220,220,37,28,46,18,46,9,FALSE,0.938805088697947,0.0611949113020529,0.086351264121895,TRUE,TRUE,TRUE,0.0611949113020529,0.0631473945918092,0.0248146373559412,173,73,24,100,0,1,1184,100,1184,0,24955,989,220,24711,0,24931,15.97,,
"regional-compression-exact-study-2026-08-13","production",TRUE,12,"perturbed",47,0.2,0.05,"exact","precomputed_exact_table","exact",202806700,202806741,,25000,"certified","bounds-met",TRUE,34,34,18,18,18,0,18,0,TRUE,0.808317432205796,0.191682567794204,0.191682567794202,TRUE,TRUE,TRUE,0.191682567794204,0.212800435970134,0.0579203173331974,11,11,24,0,0,,,,,0,58,42,34,0,0,34,0.719999999999999,,
"regional-compression-exact-study-2026-08-13","production",TRUE,12,"perturbed",47,0.2,0.05,"stochastic","precomputed_exact_table","iid",202806700,202806742,100,25000,"budget_exhausted","budget-exhausted",TRUE,220,220,18,9,28,19,28,10,FALSE,0.880753880300552,0.119246119699448,0.162099316183569,TRUE,TRUE,TRUE,0.119246119699448,0.126977056092888,0.0335646982980317,173,73,24,100,0,1,1184,100,1184,0,24955,1030,220,24711,0,24931,16.27,,
"regional-compression-exact-study-2026-08-13","production",TRUE,12,"perturbed",48,0.01,0.05,"exact","precomputed_exact_table","exact",202806800,202806811,,25000,"certified","bounds-met",TRUE,82,82,94,94,94,0,94,0,TRUE,0.990460998592626,0.0095390014073744,0.00953900140737142,TRUE,TRUE,TRUE,0.0095390014073744,0.0095847890931468,0.00309609251161607,27,27,24,0,0,,,,,0,106,74,82,0,0,82,3,,
"regional-compression-exact-study-2026-08-13","production",TRUE,12,"perturbed",48,0.01,0.05,"stochastic","precomputed_exact_table","iid",202806800,202806812,100,25000,"budget_exhausted","budget-exhausted",TRUE,241,241,94,65,123,58,123,29,FALSE,0.993816815182146,0.00618318481785418,0.00912887231487588,TRUE,TRUE,TRUE,0.00618318481785418,0.00620237987037665,0.00315527284094336,187,80,24,107,0,1,1391,100,1391,0,24969,1014,241,24704,0,24945,17.08,,
"regional-compression-exact-study-2026-08-13","production",TRUE,12,"perturbed",48,0.05,0.05,"exact","precomputed_exact_table","exact",202806800,202806821,,25000,"certified","bounds-met",TRUE,40,40,46,46,46,0,46,0,TRUE,0.954912150621239,0.0450878493787609,0.0450878493787578,TRUE,TRUE,TRUE,0.0450878493787609,0.0461359316109268,0.0206222012379243,13,13,24,0,0,,,,,0,64,46,40,0,0,40,0.529999999999998,,
"regional-compression-exact-study-2026-08-13","production",TRUE,12,"perturbed",48,0.05,0.05,"stochastic","precomputed_exact_table","iid",202806800,202806822,100,25000,"budget_exhausted","budget-exhausted",TRUE,241,241,46,37,56,19,56,10,FALSE,0.984294913222658,0.0157050867773421,0.0228601918781866,TRUE,TRUE,TRUE,0.0157050867773421,0.0158297182739105,0.00581284789132978,187,80,24,107,0,1,1391,100,1391,0,24969,1029,241,24704,0,24945,16.68,,
"regional-compression-exact-study-2026-08-13","production",TRUE,12,"perturbed",48,0.1,0.05,"exact","precomputed_exact_table","exact",202806800,202806831,,25000,"certified","bounds-met",TRUE,31,31,28,28,28,0,28,0,TRUE,0.901063984346756,0.0989360156532436,0.0989360156532408,TRUE,TRUE,TRUE,0.0989360156532436,0.104179009081961,0.0236050686362541,10,10,24,0,0,,,,,0,55,40,31,0,0,31,0.410000000000004,,
"regional-compression-exact-study-2026-08-13","production",TRUE,12,"perturbed",48,0.1,0.05,"stochastic","precomputed_exact_table","iid",202806800,202806832,100,25000,"budget_exhausted","budget-exhausted",TRUE,241,241,28,18,46,28,46,18,FALSE,0.954912150621239,0.0450878493787609,0.065816495012639,TRUE,TRUE,TRUE,0.0450878493787609,0.0461359316109268,0.0206222012379243,187,80,24,107,0,1,1391,100,1391,0,24969,1004,241,24704,0,24945,18.45,,
"regional-compression-exact-study-2026-08-13","production",TRUE,12,"perturbed",48,0.2,0.05,"exact","precomputed_exact_table","exact",202806800,202806841,,25000,"certified","bounds-met",TRUE,16,16,9,9,9,0,9,0,TRUE,0.822135616637822,0.177864383362178,0.177864383362176,TRUE,TRUE,TRUE,0.177864383362178,0.195849913789969,0.0464072259255492,5,5,24,0,0,,,,,0,40,30,16,0,0,16,0.460000000000008,,
"regional-compression-exact-study-2026-08-13","production",TRUE,12,"perturbed",48,0.2,0.05,"stochastic","precomputed_exact_table","iid",202806800,202806842,100,25000,"budget_exhausted","budget-exhausted",TRUE,241,241,9,9,18,9,18,9,FALSE,0.863253705520197,0.136746294479803,0.192410532337007,TRUE,TRUE,TRUE,0.136746294479803,0.147046650198576,0.0244923279825079,187,80,24,107,0,1,1391,100,1391,0,24969,972,241,24704,0,24945,17.18,,
"regional-compression-exact-study-2026-08-13","production",TRUE,12,"perturbed",49,0.01,0.05,"exact","precomputed_exact_table","exact",202806900,202806911,,25000,"certified","bounds-met",TRUE,76,76,104,104,104,0,104,0,TRUE,0.99061519315385,0.00938480684614962,0.00938480684615178,TRUE,TRUE,TRUE,0.00938480684614962,0.0094291216209127,0.00300160442042016,25,25,24,0,0,,,,,0,100,70,76,0,0,76,1.79,,
"regional-compression-exact-study-2026-08-13","production",TRUE,12,"perturbed",49,0.01,0.05,"stochastic","precomputed_exact_table","iid",202806900,202806912,100,25000,"budget_exhausted","budget-exhausted",TRUE,280,280,104,56,135,79,135,31,FALSE,0.994916028422535,0.00508397157746521,0.00979249941906916,TRUE,TRUE,TRUE,0.00508397157746521,0.00509693893007105,0.00211523522579171,229,93,24,136,108,181,1727681,181,2385,0,24634,509,280,24330,0,24610,27.04,,
"regional-compression-exact-study-2026-08-13","production",TRUE,12,"perturbed",49,0.05,0.05,"exact","precomputed_exact_table","exact",202806900,202806921,,25000,"certified","bounds-met",TRUE,43,43,46,46,46,0,46,0,TRUE,0.956537162948751,0.0434628370512494,0.0434628370512516,TRUE,TRUE,TRUE,0.0434628370512494,0.0444356377998721,0.0173218807926893,14,14,24,0,0,,,,,0,67,48,43,0,0,43,0.980000000000004,,
"regional-compression-exact-study-2026-08-13","production",TRUE,12,"perturbed",49,0.05,0.05,"stochastic","precomputed_exact_table","iid",202806900,202806922,100,25000,"budget_exhausted","budget-exhausted",TRUE,280,280,46,27,56,29,56,10,FALSE,0.981323275358334,0.0186767246416664,0.0365328370685814,TRUE,TRUE,TRUE,0.0186767246416664,0.0188533371491806,0.00677878009824584,229,93,24,136,108,181,1727681,181,2385,0,24634,504,280,24330,0,24610,27.62,,
"regional-compression-exact-study-2026-08-13","production",TRUE,12,"perturbed",49,0.1,0.05,"exact","precomputed_exact_table","exact",202806900,202806931,,25000,"certified","bounds-met",TRUE,43,43,36,36,36,0,36,0,TRUE,0.911042060743939,0.0889579392560612,0.088957939256063,TRUE,TRUE,TRUE,0.0889579392560612,0.0931662129263507,0.0290129800748104,14,14,24,0,0,,,,,0,67,48,43,0,0,43,0.590000000000003,,
"regional-compression-exact-study-2026-08-13","production",TRUE,12,"perturbed",49,0.1,0.05,"stochastic","precomputed_exact_table","iid",202806900,202806932,100,25000,"budget_exhausted","budget-exhausted",TRUE,280,280,36,9,46,37,46,10,FALSE,0.956537162948751,0.0434628370512494,0.0917463736582744,TRUE,TRUE,TRUE,0.0434628370512494,0.0444356377998721,0.0173218807926893,229,93,24,136,108,181,1727681,181,2385,0,24634,511,280,24330,0,24610,25.61,,
"regional-compression-exact-study-2026-08-13","production",TRUE,12,"perturbed",49,0.2,0.05,"exact","precomputed_exact_table","exact",202806900,202806941,,25000,"certified","bounds-met",TRUE,16,16,9,9,9,0,9,0,TRUE,0.80955305443355,0.19044694556645,0.190446945566451,TRUE,TRUE,TRUE,0.19044694556645,0.211272968254764,0.0499144700211133,5,5,24,0,0,,,,,0,40,30,16,0,0,16,0.329999999999998,,
"regional-compression-exact-study-2026-08-13","production",TRUE,12,"perturbed",49,0.2,0.05,"stochastic","precomputed_exact_table","iid",202806900,202806942,100,25000,"budget_exhausted","budget-exhausted",TRUE,280,280,9,9,28,19,28,19,FALSE,0.897702886707579,0.102297113292421,0.18135475852477,TRUE,TRUE,TRUE,0.102297113292421,0.107916126553974,0.0334887572933061,229,93,24,136,108,181,1727681,181,2385,0,24634,496,280,24330,0,24610,27.87,,
"regional-compression-exact-study-2026-08-13","production",TRUE,12,"perturbed",50,0.01,0.05,"exact","precomputed_exact_table","exact",202807000,202807011,,25000,"certified","bounds-met",TRUE,61,61,113,113,113,0,113,0,TRUE,0.990018850145657,0.00998114985434273,0.00998114985434156,TRUE,TRUE,TRUE,0.00998114985434273,0.0100312954836015,0.00337193088558699,20,20,24,0,0,,,,,0,85,60,61,0,0,61,1.79,,
"regional-compression-exact-study-2026-08-13","production",TRUE,12,"perturbed",50,0.01,0.05,"stochastic","precomputed_exact_table","iid",202807000,202807012,100,25000,"budget_exhausted","budget-exhausted",TRUE,208,208,113,92,142,50,142,29,FALSE,0.993707177816536,0.00629282218346439,0.00923197000899122,TRUE,TRUE,TRUE,0.00629282218346439,0.00631270544743395,0.00258882325037474,171,69,24,102,0,2,1268,100,1268,0,24522,1034,208,24290,0,24498,14.61,,
"regional-compression-exact-study-2026-08-13","production",TRUE,12,"perturbed",50,0.05,0.05,"exact","precomputed_exact_table","exact",202807000,202807021,,25000,"certified","bounds-met",TRUE,40,40,54,54,54,0,54,0,TRUE,0.955509960379627,0.0444900396203731,0.0444900396203719,TRUE,TRUE,TRUE,0.0444900396203731,0.0455100910969821,0.0170765017554673,13,13,24,0,0,,,,,0,64,46,40,0,0,40,0.920000000000002,,
"regional-compression-exact-study-2026-08-13","production",TRUE,12,"perturbed",50,0.05,0.05,"stochastic","precomputed_exact_table","iid",202807000,202807022,100,25000,"budget_exhausted","budget-exhausted",TRUE,208,208,54,45,56,11,56,2,FALSE,0.972671430969159,0.0273285690308411,0.0394254585575702,TRUE,TRUE,TRUE,0.0273285690308411,0.0277089403932622,0.00695510898181162,171,69,24,102,0,2,1268,100,1268,0,24522,1055,208,24290,0,24498,15.11,,
"regional-compression-exact-study-2026-08-13","production",TRUE,12,"perturbed",50,0.1,0.05,"exact","precomputed_exact_table","exact",202807000,202807031,,25000,"certified","bounds-met",TRUE,40,40,37,37,37,0,37,0,TRUE,0.921170617500167,0.0788293824998334,0.0788293824998321,TRUE,TRUE,TRUE,0.0788293824998334,0.0821100074407675,0.0213696741875611,13,13,24,0,0,,,,,0,64,46,40,0,0,40,0.560000000000002,,
"regional-compression-exact-study-2026-08-13","production",TRUE,12,"perturbed",50,0.1,0.05,"stochastic","precomputed_exact_table","iid",202807000,202807032,100,25000,"budget_exhausted","budget-exhausted",TRUE,208,208,37,27,46,19,46,9,FALSE,0.946908477122759,0.0530915228772412,0.0768275239338769,TRUE,TRUE,TRUE,0.0530915228772412,0.0545528355322187,0.0170765017554673,171,69,24,102,0,2,1268,100,1268,0,24522,1056,208,24290,0,24498,16.61,,
"regional-compression-exact-study-2026-08-13","production",TRUE,12,"perturbed",50,0.2,0.05,"exact","precomputed_exact_table","exact",202807000,202807041,,25000,"certified","bounds-met",TRUE,16,16,9,9,9,0,9,0,TRUE,0.805391015146199,0.194608984853801,0.194608984853799,TRUE,TRUE,TRUE,0.194608984853801,0.216427386392841,0.0385347485838611,5,5,24,0,0,,,,,0,40,30,16,0,0,16,0.270000000000003,,
"regional-compression-exact-study-2026-08-13","production",TRUE,12,"perturbed",50,0.2,0.05,"stochastic","precomputed_exact_table","iid",202807000,202807042,100,25000,"budget_exhausted","budget-exhausted",TRUE,208,208,9,9,19,10,19,10,FALSE,0.855207953280174,0.144792046719826,0.197178198210002,TRUE,TRUE,TRUE,0.144792046719826,0.156410619407887,0.0390974378377016,171,69,24,102,0,2,1268,100,1268,0,24522,1046,208,24290,0,24498,16.13,,
"regional-compression-exact-study-2026-08-13","production",TRUE,12,"perturbed",51,0.01,0.05,"exact","precomputed_exact_table","exact",202807100,202807111,,25000,"certified","bounds-met",TRUE,73,73,103,103,103,0,103,0,TRUE,0.990548292242381,0.0094517077576195,0.00945170775762136,TRUE,TRUE,TRUE,0.0094517077576195,0.00949665861317857,0.00377521675535624,24,24,24,0,0,,,,,0,97,68,73,0,0,73,1.66,,
"regional-compression-exact-study-2026-08-13","production",TRUE,12,"perturbed",51,0.01,0.05,"stochastic","precomputed_exact_table","iid",202807100,202807112,100,25000,"budget_exhausted","budget-exhausted",TRUE,301,301,103,93,113,20,113,10,FALSE,0.992684264541224,0.00731573545877595,0.00967553795325894,TRUE,TRUE,TRUE,0.00731573545877595,0.00734262668442603,0.00272262684293318,259,100,24,159,0,1,516,100,516,0,24948,1327,301,24623,0,24924,35.74,,
"regional-compression-exact-study-2026-08-13","production",TRUE,12,"perturbed",51,0.05,0.05,"exact","precomputed_exact_table","exact",202807100,202807121,,25000,"certified","bounds-met",TRUE,43,43,46,46,46,0,46,0,TRUE,0.951177804126113,0.0488221958738875,0.0488221958738892,TRUE,TRUE,TRUE,0.0488221958738875,0.05005426848031,0.0148176056673953,14,14,24,0,0,,,,,0,67,48,43,0,0,43,0.600000000000001,,
"regional-compression-exact-study-2026-08-13","production",TRUE,12,"perturbed",51,0.05,0.05,"stochastic","precomputed_exact_table","iid",202807100,202807122,100,25000,"budget_exhausted","budget-exhausted",TRUE,301,301,46,46,56,10,56,10,FALSE,0.973007859390754,0.0269921406092462,0.0344896910135823,TRUE,TRUE,TRUE,0.0269921406092462,0.0273631193459655,0.0136483617532245,259,100,24,159,0,1,516,100,516,0,24948,1331,301,24623,0,24924,36.51,,
"regional-compression-exact-study-2026-08-13","production",TRUE,12,"perturbed",51,0.1,0.05,"exact","precomputed_exact_table","exact",202807100,202807131,,25000,"certified","bounds-met",TRUE,49,49,36,36,36,0,36,0,TRUE,0.923459239601062,0.0765407603989381,0.0765407603989396,TRUE,TRUE,TRUE,0.0765407603989381,0.0796286171863538,0.0189006596181466,16,16,24,0,0,,,,,0,73,52,49,0,0,49,0.75,,
"regional-compression-exact-study-2026-08-13","production",TRUE,12,"perturbed",51,0.1,0.05,"stochastic","precomputed_exact_table","iid",202807100,202807132,100,25000,"budget_exhausted","budget-exhausted",TRUE,301,301,36,27,37,10,37,1,FALSE,0.92753069559682,0.0724693044031798,0.0952464515118933,TRUE,TRUE,TRUE,0.0724693044031798,0.0752293900650791,0.0198195328105095,259,100,24,159,0,1,516,100,516,0,24948,1330,301,24623,0,24924,34.47,,
"regional-compression-exact-study-2026-08-13","production",TRUE,12,"perturbed",51,0.2,0.05,"exact","precomputed_exact_table","exact",202807100,202807141,,25000,"certified","bounds-met",TRUE,34,34,18,18,18,0,18,0,TRUE,0.826374067806428,0.173625932193572,0.173625932193573,TRUE,TRUE,TRUE,0.173625932193572,0.190707741380548,0.0888636716778341,11,11,24,0,0,,,,,0,58,42,34,0,0,34,0.480000000000004,,
"regional-compression-exact-study-2026-08-13","production",TRUE,12,"perturbed",51,0.2,0.05,"stochastic","precomputed_exact_table","iid",202807100,202807142,100,25000,"budget_exhausted","budget-exhausted",TRUE,301,301,18,9,27,18,27,9,FALSE,0.89981213107177,0.10018786892823,0.130786825760084,TRUE,TRUE,TRUE,0.10018786892823,0.105569280701321,0.0197094383293052,259,100,24,159,0,1,516,100,516,0,24948,1343,301,24623,0,24924,37.63,,
"regional-compression-exact-study-2026-08-13","production",TRUE,12,"perturbed",52,0.01,0.05,"exact","precomputed_exact_table","exact",202807200,202807211,,25000,"certified","bounds-met",TRUE,76,76,111,111,111,0,111,0,TRUE,0.990431392183749,0.00956860781625068,0.00956860781625406,TRUE,TRUE,TRUE,0.00956860781625068,0.00961468108426791,0.00376576905184989,25,25,24,0,0,,,,,0,100,70,76,0,0,76,1.97,,
"regional-compression-exact-study-2026-08-13","production",TRUE,12,"perturbed",52,0.01,0.05,"stochastic","precomputed_exact_table","iid",202807200,202807212,100,25000,"budget_exhausted","budget-exhausted",TRUE,157,157,111,46,193,147,193,82,FALSE,0.996262510633256,0.0037374893667439,0.00994238633290695,TRUE,TRUE,TRUE,0.0037374893667439,0.003744491231836,0.0019110032602852,103,52,24,51,23,40,60521,100,2237,0,24900,449,157,24719,0,24876,6.12,,
"regional-compression-exact-study-2026-08-13","production",TRUE,12,"perturbed",52,0.05,0.05,"exact","precomputed_exact_table","exact",202807200,202807221,,25000,"certified","bounds-met",TRUE,49,49,56,56,56,0,56,0,TRUE,0.9711497080516,0.0288502919484001,0.0288502919484034,TRUE,TRUE,TRUE,0.0288502919484001,0.0292746433253657,0.0172014774391293,16,16,24,0,0,,,,,0,73,52,49,0,0,49,0.67,,
"regional-compression-exact-study-2026-08-13","production",TRUE,12,"perturbed",52,0.05,0.05,"stochastic","precomputed_exact_table","iid",202807200,202807222,100,25000,"budget_exhausted","budget-exhausted",TRUE,157,157,56,9,96,87,96,40,FALSE,0.987227108925732,0.0127728910742678,0.0468064160373149,TRUE,TRUE,TRUE,0.0127728910742678,0.0128551657889475,0.00525728875907076,103,52,24,51,23,40,60521,100,2237,0,24900,446,157,24719,0,24876,5.87,,
"regional-compression-exact-study-2026-08-13","production",TRUE,12,"perturbed",52,0.1,0.05,"exact","precomputed_exact_table","exact",202807200,202807231,,25000,"certified","bounds-met",TRUE,37,37,36,36,36,0,36,0,TRUE,0.920577570903028,0.0794224290969723,0.0794224290969751,TRUE,TRUE,TRUE,0.0794224290969723,0.0827540114597423,0.0320477693952929,12,12,24,0,0,,,,,0,61,44,37,0,0,37,0.5,,
"regional-compression-exact-study-2026-08-13","production",TRUE,12,"perturbed",52,0.1,0.05,"stochastic","precomputed_exact_table","iid",202807200,202807232,100,25000,"budget_exhausted","budget-exhausted",TRUE,157,157,36,9,66,57,66,30,FALSE,0.983998035406029,0.016001964593971,0.0692966210207412,TRUE,TRUE,TRUE,0.016001964593971,0.0161313784704651,0.00515578064379815,103,52,24,51,23,40,60521,100,2237,0,24900,460,157,24719,0,24876,6.07,,
"regional-compression-exact-study-2026-08-13","production",TRUE,12,"perturbed",52,0.2,0.05,"exact","precomputed_exact_table","exact",202807200,202807241,,25000,"certified","bounds-met",TRUE,16,16,9,9,9,0,9,0,TRUE,0.814532103506672,0.185467896493328,0.18546789649333,TRUE,TRUE,TRUE,0.185467896493328,0.205141436730081,0.0371033438840933,5,5,24,0,0,,,,,0,40,30,16,0,0,16,0.199999999999996,,
"regional-compression-exact-study-2026-08-13","production",TRUE,12,"perturbed",52,0.2,0.05,"stochastic","precomputed_exact_table","iid",202807200,202807242,100,25000,"budget_exhausted","budget-exhausted",TRUE,157,157,9,9,56,47,56,47,FALSE,0.9711497080516,0.0288502919484001,0.187424220006748,TRUE,TRUE,TRUE,0.0288502919484001,0.0292746433253657,0.0172014774391293,103,52,24,51,23,40,60521,100,2237,0,24900,447,157,24719,0,24876,6.75,,
"regional-compression-exact-study-2026-08-13","production",TRUE,12,"perturbed",53,0.01,0.05,"exact","precomputed_exact_table","exact",202807300,202807311,,25000,"certified","bounds-met",TRUE,82,82,114,114,114,0,114,0,TRUE,0.990595641101418,0.0094043588985816,0.00940435889857996,TRUE,TRUE,TRUE,0.0094043588985816,0.00944885909871624,0.00345534233284366,27,27,24,0,0,,,,,0,106,74,82,0,0,82,2.31,,
"regional-compression-exact-study-2026-08-13","production",TRUE,12,"perturbed",53,0.01,0.05,"stochastic","precomputed_exact_table","iid",202807300,202807312,100,25000,"frontier_exhausted","tolerance-not-met",TRUE,364,364,114,46,173,127,173,59,FALSE,0.997691211298946,0.00230878870105422,0.00912820737511319,TRUE,TRUE,TRUE,0.00230878870105422,0.00231145806314077,0.00115879803701163,363,121,24,242,54,1,39526,100,321,0,20589,1141,364,20201,0,20565,79.08,,
"regional-compression-exact-study-2026-08-13","production",TRUE,12,"perturbed",53,0.05,0.05,"exact","precomputed_exact_table","exact",202807300,202807321,,25000,"certified","bounds-met",TRUE,46,46,47,47,47,0,47,0,TRUE,0.955103800767614,0.0448961992323862,0.0448961992323845,TRUE,TRUE,TRUE,0.0448961992323862,0.0459352525046832,0.0177471409059777,15,15,24,0,0,,,,,0,70,50,46,0,0,46,0.689999999999998,,
"regional-compression-exact-study-2026-08-13","production",TRUE,12,"perturbed",53,0.05,0.05,"stochastic","precomputed_exact_table","iid",202807300,202807322,100,25000,"frontier_exhausted","tolerance-not-met",TRUE,364,364,47,18,97,79,97,50,FALSE,0.988009197369686,0.0119908026303137,0.0485148117134352,TRUE,TRUE,TRUE,0.0119908026303137,0.0120632721989686,0.00479186264819967,363,121,24,242,54,1,39526,100,321,0,20589,1153,364,20201,0,20565,78.52,,
"regional-compression-exact-study-2026-08-13","production",TRUE,12,"perturbed",53,0.1,0.05,"exact","precomputed_exact_table","exact",202807300,202807331,,25000,"certified","bounds-met",TRUE,46,46,36,36,36,0,36,0,TRUE,0.900067596390945,0.0999324036090545,0.0999324036090528,TRUE,TRUE,TRUE,0.0999324036090545,0.105285411377173,0.0366930547987659,15,15,24,0,0,,,,,0,70,50,46,0,0,46,0.620000000000005,,
"regional-compression-exact-study-2026-08-13","production",TRUE,12,"perturbed",53,0.1,0.05,"stochastic","precomputed_exact_table","iid",202807300,202807332,100,25000,"frontier_exhausted","tolerance-not-met",TRUE,364,364,36,9,56,47,56,20,FALSE,0.979182190691665,0.0208178093083351,0.0938120206935864,TRUE,TRUE,TRUE,0.0208178093083351,0.0210375550001083,0.00748008027508462,363,121,24,242,54,1,39526,100,321,0,20589,1158,364,20201,0,20565,77.62,,
"regional-compression-exact-study-2026-08-13","production",TRUE,12,"perturbed",53,0.2,0.05,"exact","precomputed_exact_table","exact",202807300,202807341,,25000,"certified","bounds-met",TRUE,16,16,9,9,9,0,9,0,TRUE,0.803393460216098,0.196606539783902,0.196606539783901,TRUE,TRUE,TRUE,0.196606539783902,0.218910697224393,0.0392983095854732,5,5,24,0,0,,,,,0,40,30,16,0,0,16,0.159999999999997,,
"regional-compression-exact-study-2026-08-13","production",TRUE,12,"perturbed",53,0.2,0.05,"stochastic","precomputed_exact_table","iid",202807300,202807342,100,25000,"frontier_exhausted","tolerance-not-met",TRUE,364,364,9,9,47,38,47,38,FALSE,0.950073959958366,0.049926040041634,0.167733946941645,TRUE,TRUE,TRUE,0.049926040041634,0.0512154448301523,0.0304504875224808,363,121,24,242,54,1,39526,100,321,0,20589,1152,364,20201,0,20565,80.35,,
"regional-compression-exact-study-2026-08-13","production",TRUE,12,"perturbed",54,0.01,0.05,"exact","precomputed_exact_table","exact",202807400,202807411,,25000,"certified","bounds-met",TRUE,67,67,102,102,102,0,102,0,TRUE,0.990177855318562,0.00982214468143772,0.00982214468143881,TRUE,TRUE,TRUE,0.00982214468143772,0.00987070015202862,0.00364633172676114,22,22,24,0,0,,,,,0,91,64,67,0,0,67,1.83,,
"regional-compression-exact-study-2026-08-13","production",TRUE,12,"perturbed",54,0.01,0.05,"stochastic","precomputed_exact_table","iid",202807400,202807412,100,25000,"budget_exhausted","budget-exhausted",TRUE,184,184,102,27,172,145,172,70,FALSE,0.998084199678512,0.00191580032148797,0.00975741250211577,TRUE,TRUE,TRUE,0.00191580032148797,0.00191763781414495,0.000783986822026569,146,61,24,85,49,34,29580,100,1770,0,23480,468,184,23272,0,23456,12.03,,
"regional-compression-exact-study-2026-08-13","production",TRUE,12,"perturbed",54,0.05,0.05,"exact","precomputed_exact_table","exact",202807400,202807421,,25000,"certified","bounds-met",TRUE,40,40,46,46,46,0,46,0,TRUE,0.957766398183791,0.0422336018162094,0.0422336018162104,TRUE,TRUE,TRUE,0.0422336018162094,0.0431513739778226,0.0168242772152061,13,13,24,0,0,,,,,0,64,46,40,0,0,40,0.609999999999999,,
"regional-compression-exact-study-2026-08-13","production",TRUE,12,"perturbed",54,0.05,0.05,"stochastic","precomputed_exact_table","iid",202807400,202807422,100,25000,"budget_exhausted","budget-exhausted",TRUE,184,184,46,9,115,106,115,69,FALSE,0.991391214062839,0.00860878593716063,0.0472168259855152,TRUE,TRUE,TRUE,0.00860878593716063,0.00864605558659759,0.00315635766360056,146,61,24,85,49,34,29580,100,1770,0,23480,478,184,23272,0,23456,13.02,,
"regional-compression-exact-study-2026-08-13","production",TRUE,12,"perturbed",54,0.1,0.05,"exact","precomputed_exact_table","exact",202807400,202807431,,25000,"certified","bounds-met",TRUE,34,34,28,28,28,0,28,0,TRUE,0.90101302083132,0.09898697916868,0.0989869791686813,TRUE,TRUE,TRUE,0.09898697916868,0.104235569945125,0.0223031004353825,11,11,24,0,0,,,,,0,58,42,34,0,0,34,0.520000000000003,,
"regional-compression-exact-study-2026-08-13","production",TRUE,12,"perturbed",54,0.1,0.05,"stochastic","precomputed_exact_table","iid",202807400,202807432,100,25000,"budget_exhausted","budget-exhausted",TRUE,184,184,28,9,83,74,83,55,FALSE,0.987478482930479,0.0125215170695214,0.0971038993303255,TRUE,TRUE,TRUE,0.0125215170695214,0.0126005718817434,0.00361030847886453,146,61,24,85,49,34,29580,100,1770,0,23480,458,184,23272,0,23456,10.56,,
"regional-compression-exact-study-2026-08-13","production",TRUE,12,"perturbed",54,0.2,0.05,"exact","precomputed_exact_table","exact",202807400,202807441,,25000,"certified","bounds-met",TRUE,16,16,9,9,9,0,9,0,TRUE,0.823399961808164,0.176600038191836,0.176600038191837,TRUE,TRUE,TRUE,0.176600038191836,0.194313216029424,0.033916317537047,5,5,24,0,0,,,,,0,40,30,16,0,0,16,0.390000000000001,,
"regional-compression-exact-study-2026-08-13","production",TRUE,12,"perturbed",54,0.2,0.05,"stochastic","precomputed_exact_table","iid",202807400,202807442,100,25000,"budget_exhausted","budget-exhausted",TRUE,184,184,9,9,47,38,47,38,FALSE,0.956670634643475,0.0433293653565248,0.18077503728088,TRUE,TRUE,TRUE,0.0433293653565248,0.044296111194232,0.0222610442760345,146,61,24,85,49,34,29580,100,1770,0,23480,468,184,23272,0,23456,10.24,,
"regional-compression-exact-study-2026-08-13","production",TRUE,12,"perturbed",55,0.01,0.05,"exact","precomputed_exact_table","exact",202807500,202807511,,25000,"certified","bounds-met",TRUE,70,70,93,93,93,0,93,0,TRUE,0.990198842758347,0.00980115724165342,0.00980115724165545,TRUE,TRUE,TRUE,0.00980115724165342,0.00984950475036038,0.00335404647147557,23,23,24,0,0,,,,,0,94,66,70,0,0,70,2.36,,
"regional-compression-exact-study-2026-08-13","production",TRUE,12,"perturbed",55,0.01,0.05,"stochastic","precomputed_exact_table","iid",202807500,202807512,100,25000,"budget_exhausted","budget-exhausted",TRUE,133,133,93,65,113,48,113,20,FALSE,0.993283457167835,0.00671654283216472,0.00955828396877311,TRUE,TRUE,TRUE,0.00671654283216472,0.0067392003162701,0.00276688577913671,84,44,24,40,0,1,2011,100,2011,0,24445,498,133,24288,0,24421,4.96,,
"regional-compression-exact-study-2026-08-13","production",TRUE,12,"perturbed",55,0.05,0.05,"exact","precomputed_exact_table","exact",202807500,202807521,,25000,"certified","bounds-met",TRUE,43,43,46,46,46,0,46,0,TRUE,0.960622518061226,0.0393774819387738,0.0393774819387755,TRUE,TRUE,TRUE,0.0393774819387738,0.0401737483634264,0.0148385973204036,14,14,24,0,0,,,,,0,67,48,43,0,0,43,0.67,,
"regional-compression-exact-study-2026-08-13","production",TRUE,12,"perturbed",55,0.05,0.05,"stochastic","precomputed_exact_table","iid",202807500,202807522,100,25000,"budget_exhausted","budget-exhausted",TRUE,133,133,46,37,56,19,56,10,FALSE,0.984510689818149,0.0154893101818512,0.0220187033864553,TRUE,TRUE,TRUE,0.0154893101818512,0.0156105228429126,0.00551344793279163,84,44,24,40,0,1,2011,100,2011,0,24445,500,133,24288,0,24421,4.81,,
"regional-compression-exact-study-2026-08-13","production",TRUE,12,"perturbed",55,0.1,0.05,"exact","precomputed_exact_table","exact",202807500,202807531,,25000,"certified","bounds-met",TRUE,37,37,28,28,28,0,28,0,TRUE,0.90137759408649,0.09862240591351,0.0986224059135113,TRUE,TRUE,TRUE,0.09862240591351,0.103831025827857,0.0385661984445867,12,12,24,0,0,,,,,0,61,44,37,0,0,37,0.48,,
"regional-compression-exact-study-2026-08-13","production",TRUE,12,"perturbed",55,0.1,0.05,"stochastic","precomputed_exact_table","iid",202807500,202807532,100,25000,"budget_exhausted","budget-exhausted",TRUE,133,133,28,19,37,18,37,9,FALSE,0.934707622585939,0.0652923774140609,0.0878563132242743,TRUE,TRUE,TRUE,0.0652923774140609,0.0675215017119071,0.0228317030059813,84,44,24,40,0,1,2011,100,2011,0,24445,491,133,24288,0,24421,5.45,,
"regional-compression-exact-study-2026-08-13","production",TRUE,12,"perturbed",55,0.2,0.05,"exact","precomputed_exact_table","exact",202807500,202807541,,25000,"certified","bounds-met",TRUE,16,16,9,9,9,0,9,0,TRUE,0.821169379672513,0.178830620327487,0.178830620327488,TRUE,TRUE,TRUE,0.178830620327487,0.197025881828561,0.0440683776152293,5,5,24,0,0,,,,,0,40,30,16,0,0,16,0.379999999999999,,
"regional-compression-exact-study-2026-08-13","production",TRUE,12,"perturbed",55,0.2,0.05,"stochastic","precomputed_exact_table","iid",202807500,202807542,100,25000,"budget_exhausted","budget-exhausted",TRUE,133,133,9,9,18,9,18,9,FALSE,0.859472922164532,0.140527077835468,0.190173740714321,TRUE,TRUE,TRUE,0.140527077835468,0.151435958827075,0.0384916929796711,84,44,24,40,0,1,2011,100,2011,0,24445,496,133,24288,0,24421,5.31,,
"regional-compression-exact-study-2026-08-13","production",TRUE,12,"perturbed",56,0.01,0.05,"exact","precomputed_exact_table","exact",202807600,202807611,,25000,"certified","bounds-met",TRUE,79,79,113,113,113,0,113,0,TRUE,0.990614925174042,0.00938507482595841,0.00938507482595534,TRUE,TRUE,TRUE,0.00938507482595841,0.00942939213952264,0.0030371961415832,26,26,24,0,0,,,,,0,103,72,79,0,0,79,1.93,,
"regional-compression-exact-study-2026-08-13","production",TRUE,12,"perturbed",56,0.01,0.05,"stochastic","precomputed_exact_table","iid",202807600,202807612,100,25000,"budget_exhausted","budget-exhausted",TRUE,226,226,113,9,368,359,368,255,FALSE,0.999747047279969,0.000252952720030897,0.00951993257785048,TRUE,TRUE,TRUE,0.000252952720030897,0.000252984717966273,0.000131519097204102,184,75,24,109,89,186,5799147,186,2443,0,23815,324,226,23565,0,23791,18.35,,
"regional-compression-exact-study-2026-08-13","production",TRUE,12,"perturbed",56,0.05,0.05,"exact","precomputed_exact_table","exact",202807600,202807621,,25000,"certified","bounds-met",TRUE,46,46,54,54,54,0,54,0,TRUE,0.957129751970693,0.0428702480293072,0.0428702480293039,TRUE,TRUE,TRUE,0.0428702480293072,0.0438163147230468,0.0149076576376989,15,15,24,0,0,,,,,0,70,50,46,0,0,46,0.990000000000002,,
"regional-compression-exact-study-2026-08-13","production",TRUE,12,"perturbed",56,0.05,0.05,"stochastic","precomputed_exact_table","iid",202807600,202807622,100,25000,"budget_exhausted","budget-exhausted",TRUE,226,226,54,9,237,228,237,183,FALSE,0.999022105721709,0.000977894278290647,0.0487548558758182,TRUE,TRUE,TRUE,0.000977894278290647,0.000978372728841873,0.000491351684835155,184,75,24,109,89,186,5799147,186,2443,0,23815,320,226,23565,0,23791,16.5,,
"regional-compression-exact-study-2026-08-13","production",TRUE,12,"perturbed",56,0.1,0.05,"exact","precomputed_exact_table","exact",202807600,202807631,,25000,"certified","bounds-met",TRUE,43,43,36,36,36,0,36,0,TRUE,0.905288943615933,0.0947110563840668,0.0947110563840636,TRUE,TRUE,TRUE,0.0947110563840668,0.0995011115257981,0.023374856992514,14,14,24,0,0,,,,,0,67,48,43,0,0,43,0.559999999999995,,
"regional-compression-exact-study-2026-08-13","production",TRUE,12,"perturbed",56,0.1,0.05,"stochastic","precomputed_exact_table","iid",202807600,202807632,100,25000,"budget_exhausted","budget-exhausted",TRUE,226,226,36,9,191,182,191,155,FALSE,0.997903930977944,0.0020960690220555,0.0886011148170357,TRUE,TRUE,TRUE,0.0020960690220555,0.00209826884925876,0.000683919017132134,184,75,24,109,89,186,5799147,186,2443,0,23815,315,226,23565,0,23791,16.29,,
"regional-compression-exact-study-2026-08-13","production",TRUE,12,"perturbed",56,0.2,0.05,"exact","precomputed_exact_table","exact",202807600,202807641,,25000,"certified","bounds-met",TRUE,22,22,17,17,17,0,17,0,TRUE,0.807894844144947,0.192105155855053,0.19210515585505,TRUE,TRUE,TRUE,0.192105155855053,0.213323372315394,0.0489365515022638,7,7,24,0,0,,,,,0,46,34,22,0,0,22,0.340000000000003,,
"regional-compression-exact-study-2026-08-13","production",TRUE,12,"perturbed",56,0.2,0.05,"stochastic","precomputed_exact_table","iid",202807600,202807642,100,25000,"budget_exhausted","budget-exhausted",TRUE,226,226,17,9,154,145,154,137,FALSE,0.994354722008817,0.0056452779911832,0.198964859391491,TRUE,TRUE,TRUE,0.0056452779911832,0.00566127279814105,0.00237172098738475,184,75,24,109,89,186,5799147,186,2443,0,23815,320,226,23565,0,23791,15.25,,
"regional-compression-exact-study-2026-08-13","production",TRUE,12,"perturbed",57,0.01,0.05,"exact","precomputed_exact_table","exact",202807700,202807711,,25000,"certified","bounds-met",TRUE,79,79,113,113,113,0,113,0,TRUE,0.99092568556349,0.00907431443651019,0.00907431443651062,TRUE,TRUE,TRUE,0.00907431443651019,0.0091157368045656,0.00378090301626044,26,26,24,0,0,,,,,0,103,72,79,0,0,79,1.91,,
"regional-compression-exact-study-2026-08-13","production",TRUE,12,"perturbed",57,0.01,0.05,"stochastic","precomputed_exact_table","iid",202807700,202807712,100,25000,"budget_exhausted","budget-exhausted",TRUE,184,184,113,27,164,137,164,51,FALSE,0.997434946625676,0.00256505337432367,0.00836313288246976,TRUE,TRUE,TRUE,0.00256505337432367,0.00256834876016348,0.00162369791189311,136,61,24,75,40,27,82813,100,2435,0,24865,355,184,24657,0,24841,10.89,,
"regional-compression-exact-study-2026-08-13","production",TRUE,12,"perturbed",57,0.05,0.05,"exact","precomputed_exact_table","exact",202807700,202807721,,25000,"certified","bounds-met",TRUE,55,55,55,55,55,0,55,0,TRUE,0.951643928771739,0.0483560712282612,0.0483560712282615,TRUE,TRUE,TRUE,0.0483560712282612,0.0495643385547777,0.02383258768826,18,18,24,0,0,,,,,0,79,56,55,0,0,55,0.940000000000001,,
"regional-compression-exact-study-2026-08-13","production",TRUE,12,"perturbed",57,0.05,0.05,"stochastic","precomputed_exact_table","iid",202807700,202807722,100,25000,"budget_exhausted","budget-exhausted",TRUE,184,184,55,9,106,97,106,51,FALSE,0.988524798173822,0.0114752018261778,0.0480554350279392,TRUE,TRUE,TRUE,0.0114752018261778,0.0115415500155974,0.00584751169866171,136,61,24,75,40,27,82813,100,2435,0,24865,354,184,24657,0,24841,10.62,,
"regional-compression-exact-study-2026-08-13","production",TRUE,12,"perturbed",57,0.1,0.05,"exact","precomputed_exact_table","exact",202807700,202807731,,25000,"certified","bounds-met",TRUE,37,37,36,36,36,0,36,0,TRUE,0.915509520746828,0.0844904792531721,0.0844904792531728,TRUE,TRUE,TRUE,0.0844904792531721,0.0882745154166457,0.02383258768826,12,12,24,0,0,,,,,0,61,44,37,0,0,37,0.590000000000003,,
"regional-compression-exact-study-2026-08-13","production",TRUE,12,"perturbed",57,0.1,0.05,"stochastic","precomputed_exact_table","iid",202807700,202807732,100,25000,"budget_exhausted","budget-exhausted",TRUE,184,184,36,9,75,66,75,39,FALSE,0.983778067484875,0.0162219325151254,0.0945883031245588,TRUE,TRUE,TRUE,0.0162219325151254,0.0163549485420271,0.0056885437133658,136,61,24,75,40,27,82813,100,2435,0,24865,351,184,24657,0,24841,10.88,,
"regional-compression-exact-study-2026-08-13","production",TRUE,12,"perturbed",57,0.2,0.05,"exact","precomputed_exact_table","exact",202807700,202807741,,25000,"certified","bounds-met",TRUE,16,16,9,9,9,0,9,0,TRUE,0.801908080143871,0.198091919856129,0.19809191985613,TRUE,TRUE,TRUE,0.198091919856129,0.220761290971171,0.048036689400118,5,5,24,0,0,,,,,0,40,30,16,0,0,16,0.390000000000001,,
"regional-compression-exact-study-2026-08-13","production",TRUE,12,"perturbed",57,0.2,0.05,"stochastic","precomputed_exact_table","iid",202807700,202807742,100,25000,"budget_exhausted","budget-exhausted",TRUE,184,184,9,9,47,38,47,38,FALSE,0.94644857075037,0.0535514292496304,0.160441260506355,TRUE,TRUE,TRUE,0.0535514292496304,0.0550386460474103,0.0377014224398718,136,61,24,75,40,27,82813,100,2435,0,24865,358,184,24657,0,24841,9.98,,
"regional-compression-exact-study-2026-08-13","production",TRUE,12,"perturbed",58,0.01,0.05,"exact","precomputed_exact_table","exact",202807800,202807811,,25000,"certified","bounds-met",TRUE,79,79,122,122,122,0,122,0,TRUE,0.990366274438405,0.00963372556159525,0.00963372556159201,TRUE,TRUE,TRUE,0.00963372556159525,0.00968043009686552,0.0037436447588275,26,26,24,0,0,,,,,0,103,71,79,0,0,79,1.98,,
"regional-compression-exact-study-2026-08-13","production",TRUE,12,"perturbed",58,0.01,0.05,"stochastic","precomputed_exact_table","iid",202807800,202807812,100,25000,"budget_exhausted","budget-exhausted",TRUE,151,151,122,95,143,48,143,21,FALSE,0.99417862269124,0.00582137730875976,0.00990609246776338,TRUE,TRUE,TRUE,0.00582137730875976,0.00583838757321511,0.00273200526547368,79,50,24,29,3,12,3264,100,2319,0,24754,429,151,24579,0,24730,5.53,,
"regional-compression-exact-study-2026-08-13","production",TRUE,12,"perturbed",58,0.05,0.05,"exact","precomputed_exact_table","exact",202807800,202807821,,25000,"certified","bounds-met",TRUE,55,55,55,55,55,0,55,0,TRUE,0.951723727475644,0.0482762725243564,0.048276272524353,TRUE,TRUE,TRUE,0.0482762725243564,0.0494804885390546,0.0170699096461556,18,18,24,0,0,,,,,0,79,55,55,0,0,55,1.07,,
"regional-compression-exact-study-2026-08-13","production",TRUE,12,"perturbed",58,0.05,0.05,"stochastic","precomputed_exact_table","iid",202807800,202807822,100,25000,"budget_exhausted","budget-exhausted",TRUE,151,151,55,45,64,19,64,9,FALSE,0.974999212421563,0.025000787578437,0.0482612448712416,TRUE,TRUE,TRUE,0.025000787578437,0.0253186157573721,0.0093222998418499,79,50,24,29,3,12,3264,100,2319,0,24754,442,151,24579,0,24730,4.47,,
"regional-compression-exact-study-2026-08-13","production",TRUE,12,"perturbed",58,0.1,0.05,"exact","precomputed_exact_table","exact",202807800,202807831,,25000,"certified","bounds-met",TRUE,40,40,37,37,37,0,37,0,TRUE,0.924404767819443,0.0755952321805569,0.0755952321805538,TRUE,TRUE,TRUE,0.0755952321805569,0.0786052428502502,0.0168214100468524,13,13,24,0,0,,,,,0,64,46,40,0,0,40,0.559999999999999,,
"regional-compression-exact-study-2026-08-13","production",TRUE,12,"perturbed",58,0.1,0.05,"stochastic","precomputed_exact_table","iid",202807800,202807832,100,25000,"budget_exhausted","budget-exhausted",TRUE,151,151,37,28,46,18,46,9,FALSE,0.947680252765362,0.0523197472346376,0.087755749751769,TRUE,TRUE,TRUE,0.0523197472346376,0.0537381197333564,0.0165140940644826,79,50,24,29,3,12,3264,100,2319,0,24754,433,151,24579,0,24730,4.45,,
"regional-compression-exact-study-2026-08-13","production",TRUE,12,"perturbed",58,0.2,0.05,"exact","precomputed_exact_table","exact",202807800,202807841,,25000,"certified","bounds-met",TRUE,37,37,18,18,18,0,18,0,TRUE,0.821997837483631,0.178002162516369,0.178002162516366,TRUE,TRUE,TRUE,0.178002162516369,0.19601751472792,0.0495154901753685,12,12,24,0,0,,,,,0,61,44,37,0,0,37,0.5,,
"regional-compression-exact-study-2026-08-13","production",TRUE,12,"perturbed",58,0.2,0.05,"stochastic","precomputed_exact_table","iid",202807800,202807842,100,25000,"budget_exhausted","budget-exhausted",TRUE,151,151,18,9,28,19,28,10,FALSE,0.889720490997532,0.110279509002468,0.164801703713705,TRUE,TRUE,TRUE,0.110279509002468,0.116847920640522,0.0422344914573388,79,50,24,29,3,12,3264,100,2319,0,24754,424,151,24579,0,24730,4.19,,
"regional-compression-exact-study-2026-08-13","production",TRUE,12,"perturbed",59,0.01,0.05,"exact","precomputed_exact_table","exact",202807900,202807911,,25000,"certified","bounds-met",TRUE,76,76,93,93,93,0,93,0,TRUE,0.990476554613393,0.00952344538660732,0.00952344538661077,TRUE,TRUE,TRUE,0.00952344538660732,0.00956908337769683,0.00362064801369881,25,25,24,0,0,,,,,0,100,70,76,0,0,76,2.31,,
"regional-compression-exact-study-2026-08-13","production",TRUE,12,"perturbed",59,0.01,0.05,"stochastic","precomputed_exact_table","iid",202807900,202807912,100,25000,"budget_exhausted","budget-exhausted",TRUE,169,169,93,27,155,128,155,62,FALSE,0.99671872330708,0.00328127669291978,0.00948971643477394,TRUE,TRUE,TRUE,0.00328127669291978,0.00328667188660253,0.00261490188353383,113,56,24,57,37,43,228730,100,2325,0,24663,324,169,24470,0,24639,8.52,,
"regional-compression-exact-study-2026-08-13","production",TRUE,12,"perturbed",59,0.05,0.05,"exact","precomputed_exact_table","exact",202807900,202807921,,25000,"certified","bounds-met",TRUE,46,46,46,46,46,0,46,0,TRUE,0.958691122675203,0.0413088773247967,0.0413088773247999,TRUE,TRUE,TRUE,0.0413088773247967,0.0421863386946361,0.016155307780418,15,15,24,0,0,,,,,0,70,50,46,0,0,46,0.789999999999999,,
"regional-compression-exact-study-2026-08-13","production",TRUE,12,"perturbed",59,0.05,0.05,"stochastic","precomputed_exact_table","iid",202807900,202807922,100,25000,"budget_exhausted","budget-exhausted",TRUE,169,169,46,9,86,77,86,40,FALSE,0.988612506529807,0.0113874934701929,0.0480540435434412,TRUE,TRUE,TRUE,0.0113874934701929,0.01145282744096,0.00490199500848423,113,56,24,57,37,43,228730,100,2325,0,24663,321,169,24470,0,24639,8.14,,
"regional-compression-exact-study-2026-08-13","production",TRUE,12,"perturbed",59,0.1,0.05,"exact","precomputed_exact_table","exact",202807900,202807931,,25000,"certified","bounds-met",TRUE,40,40,36,36,36,0,36,0,TRUE,0.925794955961404,0.0742050440385961,0.0742050440385999,TRUE,TRUE,TRUE,0.0742050440385961,0.0771024987024619,0.0236747708624218,13,13,24,0,0,,,,,0,64,46,40,0,0,40,0.580000000000002,,
"regional-compression-exact-study-2026-08-13","production",TRUE,12,"perturbed",59,0.1,0.05,"stochastic","precomputed_exact_table","iid",202807900,202807932,100,25000,"budget_exhausted","budget-exhausted",TRUE,169,169,36,9,56,47,56,20,FALSE,0.985021201811156,0.0149787981888442,0.0838040681555688,TRUE,TRUE,TRUE,0.0149787981888442,0.0150921133603243,0.00478531769708544,113,56,24,57,37,43,228730,100,2325,0,24663,317,169,24470,0,24639,6.86,,
"regional-compression-exact-study-2026-08-13","production",TRUE,12,"perturbed",59,0.2,0.05,"exact","precomputed_exact_table","exact",202807900,202807941,,25000,"certified","bounds-met",TRUE,16,16,9,9,9,0,9,0,TRUE,0.825103976845005,0.174896023154995,0.174896023154999,TRUE,TRUE,TRUE,0.174896023154995,0.192245868049489,0.0370545378972779,5,5,24,0,0,,,,,0,40,30,16,0,0,16,0.160000000000004,,
"regional-compression-exact-study-2026-08-13","production",TRUE,12,"perturbed",59,0.2,0.05,"stochastic","precomputed_exact_table","iid",202807900,202807942,100,25000,"budget_exhausted","budget-exhausted",TRUE,169,169,9,9,47,38,47,38,FALSE,0.951410756981193,0.0485892430188066,0.177672581159909,TRUE,TRUE,TRUE,0.0485892430188066,0.0498093885719504,0.0371365517351524,113,56,24,57,37,43,228730,100,2325,0,24663,318,169,24470,0,24639,7.46,,
"regional-compression-exact-study-2026-08-13","production",TRUE,12,"perturbed",60,0.01,0.05,"exact","precomputed_exact_table","exact",202808000,202808011,,25000,"certified","bounds-met",TRUE,64,64,97,97,97,0,97,0,TRUE,0.990264280785901,0.00973571921409933,0.00973571921409735,TRUE,TRUE,TRUE,0.00973571921409933,0.00978342118960131,0.00379920674194977,21,21,24,0,0,,,,,0,88,62,64,0,0,64,1.7,,
"regional-compression-exact-study-2026-08-13","production",TRUE,12,"perturbed",60,0.01,0.05,"stochastic","precomputed_exact_table","iid",202808000,202808012,100,25000,"budget_exhausted","budget-exhausted",TRUE,157,157,97,46,145,99,145,48,FALSE,0.996160484119034,0.00383951588096587,0.00913147917947341,TRUE,TRUE,TRUE,0.00383951588096587,0.00384690574379443,0.00247359934226696,104,52,24,52,32,193,55744,193,2362,0,24829,373,157,24648,0,24805,6.77,,
"regional-compression-exact-study-2026-08-13","production",TRUE,12,"perturbed",60,0.05,0.05,"exact","precomputed_exact_table","exact",202808000,202808021,,25000,"certified","bounds-met",TRUE,43,43,46,46,46,0,46,0,TRUE,0.954880602994674,0.0451193970053261,0.0451193970053241,TRUE,TRUE,TRUE,0.0451193970053261,0.0461689693596651,0.0177584383449065,14,14,24,0,0,,,,,0,67,48,43,0,0,43,0.68,,
"regional-compression-exact-study-2026-08-13","production",TRUE,12,"perturbed",60,0.05,0.05,"stochastic","precomputed_exact_table","iid",202808000,202808022,100,25000,"budget_exhausted","budget-exhausted",TRUE,157,157,46,9,75,66,75,29,FALSE,0.985810823735394,0.0141891762646061,0.0463325237136404,TRUE,TRUE,TRUE,0.0141891762646061,0.0142908051247632,0.00534514481906416,104,52,24,52,32,193,55744,193,2362,0,24829,365,157,24648,0,24805,7,,
"regional-compression-exact-study-2026-08-13","production",TRUE,12,"perturbed",60,0.1,0.05,"exact","precomputed_exact_table","exact",202808000,202808031,,25000,"certified","bounds-met",TRUE,43,43,36,36,36,0,36,0,TRUE,0.903412850382562,0.0965871496174383,0.0965871496174362,TRUE,TRUE,TRUE,0.0965871496174383,0.101575631396825,0.0329025595180829,14,14,24,0,0,,,,,0,67,48,43,0,0,43,0.59,,
"regional-compression-exact-study-2026-08-13","production",TRUE,12,"perturbed",60,0.1,0.05,"stochastic","precomputed_exact_table","iid",202808000,202808032,100,25000,"budget_exhausted","budget-exhausted",TRUE,157,157,36,9,56,47,56,20,FALSE,0.982395804392316,0.0176041956076841,0.0604622044118043,TRUE,TRUE,TRUE,0.0176041956076841,0.0177609923716729,0.00565746514067927,104,52,24,52,32,193,55744,193,2362,0,24829,360,157,24648,0,24805,6.85,,
"regional-compression-exact-study-2026-08-13","production",TRUE,12,"perturbed",60,0.2,0.05,"exact","precomputed_exact_table","exact",202808000,202808041,,25000,"certified","bounds-met",TRUE,16,16,9,9,9,0,9,0,TRUE,0.807066761912768,0.192933238087232,0.192933238087231,TRUE,TRUE,TRUE,0.192933238087232,0.214348885617562,0.0393354590978585,5,5,24,0,0,,,,,0,40,30,16,0,0,16,0.199999999999996,,
"regional-compression-exact-study-2026-08-13","production",TRUE,12,"perturbed",60,0.2,0.05,"stochastic","precomputed_exact_table","iid",202808000,202808042,100,25000,"budget_exhausted","budget-exhausted",TRUE,157,157,9,9,38,29,38,29,FALSE,0.919617153217273,0.0803828467827272,0.195026152326837,TRUE,TRUE,TRUE,0.0803828467827272,0.083797833355729,0.0360255825741949,104,52,24,52,32,193,55744,193,2362,0,24829,368,157,24648,0,24805,5.77999999999999,,
"regional-compression-exact-study-2026-08-13","production",TRUE,12,"perturbed",61,0.01,0.05,"exact","precomputed_exact_table","exact",202808100,202808111,,25000,"certified","bounds-met",TRUE,73,73,135,135,135,0,135,0,TRUE,0.990127574141328,0.00987242585867232,0.0098724258586753,TRUE,TRUE,TRUE,0.00987242585867232,0.00992148138657699,0.00408718074829996,24,24,24,0,0,,,,,0,97,68,73,0,0,73,2,,
"regional-compression-exact-study-2026-08-13","production",TRUE,12,"perturbed",61,0.01,0.05,"stochastic","precomputed_exact_table","iid",202808100,202808112,100,25000,"budget_exhausted","budget-exhausted",TRUE,172,172,135,19,269,250,269,134,FALSE,0.997787954074286,0.00221204592571389,0.008535785153031,TRUE,TRUE,TRUE,0.00221204592571389,0.00221449611325438,0.0018628065591102,153,57,24,96,65,92,644072,100,2304,0,24303,313,172,24107,0,24279,12.18,,
"regional-compression-exact-study-2026-08-13","production",TRUE,12,"perturbed",61,0.05,0.05,"exact","precomputed_exact_table","exact",202808100,202808121,,25000,"certified","bounds-met",TRUE,70,70,76,76,76,0,76,0,TRUE,0.955627280790976,0.0443727192090237,0.0443727192090268,TRUE,TRUE,TRUE,0.0443727192090237,0.0453873156008331,0.0163495503647086,23,23,24,0,0,,,,,0,94,66,70,0,0,70,1.22,,
"regional-compression-exact-study-2026-08-13","production",TRUE,12,"perturbed",61,0.05,0.05,"stochastic","precomputed_exact_table","iid",202808100,202808122,100,25000,"budget_exhausted","budget-exhausted",TRUE,172,172,76,9,198,189,198,122,FALSE,0.990973308267239,0.00902669173276094,0.0464915121013912,TRUE,TRUE,TRUE,0.00902669173276094,0.00906767915490065,0.00739186551759814,153,57,24,96,65,92,644072,100,2304,0,24303,314,172,24107,0,24279,11.42,,
"regional-compression-exact-study-2026-08-13","production",TRUE,12,"perturbed",61,0.1,0.05,"exact","precomputed_exact_table","exact",202808100,202808131,,25000,"certified","bounds-met",TRUE,43,43,46,46,46,0,46,0,TRUE,0.901880893464936,0.0981191065350639,0.0981191065350667,TRUE,TRUE,TRUE,0.0981191065350639,0.103272814794897,0.0278988537177027,14,14,24,0,0,,,,,0,67,48,43,0,0,43,0.590000000000003,,
"regional-compression-exact-study-2026-08-13","production",TRUE,12,"perturbed",61,0.1,0.05,"stochastic","precomputed_exact_table","iid",202808100,202808132,100,25000,"budget_exhausted","budget-exhausted",TRUE,172,172,46,9,146,137,146,100,FALSE,0.987272656489359,0.0127273435106405,0.0928873636334819,TRUE,TRUE,TRUE,0.0127273435106405,0.0128090299884443,0.00911295304063992,153,57,24,96,65,92,644072,100,2304,0,24303,314,172,24107,0,24279,11.48,,
"regional-compression-exact-study-2026-08-13","production",TRUE,12,"perturbed",61,0.2,0.05,"exact","precomputed_exact_table","exact",202808100,202808141,,25000,"certified","bounds-met",TRUE,25,25,19,19,19,0,19,0,TRUE,0.804622143888223,0.195377856111777,0.195377856111778,TRUE,TRUE,TRUE,0.195377856111777,0.217382498234146,0.0791007478310958,8,8,24,0,0,,,,,0,49,36,25,0,0,25,0.310000000000002,,
"regional-compression-exact-study-2026-08-13","production",TRUE,12,"perturbed",61,0.2,0.05,"stochastic","precomputed_exact_table","iid",202808100,202808142,100,25000,"budget_exhausted","budget-exhausted",TRUE,172,172,19,9,107,98,107,88,FALSE,0.983827435895653,0.0161725641043474,0.150485849586721,TRUE,TRUE,TRUE,0.0161725641043474,0.0163047673337478,0.00886633571380589,153,57,24,96,65,92,644072,100,2304,0,24303,317,172,24107,0,24279,12.99,,
"regional-compression-exact-study-2026-08-13","production",TRUE,12,"perturbed",62,0.01,0.05,"exact","precomputed_exact_table","exact",202808200,202808211,,25000,"certified","bounds-met",TRUE,73,73,104,104,104,0,104,0,TRUE,0.990008693597754,0.00999130640224621,0.0099913064022435,TRUE,TRUE,TRUE,0.00999130640224621,0.0100415544801853,0.0036180304439238,24,24,24,0,0,,,,,0,97,68,73,0,0,73,1.72,,
"regional-compression-exact-study-2026-08-13","production",TRUE,12,"perturbed",62,0.01,0.05,"stochastic","precomputed_exact_table","iid",202808200,202808212,100,25000,"budget_exhausted","budget-exhausted",TRUE,136,136,104,66,125,59,125,21,FALSE,0.99431613230094,0.00568386769906049,0.00896116375390665,TRUE,TRUE,TRUE,0.00568386769906049,0.00570008234553146,0.00233551125619036,81,45,24,36,8,4,20926,100,2339,0,24199,384,136,24039,0,24175,5.96,,
"regional-compression-exact-study-2026-08-13","production",TRUE,12,"perturbed",62,0.05,0.05,"exact","precomputed_exact_table","exact",202808200,202808221,,25000,"certified","bounds-met",TRUE,43,43,46,46,46,0,46,0,TRUE,0.954116503717011,0.0458834962829888,0.0458834962829859,TRUE,TRUE,TRUE,0.0458834962829888,0.0469694936933916,0.0157831692357882,14,14,24,0,0,,,,,0,67,48,43,0,0,43,0.470000000000001,,
"regional-compression-exact-study-2026-08-13","production",TRUE,12,"perturbed",62,0.05,0.05,"stochastic","precomputed_exact_table","iid",202808200,202808222,100,25000,"budget_exhausted","budget-exhausted",TRUE,136,136,46,37,56,19,56,10,FALSE,0.978788613739022,0.0212113862609781,0.0388972757299286,TRUE,TRUE,TRUE,0.0212113862609781,0.0214395803592744,0.00835082423575007,81,45,24,36,8,4,20926,100,2339,0,24199,396,136,24039,0,24175,4.04,,
"regional-compression-exact-study-2026-08-13","production",TRUE,12,"perturbed",62,0.1,0.05,"exact","precomputed_exact_table","exact",202808200,202808231,,25000,"certified","bounds-met",TRUE,43,43,37,37,37,0,37,0,TRUE,0.927511156799675,0.0724888432003246,0.0724888432003216,TRUE,TRUE,TRUE,0.0724888432003246,0.0752504556783646,0.0189444383863085,14,14,24,0,0,,,,,0,67,48,43,0,0,43,0.699999999999999,,
"regional-compression-exact-study-2026-08-13","production",TRUE,12,"perturbed",62,0.1,0.05,"stochastic","precomputed_exact_table","iid",202808200,202808232,100,25000,"budget_exhausted","budget-exhausted",TRUE,136,136,37,18,46,28,46,9,FALSE,0.954116503717011,0.0458834962829888,0.0759511936740675,TRUE,TRUE,TRUE,0.0458834962829888,0.0469694936933916,0.0157831692357882,81,45,24,36,8,4,20926,100,2339,0,24199,387,136,24039,0,24175,3.88,,
"regional-compression-exact-study-2026-08-13","production",TRUE,12,"perturbed",62,0.2,0.05,"exact","precomputed_exact_table","exact",202808200,202808241,,25000,"certified","bounds-met",TRUE,37,37,18,18,18,0,18,0,TRUE,0.821881582074013,0.178118417925987,0.178118417925986,TRUE,TRUE,TRUE,0.178118417925987,0.196158955040912,0.0534783921980894,12,12,24,0,0,,,,,0,61,44,37,0,0,37,0.68,,
"regional-compression-exact-study-2026-08-13","production",TRUE,12,"perturbed",62,0.2,0.05,"stochastic","precomputed_exact_table","iid",202808200,202808242,100,25000,"budget_exhausted","budget-exhausted",TRUE,136,136,18,9,28,19,28,10,FALSE,0.895448767562592,0.104551232437408,0.160772904558983,TRUE,TRUE,TRUE,0.104551232437408,0.110430270103362,0.0372818283630099,81,45,24,36,8,4,20926,100,2339,0,24199,377,136,24039,0,24175,5.07,,
"regional-compression-exact-study-2026-08-13","production",TRUE,12,"perturbed",63,0.01,0.05,"exact","precomputed_exact_table","exact",202808300,202808311,,25000,"certified","bounds-met",TRUE,61,61,83,83,83,0,83,0,TRUE,0.990935343696664,0.00906465630333619,0.0090646563033354,TRUE,TRUE,TRUE,0.00906465630333619,0.00910599027538775,0.00297089273339914,20,20,24,0,0,,,,,0,85,60,61,0,0,61,1.56,,
"regional-compression-exact-study-2026-08-13","production",TRUE,12,"perturbed",63,0.01,0.05,"stochastic","precomputed_exact_table","iid",202808300,202808312,100,25000,"budget_exhausted","budget-exhausted",TRUE,154,154,83,56,113,57,113,30,FALSE,0.99438048784985,0.00561951215014955,0.00862522744334469,TRUE,TRUE,TRUE,0.00561951215014955,0.00563536101168768,0.00207852949914807,97,51,24,46,8,5,3482,100,2374,0,23393,554,154,23215,0,23369,5.5,,
"regional-compression-exact-study-2026-08-13","production",TRUE,12,"perturbed",63,0.05,0.05,"exact","precomputed_exact_table","exact",202808300,202808321,,25000,"certified","bounds-met",TRUE,46,46,46,46,46,0,46,0,TRUE,0.962736331507679,0.0372636684923209,0.0372636684923201,TRUE,TRUE,TRUE,0.0372636684923209,0.0379757037312631,0.0147213228029985,15,15,24,0,0,,,,,0,70,50,46,0,0,46,0.82,,
"regional-compression-exact-study-2026-08-13","production",TRUE,12,"perturbed",63,0.05,0.05,"stochastic","precomputed_exact_table","iid",202808300,202808322,100,25000,"budget_exhausted","budget-exhausted",TRUE,154,154,46,27,56,29,56,10,FALSE,0.986927322872436,0.0130726771275643,0.0204400327055384,TRUE,TRUE,TRUE,0.0130726771275643,0.013158876634231,0.00481191846557008,97,51,24,46,8,5,3482,100,2374,0,23393,551,154,23215,0,23369,5.33,,
"regional-compression-exact-study-2026-08-13","production",TRUE,12,"perturbed",63,0.1,0.05,"exact","precomputed_exact_table","exact",202808300,202808331,,25000,"certified","bounds-met",TRUE,37,37,27,27,27,0,27,0,TRUE,0.901939637862905,0.0980603621370953,0.0980603621370948,TRUE,TRUE,TRUE,0.0980603621370953,0.103207681488153,0.0353055379952813,12,12,24,0,0,,,,,0,61,44,37,0,0,37,0.52,,
"regional-compression-exact-study-2026-08-13","production",TRUE,12,"perturbed",63,0.1,0.05,"stochastic","precomputed_exact_table","iid",202808300,202808332,100,25000,"budget_exhausted","budget-exhausted",TRUE,154,154,27,9,46,37,46,19,FALSE,0.957334234550222,0.0426657654497781,0.0639682414198158,TRUE,TRUE,TRUE,0.0426657654497781,0.0436026961000312,0.0181952535705887,97,51,24,46,8,5,3482,100,2374,0,23393,550,154,23215,0,23369,6.39,,
"regional-compression-exact-study-2026-08-13","production",TRUE,12,"perturbed",63,0.2,0.05,"exact","precomputed_exact_table","exact",202808300,202808341,,25000,"certified","bounds-met",TRUE,16,16,9,9,9,0,9,0,TRUE,0.833158346478789,0.166841653521211,0.166841653521211,TRUE,TRUE,TRUE,0.166841653521211,0.182531563069182,0.0399938295785884,5,5,24,0,0,,,,,0,40,30,16,0,0,16,0.199999999999999,,
"regional-compression-exact-study-2026-08-13","production",TRUE,12,"perturbed",63,0.2,0.05,"stochastic","precomputed_exact_table","iid",202808300,202808342,100,25000,"budget_exhausted","budget-exhausted",TRUE,154,154,9,9,18,9,18,9,FALSE,0.866246045715081,0.133753954284919,0.196456675133001,TRUE,TRUE,TRUE,0.133753954284919,0.143586293319518,0.0400278044354962,97,51,24,46,8,5,3482,100,2374,0,23393,549,154,23215,0,23369,5.76,,
"regional-compression-exact-study-2026-08-13","production",TRUE,12,"perturbed",64,0.01,0.05,"exact","precomputed_exact_table","exact",202808400,202808411,,25000,"certified","bounds-met",TRUE,58,58,85,85,85,0,85,0,TRUE,0.990032628623204,0.00996737137679615,0.00996737137679878,TRUE,TRUE,TRUE,0.00996737137679615,0.0100173781913547,0.00415609994451965,19,19,24,0,0,,,,,0,82,58,58,0,0,58,1.68,,
"regional-compression-exact-study-2026-08-13","production",TRUE,12,"perturbed",64,0.01,0.05,"stochastic","precomputed_exact_table","iid",202808400,202808412,100,25000,"budget_exhausted","budget-exhausted",TRUE,325,325,85,74,103,29,103,18,FALSE,0.992357193467753,0.00764280653224703,0.00969622147829273,TRUE,TRUE,TRUE,0.00764280653224703,0.00767216244813643,0.00300469959612428,296,108,24,188,0,1,750,100,750,0,24945,1297,325,24596,0,24921,50.04,,
"regional-compression-exact-study-2026-08-13","production",TRUE,12,"perturbed",64,0.05,0.05,"exact","precomputed_exact_table","exact",202808400,202808421,,25000,"certified","bounds-met",TRUE,46,46,46,46,46,0,46,0,TRUE,0.961273475383519,0.0387265246164811,0.0387265246164837,TRUE,TRUE,TRUE,0.0387265246164811,0.0394963367351115,0.0158928202363545,15,15,24,0,0,,,,,0,70,50,46,0,0,46,0.830000000000005,,
"regional-compression-exact-study-2026-08-13","production",TRUE,12,"perturbed",64,0.05,0.05,"stochastic","precomputed_exact_table","iid",202808400,202808422,100,25000,"certified","bounds-met",TRUE,70,70,46,46,46,0,46,0,TRUE,0.961273475383519,0.0387265246164811,0.0497782346991495,TRUE,TRUE,TRUE,0.0387265246164811,0.0394963367351115,0.0158928202363545,29,23,24,6,0,40,747,100,747,0,2403,135,70,2309,0,2379,1.23,,
"regional-compression-exact-study-2026-08-13","production",TRUE,12,"perturbed",64,0.1,0.05,"exact","precomputed_exact_table","exact",202808400,202808431,,25000,"certified","bounds-met",TRUE,37,37,28,28,28,0,28,0,TRUE,0.900189981220579,0.0998100187794214,0.0998100187794239,TRUE,TRUE,TRUE,0.0998100187794214,0.10514944768915,0.0321556034595182,12,12,24,0,0,,,,,0,61,44,37,0,0,37,0.560000000000002,,
"regional-compression-exact-study-2026-08-13","production",TRUE,12,"perturbed",64,0.1,0.05,"stochastic","precomputed_exact_table","iid",202808400,202808432,100,25000,"budget_exhausted","budget-exhausted",TRUE,325,325,28,27,36,9,36,8,FALSE,0.926868088637255,0.0731319113627449,0.0926675514016349,TRUE,TRUE,TRUE,0.0731319113627449,0.0759440227464613,0.023577535100394,296,108,24,188,0,1,750,100,750,0,24945,1273,325,24596,0,24921,51.24,,
"regional-compression-exact-study-2026-08-13","production",TRUE,12,"perturbed",64,0.2,0.05,"exact","precomputed_exact_table","exact",202808400,202808441,,25000,"certified","bounds-met",TRUE,16,16,9,9,9,0,9,0,TRUE,0.832406614501162,0.167593385498838,0.16759338549884,TRUE,TRUE,TRUE,0.167593385498838,0.183434238192977,0.0380293574096952,5,5,24,0,0,,,,,0,40,30,16,0,0,16,0.170000000000002,,
"regional-compression-exact-study-2026-08-13","production",TRUE,12,"perturbed",64,0.2,0.05,"stochastic","precomputed_exact_table","iid",202808400,202808442,100,25000,"budget_exhausted","budget-exhausted",TRUE,325,325,9,9,18,9,18,9,FALSE,0.865784594474315,0.134215405525685,0.164045649840264,TRUE,TRUE,TRUE,0.134215405525685,0.144119137532521,0.0321100693012147,296,108,24,188,0,1,750,100,750,0,24945,1288,325,24596,0,24921,49.94,,
"regional-compression-exact-study-2026-08-13","production",TRUE,12,"perturbed",65,0.01,0.05,"exact","precomputed_exact_table","exact",202808500,202808511,,25000,"certified","bounds-met",TRUE,85,85,143,143,143,0,143,0,TRUE,0.990112706820954,0.00988729317904591,0.00988729317904751,TRUE,TRUE,TRUE,0.00988729317904591,0.00993649705969181,0.00267763899693049,28,28,24,0,0,,,,,0,109,76,85,0,0,85,2.29,,
"regional-compression-exact-study-2026-08-13","production",TRUE,12,"perturbed",65,0.01,0.05,"stochastic","precomputed_exact_table","iid",202808500,202808512,100,25000,"budget_exhausted","budget-exhausted",TRUE,211,211,143,9,311,302,311,168,FALSE,0.998848324737845,0.00115167526215532,0.00969872851290677,TRUE,TRUE,TRUE,0.00115167526215532,0.00115233894972735,0.000683109270144512,189,70,24,119,80,1,73430684,100,2442,0,24296,302,211,24061,0,24272,16.1,,
"regional-compression-exact-study-2026-08-13","production",TRUE,12,"perturbed",65,0.05,0.05,"exact","precomputed_exact_table","exact",202808500,202808521,,25000,"certified","bounds-met",TRUE,46,46,55,55,55,0,55,0,TRUE,0.951434899776433,0.0485651002235666,0.0485651002235684,TRUE,TRUE,TRUE,0.0485651002235666,0.0497840131084644,0.0158403728796334,15,15,24,0,0,,,,,0,70,50,46,0,0,46,0.789999999999999,,
"regional-compression-exact-study-2026-08-13","production",TRUE,12,"perturbed",65,0.05,0.05,"stochastic","precomputed_exact_table","iid",202808500,202808522,100,25000,"budget_exhausted","budget-exhausted",TRUE,211,211,55,9,195,186,195,140,FALSE,0.993301263771858,0.00669873622814243,0.046847053282074,TRUE,TRUE,TRUE,0.00669873622814243,0.00672127346539375,0.00370650297736948,189,70,24,119,80,1,73430684,100,2442,0,24296,298,211,24061,0,24272,18.74,,
"regional-compression-exact-study-2026-08-13","production",TRUE,12,"perturbed",65,0.1,0.05,"exact","precomputed_exact_table","exact",202808500,202808531,,25000,"certified","bounds-met",TRUE,46,46,37,37,37,0,37,0,TRUE,0.900811009800065,0.0991889901999351,0.0991889901999365,TRUE,TRUE,TRUE,0.0991889901999351,0.104459799424438,0.0289780037464255,15,15,24,0,0,,,,,0,70,50,46,0,0,46,0.809999999999995,,
"regional-compression-exact-study-2026-08-13","production",TRUE,12,"perturbed",65,0.1,0.05,"stochastic","precomputed_exact_table","iid",202808500,202808532,100,25000,"budget_exhausted","budget-exhausted",TRUE,211,211,37,9,154,145,154,117,FALSE,0.989481381569246,0.0105186184307536,0.095348469267239,TRUE,TRUE,TRUE,0.0105186184307536,0.0105743301152802,0.00621560642451602,189,70,24,119,80,1,73430684,100,2442,0,24296,306,211,24061,0,24272,16.65,,
"regional-compression-exact-study-2026-08-13","production",TRUE,12,"perturbed",65,0.2,0.05,"exact","precomputed_exact_table","exact",202808500,202808541,,25000,"certified","bounds-met",TRUE,37,37,18,18,18,0,18,0,TRUE,0.805632110205265,0.194367889794735,0.194367889794737,TRUE,TRUE,TRUE,0.194367889794735,0.216128079626759,0.0516969164159574,12,12,24,0,0,,,,,0,61,44,37,0,0,37,0.659999999999997,,
"regional-compression-exact-study-2026-08-13","production",TRUE,12,"perturbed",65,0.2,0.05,"stochastic","precomputed_exact_table","iid",202808500,202808542,100,25000,"budget_exhausted","budget-exhausted",TRUE,211,211,18,9,115,106,115,97,FALSE,0.984609856072224,0.0153901439277757,0.188296194132427,TRUE,TRUE,TRUE,0.0153901439277757,0.0155098014783762,0.00779652591947066,189,70,24,119,80,1,73430684,100,2442,0,24296,307,211,24061,0,24272,16.07,,
"regional-compression-exact-study-2026-08-13","production",TRUE,12,"perturbed",66,0.01,0.05,"exact","precomputed_exact_table","exact",202808600,202808611,,25000,"certified","bounds-met",TRUE,55,55,97,97,97,0,97,0,TRUE,0.990196361436556,0.0098036385634438,0.00980363856344629,TRUE,TRUE,TRUE,0.0098036385634438,0.0098520106358373,0.00314262639178967,18,18,24,0,0,,,,,0,79,56,55,0,0,55,1.84,,
"regional-compression-exact-study-2026-08-13","production",TRUE,12,"perturbed",66,0.01,0.05,"stochastic","precomputed_exact_table","iid",202808600,202808612,100,25000,"budget_exhausted","budget-exhausted",TRUE,181,181,97,9,228,219,228,131,FALSE,0.998922121659271,0.00107787834072937,0.00985471387996819,TRUE,TRUE,TRUE,0.00107787834072937,0.00107845966935998,0.000481463192935835,122,60,24,62,39,41,459643,100,2350,0,23623,360,181,23418,0,23599,8.22,,
"regional-compression-exact-study-2026-08-13","production",TRUE,12,"perturbed",66,0.05,0.05,"exact","precomputed_exact_table","exact",202808600,202808621,,25000,"certified","bounds-met",TRUE,40,40,46,46,46,0,46,0,TRUE,0.954411176319388,0.0455888236806123,0.0455888236806146,TRUE,TRUE,TRUE,0.0455888236806123,0.0466606979574949,0.0155875106702848,13,13,24,0,0,,,,,0,64,46,40,0,0,40,0.830000000000002,,
"regional-compression-exact-study-2026-08-13","production",TRUE,12,"perturbed",66,0.05,0.05,"stochastic","precomputed_exact_table","iid",202808600,202808622,100,25000,"budget_exhausted","budget-exhausted",TRUE,181,181,46,9,145,136,145,99,FALSE,0.996113493003858,0.00388650699614168,0.0484849411280904,TRUE,TRUE,TRUE,0.00388650699614168,0.00389407909015554,0.00209640187257693,122,60,24,62,39,41,459643,100,2350,0,23623,370,181,23418,0,23599,8.5,,
"regional-compression-exact-study-2026-08-13","production",TRUE,12,"perturbed",66,0.1,0.05,"exact","precomputed_exact_table","exact",202808600,202808631,,25000,"certified","bounds-met",TRUE,52,52,37,37,37,0,37,0,TRUE,0.929077527814337,0.0709224721856634,0.0709224721856656,TRUE,TRUE,TRUE,0.0709224721856634,0.0735630906746998,0.0196015410789985,17,17,24,0,0,,,,,0,76,54,52,0,0,52,0.809999999999999,,
"regional-compression-exact-study-2026-08-13","production",TRUE,12,"perturbed",66,0.1,0.05,"stochastic","precomputed_exact_table","iid",202808600,202808632,100,25000,"budget_exhausted","budget-exhausted",TRUE,181,181,37,9,116,107,116,79,FALSE,0.990819262125627,0.00918073787437346,0.0925731812722108,TRUE,TRUE,TRUE,0.00918073787437346,0.00922314057323893,0.00614963830695854,122,60,24,62,39,41,459643,100,2350,0,23623,355,181,23418,0,23599,8.76,,
"regional-compression-exact-study-2026-08-13","production",TRUE,12,"perturbed",66,0.2,0.05,"exact","precomputed_exact_table","exact",202808600,202808641,,25000,"certified","bounds-met",TRUE,37,37,18,18,18,0,18,0,TRUE,0.811367500436402,0.188632499563598,0.1886324995636,TRUE,TRUE,TRUE,0.188632499563598,0.209034182701384,0.0601384537610984,12,12,24,0,0,,,,,0,61,44,37,0,0,37,0.619999999999997,,
"regional-compression-exact-study-2026-08-13","production",TRUE,12,"perturbed",66,0.2,0.05,"stochastic","precomputed_exact_table","iid",202808600,202808642,100,25000,"budget_exhausted","budget-exhausted",TRUE,181,181,18,9,87,78,87,69,FALSE,0.986859483587491,0.0131405164125086,0.189767264338642,TRUE,TRUE,TRUE,0.0131405164125086,0.0132276168697508,0.00604692468265189,122,60,24,62,39,41,459643,100,2350,0,23623,363,181,23418,0,23599,9.38,,
"regional-compression-exact-study-2026-08-13","production",TRUE,12,"perturbed",67,0.01,0.05,"exact","precomputed_exact_table","exact",202808700,202808711,,25000,"certified","bounds-met",TRUE,55,55,104,104,104,0,104,0,TRUE,0.990050386804633,0.0099496131953668,0.00994961319536857,TRUE,TRUE,TRUE,0.0099496131953668,0.00999944138639105,0.00375152744962572,18,18,24,0,0,,,,,0,79,56,55,0,0,55,1.83,,
"regional-compression-exact-study-2026-08-13","production",TRUE,12,"perturbed",67,0.01,0.05,"stochastic","precomputed_exact_table","iid",202808700,202808712,100,25000,"budget_exhausted","budget-exhausted",TRUE,157,157,104,74,134,60,134,30,FALSE,0.993225624851084,0.00677437514891643,0.00985357711643467,TRUE,TRUE,TRUE,0.00677437514891643,0.00679742538787086,0.00274163367516513,109,52,24,57,9,1,15310,100,2316,0,24994,473,157,24813,0,24970,7.2,,
"regional-compression-exact-study-2026-08-13","production",TRUE,12,"perturbed",67,0.05,0.05,"exact","precomputed_exact_table","exact",202808700,202808721,,25000,"certified","bounds-met",TRUE,46,46,56,56,56,0,56,0,TRUE,0.971184439079334,0.0288155609206658,0.0288155609206674,TRUE,TRUE,TRUE,0.0288155609206658,0.0292388811700339,0.0139052465844897,15,15,24,0,0,,,,,0,70,50,46,0,0,46,0.66,,
"regional-compression-exact-study-2026-08-13","production",TRUE,12,"perturbed",67,0.05,0.05,"stochastic","precomputed_exact_table","iid",202808700,202808722,100,25000,"budget_exhausted","budget-exhausted",TRUE,157,157,56,27,56,29,56,0,TRUE,0.971184439079334,0.0288155609206658,0.0457804212167208,TRUE,TRUE,TRUE,0.0288155609206658,0.0292388811700339,0.0139052465844897,109,52,24,57,9,1,15310,100,2316,0,24994,461,157,24813,0,24970,6.69,,
"regional-compression-exact-study-2026-08-13","production",TRUE,12,"perturbed",67,0.1,0.05,"exact","precomputed_exact_table","exact",202808700,202808731,,25000,"certified","bounds-met",TRUE,37,37,36,36,36,0,36,0,TRUE,0.913587353150174,0.0864126468498256,0.0864126468498266,TRUE,TRUE,TRUE,0.0864126468498256,0.0903762830503572,0.0290921396356316,12,12,24,0,0,,,,,0,61,44,37,0,0,37,0.719999999999999,,
"regional-compression-exact-study-2026-08-13","production",TRUE,12,"perturbed",67,0.1,0.05,"stochastic","precomputed_exact_table","iid",202808700,202808732,100,25000,"budget_exhausted","budget-exhausted",TRUE,157,157,36,18,47,29,47,11,FALSE,0.941647087699329,0.0583529123006712,0.0822319010999304,TRUE,TRUE,TRUE,0.0583529123006712,0.06012471610958,0.0338398199471578,109,52,24,57,9,1,15310,100,2316,0,24994,470,157,24813,0,24970,6.93,,
"regional-compression-exact-study-2026-08-13","production",TRUE,12,"perturbed",67,0.2,0.05,"exact","precomputed_exact_table","exact",202808700,202808741,,25000,"certified","bounds-met",TRUE,16,16,18,18,18,0,18,0,TRUE,0.854617798994981,0.145382201005019,0.145382201005021,TRUE,TRUE,TRUE,0.145382201005019,0.157100928707351,0.036468935795181,5,5,24,0,0,,,,,0,40,30,16,0,0,16,0.270000000000003,,
"regional-compression-exact-study-2026-08-13","production",TRUE,12,"perturbed",67,0.2,0.05,"stochastic","precomputed_exact_table","iid",202808700,202808742,100,25000,"budget_exhausted","budget-exhausted",TRUE,157,157,18,9,28,19,28,10,FALSE,0.885980368453686,0.114019631546314,0.177587549624224,TRUE,TRUE,TRUE,0.114019631546314,0.12106048612402,0.0363953084556828,109,52,24,57,9,1,15310,100,2316,0,24994,468,157,24813,0,24970,6.19,,
"regional-compression-exact-study-2026-08-13","production",TRUE,12,"perturbed",68,0.01,0.05,"exact","precomputed_exact_table","exact",202808800,202808811,,25000,"certified","bounds-met",TRUE,79,79,103,103,103,0,103,0,TRUE,0.990158395740282,0.0098416042597177,0.00984160425971737,TRUE,TRUE,TRUE,0.0098416042597177,0.0098903529541931,0.00343573164020874,26,26,24,0,0,,,,,0,103,72,79,0,0,79,1.94,,
"regional-compression-exact-study-2026-08-13","production",TRUE,12,"perturbed",68,0.01,0.05,"stochastic","precomputed_exact_table","iid",202808800,202808812,100,25000,"budget_exhausted","budget-exhausted",TRUE,226,226,103,46,174,128,174,71,FALSE,0.998805182778121,0.00119481722187875,0.00729535661875799,TRUE,TRUE,TRUE,0.00119481722187875,0.00119553158505458,0.00075611868257093,179,75,24,104,47,9,30947,100,2313,0,23857,777,226,23607,0,23833,17.03,,
"regional-compression-exact-study-2026-08-13","production",TRUE,12,"perturbed",68,0.05,0.05,"exact","precomputed_exact_table","exact",202808800,202808821,,25000,"certified","bounds-met",TRUE,43,43,46,46,46,0,46,0,TRUE,0.950163740878956,0.0498362591210437,0.0498362591210433,TRUE,TRUE,TRUE,0.0498362591210437,0.0511209504196714,0.0196227634009494,14,14,24,0,0,,,,,0,67,48,43,0,0,43,0.66,,
"regional-compression-exact-study-2026-08-13","production",TRUE,12,"perturbed",68,0.05,0.05,"stochastic","precomputed_exact_table","iid",202808800,202808822,100,25000,"budget_exhausted","budget-exhausted",TRUE,226,226,46,9,105,96,105,59,FALSE,0.990768859928448,0.00923114007155201,0.0495598584972999,TRUE,TRUE,TRUE,0.00923114007155201,0.00927401108122036,0.00387364948769578,179,75,24,104,47,9,30947,100,2313,0,23857,788,226,23607,0,23833,16.22,,
"regional-compression-exact-study-2026-08-13","production",TRUE,12,"perturbed",68,0.1,0.05,"exact","precomputed_exact_table","exact",202808800,202808831,,25000,"certified","bounds-met",TRUE,43,43,36,36,36,0,36,0,TRUE,0.910030866850259,0.0899691331497408,0.0899691331497403,TRUE,TRUE,TRUE,0.0899691331497408,0.094276760430829,0.03335939224956,14,14,24,0,0,,,,,0,67,48,43,0,0,43,0.75,,
"regional-compression-exact-study-2026-08-13","production",TRUE,12,"perturbed",68,0.1,0.05,"stochastic","precomputed_exact_table","iid",202808800,202808832,100,25000,"budget_exhausted","budget-exhausted",TRUE,226,226,36,9,66,57,66,30,FALSE,0.985086245910674,0.0149137540893265,0.0875018947059736,TRUE,TRUE,TRUE,0.0149137540893265,0.0150260823429638,0.00448005092950096,179,75,24,104,47,9,30947,100,2313,0,23857,781,226,23607,0,23833,16.46,,
"regional-compression-exact-study-2026-08-13","production",TRUE,12,"perturbed",68,0.2,0.05,"exact","precomputed_exact_table","exact",202808800,202808841,,25000,"certified","bounds-met",TRUE,16,16,9,9,9,0,9,0,TRUE,0.818285357950894,0.181714642049106,0.181714642049106,TRUE,TRUE,TRUE,0.181714642049106,0.200544154862102,0.03335939224956,5,5,24,0,0,,,,,0,40,30,16,0,0,16,0.170000000000002,,
"regional-compression-exact-study-2026-08-13","production",TRUE,12,"perturbed",68,0.2,0.05,"stochastic","precomputed_exact_table","iid",202808800,202808842,100,25000,"budget_exhausted","budget-exhausted",TRUE,226,226,9,9,47,38,47,38,FALSE,0.954086543087317,0.0459134569126833,0.196444566815445,TRUE,TRUE,TRUE,0.0459134569126833,0.0470008956238593,0.0263262163828468,179,75,24,104,47,9,30947,100,2313,0,23857,787,226,23607,0,23833,17.01,,
"regional-compression-exact-study-2026-08-13","production",TRUE,12,"perturbed",69,0.01,0.05,"exact","precomputed_exact_table","exact",202808900,202808911,,25000,"certified","bounds-met",TRUE,91,91,146,146,146,0,146,0,TRUE,0.990624459456131,0.00937554054386869,0.00937554054387039,TRUE,TRUE,TRUE,0.00937554054386869,0.00941976757606629,0.00371598290165436,30,30,24,0,0,,,,,0,115,80,91,0,0,91,2.52,,
"regional-compression-exact-study-2026-08-13","production",TRUE,12,"perturbed",69,0.01,0.05,"stochastic","precomputed_exact_table","iid",202808900,202808912,100,25000,"budget_exhausted","budget-exhausted",TRUE,169,169,146,66,229,163,229,83,FALSE,0.997529964674985,0.00247003532501489,0.00957283572313699,TRUE,TRUE,TRUE,0.00247003532501489,0.00247309089488235,0.00127080048691114,105,56,24,49,21,13,55108,100,2363,0,24950,501,169,24757,0,24926,7.78,,
"regional-compression-exact-study-2026-08-13","production",TRUE,12,"perturbed",69,0.05,0.05,"exact","precomputed_exact_table","exact",202808900,202808921,,25000,"certified","bounds-met",TRUE,61,61,76,76,76,0,76,0,TRUE,0.95030178602771,0.04969821397229,0.0496982139722915,TRUE,TRUE,TRUE,0.04969821397229,0.0509756753309712,0.0198373291601601,20,20,24,0,0,,,,,0,85,60,61,0,0,61,1.04,,
"regional-compression-exact-study-2026-08-13","production",TRUE,12,"perturbed",69,0.05,0.05,"stochastic","precomputed_exact_table","iid",202808900,202808922,100,25000,"budget_exhausted","budget-exhausted",TRUE,169,169,76,19,137,118,137,61,FALSE,0.989033268485368,0.0109667315146323,0.0485438311091399,TRUE,TRUE,TRUE,0.0109667315146323,0.0110273094162206,0.00358936242024424,105,56,24,49,21,13,55108,100,2363,0,24950,492,169,24757,0,24926,7.47,,
"regional-compression-exact-study-2026-08-13","production",TRUE,12,"perturbed",69,0.1,0.05,"exact","precomputed_exact_table","exact",202808900,202808931,,25000,"certified","bounds-met",TRUE,46,46,47,47,47,0,47,0,TRUE,0.903956976854096,0.0960430231459041,0.0960430231459062,TRUE,TRUE,TRUE,0.0960430231459041,0.100973511698052,0.0292619979961316,15,15,24,0,0,,,,,0,70,50,46,0,0,46,0.879999999999999,,
"regional-compression-exact-study-2026-08-13","production",TRUE,12,"perturbed",69,0.1,0.05,"stochastic","precomputed_exact_table","iid",202808900,202808932,100,25000,"budget_exhausted","budget-exhausted",TRUE,169,169,47,9,107,98,107,60,FALSE,0.98351014933273,0.0164898506672696,0.0759358628937716,TRUE,TRUE,TRUE,0.0164898506672696,0.0166273216000368,0.00663678231661644,105,56,24,49,21,13,55108,100,2363,0,24950,490,169,24757,0,24926,7.42,,
"regional-compression-exact-study-2026-08-13","production",TRUE,12,"perturbed",69,0.2,0.05,"exact","precomputed_exact_table","exact",202808900,202808941,,25000,"certified","bounds-met",TRUE,25,25,19,19,19,0,19,0,TRUE,0.804320416096596,0.195679583903404,0.195679583903406,TRUE,TRUE,TRUE,0.195679583903404,0.217757561710827,0.0499168529489291,8,8,24,0,0,,,,,0,49,36,25,0,0,25,0.5,,
"regional-compression-exact-study-2026-08-13","production",TRUE,12,"perturbed",69,0.2,0.05,"stochastic","precomputed_exact_table","iid",202808900,202808942,100,25000,"budget_exhausted","budget-exhausted",TRUE,169,169,19,9,77,68,77,58,FALSE,0.959547927348178,0.0404520726518219,0.185314876675007,TRUE,TRUE,TRUE,0.0404520726518219,0.0412930144450397,0.0148351885579793,105,56,24,49,21,13,55108,100,2363,0,24950,490,169,24757,0,24926,7.26,,
"regional-compression-exact-study-2026-08-13","production",TRUE,12,"perturbed",70,0.01,0.05,"exact","precomputed_exact_table","exact",202809000,202809011,,25000,"certified","bounds-met",TRUE,79,79,103,103,103,0,103,0,TRUE,0.990396966153049,0.00960303384695105,0.00960303384695115,TRUE,TRUE,TRUE,0.00960303384695105,0.00964944031068845,0.003964566715246,26,26,24,0,0,,,,,0,103,72,79,0,0,79,2.25,,
"regional-compression-exact-study-2026-08-13","production",TRUE,12,"perturbed",70,0.01,0.05,"stochastic","precomputed_exact_table","iid",202809000,202809012,100,25000,"budget_exhausted","budget-exhausted",TRUE,319,319,103,75,123,48,123,20,FALSE,0.993215615743683,0.00678438425631689,0.0097206968444621,TRUE,TRUE,TRUE,0.00678438425631689,0.00680750281396935,0.00322630079542066,258,106,24,152,16,1,12441,100,859,0,24935,915,319,24592,0,24911,37.37,,
"regional-compression-exact-study-2026-08-13","production",TRUE,12,"perturbed",70,0.05,0.05,"exact","precomputed_exact_table","exact",202809000,202809021,,25000,"certified","bounds-met",TRUE,46,46,47,47,47,0,47,0,TRUE,0.954313321790496,0.0456866782095042,0.0456866782095043,TRUE,TRUE,TRUE,0.0456866782095042,0.0467632319052433,0.0310746020883863,15,15,24,0,0,,,,,0,70,50,46,0,0,46,0.800000000000004,,
"regional-compression-exact-study-2026-08-13","production",TRUE,12,"perturbed",70,0.05,0.05,"stochastic","precomputed_exact_table","iid",202809000,202809022,100,25000,"budget_exhausted","budget-exhausted",TRUE,319,319,47,46,56,10,56,9,FALSE,0.983373151974626,0.0166268480253735,0.0232211115284499,TRUE,TRUE,TRUE,0.0166268480253735,0.0167666256027038,0.00564045184633134,258,106,24,152,16,1,12441,100,859,0,24935,880,319,24592,0,24911,37.44,,
"regional-compression-exact-study-2026-08-13","production",TRUE,12,"perturbed",70,0.1,0.05,"exact","precomputed_exact_table","exact",202809000,202809031,,25000,"certified","bounds-met",TRUE,43,43,36,36,36,0,36,0,TRUE,0.911786143422963,0.0882138565770371,0.0882138565770371,TRUE,TRUE,TRUE,0.0882138565770371,0.092349808266107,0.0253142886064495,14,14,24,0,0,,,,,0,67,48,43,0,0,43,0.649999999999991,,
"regional-compression-exact-study-2026-08-13","production",TRUE,12,"perturbed",70,0.1,0.05,"stochastic","precomputed_exact_table","iid",202809000,202809032,100,25000,"budget_exhausted","budget-exhausted",TRUE,319,319,36,27,46,19,46,10,FALSE,0.949203489677387,0.0507965103226129,0.0714913977683696,TRUE,TRUE,TRUE,0.0507965103226129,0.0521320779867187,0.0221791221460825,258,106,24,152,16,1,12441,100,859,0,24935,890,319,24592,0,24911,36.78,,
"regional-compression-exact-study-2026-08-13","production",TRUE,12,"perturbed",70,0.2,0.05,"exact","precomputed_exact_table","exact",202809000,202809041,,25000,"certified","bounds-met",TRUE,16,16,9,9,9,0,9,0,TRUE,0.814335419130047,0.185664580869953,0.185664580869953,TRUE,TRUE,TRUE,0.185664580869953,0.205382935040837,0.0419047864986708,5,5,24,0,0,,,,,0,40,30,16,0,0,16,0.189999999999998,,
"regional-compression-exact-study-2026-08-13","production",TRUE,12,"perturbed",70,0.2,0.05,"stochastic","precomputed_exact_table","iid",202809000,202809042,100,25000,"budget_exhausted","budget-exhausted",TRUE,319,319,9,9,27,18,27,18,FALSE,0.882726313238832,0.117273686761168,0.162092781906053,TRUE,TRUE,TRUE,0.117273686761168,0.124740077454826,0.0312968278660626,258,106,24,152,16,1,12441,100,859,0,24935,904,319,24592,0,24911,36.25,,
"regional-compression-exact-study-2026-08-13","production",TRUE,12,"perturbed",71,0.01,0.05,"exact","precomputed_exact_table","exact",202809100,202809111,,25000,"certified","bounds-met",TRUE,82,82,192,192,192,0,192,0,TRUE,0.990259018138164,0.00974098186183558,0.0097409818618383,TRUE,TRUE,TRUE,0.00974098186183558,0.00978873559083974,0.00427143234212257,27,27,24,0,0,,,,,0,106,74,82,0,0,82,2.61,,
"regional-compression-exact-study-2026-08-13","production",TRUE,12,"perturbed",71,0.01,0.05,"stochastic","precomputed_exact_table","iid",202809100,202809112,100,25000,"budget_exhausted","budget-exhausted",TRUE,154,154,192,154,224,70,224,32,FALSE,0.994212385736863,0.00578761426313734,0.00973734965531045,TRUE,TRUE,TRUE,0.00578761426313734,0.00580442740594162,0.0021169790799033,115,51,24,64,11,3,5008,100,2248,0,23331,514,154,23153,0,23307,7.8,,
"regional-compression-exact-study-2026-08-13","production",TRUE,12,"perturbed",71,0.05,0.05,"exact","precomputed_exact_table","exact",202809100,202809121,,25000,"certified","bounds-met",TRUE,46,46,81,81,81,0,81,0,TRUE,0.95091755987854,0.0490824401214605,0.0490824401214633,TRUE,TRUE,TRUE,0.0490824401214605,0.050327908019233,0.0134489179960162,15,15,24,0,0,,,,,0,70,50,46,0,0,46,0.719999999999999,,
"regional-compression-exact-study-2026-08-13","production",TRUE,12,"perturbed",71,0.05,0.05,"stochastic","precomputed_exact_table","iid",202809100,202809122,100,25000,"budget_exhausted","budget-exhausted",TRUE,154,154,81,70,126,56,126,45,FALSE,0.973250335217344,0.0267496647826563,0.0496275882784386,TRUE,TRUE,TRUE,0.0267496647826563,0.0271139480607618,0.0139083591979369,115,51,24,64,11,3,5008,100,2248,0,23331,515,154,23153,0,23307,7.34,,
"regional-compression-exact-study-2026-08-13","production",TRUE,12,"perturbed",71,0.1,0.05,"exact","precomputed_exact_table","exact",202809100,202809131,,25000,"certified","bounds-met",TRUE,46,46,61,61,61,0,61,0,TRUE,0.901350141850135,0.0986498581498647,0.0986498581498672,TRUE,TRUE,TRUE,0.0986498581498647,0.103861482158904,0.0261242673525096,15,15,24,0,0,,,,,0,70,50,46,0,0,46,0.690000000000001,,
"regional-compression-exact-study-2026-08-13","production",TRUE,12,"perturbed",71,0.1,0.05,"stochastic","precomputed_exact_table","iid",202809100,202809132,100,25000,"budget_exhausted","budget-exhausted",TRUE,154,154,61,44,81,37,81,20,FALSE,0.95091755987854,0.0490824401214605,0.0976912003953815,TRUE,TRUE,TRUE,0.0490824401214605,0.050327908019233,0.0134489179960162,115,51,24,64,11,3,5008,100,2248,0,23331,529,154,23153,0,23307,7.37,,
"regional-compression-exact-study-2026-08-13","production",TRUE,12,"perturbed",71,0.2,0.05,"exact","precomputed_exact_table","exact",202809100,202809141,,25000,"certified","bounds-met",TRUE,31,31,34,34,34,0,34,0,TRUE,0.807703428988071,0.192296571011929,0.192296571011931,TRUE,TRUE,TRUE,0.192296571011929,0.213560331169528,0.0527882984306214,10,10,24,0,0,,,,,0,55,40,31,0,0,31,0.43,,
"regional-compression-exact-study-2026-08-13","production",TRUE,12,"perturbed",71,0.2,0.05,"stochastic","precomputed_exact_table","iid",202809100,202809142,100,25000,"budget_exhausted","budget-exhausted",TRUE,154,154,34,17,45,28,45,11,FALSE,0.871494490732139,0.128505509267861,0.198688855441577,TRUE,TRUE,TRUE,0.128505509267861,0.13754573563454,0.033624091203094,115,51,24,64,11,3,5008,100,2248,0,23331,519,154,23153,0,23307,7.55,,
"regional-compression-exact-study-2026-08-13","production",TRUE,12,"perturbed",72,0.01,0.05,"exact","precomputed_exact_table","exact",202809200,202809211,,25000,"certified","bounds-met",TRUE,61,61,125,125,125,0,125,0,TRUE,0.99012536118998,0.00987463881001971,0.00987463881001787,TRUE,TRUE,TRUE,0.00987463881001971,0.00992371640545554,0.00324702331276924,20,20,24,0,0,,,,,0,85,60,61,0,0,61,1.68,,
"regional-compression-exact-study-2026-08-13","production",TRUE,12,"perturbed",72,0.01,0.05,"stochastic","precomputed_exact_table","iid",202809200,202809212,100,25000,"budget_exhausted","budget-exhausted",TRUE,214,214,125,26,207,181,207,82,FALSE,0.997646215667004,0.00235378433299571,0.00924420990712451,TRUE,TRUE,TRUE,0.00235378433299571,0.00235655883791804,0.00138619711950555,185,71,24,114,95,581,2133307,581,2342,0,24415,279,214,24177,0,24391,19.5,,
"regional-compression-exact-study-2026-08-13","production",TRUE,12,"perturbed",72,0.05,0.05,"exact","precomputed_exact_table","exact",202809200,202809221,,25000,"certified","bounds-met",TRUE,46,46,54,54,54,0,54,0,TRUE,0.956138538359294,0.043861461640706,0.0438614616407042,TRUE,TRUE,TRUE,0.043861461640706,0.0448524618280704,0.0151796184195628,15,15,24,0,0,,,,,0,70,50,46,0,0,46,0.75,,
"regional-compression-exact-study-2026-08-13","production",TRUE,12,"perturbed",72,0.05,0.05,"stochastic","precomputed_exact_table","iid",202809200,202809222,100,25000,"budget_exhausted","budget-exhausted",TRUE,214,214,54,9,141,132,141,87,FALSE,0.98982670600195,0.0101732939980497,0.0497701161978059,TRUE,TRUE,TRUE,0.0101732939980497,0.0102253956180423,0.00371139937433634,185,71,24,114,95,581,2133307,581,2342,0,24415,285,214,24177,0,24391,17.82,,
"regional-compression-exact-study-2026-08-13","production",TRUE,12,"perturbed",72,0.1,0.05,"exact","precomputed_exact_table","exact",202809200,202809231,,25000,"certified","bounds-met",TRUE,34,34,35,35,35,0,35,0,TRUE,0.90102450602394,0.0989754939760604,0.0989754939760595,TRUE,TRUE,TRUE,0.0989754939760604,0.10422282304896,0.0213326274527426,11,11,24,0,0,,,,,0,58,42,34,0,0,34,0.719999999999999,,
"regional-compression-exact-study-2026-08-13","production",TRUE,12,"perturbed",72,0.1,0.05,"stochastic","precomputed_exact_table","iid",202809200,202809232,100,25000,"budget_exhausted","budget-exhausted",TRUE,214,214,35,9,91,82,91,56,FALSE,0.984461072133014,0.0155389278669857,0.0976572024725048,TRUE,TRUE,TRUE,0.0155389278669857,0.0156609224333017,0.00466091611467725,185,71,24,114,95,581,2133307,581,2342,0,24415,278,214,24177,0,24391,17.48,,
"regional-compression-exact-study-2026-08-13","production",TRUE,12,"perturbed",72,0.2,0.05,"exact","precomputed_exact_table","exact",202809200,202809241,,25000,"certified","bounds-met",TRUE,22,22,17,17,17,0,17,0,TRUE,0.827940264952134,0.172059735047866,0.172059735047865,TRUE,TRUE,TRUE,0.172059735047866,0.188814270976981,0.0424982587635343,7,7,24,0,0,,,,,0,46,34,22,0,0,22,0.310000000000002,,
"regional-compression-exact-study-2026-08-13","production",TRUE,12,"perturbed",72,0.2,0.05,"stochastic","precomputed_exact_table","iid",202809200,202809242,100,25000,"budget_exhausted","budget-exhausted",TRUE,214,214,17,9,64,55,64,47,FALSE,0.979410205619936,0.0205897943800641,0.127027729618667,TRUE,TRUE,TRUE,0.0205897943800641,0.0208047194905552,0.00674421826430163,185,71,24,114,95,581,2133307,581,2342,0,24415,274,214,24177,0,24391,16.71,,
"regional-compression-exact-study-2026-08-13","production",TRUE,12,"perturbed",73,0.01,0.05,"exact","precomputed_exact_table","exact",202809300,202809311,,25000,"certified","bounds-met",TRUE,79,79,115,115,115,0,115,0,TRUE,0.990544010360158,0.00945598963984173,0.00945598963984201,TRUE,TRUE,TRUE,0.00945598963984173,0.00950098136201426,0.00330067388842897,26,26,24,0,0,,,,,0,103,72,79,0,0,79,1.88,,
"regional-compression-exact-study-2026-08-13","production",TRUE,12,"perturbed",73,0.01,0.05,"stochastic","precomputed_exact_table","iid",202809300,202809312,100,25000,"budget_exhausted","budget-exhausted",TRUE,205,205,115,46,212,166,212,97,FALSE,0.998505050980648,0.00149494901935177,0.00990781790658808,TRUE,TRUE,TRUE,0.00149494901935177,0.00149606757056067,0.000642082837720166,176,68,24,108,46,1,49652,100,2483,0,24971,529,205,24742,0,24947,14.89,,
"regional-compression-exact-study-2026-08-13","production",TRUE,12,"perturbed",73,0.05,0.05,"exact","precomputed_exact_table","exact",202809300,202809321,,25000,"certified","bounds-met",TRUE,58,58,56,56,56,0,56,0,TRUE,0.972621813325662,0.0273781866743383,0.0273781866743388,TRUE,TRUE,TRUE,0.0273781866743383,0.0277599534152356,0.00962778788070778,19,19,24,0,0,,,,,0,82,58,58,0,0,58,0.919999999999998,,
"regional-compression-exact-study-2026-08-13","production",TRUE,12,"perturbed",73,0.05,0.05,"stochastic","precomputed_exact_table","iid",202809300,202809322,100,25000,"budget_exhausted","budget-exhausted",TRUE,205,205,56,9,115,106,115,59,FALSE,0.988095430025014,0.0119045699749861,0.0463648744948207,TRUE,TRUE,TRUE,0.0119045699749861,0.0119759968045518,0.00606774497956486,176,68,24,108,46,1,49652,100,2483,0,24971,526,205,24742,0,24947,14.39,,
"regional-compression-exact-study-2026-08-13","production",TRUE,12,"perturbed",73,0.1,0.05,"exact","precomputed_exact_table","exact",202809300,202809331,,25000,"certified","bounds-met",TRUE,43,43,37,37,37,0,37,0,TRUE,0.920853627694801,0.0791463723051994,0.0791463723052002,TRUE,TRUE,TRUE,0.0791463723051994,0.0824541829415211,0.0257938284285051,14,14,24,0,0,,,,,0,67,48,43,0,0,43,0.509999999999998,,
"regional-compression-exact-study-2026-08-13","production",TRUE,12,"perturbed",73,0.1,0.05,"stochastic","precomputed_exact_table","iid",202809300,202809332,100,25000,"budget_exhausted","budget-exhausted",TRUE,205,205,37,9,87,78,87,50,FALSE,0.982901264235439,0.0170987357645608,0.087015377957008,TRUE,TRUE,TRUE,0.0170987357645608,0.0172466071804088,0.00599152835117012,176,68,24,108,46,1,49652,100,2483,0,24971,538,205,24742,0,24947,15.29,,
"regional-compression-exact-study-2026-08-13","production",TRUE,12,"perturbed",73,0.2,0.05,"exact","precomputed_exact_table","exact",202809300,202809341,,25000,"certified","bounds-met",TRUE,31,31,18,18,18,0,18,0,TRUE,0.800991479238683,0.199008520761317,0.199008520761317,TRUE,TRUE,TRUE,0.199008520761317,0.221904969624936,0.0608822375223391,10,10,24,0,0,,,,,0,55,40,31,0,0,31,0.539999999999999,,
"regional-compression-exact-study-2026-08-13","production",TRUE,12,"perturbed",73,0.2,0.05,"stochastic","precomputed_exact_table","iid",202809300,202809342,100,25000,"budget_exhausted","budget-exhausted",TRUE,205,205,18,9,56,47,56,38,FALSE,0.972621813325662,0.0273781866743383,0.198440605866339,TRUE,TRUE,TRUE,0.0273781866743383,0.0277599534152356,0.00962778788070778,176,68,24,108,46,1,49652,100,2483,0,24971,507,205,24742,0,24947,14.54,,
"regional-compression-exact-study-2026-08-13","production",TRUE,12,"perturbed",74,0.01,0.05,"exact","precomputed_exact_table","exact",202809400,202809411,,25000,"certified","bounds-met",TRUE,58,58,107,107,107,0,107,0,TRUE,0.990422283501288,0.00957771649871231,0.00957771649870886,TRUE,TRUE,TRUE,0.00957771649871231,0.00962387780846162,0.00444394444563268,19,19,24,0,0,,,,,0,82,58,58,0,0,58,1.5,,
"regional-compression-exact-study-2026-08-13","production",TRUE,12,"perturbed",74,0.01,0.05,"stochastic","precomputed_exact_table","iid",202809400,202809412,100,25000,"budget_exhausted","budget-exhausted",TRUE,127,127,107,86,154,68,154,47,FALSE,0.995273798796786,0.00472620120321399,0.00930306706455952,TRUE,TRUE,TRUE,0.00472620120321399,0.00473740500701305,0.00180063197620598,77,42,24,35,8,13,5921,100,2371,0,24695,384,127,24544,0,24671,4,,
"regional-compression-exact-study-2026-08-13","production",TRUE,12,"perturbed",74,0.05,0.05,"exact","precomputed_exact_table","exact",202809400,202809421,,25000,"certified","bounds-met",TRUE,46,46,56,56,56,0,56,0,TRUE,0.956425633092817,0.0435743669071833,0.04357436690718,TRUE,TRUE,TRUE,0.0435743669071833,0.0445522421126074,0.0235429000676246,15,15,24,0,0,,,,,0,70,50,46,0,0,46,0.659999999999998,,
"regional-compression-exact-study-2026-08-13","production",TRUE,12,"perturbed",74,0.05,0.05,"stochastic","precomputed_exact_table","iid",202809400,202809422,100,25000,"budget_exhausted","budget-exhausted",TRUE,127,127,56,37,86,49,86,30,FALSE,0.978949996003419,0.0210500039965814,0.0487617027796992,TRUE,TRUE,TRUE,0.0210500039965814,0.0212747143613734,0.00953487762502571,77,42,24,35,8,13,5921,100,2371,0,24695,376,127,24544,0,24671,5.5,,
"regional-compression-exact-study-2026-08-13","production",TRUE,12,"perturbed",74,0.1,0.05,"exact","precomputed_exact_table","exact",202809400,202809431,,25000,"certified","bounds-met",TRUE,40,40,37,37,37,0,37,0,TRUE,0.910549715662009,0.0894502843379905,0.0894502843379874,TRUE,TRUE,TRUE,0.0894502843379905,0.0937067787109524,0.034310731293814,13,13,24,0,0,,,,,0,64,46,40,0,0,40,0.580000000000002,,
"regional-compression-exact-study-2026-08-13","production",TRUE,12,"perturbed",74,0.1,0.05,"stochastic","precomputed_exact_table","iid",202809400,202809432,100,25000,"budget_exhausted","budget-exhausted",TRUE,127,127,37,19,66,47,66,29,FALSE,0.964463350927746,0.0355366490722538,0.0865117575239535,TRUE,TRUE,TRUE,0.0355366490722538,0.0361834453595956,0.0186201147786299,77,42,24,35,8,13,5921,100,2371,0,24695,383,127,24544,0,24671,3.95,,
"regional-compression-exact-study-2026-08-13","production",TRUE,12,"perturbed",74,0.2,0.05,"exact","precomputed_exact_table","exact",202809400,202809441,,25000,"certified","bounds-met",TRUE,19,19,19,19,19,0,19,0,TRUE,0.851205353544948,0.148794646455052,0.14879464645505,TRUE,TRUE,TRUE,0.148794646455052,0.161101871005527,0.0445632543614248,6,6,24,0,0,,,,,0,43,32,19,0,0,19,0.260000000000002,,
"regional-compression-exact-study-2026-08-13","production",TRUE,12,"perturbed",74,0.2,0.05,"stochastic","precomputed_exact_table","iid",202809400,202809442,100,25000,"budget_exhausted","budget-exhausted",TRUE,127,127,19,9,37,28,37,18,FALSE,0.910549715662009,0.0894502843379905,0.184616768425515,TRUE,TRUE,TRUE,0.0894502843379905,0.0937067787109524,0.034310731293814,77,42,24,35,8,13,5921,100,2371,0,24695,390,127,24544,0,24671,4.41,,
"regional-compression-exact-study-2026-08-13","production",TRUE,12,"perturbed",75,0.01,0.05,"exact","precomputed_exact_table","exact",202809500,202809511,,25000,"certified","bounds-met",TRUE,79,79,123,123,123,0,123,0,TRUE,0.990451682834471,0.00954831716552895,0.00954831716553083,TRUE,TRUE,TRUE,0.00954831716552895,0.00959419461439159,0.00332339735661553,26,26,24,0,0,,,,,0,103,72,79,0,0,79,2,,
"regional-compression-exact-study-2026-08-13","production",TRUE,12,"perturbed",75,0.01,0.05,"stochastic","precomputed_exact_table","iid",202809500,202809512,100,25000,"budget_exhausted","budget-exhausted",TRUE,265,265,123,36,192,156,192,69,FALSE,0.997525412022742,0.00247458797725753,0.00886123357361141,TRUE,TRUE,TRUE,0.00247458797725753,0.00247765483059644,0.00138929410772629,221,88,24,133,68,15,2964854,100,2375,0,24738,546,265,24449,0,24714,24.65,,
"regional-compression-exact-study-2026-08-13","production",TRUE,12,"perturbed",75,0.05,0.05,"exact","precomputed_exact_table","exact",202809500,202809521,,25000,"certified","bounds-met",TRUE,46,46,56,56,56,0,56,0,TRUE,0.967383659151888,0.0326163408481125,0.0326163408481145,TRUE,TRUE,TRUE,0.0326163408481125,0.033160110247301,0.0136891600088722,15,15,24,0,0,,,,,0,70,50,46,0,0,46,1.03,,
"regional-compression-exact-study-2026-08-13","production",TRUE,12,"perturbed",75,0.05,0.05,"stochastic","precomputed_exact_table","iid",202809500,202809522,100,25000,"budget_exhausted","budget-exhausted",TRUE,265,265,56,9,106,97,106,50,FALSE,0.982501275126758,0.017498724873242,0.0491403897867988,TRUE,TRUE,TRUE,0.017498724873242,0.0176536374006235,0.00727318794119668,221,88,24,133,68,15,2964854,100,2375,0,24738,536,265,24449,0,24714,24.88,,
"regional-compression-exact-study-2026-08-13","production",TRUE,12,"perturbed",75,0.1,0.05,"exact","precomputed_exact_table","exact",202809500,202809531,,25000,"certified","bounds-met",TRUE,37,37,36,36,36,0,36,0,TRUE,0.906471692197683,0.093528307802317,0.0935283078023187,TRUE,TRUE,TRUE,0.093528307802317,0.0981954768559774,0.034553948011966,12,12,24,0,0,,,,,0,61,44,37,0,0,37,0.5,,
"regional-compression-exact-study-2026-08-13","production",TRUE,12,"perturbed",75,0.1,0.05,"stochastic","precomputed_exact_table","iid",202809500,202809532,100,25000,"budget_exhausted","budget-exhausted",TRUE,265,265,36,9,66,57,66,30,FALSE,0.970429169823869,0.0295708301761309,0.0908936062043171,TRUE,TRUE,TRUE,0.0295708301761309,0.0300168622164131,0.013899795188095,221,88,24,133,68,15,2964854,100,2375,0,24738,556,265,24449,0,24714,22.73,,
"regional-compression-exact-study-2026-08-13","production",TRUE,12,"perturbed",75,0.2,0.05,"exact","precomputed_exact_table","exact",202809500,202809541,,25000,"certified","bounds-met",TRUE,28,28,18,18,18,0,18,0,TRUE,0.815086599963883,0.184913400036117,0.184913400036119,TRUE,TRUE,TRUE,0.184913400036117,0.20446091376182,0.0682097659295038,9,9,24,0,0,,,,,0,52,38,28,0,0,28,0.800000000000011,,
"regional-compression-exact-study-2026-08-13","production",TRUE,12,"perturbed",75,0.2,0.05,"stochastic","precomputed_exact_table","iid",202809500,202809542,100,25000,"budget_exhausted","budget-exhausted",TRUE,265,265,18,9,56,47,56,38,FALSE,0.967383659151888,0.0326163408481125,0.137144488474977,TRUE,TRUE,TRUE,0.0326163408481125,0.033160110247301,0.0136891600088722,221,88,24,133,68,15,2964854,100,2375,0,24738,545,265,24449,0,24714,24.61,,
"regional-compression-exact-study-2026-08-13","production",TRUE,12,"perturbed",76,0.01,0.05,"exact","precomputed_exact_table","exact",202809600,202809611,,25000,"certified","bounds-met",TRUE,79,79,93,93,93,0,93,0,TRUE,0.990728347759517,0.00927165224048299,0.00927165224048284,TRUE,TRUE,TRUE,0.00927165224048299,0.00931490154402741,0.00287187828945894,26,26,24,0,0,,,,,0,103,72,79,0,0,79,1.7,,
"regional-compression-exact-study-2026-08-13","production",TRUE,12,"perturbed",76,0.01,0.05,"stochastic","precomputed_exact_table","iid",202809600,202809612,100,25000,"budget_exhausted","budget-exhausted",TRUE,175,175,93,27,165,138,165,72,FALSE,0.99792834049234,0.00207165950766031,0.00921659668159948,TRUE,TRUE,TRUE,0.00207165950766031,0.00207380836252815,0.00118274726910853,150,58,24,92,71,301,272328,301,2312,0,24583,311,175,24384,0,24559,11.2,,
"regional-compression-exact-study-2026-08-13","production",TRUE,12,"perturbed",76,0.05,0.05,"exact","precomputed_exact_table","exact",202809600,202809621,,25000,"certified","bounds-met",TRUE,46,46,46,46,46,0,46,0,TRUE,0.959545586968124,0.0404544130318756,0.0404544130318752,TRUE,TRUE,TRUE,0.0404544130318756,0.0412954534924714,0.01577355023023,15,15,24,0,0,,,,,0,70,50,46,0,0,46,0.73,,
"regional-compression-exact-study-2026-08-13","production",TRUE,12,"perturbed",76,0.05,0.05,"stochastic","precomputed_exact_table","iid",202809600,202809622,100,25000,"budget_exhausted","budget-exhausted",TRUE,175,175,46,9,95,86,95,49,FALSE,0.990949118764504,0.00905088123549558,0.0477176068530521,TRUE,TRUE,TRUE,0.00905088123549558,0.00909208929568711,0.00445054427839961,150,58,24,92,71,301,272328,301,2312,0,24583,320,175,24384,0,24559,11.07,,
"regional-compression-exact-study-2026-08-13","production",TRUE,12,"perturbed",76,0.1,0.05,"exact","precomputed_exact_table","exact",202809600,202809631,,25000,"certified","bounds-met",TRUE,37,37,27,27,27,0,27,0,TRUE,0.904288516709088,0.0957114832909115,0.0957114832909115,TRUE,TRUE,TRUE,0.0957114832909115,0.100606813857645,0.0229130599916415,12,12,24,0,0,,,,,0,61,44,37,0,0,37,0.439999999999998,,
"regional-compression-exact-study-2026-08-13","production",TRUE,12,"perturbed",76,0.1,0.05,"stochastic","precomputed_exact_table","iid",202809600,202809632,100,25000,"budget_exhausted","budget-exhausted",TRUE,175,175,27,9,56,47,56,29,FALSE,0.985016707157157,0.0149832928428433,0.096853795922628,TRUE,TRUE,TRUE,0.0149832928428433,0.0150966763730244,0.00493643729852819,150,58,24,92,71,301,272328,301,2312,0,24583,322,175,24384,0,24559,12.8,,
"regional-compression-exact-study-2026-08-13","production",TRUE,12,"perturbed",76,0.2,0.05,"exact","precomputed_exact_table","exact",202809600,202809641,,25000,"certified","bounds-met",TRUE,16,16,9,9,9,0,9,0,TRUE,0.828167421702138,0.171832578297862,0.171832578297862,TRUE,TRUE,TRUE,0.171832578297862,0.188539944913213,0.0429009584484003,5,5,24,0,0,,,,,0,40,30,16,0,0,16,0.229999999999997,,
"regional-compression-exact-study-2026-08-13","production",TRUE,12,"perturbed",76,0.2,0.05,"stochastic","precomputed_exact_table","iid",202809600,202809642,100,25000,"budget_exhausted","budget-exhausted",TRUE,175,175,9,9,47,38,47,38,FALSE,0.952839480995065,0.0471605190049355,0.189732881156042,TRUE,TRUE,TRUE,0.0471605190049355,0.0483088249869075,0.0336179845558122,150,58,24,92,71,301,272328,301,2312,0,24583,319,175,24384,0,24559,10.97,,
"regional-compression-exact-study-2026-08-13","production",TRUE,12,"perturbed",77,0.01,0.05,"exact","precomputed_exact_table","exact",202809700,202809711,,25000,"certified","bounds-met",TRUE,58,58,116,116,116,0,116,0,TRUE,0.990486674607165,0.00951332539283467,0.00951332539283409,TRUE,TRUE,TRUE,0.00951332539283467,0.00955886613224425,0.00274837279174808,19,19,24,0,0,,,,,0,82,55,58,0,0,58,1.47,,
"regional-compression-exact-study-2026-08-13","production",TRUE,12,"perturbed",77,0.01,0.05,"stochastic","precomputed_exact_table","iid",202809700,202809712,100,25000,"budget_exhausted","budget-exhausted",TRUE,157,157,116,64,185,121,185,69,FALSE,0.996457423225347,0.00354257677465264,0.00992539126298387,TRUE,TRUE,TRUE,0.00354257677465264,0.00354886655884402,0.00115635232662187,128,52,24,76,25,1,9411,100,2273,0,24223,550,157,24042,0,24199,8,,
"regional-compression-exact-study-2026-08-13","production",TRUE,12,"perturbed",77,0.05,0.05,"exact","precomputed_exact_table","exact",202809700,202809721,,25000,"certified","bounds-met",TRUE,46,46,54,54,54,0,54,0,TRUE,0.954810256418185,0.045189743581815,0.0451897435818145,TRUE,TRUE,TRUE,0.045189743581815,0.0462426426206267,0.0152877680814679,15,15,24,0,0,,,,,0,70,47,46,0,0,46,0.830000000000002,,
"regional-compression-exact-study-2026-08-13","production",TRUE,12,"perturbed",77,0.05,0.05,"stochastic","precomputed_exact_table","iid",202809700,202809722,100,25000,"budget_exhausted","budget-exhausted",TRUE,157,157,54,26,81,55,81,27,FALSE,0.983652954486839,0.0163470455131607,0.0455809684142914,TRUE,TRUE,TRUE,0.0163470455131607,0.0164821326687454,0.00593110788636914,128,52,24,76,25,1,9411,100,2273,0,24223,529,157,24042,0,24199,7.4,,
"regional-compression-exact-study-2026-08-13","production",TRUE,12,"perturbed",77,0.1,0.05,"exact","precomputed_exact_table","exact",202809700,202809731,,25000,"certified","bounds-met",TRUE,37,37,35,35,35,0,35,0,TRUE,0.90893555687333,0.0910644431266702,0.0910644431266697,TRUE,TRUE,TRUE,0.0910644431266702,0.0954810818465842,0.0175825865876465,12,12,24,0,0,,,,,0,61,41,37,0,0,37,0.68,,
"regional-compression-exact-study-2026-08-13","production",TRUE,12,"perturbed",77,0.1,0.05,"stochastic","precomputed_exact_table","iid",202809700,202809732,100,25000,"budget_exhausted","budget-exhausted",TRUE,157,157,35,9,64,55,64,29,FALSE,0.977832416051756,0.0221675839482438,0.065333773603685,TRUE,TRUE,TRUE,0.0221675839482438,0.0224169773603581,0.00758258926020236,128,52,24,76,25,1,9411,100,2273,0,24223,540,157,24042,0,24199,8.48,,
"regional-compression-exact-study-2026-08-13","production",TRUE,12,"perturbed",77,0.2,0.05,"exact","precomputed_exact_table","exact",202809700,202809741,,25000,"certified","bounds-met",TRUE,22,22,17,17,17,0,17,0,TRUE,0.839011116732239,0.160988883267761,0.16098888326776,TRUE,TRUE,TRUE,0.160988883267761,0.175531322623881,0.0410386228690549,7,7,24,0,0,,,,,0,46,31,22,0,0,22,0.279999999999994,,
"regional-compression-exact-study-2026-08-13","production",TRUE,12,"perturbed",77,0.2,0.05,"stochastic","precomputed_exact_table","iid",202809700,202809742,100,25000,"budget_exhausted","budget-exhausted",TRUE,157,157,17,9,45,36,45,28,FALSE,0.934933072836052,0.0650669271639477,0.175789846827221,TRUE,TRUE,TRUE,0.0650669271639477,0.0672803321098996,0.0152877680814679,128,52,24,76,25,1,9411,100,2273,0,24223,526,157,24042,0,24199,8.25,,
"regional-compression-exact-study-2026-08-13","production",TRUE,12,"perturbed",78,0.01,0.05,"exact","precomputed_exact_table","exact",202809800,202809811,,25000,"certified","bounds-met",TRUE,82,82,120,120,120,0,120,0,TRUE,0.990205363306726,0.00979463669327418,0.00979463669327135,TRUE,TRUE,TRUE,0.00979463669327418,0.00984291968216138,0.00346876474211677,27,27,24,0,0,,,,,0,106,72,82,0,0,82,2.47,,
"regional-compression-exact-study-2026-08-13","production",TRUE,12,"perturbed",78,0.01,0.05,"stochastic","precomputed_exact_table","iid",202809800,202809812,100,25000,"budget_exhausted","budget-exhausted",TRUE,181,181,120,75,209,134,209,89,FALSE,0.995854731937458,0.00414526806254156,0.00973922557931638,TRUE,TRUE,TRUE,0.00414526806254156,0.00415388350331379,0.00148680680161643,109,60,24,49,18,4,11101,100,2378,0,24749,436,181,24544,0,24725,7.78,,
"regional-compression-exact-study-2026-08-13","production",TRUE,12,"perturbed",78,0.05,0.05,"exact","precomputed_exact_table","exact",202809800,202809821,,25000,"certified","bounds-met",TRUE,46,46,66,66,66,0,66,0,TRUE,0.955345059074267,0.0446549409257333,0.0446549409257305,TRUE,TRUE,TRUE,0.0446549409257333,0.045682685358808,0.019480595652116,15,15,24,0,0,,,,,0,70,50,46,0,0,46,0.649999999999999,,
"regional-compression-exact-study-2026-08-13","production",TRUE,12,"perturbed",78,0.05,0.05,"stochastic","precomputed_exact_table","iid",202809800,202809822,100,25000,"budget_exhausted","budget-exhausted",TRUE,181,181,66,18,102,84,102,36,FALSE,0.98592478576995,0.0140752142300495,0.0441679281074097,TRUE,TRUE,TRUE,0.0140752142300495,0.0141752094697128,0.00402625048571674,109,60,24,49,18,4,11101,100,2378,0,24749,447,181,24544,0,24725,7.68,,
"regional-compression-exact-study-2026-08-13","production",TRUE,12,"perturbed",78,0.1,0.05,"exact","precomputed_exact_table","exact",202809800,202809831,,25000,"certified","bounds-met",TRUE,43,43,37,37,37,0,37,0,TRUE,0.903913622567938,0.0960863774320621,0.0960863774320593,TRUE,TRUE,TRUE,0.0960863774320621,0.101021473411883,0.0210218793097254,14,14,24,0,0,,,,,0,67,48,43,0,0,43,0.73,,
"regional-compression-exact-study-2026-08-13","production",TRUE,12,"perturbed",78,0.1,0.05,"stochastic","precomputed_exact_table","iid",202809800,202809832,100,25000,"budget_exhausted","budget-exhausted",TRUE,181,181,37,18,74,56,74,37,FALSE,0.959214895958547,0.0407851040414529,0.0983422353383934,TRUE,TRUE,TRUE,0.0407851040414529,0.0416401458246244,0.020745854504536,109,60,24,49,18,4,11101,100,2378,0,24749,440,181,24544,0,24725,8.12,,
"regional-compression-exact-study-2026-08-13","production",TRUE,12,"perturbed",78,0.2,0.05,"exact","precomputed_exact_table","exact",202809800,202809841,,25000,"certified","bounds-met",TRUE,16,16,18,18,18,0,18,0,TRUE,0.848999832753596,0.151000167246404,0.151000167246401,TRUE,TRUE,TRUE,0.151000167246404,0.16369628966304,0.0329300089129533,5,5,24,0,0,,,,,0,40,30,16,0,0,16,0.359999999999999,,
"regional-compression-exact-study-2026-08-13","production",TRUE,12,"perturbed",78,0.2,0.05,"stochastic","precomputed_exact_table","iid",202809800,202809842,100,25000,"budget_exhausted","budget-exhausted",TRUE,181,181,18,9,48,39,48,30,FALSE,0.918773391175984,0.0812266088240162,0.186633827709629,TRUE,TRUE,TRUE,0.0812266088240162,0.0847157689958017,0.0239563407740037,109,60,24,49,18,4,11101,100,2378,0,24749,436,181,24544,0,24725,6.81,,
"regional-compression-exact-study-2026-08-13","production",TRUE,12,"perturbed",79,0.01,0.05,"exact","precomputed_exact_table","exact",202809900,202809911,,25000,"certified","bounds-met",TRUE,70,70,123,123,123,0,123,0,TRUE,0.99038867241445,0.00961132758555028,0.00961132758554912,TRUE,TRUE,TRUE,0.00961132758555028,0.00965781450165369,0.00407287919419636,23,23,24,0,0,,,,,0,94,66,70,0,0,70,1.91,,
"regional-compression-exact-study-2026-08-13","production",TRUE,12,"perturbed",79,0.01,0.05,"stochastic","precomputed_exact_table","iid",202809900,202809912,100,25000,"budget_exhausted","budget-exhausted",TRUE,130,130,123,94,144,50,144,21,FALSE,0.994403078134591,0.00559692186540928,0.00954181662801381,TRUE,TRUE,TRUE,0.00559692186540928,0.0056126433212083,0.00206841606472845,73,43,24,30,2,22,6012,100,2332,0,23892,332,130,23738,0,23868,4.05,,
"regional-compression-exact-study-2026-08-13","production",TRUE,12,"perturbed",79,0.05,0.05,"exact","precomputed_exact_table","exact",202809900,202809921,,25000,"certified","bounds-met",TRUE,46,46,56,56,56,0,56,0,TRUE,0.951161222271118,0.048838777728882,0.0488387777288808,TRUE,TRUE,TRUE,0.048838777728882,0.0500717016031812,0.0270221353606198,15,15,24,0,0,,,,,0,70,50,46,0,0,46,0.799999999999999,,
"regional-compression-exact-study-2026-08-13","production",TRUE,12,"perturbed",79,0.05,0.05,"stochastic","precomputed_exact_table","iid",202809900,202809922,100,25000,"budget_exhausted","budget-exhausted",TRUE,130,130,56,37,66,29,66,10,FALSE,0.966132216291764,0.0338677837082364,0.0487339323203625,TRUE,TRUE,TRUE,0.0338677837082364,0.0344545842681946,0.0139800055348493,73,43,24,30,2,22,6012,100,2332,0,23892,345,130,23738,0,23868,3.88,,
"regional-compression-exact-study-2026-08-13","production",TRUE,12,"perturbed",79,0.1,0.05,"exact","precomputed_exact_table","exact",202809900,202809931,,25000,"certified","bounds-met",TRUE,43,43,37,37,37,0,37,0,TRUE,0.906617020423307,0.0933829795766925,0.0933829795766913,TRUE,TRUE,TRUE,0.0933829795766925,0.0980351667454747,0.036809237689254,14,14,24,0,0,,,,,0,67,48,43,0,0,43,0.699999999999999,,
"regional-compression-exact-study-2026-08-13","production",TRUE,12,"perturbed",79,0.1,0.05,"stochastic","precomputed_exact_table","iid",202809900,202809932,100,25000,"budget_exhausted","budget-exhausted",TRUE,130,130,37,27,56,29,56,19,FALSE,0.951161222271118,0.048838777728882,0.0694457887878617,TRUE,TRUE,TRUE,0.048838777728882,0.0500717016031812,0.0270221353606198,73,43,24,30,2,22,6012,100,2332,0,23892,322,130,23738,0,23868,4.42,,
"regional-compression-exact-study-2026-08-13","production",TRUE,12,"perturbed",79,0.2,0.05,"exact","precomputed_exact_table","exact",202809900,202809941,,25000,"certified","bounds-met",TRUE,16,16,18,18,18,0,18,0,TRUE,0.801680519428879,0.198319480571121,0.198319480571121,TRUE,TRUE,TRUE,0.198319480571121,0.221045105306819,0.0566974799227631,5,5,24,0,0,,,,,0,40,30,16,0,0,16,0.419999999999998,,
"regional-compression-exact-study-2026-08-13","production",TRUE,12,"perturbed",79,0.2,0.05,"stochastic","precomputed_exact_table","iid",202809900,202809942,100,25000,"budget_exhausted","budget-exhausted",TRUE,130,130,18,9,28,19,28,10,FALSE,0.878659658718917,0.121340341281083,0.178074710577172,TRUE,TRUE,TRUE,0.121340341281083,0.129357647720978,0.0390212734860579,73,43,24,30,2,22,6012,100,2332,0,23892,324,130,23738,0,23868,5.23,,
"regional-compression-exact-study-2026-08-13","production",TRUE,12,"perturbed",80,0.01,0.05,"exact","precomputed_exact_table","exact",202810000,202810011,,25000,"certified","bounds-met",TRUE,58,58,83,83,83,0,83,0,TRUE,0.990427428370235,0.00957257162976477,0.00957257162976682,TRUE,TRUE,TRUE,0.00957257162976477,0.00961868320039346,0.00296884803337274,19,19,24,0,0,,,,,0,82,58,58,0,0,58,1.92,,
"regional-compression-exact-study-2026-08-13","production",TRUE,12,"perturbed",80,0.01,0.05,"stochastic","precomputed_exact_table","iid",202810000,202810012,100,25000,"budget_exhausted","budget-exhausted",TRUE,232,232,83,56,111,55,111,28,FALSE,0.993417674564261,0.00658232543573867,0.00977975831156861,TRUE,TRUE,TRUE,0.00658232543573867,0.00660408447575792,0.00225851308879374,188,77,24,111,0,1,830,100,830,0,24920,881,232,24664,0,24896,19.76,,
"regional-compression-exact-study-2026-08-13","production",TRUE,12,"perturbed",80,0.05,0.05,"exact","precomputed_exact_table","exact",202810000,202810021,,25000,"certified","bounds-met",TRUE,46,46,46,46,46,0,46,0,TRUE,0.961644954008383,0.0383550459916171,0.038355045991619,TRUE,TRUE,TRUE,0.0383550459916171,0.0391099671171317,0.0154137376168939,15,15,24,0,0,,,,,0,70,50,46,0,0,46,0.710000000000001,,
"regional-compression-exact-study-2026-08-13","production",TRUE,12,"perturbed",80,0.05,0.05,"stochastic","precomputed_exact_table","iid",202810000,202810022,100,25000,"budget_exhausted","budget-exhausted",TRUE,232,232,46,36,56,20,56,10,FALSE,0.9866925328553,0.0133074671447004,0.0189495791516204,TRUE,TRUE,TRUE,0.0133074671447004,0.0133968049440444,0.00515895385776639,188,77,24,111,0,1,830,100,830,0,24920,892,232,24664,0,24896,18.28,,
"regional-compression-exact-study-2026-08-13","production",TRUE,12,"perturbed",80,0.1,0.05,"exact","precomputed_exact_table","exact",202810000,202810031,,25000,"certified","bounds-met",TRUE,37,37,27,27,27,0,27,0,TRUE,0.902235959676714,0.097764040323286,0.0977640403232877,TRUE,TRUE,TRUE,0.097764040323286,0.102879197035888,0.0277175138863664,12,12,24,0,0,,,,,0,61,44,37,0,0,37,0.530000000000001,,
"regional-compression-exact-study-2026-08-13","production",TRUE,12,"perturbed",80,0.1,0.05,"stochastic","precomputed_exact_table","iid",202810000,202810032,100,25000,"budget_exhausted","budget-exhausted",TRUE,232,232,27,18,36,18,36,9,FALSE,0.931254392572269,0.0687456074277307,0.0982577870533602,TRUE,TRUE,TRUE,0.0687456074277307,0.071222792443364,0.0185689155004153,188,77,24,111,0,1,830,100,830,0,24920,893,232,24664,0,24896,18.92,,
"regional-compression-exact-study-2026-08-13","production",TRUE,12,"perturbed",80,0.2,0.05,"exact","precomputed_exact_table","exact",202810000,202810041,,25000,"certified","bounds-met",TRUE,16,16,9,9,9,0,9,0,TRUE,0.833834426646869,0.166165573353131,0.166165573353132,TRUE,TRUE,TRUE,0.166165573353131,0.181720425533317,0.044526918215167,5,5,24,0,0,,,,,0,40,30,16,0,0,16,0.25,,
"regional-compression-exact-study-2026-08-13","production",TRUE,12,"perturbed",80,0.2,0.05,"stochastic","precomputed_exact_table","iid",202810000,202810042,100,25000,"budget_exhausted","budget-exhausted",TRUE,232,232,9,9,18,9,18,9,FALSE,0.872927227941191,0.127072772058809,0.178709426224227,TRUE,TRUE,TRUE,0.127072772058809,0.135903085218212,0.028864372425001,188,77,24,111,0,1,830,100,830,0,24920,910,232,24664,0,24896,17.2,,
"regional-compression-exact-study-2026-08-13","production",TRUE,12,"perturbed",81,0.01,0.05,"exact","precomputed_exact_table","exact",202810100,202810111,,25000,"certified","bounds-met",TRUE,76,76,120,120,120,0,120,0,TRUE,0.99010729937914,0.00989270062086012,0.00989270062085777,TRUE,TRUE,TRUE,0.00989270062086012,0.00994195851528492,0.00342971342149613,25,25,24,0,0,,,,,0,100,70,76,0,0,76,2.05,,
"regional-compression-exact-study-2026-08-13","production",TRUE,12,"perturbed",81,0.01,0.05,"stochastic","precomputed_exact_table","iid",202810100,202810112,100,25000,"budget_exhausted","budget-exhausted",TRUE,124,124,120,83,142,59,142,22,FALSE,0.99300944614078,0.00699055385921976,0.0097026422463439,TRUE,TRUE,TRUE,0.00699055385921976,0.00701510225232072,0.00201970292623088,80,41,24,39,0,1,1626,100,1626,0,24980,800,124,24832,0,24956,5.53,,
"regional-compression-exact-study-2026-08-13","production",TRUE,12,"perturbed",81,0.05,0.05,"exact","precomputed_exact_table","exact",202810100,202810121,,25000,"certified","bounds-met",TRUE,40,40,54,54,54,0,54,0,TRUE,0.954447983816576,0.0455520161834242,0.045552016183422,TRUE,TRUE,TRUE,0.0455520161834242,0.0466221330408564,0.0182227612629146,13,13,24,0,0,,,,,0,64,46,40,0,0,40,0.819999999999999,,
"regional-compression-exact-study-2026-08-13","production",TRUE,12,"perturbed",81,0.05,0.05,"stochastic","precomputed_exact_table","iid",202810100,202810122,100,25000,"budget_exhausted","budget-exhausted",TRUE,124,124,54,45,56,11,56,2,FALSE,0.96882789535929,0.0311721046407096,0.0443937028570851,TRUE,TRUE,TRUE,0.0311721046407096,0.0316682934343235,0.0110302887069936,80,41,24,39,0,1,1626,100,1626,0,24980,801,124,24832,0,24956,4.3,,
"regional-compression-exact-study-2026-08-13","production",TRUE,12,"perturbed",81,0.1,0.05,"exact","precomputed_exact_table","exact",202810100,202810131,,25000,"certified","bounds-met",TRUE,40,40,36,36,36,0,36,0,TRUE,0.90212541597509,0.0978745840249098,0.0978745840249082,TRUE,TRUE,TRUE,0.0978745840249098,0.103001726483983,0.0260604074089087,13,13,24,0,0,,,,,0,64,46,40,0,0,40,0.609999999999999,,
"regional-compression-exact-study-2026-08-13","production",TRUE,12,"perturbed",81,0.1,0.05,"stochastic","precomputed_exact_table","iid",202810100,202810132,100,25000,"budget_exhausted","budget-exhausted",TRUE,124,124,36,26,45,19,45,9,FALSE,0.930012023616845,0.0699879763831549,0.0994452339494752,TRUE,TRUE,TRUE,0.0699879763831549,0.0725577642981458,0.0210645422548105,80,41,24,39,0,1,1626,100,1626,0,24980,795,124,24832,0,24956,3.63,,
"regional-compression-exact-study-2026-08-13","production",TRUE,12,"perturbed",81,0.2,0.05,"exact","precomputed_exact_table","exact",202810100,202810141,,25000,"certified","bounds-met",TRUE,16,16,9,9,9,0,9,0,TRUE,0.809169600057858,0.190830399942142,0.190830399942141,TRUE,TRUE,TRUE,0.190830399942142,0.211746742291101,0.0413667314947273,5,5,24,0,0,,,,,0,40,30,16,0,0,16,0.169999999999998,,
"regional-compression-exact-study-2026-08-13","production",TRUE,12,"perturbed",81,0.2,0.05,"stochastic","precomputed_exact_table","iid",202810100,202810142,100,25000,"budget_exhausted","budget-exhausted",TRUE,124,124,9,9,19,10,19,10,FALSE,0.85259916464826,0.14740083535174,0.198693594663616,TRUE,TRUE,TRUE,0.14740083535174,0.159465754421317,0.0414688694847975,80,41,24,39,0,1,1626,100,1626,0,24980,787,124,24832,0,24956,3.61,,
"regional-compression-exact-study-2026-08-13","production",TRUE,12,"perturbed",82,0.01,0.05,"exact","precomputed_exact_table","exact",202810200,202810211,,25000,"certified","bounds-met",TRUE,70,70,93,93,93,0,93,0,TRUE,0.990566333041401,0.00943366695859926,0.00943366695860153,TRUE,TRUE,TRUE,0.00943366695859926,0.0094784458366027,0.00384733748621659,23,23,24,0,0,,,,,0,94,66,70,0,0,70,1.9,,
"regional-compression-exact-study-2026-08-13","production",TRUE,12,"perturbed",82,0.01,0.05,"stochastic","precomputed_exact_table","iid",202810200,202810212,100,25000,"budget_exhausted","budget-exhausted",TRUE,205,205,93,9,216,207,216,123,FALSE,0.999387935701924,0.000612064298076143,0.00903987094429432,TRUE,TRUE,TRUE,0.000612064298076143,0.000612251685894796,0.000347724500719931,173,68,24,105,64,6,2883696,100,2417,0,25000,425,205,24771,0,24976,15.89,,
"regional-compression-exact-study-2026-08-13","production",TRUE,12,"perturbed",82,0.05,0.05,"exact","precomputed_exact_table","exact",202810200,202810221,,25000,"certified","bounds-met",TRUE,46,46,46,46,46,0,46,0,TRUE,0.960319387130212,0.0396806128697883,0.0396806128697907,TRUE,TRUE,TRUE,0.0396806128697883,0.0404893549236368,0.0150649372195239,15,15,24,0,0,,,,,0,70,50,46,0,0,46,0.890000000000001,,
"regional-compression-exact-study-2026-08-13","production",TRUE,12,"perturbed",82,0.05,0.05,"stochastic","precomputed_exact_table","iid",202810200,202810222,100,25000,"budget_exhausted","budget-exhausted",TRUE,205,205,46,9,136,127,136,90,FALSE,0.993978403910178,0.00602159608982156,0.0379845277390841,TRUE,TRUE,TRUE,0.00602159608982156,0.00603979901009835,0.00509818687829616,173,68,24,105,64,6,2883696,100,2417,0,25000,417,205,24771,0,24976,12.63,,
"regional-compression-exact-study-2026-08-13","production",TRUE,12,"perturbed",82,0.1,0.05,"exact","precomputed_exact_table","exact",202810200,202810231,,25000,"certified","bounds-met",TRUE,40,40,36,36,36,0,36,0,TRUE,0.924671205589559,0.0753287944104415,0.0753287944104435,TRUE,TRUE,TRUE,0.0753287944104415,0.0783170580749453,0.0259886875875583,13,13,24,0,0,,,,,0,64,46,40,0,0,40,0.619999999999997,,
"regional-compression-exact-study-2026-08-13","production",TRUE,12,"perturbed",82,0.1,0.05,"stochastic","precomputed_exact_table","iid",202810200,202810232,100,25000,"budget_exhausted","budget-exhausted",TRUE,205,205,36,9,117,108,117,81,FALSE,0.991518468652043,0.00848153134795726,0.0934451510138204,TRUE,TRUE,TRUE,0.00848153134795726,0.00851770421438194,0.0050117564599545,173,68,24,105,64,6,2883696,100,2417,0,25000,427,205,24771,0,24976,14.91,,
"regional-compression-exact-study-2026-08-13","production",TRUE,12,"perturbed",82,0.2,0.05,"exact","precomputed_exact_table","exact",202810200,202810241,,25000,"certified","bounds-met",TRUE,16,16,9,9,9,0,9,0,TRUE,0.824062399359258,0.175937600640742,0.175937600640745,TRUE,TRUE,TRUE,0.175937600640742,0.193509024562098,0.0445482373490182,5,5,24,0,0,,,,,0,40,30,16,0,0,16,0.240000000000002,,
"regional-compression-exact-study-2026-08-13","production",TRUE,12,"perturbed",82,0.2,0.05,"stochastic","precomputed_exact_table","iid",202810200,202810242,100,25000,"budget_exhausted","budget-exhausted",TRUE,205,205,9,9,96,87,96,87,FALSE,0.989856720086319,0.0101432799136806,0.190058204147481,TRUE,TRUE,TRUE,0.0101432799136806,0.0101950735130271,0.00495463119869725,173,68,24,105,64,6,2883696,100,2417,0,25000,422,205,24771,0,24976,15.06,,
"regional-compression-exact-study-2026-08-13","production",TRUE,12,"perturbed",83,0.01,0.05,"exact","precomputed_exact_table","exact",202810300,202810311,,25000,"certified","bounds-met",TRUE,73,73,122,122,122,0,122,0,TRUE,0.990118037275371,0.00988196272462927,0.0098819627246289,TRUE,TRUE,TRUE,0.00988196272462927,0.00993111338970028,0.00395437731932889,24,24,24,0,0,,,,,0,97,68,73,0,0,73,2.09,,
"regional-compression-exact-study-2026-08-13","production",TRUE,12,"perturbed",83,0.01,0.05,"stochastic","precomputed_exact_table","iid",202810300,202810312,100,25000,"budget_exhausted","budget-exhausted",TRUE,256,256,122,17,359,342,359,237,FALSE,0.999633423046451,0.000366576953548581,0.00986162734104866,TRUE,TRUE,TRUE,0.000366576953548581,0.000366644159304573,0.00018130621473578,242,85,24,157,142,712,7682216,712,2474,0,23646,279,256,23366,0,23622,29.07,,
"regional-compression-exact-study-2026-08-13","production",TRUE,12,"perturbed",83,0.05,0.05,"exact","precomputed_exact_table","exact",202810300,202810321,,25000,"certified","bounds-met",TRUE,43,43,54,54,54,0,54,0,TRUE,0.950374259213931,0.0496257407860693,0.0496257407860683,TRUE,TRUE,TRUE,0.0496257407860693,0.0508994149009655,0.0204369308181894,14,14,24,0,0,,,,,0,67,48,43,0,0,43,0.560000000000002,,
"regional-compression-exact-study-2026-08-13","production",TRUE,12,"perturbed",83,0.05,0.05,"stochastic","precomputed_exact_table","iid",202810300,202810322,100,25000,"budget_exhausted","budget-exhausted",TRUE,256,256,54,9,225,216,225,171,FALSE,0.998548126386446,0.00145187361355426,0.0495008434031576,TRUE,TRUE,TRUE,0.00145187361355426,0.00145292860331396,0.000725680129296739,242,85,24,157,142,712,7682216,712,2474,0,23646,280,256,23366,0,23622,29.55,,
"regional-compression-exact-study-2026-08-13","production",TRUE,12,"perturbed",83,0.1,0.05,"exact","precomputed_exact_table","exact",202810300,202810331,,25000,"certified","bounds-met",TRUE,46,46,37,37,37,0,37,0,TRUE,0.922038339464366,0.0779616605356342,0.0779616605356333,TRUE,TRUE,TRUE,0.0779616605356342,0.0811684733569378,0.0204369308181894,15,15,24,0,0,,,,,0,70,50,46,0,0,46,0.700000000000003,,
"regional-compression-exact-study-2026-08-13","production",TRUE,12,"perturbed",83,0.1,0.05,"stochastic","precomputed_exact_table","iid",202810300,202810332,100,25000,"budget_exhausted","budget-exhausted",TRUE,256,256,37,9,173,164,173,136,FALSE,0.996345568991435,0.00365443100856488,0.0956060810496429,TRUE,TRUE,TRUE,0.00365443100856488,0.0036611247544274,0.00143188253702356,242,85,24,157,142,712,7682216,712,2474,0,23646,279,256,23366,0,23622,26.92,,
"regional-compression-exact-study-2026-08-13","production",TRUE,12,"perturbed",83,0.2,0.05,"exact","precomputed_exact_table","exact",202810300,202810341,,25000,"certified","bounds-met",TRUE,37,37,18,18,18,0,18,0,TRUE,0.844470201228646,0.155529798771354,0.155529798771353,TRUE,TRUE,TRUE,0.155529798771354,0.169045829054119,0.0387764146151594,12,12,24,0,0,,,,,0,61,44,37,0,0,37,0.480000000000004,,
"regional-compression-exact-study-2026-08-13","production",TRUE,12,"perturbed",83,0.2,0.05,"stochastic","precomputed_exact_table","iid",202810300,202810342,100,25000,"budget_exhausted","budget-exhausted",TRUE,256,256,18,9,143,134,143,125,FALSE,0.993241215517041,0.00675878448295886,0.189922026214253,TRUE,TRUE,TRUE,0.00675878448295886,0.00678172850772056,0.00227458229540546,242,85,24,157,142,712,7682216,712,2474,0,23646,278,256,23366,0,23622,28.86,,
"regional-compression-exact-study-2026-08-13","production",TRUE,12,"perturbed",84,0.01,0.05,"exact","precomputed_exact_table","exact",202810400,202810411,,25000,"certified","bounds-met",TRUE,55,55,83,83,83,0,83,0,TRUE,0.990320633286729,0.00967936671327108,0.00967936671327433,TRUE,TRUE,TRUE,0.00967936671327108,0.00972651628192171,0.00322030839179127,18,18,24,0,0,,,,,0,79,56,55,0,0,55,1.89,,
"regional-compression-exact-study-2026-08-13","production",TRUE,12,"perturbed",84,0.01,0.05,"stochastic","precomputed_exact_table","iid",202810400,202810412,100,25000,"budget_exhausted","budget-exhausted",TRUE,328,328,83,56,104,48,104,21,FALSE,0.993229340662687,0.00677065933731258,0.00980064009357719,TRUE,TRUE,TRUE,0.00677065933731258,0.00679368423927362,0.00248957751664408,274,109,24,165,0,1,568,100,568,0,24951,1273,328,24599,0,24927,42.11,,
"regional-compression-exact-study-2026-08-13","production",TRUE,12,"perturbed",84,0.05,0.05,"exact","precomputed_exact_table","exact",202810400,202810421,,25000,"certified","bounds-met",TRUE,46,46,46,46,46,0,46,0,TRUE,0.961442472359581,0.0385575276404192,0.0385575276404225,TRUE,TRUE,TRUE,0.0385575276404192,0.0393205468825382,0.015570246206424,15,15,24,0,0,,,,,0,70,50,46,0,0,46,0.850000000000001,,
"regional-compression-exact-study-2026-08-13","production",TRUE,12,"perturbed",84,0.05,0.05,"stochastic","precomputed_exact_table","iid",202810400,202810422,100,25000,"budget_exhausted","budget-exhausted",TRUE,328,328,46,36,56,20,56,10,FALSE,0.986570743247827,0.0134292567521727,0.0186690638661448,TRUE,TRUE,TRUE,0.0134292567521727,0.0135202447395363,0.00501417428153517,274,109,24,165,0,1,568,100,568,0,24951,1240,328,24599,0,24927,44.39,,
"regional-compression-exact-study-2026-08-13","production",TRUE,12,"perturbed",84,0.1,0.05,"exact","precomputed_exact_table","exact",202810400,202810431,,25000,"certified","bounds-met",TRUE,37,37,27,27,27,0,27,0,TRUE,0.902055169221134,0.0979448307788656,0.0979448307788691,TRUE,TRUE,TRUE,0.0979448307788656,0.103079597573571,0.0267025908746171,12,12,24,0,0,,,,,0,61,44,37,0,0,37,0.470000000000013,,
"regional-compression-exact-study-2026-08-13","production",TRUE,12,"perturbed",84,0.1,0.05,"stochastic","precomputed_exact_table","iid",202810400,202810432,100,25000,"budget_exhausted","budget-exhausted",TRUE,328,328,27,18,36,18,36,9,FALSE,0.929137796387489,0.0708622036125111,0.0997915660367246,TRUE,TRUE,TRUE,0.0708622036125111,0.0734982235170691,0.0201798668541901,274,109,24,165,0,1,568,100,568,0,24951,1263,328,24599,0,24927,44.59,,
"regional-compression-exact-study-2026-08-13","production",TRUE,12,"perturbed",84,0.2,0.05,"exact","precomputed_exact_table","exact",202810400,202810441,,25000,"certified","bounds-met",TRUE,16,16,9,9,9,0,9,0,TRUE,0.831765971909893,0.168234028090107,0.168234028090109,TRUE,TRUE,TRUE,0.168234028090107,0.184204161490773,0.043526375193402,5,5,24,0,0,,,,,0,40,30,16,0,0,16,0.25,,
"regional-compression-exact-study-2026-08-13","production",TRUE,12,"perturbed",84,0.2,0.05,"stochastic","precomputed_exact_table","iid",202810400,202810442,100,25000,"budget_exhausted","budget-exhausted",TRUE,328,328,9,9,18,9,18,9,FALSE,0.871904028256757,0.128095971743243,0.178554838227969,TRUE,TRUE,TRUE,0.128095971743243,0.137075920468712,0.0315274309833322,274,109,24,165,0,1,568,100,568,0,24951,1259,328,24599,0,24927,46.87,,
"regional-compression-exact-study-2026-08-13","production",TRUE,12,"perturbed",85,0.01,0.05,"exact","precomputed_exact_table","exact",202810500,202810511,,25000,"certified","bounds-met",TRUE,52,52,74,74,74,0,74,0,TRUE,0.990112577011168,0.00988742298883238,0.00988742298883299,TRUE,TRUE,TRUE,0.00988742298883238,0.00993662816577104,0.00307531724952548,17,17,24,0,0,,,,,0,76,54,52,0,0,52,1.27,,
"regional-compression-exact-study-2026-08-13","production",TRUE,12,"perturbed",85,0.01,0.05,"stochastic","precomputed_exact_table","iid",202810500,202810512,100,25000,"budget_exhausted","budget-exhausted",TRUE,226,226,74,9,174,165,174,100,FALSE,0.999435072715908,0.000564927284092298,0.00647857408778843,TRUE,TRUE,TRUE,0.000564927284092298,0.000565086915633427,0.000259929984188764,162,75,24,87,52,31,218007,100,2463,0,24056,493,226,23806,0,24032,14.42,,
"regional-compression-exact-study-2026-08-13","production",TRUE,12,"perturbed",85,0.05,0.05,"exact","precomputed_exact_table","exact",202810500,202810521,,25000,"certified","bounds-met",TRUE,46,46,46,46,46,0,46,0,TRUE,0.9619309614285,0.0380690385715003,0.0380690385715006,TRUE,TRUE,TRUE,0.0380690385715003,0.0388125965585495,0.0155430836869575,15,15,24,0,0,,,,,0,70,50,46,0,0,46,0.84,,
"regional-compression-exact-study-2026-08-13","production",TRUE,12,"perturbed",85,0.05,0.05,"stochastic","precomputed_exact_table","iid",202810500,202810522,100,25000,"budget_exhausted","budget-exhausted",TRUE,226,226,46,9,127,118,127,81,FALSE,0.993567899580749,0.00643210041925091,0.0495809980919617,TRUE,TRUE,TRUE,0.00643210041925091,0.0064528755100475,0.00278336287858177,162,75,24,87,52,31,218007,100,2463,0,24056,495,226,23806,0,24032,17.08,,
"regional-compression-exact-study-2026-08-13","production",TRUE,12,"perturbed",85,0.1,0.05,"exact","precomputed_exact_table","exact",202810500,202810531,,25000,"certified","bounds-met",TRUE,34,34,27,27,27,0,27,0,TRUE,0.902930241821495,0.0970697581785055,0.0970697581785059,TRUE,TRUE,TRUE,0.0970697581785055,0.102109980131164,0.0351656708354143,11,11,24,0,0,,,,,0,58,42,34,0,0,34,0.479999999999997,,
"regional-compression-exact-study-2026-08-13","production",TRUE,12,"perturbed",85,0.1,0.05,"stochastic","precomputed_exact_table","iid",202810500,202810532,100,25000,"budget_exhausted","budget-exhausted",TRUE,226,226,27,9,87,78,87,60,FALSE,0.990448205819147,0.00955179418085284,0.0999351387812768,TRUE,TRUE,TRUE,0.00955179418085284,0.00959770515557926,0.00430571633610081,162,75,24,87,52,31,218007,100,2463,0,24056,482,226,23806,0,24032,13.43,,
"regional-compression-exact-study-2026-08-13","production",TRUE,12,"perturbed",85,0.2,0.05,"exact","precomputed_exact_table","exact",202810500,202810541,,25000,"certified","bounds-met",TRUE,16,16,9,9,9,0,9,0,TRUE,0.837429312343365,0.162570687656635,0.162570687656635,TRUE,TRUE,TRUE,0.162570687656635,0.177418422017165,0.0352000124092684,5,5,24,0,0,,,,,0,40,30,16,0,0,16,0.270000000000003,,
"regional-compression-exact-study-2026-08-13","production",TRUE,12,"perturbed",85,0.2,0.05,"stochastic","precomputed_exact_table","iid",202810500,202810542,100,25000,"budget_exhausted","budget-exhausted",TRUE,226,226,9,9,56,47,56,47,FALSE,0.987576434404387,0.0124235655956133,0.156078703348307,TRUE,TRUE,TRUE,0.0124235655956133,0.012501383273742,0.00422372071646923,162,75,24,87,52,31,218007,100,2463,0,24056,490,226,23806,0,24032,15.83,,
"regional-compression-exact-study-2026-08-13","production",TRUE,12,"perturbed",86,0.01,0.05,"exact","precomputed_exact_table","exact",202810600,202810611,,25000,"certified","bounds-met",TRUE,88,88,156,156,156,0,156,0,TRUE,0.990780934445952,0.00921906555404806,0.00921906555404596,TRUE,TRUE,TRUE,0.00921906555404806,0.00926182413791125,0.00395040122321449,29,29,24,0,0,,,,,0,112,78,88,0,0,88,2.09,,
"regional-compression-exact-study-2026-08-13","production",TRUE,12,"perturbed",86,0.01,0.05,"stochastic","precomputed_exact_table","iid",202810600,202810612,100,25000,"budget_exhausted","budget-exhausted",TRUE,241,241,156,137,174,37,174,18,FALSE,0.993222901329751,0.00677709867024923,0.00987464920501345,TRUE,TRUE,TRUE,0.00677709867024923,0.00680016748895921,0.0030197728019372,168,80,24,88,0,1,2064,100,2064,0,24981,915,241,24716,0,24957,18.33,,
"regional-compression-exact-study-2026-08-13","production",TRUE,12,"perturbed",86,0.05,0.05,"exact","precomputed_exact_table","exact",202810600,202810621,,25000,"certified","bounds-met",TRUE,49,49,67,67,67,0,67,0,TRUE,0.95088745826427,0.0491125417357302,0.0491125417357283,TRUE,TRUE,TRUE,0.0491125417357302,0.0503595638556464,0.0165912087289859,16,16,24,0,0,,,,,0,73,52,49,0,0,49,1.21,,
"regional-compression-exact-study-2026-08-13","production",TRUE,12,"perturbed",86,0.05,0.05,"stochastic","precomputed_exact_table","iid",202810600,202810622,100,25000,"budget_exhausted","budget-exhausted",TRUE,241,241,67,56,96,40,96,29,FALSE,0.965955191387295,0.0340448086127048,0.0493477728358782,TRUE,TRUE,TRUE,0.0340448086127048,0.0346378315729078,0.013118822328362,168,80,24,88,0,1,2064,100,2064,0,24981,901,241,24716,0,24957,18.94,,
"regional-compression-exact-study-2026-08-13","production",TRUE,12,"perturbed",86,0.1,0.05,"exact","precomputed_exact_table","exact",202810600,202810631,,25000,"certified","bounds-met",TRUE,46,46,47,47,47,0,47,0,TRUE,0.909556674293149,0.0904433257068513,0.0904433257068498,TRUE,TRUE,TRUE,0.0904433257068513,0.0947979692840699,0.0324286550921481,15,15,24,0,0,,,,,0,70,50,46,0,0,46,0.670000000000002,,
"regional-compression-exact-study-2026-08-13","production",TRUE,12,"perturbed",86,0.1,0.05,"stochastic","precomputed_exact_table","iid",202810600,202810632,100,25000,"budget_exhausted","budget-exhausted",TRUE,241,241,47,38,56,18,56,9,FALSE,0.931404369262162,0.0685956307378383,0.0983925000937192,TRUE,TRUE,TRUE,0.0685956307378383,0.0710617573753316,0.0224198247917653,168,80,24,88,0,1,2064,100,2064,0,24981,921,241,24716,0,24957,19.52,,
"regional-compression-exact-study-2026-08-13","production",TRUE,12,"perturbed",86,0.2,0.05,"exact","precomputed_exact_table","exact",202810600,202810641,,25000,"certified","bounds-met",TRUE,28,28,29,29,29,0,29,0,TRUE,0.840041667534284,0.159958332465716,0.159958332465716,TRUE,TRUE,TRUE,0.159958332465716,0.174303784167545,0.0514047535766573,9,9,24,0,0,,,,,0,52,38,28,0,0,28,0.5,,
"regional-compression-exact-study-2026-08-13","production",TRUE,12,"perturbed",86,0.2,0.05,"stochastic","precomputed_exact_table","iid",202810600,202810642,100,25000,"budget_exhausted","budget-exhausted",TRUE,241,241,29,19,38,19,38,9,FALSE,0.875597307649199,0.124402692350801,0.174595383427271,TRUE,TRUE,TRUE,0.124402692350801,0.132848988202023,0.0513742406795491,168,80,24,88,0,1,2064,100,2064,0,24981,903,241,24716,0,24957,19.81,,
"regional-compression-exact-study-2026-08-13","production",TRUE,12,"perturbed",87,0.01,0.05,"exact","precomputed_exact_table","exact",202810700,202810711,,25000,"certified","bounds-met",TRUE,76,76,103,103,103,0,103,0,TRUE,0.991109816656959,0.00889018334304092,0.00889018334304134,TRUE,TRUE,TRUE,0.00889018334304092,0.00892993680876059,0.00329793989277595,25,25,24,0,0,,,,,0,100,70,76,0,0,76,1.69,,
"regional-compression-exact-study-2026-08-13","production",TRUE,12,"perturbed",87,0.01,0.05,"stochastic","precomputed_exact_table","iid",202810700,202810712,100,25000,"budget_exhausted","budget-exhausted",TRUE,175,175,103,65,122,57,122,19,FALSE,0.99294653706633,0.00705346293367048,0.00993643973035321,TRUE,TRUE,TRUE,0.00705346293367048,0.00707845619873617,0.00253912266538965,114,58,24,56,43,1292,225067,1292,2477,0,24388,228,175,24189,0,24364,7.48,,
"regional-compression-exact-study-2026-08-13","production",TRUE,12,"perturbed",87,0.05,0.05,"exact","precomputed_exact_table","exact",202810700,202810721,,25000,"certified","bounds-met",TRUE,40,40,46,46,46,0,46,0,TRUE,0.954152789917988,0.0458472100820121,0.0458472100820124,TRUE,TRUE,TRUE,0.0458472100820121,0.0469314632108993,0.0161546309584125,13,13,24,0,0,,,,,0,64,46,40,0,0,40,0.489999999999998,,
"regional-compression-exact-study-2026-08-13","production",TRUE,12,"perturbed",87,0.05,0.05,"stochastic","precomputed_exact_table","iid",202810700,202810722,100,25000,"budget_exhausted","budget-exhausted",TRUE,175,175,46,36,56,20,56,10,FALSE,0.979305903841792,0.0206940961582076,0.0298332999207009,TRUE,TRUE,TRUE,0.0206940961582076,0.0209112196390333,0.00984121483278343,114,58,24,56,43,1292,225067,1292,2477,0,24388,230,175,24189,0,24364,8.74,,
"regional-compression-exact-study-2026-08-13","production",TRUE,12,"perturbed",87,0.1,0.05,"exact","precomputed_exact_table","exact",202810700,202810731,,25000,"certified","bounds-met",TRUE,40,40,36,36,36,0,36,0,TRUE,0.91515674238509,0.0848432576149099,0.0848432576149101,TRUE,TRUE,TRUE,0.0848432576149099,0.0886599252242215,0.0251139056518842,13,13,24,0,0,,,,,0,64,46,40,0,0,40,0.710000000000001,,
"regional-compression-exact-study-2026-08-13","production",TRUE,12,"perturbed",87,0.1,0.05,"stochastic","precomputed_exact_table","iid",202810700,202810732,100,25000,"budget_exhausted","budget-exhausted",TRUE,175,175,36,18,46,28,46,10,FALSE,0.954152789917988,0.0458472100820121,0.0646276664756176,TRUE,TRUE,TRUE,0.0458472100820121,0.0469314632108993,0.0161546309584125,114,58,24,56,43,1292,225067,1292,2477,0,24388,231,175,24189,0,24364,8.94,,
"regional-compression-exact-study-2026-08-13","production",TRUE,12,"perturbed",87,0.2,0.05,"exact","precomputed_exact_table","exact",202810700,202810741,,25000,"certified","bounds-met",TRUE,37,37,18,18,18,0,18,0,TRUE,0.851661884124267,0.148338115875733,0.148338115875732,TRUE,TRUE,TRUE,0.148338115875733,0.160565680537876,0.0383645697913915,12,12,24,0,0,,,,,0,61,44,37,0,0,37,0.700000000000003,,
"regional-compression-exact-study-2026-08-13","production",TRUE,12,"perturbed",87,0.2,0.05,"stochastic","precomputed_exact_table","iid",202810700,202810742,100,25000,"budget_exhausted","budget-exhausted",TRUE,175,175,18,9,18,9,18,0,TRUE,0.851661884124267,0.148338115875733,0.197066068900761,TRUE,TRUE,TRUE,0.148338115875733,0.160565680537876,0.0383645697913915,114,58,24,56,43,1292,225067,1292,2477,0,24388,227,175,24189,0,24364,7.48,,
"regional-compression-exact-study-2026-08-13","production",TRUE,12,"perturbed",88,0.01,0.05,"exact","precomputed_exact_table","exact",202810800,202810811,,25000,"certified","bounds-met",TRUE,73,73,103,103,103,0,103,0,TRUE,0.990443247929227,0.00955675207077344,0.00955675207077029,TRUE,TRUE,TRUE,0.00955675207077344,0.00960271087147675,0.0037028014332877,24,24,24,0,0,,,,,0,97,68,73,0,0,73,1.97,,
"regional-compression-exact-study-2026-08-13","production",TRUE,12,"perturbed",88,0.01,0.05,"stochastic","precomputed_exact_table","iid",202810800,202810812,100,25000,"budget_exhausted","budget-exhausted",TRUE,193,193,103,46,145,99,145,42,FALSE,0.994931292290869,0.00506870770913059,0.0097805263998731,TRUE,TRUE,TRUE,0.00506870770913059,0.00508159718181125,0.00246377112920786,168,64,24,104,39,1,135747,100,2123,0,24985,557,193,24768,0,24961,14.55,,
"regional-compression-exact-study-2026-08-13","production",TRUE,12,"perturbed",88,0.05,0.05,"exact","precomputed_exact_table","exact",202810800,202810821,,25000,"certified","bounds-met",TRUE,40,40,46,46,46,0,46,0,TRUE,0.958100374603575,0.0418996253964254,0.0418996253964223,TRUE,TRUE,TRUE,0.0418996253964254,0.0428027313395028,0.0173129162637349,13,13,24,0,0,,,,,0,64,46,40,0,0,40,0.609999999999999,,
"regional-compression-exact-study-2026-08-13","production",TRUE,12,"perturbed",88,0.05,0.05,"stochastic","precomputed_exact_table","iid",202810800,202810822,100,25000,"budget_exhausted","budget-exhausted",TRUE,193,193,46,18,74,56,74,28,FALSE,0.985634480915575,0.014365519084425,0.0496721986776855,TRUE,TRUE,TRUE,0.014365519084425,0.0144697021196462,0.00497059350341279,168,64,24,104,39,1,135747,100,2123,0,24985,560,193,24768,0,24961,13.53,,
"regional-compression-exact-study-2026-08-13","production",TRUE,12,"perturbed",88,0.1,0.05,"exact","precomputed_exact_table","exact",202810800,202810831,,25000,"certified","bounds-met",TRUE,40,40,36,36,36,0,36,0,TRUE,0.91788161842815,0.0821183815718504,0.0821183815718471,TRUE,TRUE,TRUE,0.0821183815718504,0.0856868526378027,0.0263877371417659,13,13,24,0,0,,,,,0,64,46,40,0,0,40,0.560000000000002,,
"regional-compression-exact-study-2026-08-13","production",TRUE,12,"perturbed",88,0.1,0.05,"stochastic","precomputed_exact_table","iid",202810800,202810832,100,25000,"budget_exhausted","budget-exhausted",TRUE,193,193,36,9,56,47,56,20,FALSE,0.983460198820761,0.0165398011792389,0.0605932477360669,TRUE,TRUE,TRUE,0.0165398011792389,0.0166781108882708,0.00488813707010348,168,64,24,104,39,1,135747,100,2123,0,24985,569,193,24768,0,24961,13.63,,
"regional-compression-exact-study-2026-08-13","production",TRUE,12,"perturbed",88,0.2,0.05,"exact","precomputed_exact_table","exact",202810800,202810841,,25000,"certified","bounds-met",TRUE,16,16,9,9,9,0,9,0,TRUE,0.820708143333567,0.179291856666433,0.17929185666643,TRUE,TRUE,TRUE,0.179291856666433,0.197587721971466,0.0372367246832432,5,5,24,0,0,,,,,0,40,30,16,0,0,16,0.240000000000002,,
"regional-compression-exact-study-2026-08-13","production",TRUE,12,"perturbed",88,0.2,0.05,"stochastic","precomputed_exact_table","iid",202810800,202810842,100,25000,"budget_exhausted","budget-exhausted",TRUE,193,193,9,9,37,28,37,28,FALSE,0.926028732794679,0.0739712672053212,0.182394292353741,TRUE,TRUE,TRUE,0.0739712672053212,0.0768500158814069,0.0353646508115902,168,64,24,104,39,1,135747,100,2123,0,24985,540,193,24768,0,24961,14.14,,
"regional-compression-exact-study-2026-08-13","production",TRUE,12,"perturbed",89,0.01,0.05,"exact","precomputed_exact_table","exact",202810900,202810911,,25000,"certified","bounds-met",TRUE,55,55,74,74,74,0,74,0,TRUE,0.990420634817284,0.00957936518271563,0.00957936518271894,TRUE,TRUE,TRUE,0.00957936518271563,0.0096255424371791,0.00297213003854049,18,18,24,0,0,,,,,0,79,56,55,0,0,55,1.72,,
"regional-compression-exact-study-2026-08-13","production",TRUE,12,"perturbed",89,0.01,0.05,"stochastic","precomputed_exact_table","iid",202810900,202810912,100,25000,"budget_exhausted","budget-exhausted",TRUE,121,121,74,56,103,47,103,29,FALSE,0.993791545943391,0.00620845405660908,0.00946167108357169,TRUE,TRUE,TRUE,0.00620845405660908,0.00622780664886127,0.00249169521501825,69,40,24,29,0,5,1963,100,1963,0,24667,519,121,24522,0,24643,4.12,,
"regional-compression-exact-study-2026-08-13","production",TRUE,12,"perturbed",89,0.05,0.05,"exact","precomputed_exact_table","exact",202810900,202810921,,25000,"certified","bounds-met",TRUE,46,46,46,46,46,0,46,0,TRUE,0.963024892874346,0.0369751071256541,0.0369751071256573,TRUE,TRUE,TRUE,0.0369751071256541,0.0376760182197127,0.0149689348112682,15,15,24,0,0,,,,,0,70,50,46,0,0,46,0.609999999999999,,
"regional-compression-exact-study-2026-08-13","production",TRUE,12,"perturbed",89,0.05,0.05,"stochastic","precomputed_exact_table","iid",202810900,202810922,100,25000,"budget_exhausted","budget-exhausted",TRUE,121,121,46,36,56,20,56,10,FALSE,0.987676849799579,0.012323150200421,0.0183037168541142,TRUE,TRUE,TRUE,0.012323150200421,0.0123997098366371,0.00429052093946912,69,40,24,29,0,5,1963,100,1963,0,24667,512,121,24522,0,24643,3.8,,
"regional-compression-exact-study-2026-08-13","production",TRUE,12,"perturbed",89,0.1,0.05,"exact","precomputed_exact_table","exact",202810900,202810931,,25000,"certified","bounds-met",TRUE,37,37,27,27,27,0,27,0,TRUE,0.90883023026857,0.0911697697314302,0.0911697697314328,TRUE,TRUE,TRUE,0.0911697697314302,0.0955969676285952,0.0254739237629446,12,12,24,0,0,,,,,0,61,44,37,0,0,37,0.650000000000002,,
"regional-compression-exact-study-2026-08-13","production",TRUE,12,"perturbed",89,0.1,0.05,"stochastic","precomputed_exact_table","iid",202810900,202810932,100,25000,"budget_exhausted","budget-exhausted",TRUE,121,121,27,18,36,18,36,9,FALSE,0.937105294914296,0.0628947050857043,0.0928275101167142,TRUE,TRUE,TRUE,0.0628947050857043,0.0649596285489371,0.0159970556037353,69,40,24,29,0,5,1963,100,1963,0,24667,503,121,24522,0,24643,3.22,,
"regional-compression-exact-study-2026-08-13","production",TRUE,12,"perturbed",89,0.2,0.05,"exact","precomputed_exact_table","exact",202810900,202810941,,25000,"certified","bounds-met",TRUE,16,16,9,9,9,0,9,0,TRUE,0.837612006916605,0.162387993083395,0.162387993083397,TRUE,TRUE,TRUE,0.162387993083395,0.177200284623342,0.0366804347460072,5,5,24,0,0,,,,,0,40,30,16,0,0,16,0.23,,
"regional-compression-exact-study-2026-08-13","production",TRUE,12,"perturbed",89,0.2,0.05,"stochastic","precomputed_exact_table","iid",202810900,202810942,100,25000,"budget_exhausted","budget-exhausted",TRUE,121,121,9,9,18,9,18,9,FALSE,0.874216614986969,0.125783385013031,0.173740896901575,TRUE,TRUE,TRUE,0.125783385013031,0.134427090800144,0.0368193648589187,69,40,24,29,0,5,1963,100,1963,0,24667,492,121,24522,0,24643,3.3,,
"regional-compression-exact-study-2026-08-13","production",TRUE,12,"perturbed",90,0.01,0.05,"exact","precomputed_exact_table","exact",202811000,202811011,,25000,"certified","bounds-met",TRUE,82,82,102,102,102,0,102,0,TRUE,0.990444312546558,0.0095556874534416,0.0095556874534446,TRUE,TRUE,TRUE,0.0095556874534416,0.0096016359822674,0.00310964095257181,27,27,24,0,0,,,,,0,106,74,82,0,0,82,2.11,,
"regional-compression-exact-study-2026-08-13","production",TRUE,12,"perturbed",90,0.01,0.05,"stochastic","precomputed_exact_table","iid",202811000,202811012,100,25000,"budget_exhausted","budget-exhausted",TRUE,151,151,102,56,143,87,143,41,FALSE,0.995397036763949,0.00460296323605125,0.00968087925603213,TRUE,TRUE,TRUE,0.00460296323605125,0.00461358949204323,0.00205577114612412,108,50,24,58,6,1,5925,100,2293,0,23393,566,151,23218,0,23369,7.36,,
"regional-compression-exact-study-2026-08-13","production",TRUE,12,"perturbed",90,0.05,0.05,"exact","precomputed_exact_table","exact",202811000,202811021,,25000,"certified","bounds-met",TRUE,43,43,46,46,46,0,46,0,TRUE,0.956560295813878,0.0434397041861215,0.0434397041861244,TRUE,TRUE,TRUE,0.0434397041861215,0.0444114541232664,0.0162011540329907,14,14,24,0,0,,,,,0,67,48,43,0,0,43,0.529999999999998,,
"regional-compression-exact-study-2026-08-13","production",TRUE,12,"perturbed",90,0.05,0.05,"stochastic","precomputed_exact_table","iid",202811000,202811022,100,25000,"budget_exhausted","budget-exhausted",TRUE,151,151,46,18,56,38,56,10,FALSE,0.982561007505138,0.0174389924948624,0.0363813775496848,TRUE,TRUE,TRUE,0.0174389924948624,0.017592843013671,0.00542294603145393,108,50,24,58,6,1,5925,100,2293,0,23393,567,151,23218,0,23369,7.96,,
"regional-compression-exact-study-2026-08-13","production",TRUE,12,"perturbed",90,0.1,0.05,"exact","precomputed_exact_table","exact",202811000,202811031,,25000,"certified","bounds-met",TRUE,43,43,36,36,36,0,36,0,TRUE,0.920278569608712,0.079721430391288,0.0797214303912907,TRUE,TRUE,TRUE,0.079721430391288,0.083078861718668,0.0267262639733759,14,14,24,0,0,,,,,0,67,48,43,0,0,43,0.84,,
"regional-compression-exact-study-2026-08-13","production",TRUE,12,"perturbed",90,0.1,0.05,"stochastic","precomputed_exact_table","iid",202811000,202811032,100,25000,"budget_exhausted","budget-exhausted",TRUE,151,151,36,9,47,38,47,11,FALSE,0.958630182570795,0.0413698174292051,0.0838562057068117,TRUE,TRUE,TRUE,0.0413698174292051,0.0422499066571494,0.0202238055866393,108,50,24,58,6,1,5925,100,2293,0,23393,574,151,23218,0,23369,6.31,,
"regional-compression-exact-study-2026-08-13","production",TRUE,12,"perturbed",90,0.2,0.05,"exact","precomputed_exact_table","exact",202811000,202811041,,25000,"certified","bounds-met",TRUE,16,16,9,9,9,0,9,0,TRUE,0.822675895728814,0.177324104271186,0.177324104271188,TRUE,TRUE,TRUE,0.177324104271186,0.195192964216889,0.0438247508724781,5,5,24,0,0,,,,,0,40,30,16,0,0,16,0.18,,
"regional-compression-exact-study-2026-08-13","production",TRUE,12,"perturbed",90,0.2,0.05,"stochastic","precomputed_exact_table","iid",202811000,202811042,100,25000,"budget_exhausted","budget-exhausted",TRUE,151,151,9,9,37,28,37,28,FALSE,0.932629470879536,0.0673705291204643,0.166867516814002,TRUE,TRUE,TRUE,0.0673705291204643,0.0697472943356731,0.0201179876151343,108,50,24,58,6,1,5925,100,2293,0,23393,551,151,23218,0,23369,5.34,,
"regional-compression-exact-study-2026-08-13","production",TRUE,12,"perturbed",91,0.01,0.05,"exact","precomputed_exact_table","exact",202811100,202811111,,25000,"certified","bounds-met",TRUE,82,82,125,125,125,0,125,0,TRUE,0.990287761931715,0.00971223806828492,0.00971223806828637,TRUE,TRUE,TRUE,0.00971223806828492,0.00975970947154589,0.00282445783267905,27,27,24,0,0,,,,,0,106,73,82,0,0,82,2.08,,
"regional-compression-exact-study-2026-08-13","production",TRUE,12,"perturbed",91,0.01,0.05,"stochastic","precomputed_exact_table","iid",202811100,202811112,100,25000,"budget_exhausted","budget-exhausted",TRUE,103,103,125,98,173,75,173,48,FALSE,0.99404783722793,0.00595216277207,0.00951236392683721,TRUE,TRUE,TRUE,0.00595216277207,0.00596994749974803,0.00228522607470602,67,34,24,33,2,24,2692,100,2426,0,24941,440,103,24814,0,24917,3.52,,
"regional-compression-exact-study-2026-08-13","production",TRUE,12,"perturbed",91,0.05,0.05,"exact","precomputed_exact_table","exact",202811100,202811121,,25000,"certified","bounds-met",TRUE,46,46,63,63,63,0,63,0,TRUE,0.952156122887865,0.0478438771121347,0.0478438771121362,TRUE,TRUE,TRUE,0.0478438771121347,0.0490262630063105,0.00978282064943629,15,15,24,0,0,,,,,0,70,50,46,0,0,46,0.6,,
"regional-compression-exact-study-2026-08-13","production",TRUE,12,"perturbed",91,0.05,0.05,"stochastic","precomputed_exact_table","iid",202811100,202811122,100,25000,"budget_exhausted","budget-exhausted",TRUE,103,103,63,53,72,19,72,9,FALSE,0.969406797459954,0.0305932025400459,0.0463468715079686,TRUE,TRUE,TRUE,0.0305932025400459,0.0310709435674344,0.00878346579844586,67,34,24,33,2,24,2692,100,2426,0,24941,424,103,24814,0,24917,3.02,,
"regional-compression-exact-study-2026-08-13","production",TRUE,12,"perturbed",91,0.1,0.05,"exact","precomputed_exact_table","exact",202811100,202811131,,25000,"certified","bounds-met",TRUE,40,40,43,43,43,0,43,0,TRUE,0.904592644231727,0.0954073557682731,0.0954073557682746,TRUE,TRUE,TRUE,0.0954073557682731,0.100270553486239,0.0223346463441734,13,13,24,0,0,,,,,0,64,46,40,0,0,40,0.52,,
"regional-compression-exact-study-2026-08-13","production",TRUE,12,"perturbed",91,0.1,0.05,"stochastic","precomputed_exact_table","iid",202811100,202811132,100,25000,"budget_exhausted","budget-exhausted",TRUE,103,103,43,26,54,28,54,11,FALSE,0.935328132849123,0.0646718671508766,0.0947811582744941,TRUE,TRUE,TRUE,0.0646718671508766,0.0668578670363088,0.0223346463441734,67,34,24,33,2,24,2692,100,2426,0,24941,437,103,24814,0,24917,3.47,,
"regional-compression-exact-study-2026-08-13","production",TRUE,12,"perturbed",91,0.2,0.05,"exact","precomputed_exact_table","exact",202811100,202811141,,25000,"certified","bounds-met",TRUE,16,16,17,17,17,0,17,0,TRUE,0.843355808438364,0.156644191561636,0.156644191561638,TRUE,TRUE,TRUE,0.156644191561636,0.170366335961624,0.0386365489122658,5,5,24,0,0,,,,,0,40,30,16,0,0,16,0.309999999999999,,
"regional-compression-exact-study-2026-08-13","production",TRUE,12,"perturbed",91,0.2,0.05,"stochastic","precomputed_exact_table","iid",202811100,202811142,100,25000,"budget_exhausted","budget-exhausted",TRUE,103,103,17,17,27,10,27,10,FALSE,0.863383585064719,0.136616414935281,0.193433474533443,TRUE,TRUE,TRUE,0.136616414935281,0.146896208011933,0.0386443943351258,67,34,24,33,2,24,2692,100,2426,0,24941,436,103,24814,0,24917,3.15,,
"regional-compression-exact-study-2026-08-13","production",TRUE,12,"perturbed",92,0.01,0.05,"exact","precomputed_exact_table","exact",202811200,202811211,,25000,"certified","bounds-met",TRUE,64,64,84,84,84,0,84,0,TRUE,0.990159957295939,0.00984004270406136,0.00984004270405931,TRUE,TRUE,TRUE,0.00984004270406136,0.00988877587881636,0.00338496660468354,21,21,24,0,0,,,,,0,88,62,64,0,0,64,1.77,,
"regional-compression-exact-study-2026-08-13","production",TRUE,12,"perturbed",92,0.01,0.05,"stochastic","precomputed_exact_table","iid",202811200,202811212,100,25000,"budget_exhausted","budget-exhausted",TRUE,178,178,84,46,134,88,134,50,FALSE,0.995251831912654,0.00474816808734646,0.00947938046083704,TRUE,TRUE,TRUE,0.00474816808734646,0.00475947644763604,0.00242187145869809,120,59,24,61,17,25,9522,100,1500,0,24969,473,178,24767,0,24945,10.68,,
"regional-compression-exact-study-2026-08-13","production",TRUE,12,"perturbed",92,0.05,0.05,"exact","precomputed_exact_table","exact",202811200,202811221,,25000,"certified","bounds-met",TRUE,46,46,46,46,46,0,46,0,TRUE,0.958719351103808,0.0412806488961924,0.0412806488961905,TRUE,TRUE,TRUE,0.0412806488961924,0.0421568943696026,0.015131486982899,15,15,24,0,0,,,,,0,70,50,46,0,0,46,1.11,,
"regional-compression-exact-study-2026-08-13","production",TRUE,12,"perturbed",92,0.05,0.05,"stochastic","precomputed_exact_table","iid",202811200,202811222,100,25000,"budget_exhausted","budget-exhausted",TRUE,178,178,46,18,65,47,65,19,FALSE,0.985625438630861,0.0143745613691387,0.0484284864505482,TRUE,TRUE,TRUE,0.0143745613691387,0.0144788762367925,0.00616501349699657,120,59,24,61,17,25,9522,100,1500,0,24969,487,178,24767,0,24945,8.37,,
"regional-compression-exact-study-2026-08-13","production",TRUE,12,"perturbed",92,0.1,0.05,"exact","precomputed_exact_table","exact",202811200,202811231,,25000,"certified","bounds-met",TRUE,28,28,27,27,27,0,27,0,TRUE,0.908640507142265,0.091359492857735,0.0913594928577335,TRUE,TRUE,TRUE,0.091359492857735,0.0958057447198448,0.0231643851652499,9,9,24,0,0,,,,,0,52,38,28,0,0,28,0.5,,
"regional-compression-exact-study-2026-08-13","production",TRUE,12,"perturbed",92,0.1,0.05,"stochastic","precomputed_exact_table","iid",202811200,202811232,100,25000,"budget_exhausted","budget-exhausted",TRUE,178,178,27,9,47,38,47,20,FALSE,0.956433952679689,0.0435660473203109,0.0989635601850571,TRUE,TRUE,TRUE,0.0435660473203109,0.0445435435265383,0.0229303167856914,120,59,24,61,17,25,9522,100,1500,0,24969,477,178,24767,0,24945,8.25,,
"regional-compression-exact-study-2026-08-13","production",TRUE,12,"perturbed",92,0.2,0.05,"exact","precomputed_exact_table","exact",202811200,202811241,,25000,"certified","bounds-met",TRUE,49,49,18,18,18,0,18,0,TRUE,0.871141046097495,0.128858953902505,0.128858953902504,TRUE,TRUE,TRUE,0.128858953902505,0.137951379421804,0.042581503606154,16,16,24,0,0,,,,,0,73,52,49,0,0,49,0.969999999999999,,
"regional-compression-exact-study-2026-08-13","production",TRUE,12,"perturbed",92,0.2,0.05,"stochastic","precomputed_exact_table","iid",202811200,202811242,100,25000,"budget_exhausted","budget-exhausted",TRUE,178,178,18,9,37,28,37,19,FALSE,0.932283039423099,0.0677169605769015,0.191086914789415,TRUE,TRUE,TRUE,0.0677169605769015,0.0701188200330001,0.02299306933703,120,59,24,61,17,25,9522,100,1500,0,24969,473,178,24767,0,24945,8.23,,
"regional-compression-exact-study-2026-08-13","production",TRUE,12,"perturbed",93,0.01,0.05,"exact","precomputed_exact_table","exact",202811300,202811311,,25000,"certified","bounds-met",TRUE,79,79,105,105,105,0,105,0,TRUE,0.990178320299515,0.00982167970048453,0.00982167970048335,TRUE,TRUE,TRUE,0.00982167970048453,0.0098702305587717,0.00365177924939903,26,26,24,0,0,,,,,0,103,72,79,0,0,79,1.8,,
"regional-compression-exact-study-2026-08-13","production",TRUE,12,"perturbed",93,0.01,0.05,"stochastic","precomputed_exact_table","iid",202811300,202811312,100,25000,"budget_exhausted","budget-exhausted",TRUE,178,178,105,37,174,137,174,69,FALSE,0.998182820489335,0.00181717951066507,0.00952901290031277,TRUE,TRUE,TRUE,0.00181717951066507,0.00181883258427661,0.000629425343276174,129,59,24,70,34,1,23333,100,2295,0,24703,413,178,24501,0,24679,9.37,,
"regional-compression-exact-study-2026-08-13","production",TRUE,12,"perturbed",93,0.05,0.05,"exact","precomputed_exact_table","exact",202811300,202811321,,25000,"certified","bounds-met",TRUE,43,43,46,46,46,0,46,0,TRUE,0.952871466010261,0.0471285339897386,0.0471285339897373,TRUE,TRUE,TRUE,0.0471285339897386,0.0482752574458802,0.015833239690817,14,14,24,0,0,,,,,0,67,48,43,0,0,43,0.859999999999999,,
"regional-compression-exact-study-2026-08-13","production",TRUE,12,"perturbed",93,0.05,0.05,"stochastic","precomputed_exact_table","iid",202811300,202811322,100,25000,"budget_exhausted","budget-exhausted",TRUE,178,178,46,9,107,98,107,61,FALSE,0.99157856216788,0.00842143783212046,0.0458526637838509,TRUE,TRUE,TRUE,0.00842143783212046,0.00845709849018261,0.00396902512795841,129,59,24,70,34,1,23333,100,2295,0,24703,416,178,24501,0,24679,10.69,,
"regional-compression-exact-study-2026-08-13","production",TRUE,12,"perturbed",93,0.1,0.05,"exact","precomputed_exact_table","exact",202811300,202811331,,25000,"certified","bounds-met",TRUE,31,31,28,28,28,0,28,0,TRUE,0.901614488068161,0.0983855119318385,0.0983855119318373,TRUE,TRUE,TRUE,0.0983855119318385,0.103568247099787,0.0259405860726427,10,10,24,0,0,,,,,0,55,40,31,0,0,31,0.59,,
"regional-compression-exact-study-2026-08-13","production",TRUE,12,"perturbed",93,0.1,0.05,"stochastic","precomputed_exact_table","iid",202811300,202811332,100,25000,"budget_exhausted","budget-exhausted",TRUE,178,178,28,9,87,78,87,59,FALSE,0.986956453339486,0.0130435466605142,0.0893345645891627,TRUE,TRUE,TRUE,0.0130435466605142,0.0131293607453998,0.00377796195199225,129,59,24,70,34,1,23333,100,2295,0,24703,414,178,24501,0,24679,8.51,,
"regional-compression-exact-study-2026-08-13","production",TRUE,12,"perturbed",93,0.2,0.05,"exact","precomputed_exact_table","exact",202811300,202811341,,25000,"certified","bounds-met",TRUE,37,37,18,18,18,0,18,0,TRUE,0.809740297082048,0.190259702917952,0.190259702917951,TRUE,TRUE,TRUE,0.190259702917952,0.211041703611879,0.0560263247571602,12,12,24,0,0,,,,,0,61,44,37,0,0,37,0.600000000000001,,
"regional-compression-exact-study-2026-08-13","production",TRUE,12,"perturbed",93,0.2,0.05,"stochastic","precomputed_exact_table","iid",202811300,202811342,100,25000,"budget_exhausted","budget-exhausted",TRUE,178,178,18,9,56,47,56,38,FALSE,0.976330086438917,0.0236699135610834,0.171109453925941,TRUE,TRUE,TRUE,0.0236699135610834,0.0239545464283333,0.00827248989906703,129,59,24,70,34,1,23333,100,2295,0,24703,406,178,24501,0,24679,10.89,,
"regional-compression-exact-study-2026-08-13","production",TRUE,12,"perturbed",94,0.01,0.05,"exact","precomputed_exact_table","exact",202811400,202811411,,25000,"certified","bounds-met",TRUE,70,70,94,94,94,0,94,0,TRUE,0.990668407618784,0.00933159238121573,0.00933159238121496,TRUE,TRUE,TRUE,0.00933159238121573,0.009375404460052,0.00298021321371886,23,23,24,0,0,,,,,0,94,66,70,0,0,70,2.04,,
"regional-compression-exact-study-2026-08-13","production",TRUE,12,"perturbed",94,0.01,0.05,"stochastic","precomputed_exact_table","iid",202811400,202811412,100,25000,"budget_exhausted","budget-exhausted",TRUE,169,169,94,27,174,147,174,80,FALSE,0.999123358899528,0.000876641100471698,0.00844166327766414,TRUE,TRUE,TRUE,0.000876641100471698,0.000877025574995085,0.000394843925236431,128,56,24,72,51,190,289897,190,2450,0,24699,315,169,24506,0,24675,8.35,,
"regional-compression-exact-study-2026-08-13","production",TRUE,12,"perturbed",94,0.05,0.05,"exact","precomputed_exact_table","exact",202811400,202811421,,25000,"certified","bounds-met",TRUE,40,40,46,46,46,0,46,0,TRUE,0.95972248947213,0.0402775105278695,0.0402775105278687,TRUE,TRUE,TRUE,0.0402775105278695,0.0411111097765742,0.0150442514622521,13,13,24,0,0,,,,,0,64,46,40,0,0,40,0.800000000000001,,
"regional-compression-exact-study-2026-08-13","production",TRUE,12,"perturbed",94,0.05,0.05,"stochastic","precomputed_exact_table","iid",202811400,202811422,100,25000,"budget_exhausted","budget-exhausted",TRUE,169,169,46,9,117,108,117,71,FALSE,0.993039731455283,0.0069602685447171,0.048088522645007,TRUE,TRUE,TRUE,0.0069602685447171,0.00698460420136947,0.00317491043193516,128,56,24,72,51,190,289897,190,2450,0,24699,307,169,24506,0,24675,9.61,,
"regional-compression-exact-study-2026-08-13","production",TRUE,12,"perturbed",94,0.1,0.05,"exact","precomputed_exact_table","exact",202811400,202811431,,25000,"certified","bounds-met",TRUE,31,31,28,28,28,0,28,0,TRUE,0.900744837902114,0.0992551620978855,0.0992551620978846,TRUE,TRUE,TRUE,0.0992551620978855,0.104533260258933,0.0317160771635722,10,10,24,0,0,,,,,0,55,40,31,0,0,31,0.579999999999998,,
"regional-compression-exact-study-2026-08-13","production",TRUE,12,"perturbed",94,0.1,0.05,"stochastic","precomputed_exact_table","iid",202811400,202811432,100,25000,"budget_exhausted","budget-exhausted",TRUE,169,169,28,9,87,78,87,59,FALSE,0.988795371187026,0.011204628812974,0.0955433886920266,TRUE,TRUE,TRUE,0.011204628812974,0.0112678735325622,0.00477715665990303,128,56,24,72,51,190,289897,190,2450,0,24699,318,169,24506,0,24675,9.71,,
"regional-compression-exact-study-2026-08-13","production",TRUE,12,"perturbed",94,0.2,0.05,"exact","precomputed_exact_table","exact",202811400,202811441,,25000,"certified","bounds-met",TRUE,16,16,9,9,9,0,9,0,TRUE,0.817878007837276,0.182121992162724,0.182121992162724,TRUE,TRUE,TRUE,0.182121992162724,0.201042088174327,0.0359801935646554,5,5,24,0,0,,,,,0,40,30,16,0,0,16,0.170000000000002,,
"regional-compression-exact-study-2026-08-13","production",TRUE,12,"perturbed",94,0.2,0.05,"stochastic","precomputed_exact_table","iid",202811400,202811442,100,25000,"budget_exhausted","budget-exhausted",TRUE,169,169,9,9,56,47,56,47,FALSE,0.98409985158966,0.0159001484103398,0.160499230139135,TRUE,TRUE,TRUE,0.0159001484103398,0.0160279118853986,0.00504326888584507,128,56,24,72,51,190,289897,190,2450,0,24699,311,169,24506,0,24675,10.39,,
"regional-compression-exact-study-2026-08-13","production",TRUE,12,"perturbed",95,0.01,0.05,"exact","precomputed_exact_table","exact",202811500,202811511,,25000,"certified","bounds-met",TRUE,58,58,83,83,83,0,83,0,TRUE,0.990403892115254,0.00959610788474585,0.00959610788474819,TRUE,TRUE,TRUE,0.00959610788474585,0.0096424472177924,0.00363471584017104,19,19,24,0,0,,,,,0,82,58,58,0,0,58,1.7,,
"regional-compression-exact-study-2026-08-13","production",TRUE,12,"perturbed",95,0.01,0.05,"stochastic","precomputed_exact_table","iid",202811500,202811512,100,25000,"budget_exhausted","budget-exhausted",TRUE,247,247,83,27,174,147,174,91,FALSE,0.999343276223663,0.000656723776336632,0.0057006095366527,TRUE,TRUE,TRUE,0.000656723776336632,0.000656939513854311,0.00028933545636298,165,82,24,83,56,106,58343,106,2452,0,23943,433,247,23672,0,23919,14.75,,
"regional-compression-exact-study-2026-08-13","production",TRUE,12,"perturbed",95,0.05,0.05,"exact","precomputed_exact_table","exact",202811500,202811521,,25000,"certified","bounds-met",TRUE,46,46,46,46,46,0,46,0,TRUE,0.962059202403509,0.0379407975964912,0.0379407975964937,TRUE,TRUE,TRUE,0.0379407975964912,0.0386792892500094,0.015439938443052,15,15,24,0,0,,,,,0,70,50,46,0,0,46,0.690000000000001,,
"regional-compression-exact-study-2026-08-13","production",TRUE,12,"perturbed",95,0.05,0.05,"stochastic","precomputed_exact_table","iid",202811500,202811522,100,25000,"budget_exhausted","budget-exhausted",TRUE,247,247,46,9,124,115,124,78,FALSE,0.994801267893515,0.00519873210648469,0.0493875221705438,TRUE,TRUE,TRUE,0.00519873210648469,0.00521229253267502,0.00227385407071218,165,82,24,83,56,106,58343,106,2452,0,23943,435,247,23672,0,23919,15.34,,
"regional-compression-exact-study-2026-08-13","production",TRUE,12,"perturbed",95,0.1,0.05,"exact","precomputed_exact_table","exact",202811500,202811531,,25000,"certified","bounds-met",TRUE,37,37,27,27,27,0,27,0,TRUE,0.901647105987719,0.0983528940122809,0.0983528940122832,TRUE,TRUE,TRUE,0.0983528940122809,0.103532070518786,0.0237008404545395,12,12,24,0,0,,,,,0,61,44,37,0,0,37,0.700000000000003,,
"regional-compression-exact-study-2026-08-13","production",TRUE,12,"perturbed",95,0.1,0.05,"stochastic","precomputed_exact_table","iid",202811500,202811532,100,25000,"budget_exhausted","budget-exhausted",TRUE,247,247,27,9,67,58,67,40,FALSE,0.98779113893472,0.0122088610652797,0.0995618195657685,TRUE,TRUE,TRUE,0.0122088610652797,0.012284001421294,0.00306285932531828,165,82,24,83,56,106,58343,106,2452,0,23943,434,247,23672,0,23919,16.43,,
"regional-compression-exact-study-2026-08-13","production",TRUE,12,"perturbed",95,0.2,0.05,"exact","precomputed_exact_table","exact",202811500,202811541,,25000,"certified","bounds-met",TRUE,16,16,9,9,9,0,9,0,TRUE,0.836255768193406,0.163744231806594,0.163744231806597,TRUE,TRUE,TRUE,0.163744231806594,0.178820769873317,0.0234339019228644,5,5,24,0,0,,,,,0,40,30,16,0,0,16,0.210000000000001,,
"regional-compression-exact-study-2026-08-13","production",TRUE,12,"perturbed",95,0.2,0.05,"stochastic","precomputed_exact_table","iid",202811500,202811542,100,25000,"budget_exhausted","budget-exhausted",TRUE,247,247,9,9,56,47,56,47,FALSE,0.98686178268859,0.0131382173114095,0.110491536627155,TRUE,TRUE,TRUE,0.0131382173114095,0.0132252871577106,0.00357121577717229,165,82,24,83,56,106,58343,106,2452,0,23943,433,247,23672,0,23919,15.44,,
"regional-compression-exact-study-2026-08-13","production",TRUE,12,"perturbed",96,0.01,0.05,"exact","precomputed_exact_table","exact",202811600,202811611,,25000,"certified","bounds-met",TRUE,79,79,151,151,151,0,151,0,TRUE,0.990100109836409,0.00989989016359127,0.00989989016358929,TRUE,TRUE,TRUE,0.00989989016359127,0.00994921991901236,0.00304383278221158,26,26,24,0,0,,,,,0,103,72,79,0,0,79,1.95,,
"regional-compression-exact-study-2026-08-13","production",TRUE,12,"perturbed",96,0.01,0.05,"stochastic","precomputed_exact_table","iid",202811600,202811612,100,25000,"budget_exhausted","budget-exhausted",TRUE,193,193,151,35,320,285,320,169,FALSE,0.998904129666382,0.00109587033361846,0.00992420415017111,TRUE,TRUE,TRUE,0.00109587033361846,0.0010964712385619,0.000404343132990551,167,64,24,103,68,104,362473,104,2489,0,24388,327,193,24171,0,24364,14.39,,
"regional-compression-exact-study-2026-08-13","production",TRUE,12,"perturbed",96,0.05,0.05,"exact","precomputed_exact_table","exact",202811600,202811621,,25000,"certified","bounds-met",TRUE,46,46,64,64,64,0,64,0,TRUE,0.966321196768907,0.0336788032310932,0.0336788032310911,TRUE,TRUE,TRUE,0.0336788032310932,0.034258998204936,0.0158531982222942,15,15,24,0,0,,,,,0,70,50,46,0,0,46,0.940000000000001,,
"regional-compression-exact-study-2026-08-13","production",TRUE,12,"perturbed",96,0.05,0.05,"stochastic","precomputed_exact_table","iid",202811600,202811622,100,25000,"budget_exhausted","budget-exhausted",TRUE,193,193,64,9,198,189,198,134,FALSE,0.995528838724628,0.00447116127537195,0.0469888769738901,TRUE,TRUE,TRUE,0.00447116127537195,0.00448118681196907,0.0014012218667146,167,64,24,103,68,104,362473,104,2489,0,24388,334,193,24171,0,24364,14.11,,
"regional-compression-exact-study-2026-08-13","production",TRUE,12,"perturbed",96,0.1,0.05,"exact","precomputed_exact_table","exact",202811600,202811631,,25000,"certified","bounds-met",TRUE,46,46,45,45,45,0,45,0,TRUE,0.906191058169615,0.0938089418303848,0.0938089418303827,TRUE,TRUE,TRUE,0.0938089418303848,0.0985051141895112,0.0267189237396813,15,15,24,0,0,,,,,0,70,50,46,0,0,46,0.800000000000004,,
"regional-compression-exact-study-2026-08-13","production",TRUE,12,"perturbed",96,0.1,0.05,"stochastic","precomputed_exact_table","iid",202811600,202811632,100,25000,"budget_exhausted","budget-exhausted",TRUE,193,193,45,9,160,151,160,115,FALSE,0.990439954337288,0.00956004566271151,0.0958049371035266,TRUE,TRUE,TRUE,0.00956004566271151,0.00960603624869667,0.00365253029521134,167,64,24,103,68,104,362473,104,2489,0,24388,332,193,24171,0,24364,14.07,,
"regional-compression-exact-study-2026-08-13","production",TRUE,12,"perturbed",96,0.2,0.05,"exact","precomputed_exact_table","exact",202811600,202811641,,25000,"certified","bounds-met",TRUE,28,28,18,18,18,0,18,0,TRUE,0.811017976955359,0.188982023044641,0.188982023044639,TRUE,TRUE,TRUE,0.188982023044641,0.20946505870628,0.0334397131315604,9,9,24,0,0,,,,,0,52,38,28,0,0,28,0.490000000000002,,
"regional-compression-exact-study-2026-08-13","production",TRUE,12,"perturbed",96,0.2,0.05,"stochastic","precomputed_exact_table","iid",202811600,202811642,100,25000,"budget_exhausted","budget-exhausted",TRUE,193,193,18,9,104,95,104,86,FALSE,0.980110363956669,0.0198896360433309,0.199090322477854,TRUE,TRUE,TRUE,0.0198896360433309,0.0200900973759416,0.00598077236472405,167,64,24,103,68,104,362473,104,2489,0,24388,330,193,24171,0,24364,13.12,,
"regional-compression-exact-study-2026-08-13","production",TRUE,12,"perturbed",97,0.01,0.05,"exact","precomputed_exact_table","exact",202811700,202811711,,25000,"certified","bounds-met",TRUE,79,79,125,125,125,0,125,0,TRUE,0.990699547388973,0.00930045261102674,0.00930045261102892,TRUE,TRUE,TRUE,0.00930045261102674,0.00934397186307995,0.00385878020325923,26,26,24,0,0,,,,,0,103,72,79,0,0,79,1.66,,
"regional-compression-exact-study-2026-08-13","production",TRUE,12,"perturbed",97,0.01,0.05,"stochastic","precomputed_exact_table","iid",202811700,202811712,100,25000,"budget_exhausted","budget-exhausted",TRUE,235,235,125,9,257,248,257,132,FALSE,0.998936541531673,0.00106345846832701,0.00947338995328418,TRUE,TRUE,TRUE,0.00106345846832701,0.00106402434150793,0.000540589887202111,161,78,24,83,43,34,924448,100,2269,0,23380,426,235,23121,0,23356,15,,
"regional-compression-exact-study-2026-08-13","production",TRUE,12,"perturbed",97,0.05,0.05,"exact","precomputed_exact_table","exact",202811700,202811721,,25000,"certified","bounds-met",TRUE,46,46,56,56,56,0,56,0,TRUE,0.968474301026571,0.0315256989734287,0.0315256989734309,TRUE,TRUE,TRUE,0.0315256989734287,0.0320333313074082,0.0140847631481359,15,15,24,0,0,,,,,0,70,50,46,0,0,46,1,,
"regional-compression-exact-study-2026-08-13","production",TRUE,12,"perturbed",97,0.05,0.05,"stochastic","precomputed_exact_table","iid",202811700,202811722,100,25000,"budget_exhausted","budget-exhausted",TRUE,235,235,56,9,177,168,177,121,FALSE,0.992950281822159,0.00704971817784084,0.0487475362267058,TRUE,TRUE,TRUE,0.00704971817784084,0.00707468484889157,0.00318208203337633,161,78,24,83,43,34,924448,100,2269,0,23380,444,235,23121,0,23356,15.09,,
"regional-compression-exact-study-2026-08-13","production",TRUE,12,"perturbed",97,0.1,0.05,"exact","precomputed_exact_table","exact",202811700,202811731,,25000,"certified","bounds-met",TRUE,43,43,37,37,37,0,37,0,TRUE,0.903312835787217,0.0966871642127827,0.0966871642127849,TRUE,TRUE,TRUE,0.0966871642127827,0.101686345044406,0.0246679379232603,14,14,24,0,0,,,,,0,67,48,43,0,0,43,0.93,,
"regional-compression-exact-study-2026-08-13","production",TRUE,12,"perturbed",97,0.1,0.05,"stochastic","precomputed_exact_table","iid",202811700,202811732,100,25000,"budget_exhausted","budget-exhausted",TRUE,235,235,37,9,136,127,136,99,FALSE,0.990430630514946,0.00956936948505416,0.0946893773798561,TRUE,TRUE,TRUE,0.00956936948505416,0.00961545011188795,0.00409584708862881,161,78,24,83,43,34,924448,100,2269,0,23380,417,235,23121,0,23356,14.11,,
"regional-compression-exact-study-2026-08-13","production",TRUE,12,"perturbed",97,0.2,0.05,"exact","precomputed_exact_table","exact",202811700,202811741,,25000,"certified","bounds-met",TRUE,19,19,18,18,18,0,18,0,TRUE,0.800298857257759,0.199701142742241,0.199701142742244,TRUE,TRUE,TRUE,0.199701142742241,0.222770049502498,0.0663239626276093,6,6,24,0,0,,,,,0,43,32,19,0,0,19,0.329999999999998,,
"regional-compression-exact-study-2026-08-13","production",TRUE,12,"perturbed",97,0.2,0.05,"stochastic","precomputed_exact_table","iid",202811700,202811742,100,25000,"budget_exhausted","budget-exhausted",TRUE,235,235,18,9,116,107,116,98,FALSE,0.988229595502147,0.0117704044978535,0.171809897995597,TRUE,TRUE,TRUE,0.0117704044978535,0.0118402241197902,0.00391202434997701,161,78,24,83,43,34,924448,100,2269,0,23380,437,235,23121,0,23356,13.63,,
"regional-compression-exact-study-2026-08-13","production",TRUE,12,"perturbed",98,0.01,0.05,"exact","precomputed_exact_table","exact",202811800,202811811,,25000,"certified","bounds-met",TRUE,79,79,132,132,132,0,132,0,TRUE,0.99026222529578,0.00973777470421955,0.00973777470421601,TRUE,TRUE,TRUE,0.00973777470421955,0.00978549689029395,0.00448557196701236,26,26,24,0,0,,,,,0,103,72,79,0,0,79,2.69,,
"regional-compression-exact-study-2026-08-13","production",TRUE,12,"perturbed",98,0.01,0.05,"stochastic","precomputed_exact_table","iid",202811800,202811812,100,25000,"budget_exhausted","budget-exhausted",TRUE,178,178,132,44,207,163,207,75,FALSE,0.998159735486092,0.00184026451390795,0.00928898499858487,TRUE,TRUE,TRUE,0.00184026451390795,0.00184195988091697,0.00086190344069817,132,59,24,73,40,18,168940,100,2223,0,24928,514,178,24726,0,24904,9.24,,
"regional-compression-exact-study-2026-08-13","production",TRUE,12,"perturbed",98,0.05,0.05,"exact","precomputed_exact_table","exact",202811800,202811821,,25000,"certified","bounds-met",TRUE,43,43,55,55,55,0,55,0,TRUE,0.951918582230279,0.0480814177697209,0.048081417769717,TRUE,TRUE,TRUE,0.0480814177697209,0.0492757707154145,0.0272630082344773,14,14,24,0,0,,,,,0,67,48,43,0,0,43,0.529999999999998,,
"regional-compression-exact-study-2026-08-13","production",TRUE,12,"perturbed",98,0.05,0.05,"stochastic","precomputed_exact_table","iid",202811800,202811822,100,25000,"budget_exhausted","budget-exhausted",TRUE,178,178,55,9,124,115,124,69,FALSE,0.988534374925216,0.0114656250747842,0.0469263265312033,TRUE,TRUE,TRUE,0.0114656250747842,0.0115318621402682,0.00473149319206689,132,59,24,73,40,18,168940,100,2223,0,24928,502,178,24726,0,24904,8.53,,
"regional-compression-exact-study-2026-08-13","production",TRUE,12,"perturbed",98,0.1,0.05,"exact","precomputed_exact_table","exact",202811800,202811831,,25000,"certified","bounds-met",TRUE,46,46,37,37,37,0,37,0,TRUE,0.90651437239772,0.0934856276022795,0.0934856276022757,TRUE,TRUE,TRUE,0.0934856276022795,0.0981483940891775,0.0279173451996898,15,15,24,0,0,,,,,0,70,50,46,0,0,46,1.04,,
"regional-compression-exact-study-2026-08-13","production",TRUE,12,"perturbed",98,0.1,0.05,"stochastic","precomputed_exact_table","iid",202811800,202811832,100,25000,"budget_exhausted","budget-exhausted",TRUE,178,178,37,9,84,75,84,47,FALSE,0.982568067650044,0.0174319323499563,0.0956873766114706,TRUE,TRUE,TRUE,0.0174319323499563,0.0175856575875376,0.00557571450714204,132,59,24,73,40,18,168940,100,2223,0,24928,504,178,24726,0,24904,10.01,,
"regional-compression-exact-study-2026-08-13","production",TRUE,12,"perturbed",98,0.2,0.05,"exact","precomputed_exact_table","exact",202811800,202811841,,25000,"certified","bounds-met",TRUE,22,22,17,17,17,0,17,0,TRUE,0.80627100118755,0.19372899881245,0.193728998812446,TRUE,TRUE,TRUE,0.19372899881245,0.215335363226839,0.0350735353072363,7,7,24,0,0,,,,,0,46,34,22,0,0,22,0.309999999999995,,
"regional-compression-exact-study-2026-08-13","production",TRUE,12,"perturbed",98,0.2,0.05,"stochastic","precomputed_exact_table","iid",202811800,202811842,100,25000,"budget_exhausted","budget-exhausted",TRUE,178,178,17,9,55,46,55,38,FALSE,0.945194935279297,0.0548050647207029,0.199736978736472,TRUE,TRUE,TRUE,0.0548050647207029,0.0563640920425035,0.0297112514161457,132,59,24,73,40,18,168940,100,2223,0,24928,500,178,24726,0,24904,8.47,,
"regional-compression-exact-study-2026-08-13","production",TRUE,12,"perturbed",99,0.01,0.05,"exact","precomputed_exact_table","exact",202811900,202811911,,25000,"certified","bounds-met",TRUE,73,73,107,107,107,0,107,0,TRUE,0.99027372338335,0.00972627661665038,0.00972627661665163,TRUE,TRUE,TRUE,0.00972627661665038,0.00977388580332835,0.00282678215349708,24,24,24,0,0,,,,,0,97,68,73,0,0,73,1.91,,
"regional-compression-exact-study-2026-08-13","production",TRUE,12,"perturbed",99,0.01,0.05,"stochastic","precomputed_exact_table","iid",202811900,202811912,100,25000,"budget_exhausted","budget-exhausted",TRUE,190,190,107,18,273,255,273,166,FALSE,0.99900869542847,0.000991304571530294,0.00991362515972366,TRUE,TRUE,TRUE,0.000991304571530294,0.000991796238861967,0.000585597797571641,152,63,24,89,56,34,311073,100,2479,0,24471,450,190,24257,0,24447,11.92,,
"regional-compression-exact-study-2026-08-13","production",TRUE,12,"perturbed",99,0.05,0.05,"exact","precomputed_exact_table","exact",202811900,202811921,,25000,"certified","bounds-met",TRUE,70,70,56,56,56,0,56,0,TRUE,0.971579552532375,0.0284204474676247,0.0284204474676258,TRUE,TRUE,TRUE,0.0284204474676247,0.0288321272254533,0.0123450363932278,23,23,24,0,0,,,,,0,94,66,70,0,0,70,1.43,,
"regional-compression-exact-study-2026-08-13","production",TRUE,12,"perturbed",99,0.05,0.05,"stochastic","precomputed_exact_table","iid",202811900,202811922,100,25000,"budget_exhausted","budget-exhausted",TRUE,190,190,56,9,163,154,163,107,FALSE,0.995790505484149,0.0042094945158514,0.0493602171050131,TRUE,TRUE,TRUE,0.0042094945158514,0.00421837938051655,0.00225488962777046,152,63,24,89,56,34,311073,100,2479,0,24471,442,190,24257,0,24447,12.09,,
"regional-compression-exact-study-2026-08-13","production",TRUE,12,"perturbed",99,0.1,0.05,"exact","precomputed_exact_table","exact",202811900,202811931,,25000,"certified","bounds-met",TRUE,49,49,37,37,37,0,37,0,TRUE,0.923102667694866,0.076897332305134,0.0768973323051349,TRUE,TRUE,TRUE,0.076897332305134,0.0800148180596838,0.0223889424822573,16,16,24,0,0,,,,,0,73,52,49,0,0,49,0.799999999999997,,
"regional-compression-exact-study-2026-08-13","production",TRUE,12,"perturbed",99,0.1,0.05,"stochastic","precomputed_exact_table","iid",202811900,202811932,100,25000,"budget_exhausted","budget-exhausted",TRUE,190,190,37,9,125,116,125,88,FALSE,0.992638126326232,0.00736187367376784,0.0981970084939242,TRUE,TRUE,TRUE,0.00736187367376784,0.00738910600205468,0.00297768849397689,152,63,24,89,56,34,311073,100,2479,0,24471,444,190,24257,0,24447,11.48,,
"regional-compression-exact-study-2026-08-13","production",TRUE,12,"perturbed",99,0.2,0.05,"exact","precomputed_exact_table","exact",202811900,202811941,,25000,"certified","bounds-met",TRUE,25,25,19,19,19,0,19,0,TRUE,0.866064151781095,0.133935848218905,0.133935848218905,TRUE,TRUE,TRUE,0.133935848218905,0.143796294894199,0.0326563047231875,8,8,24,0,0,,,,,0,49,36,25,0,0,25,0.439999999999998,,
"regional-compression-exact-study-2026-08-13","production",TRUE,12,"perturbed",99,0.2,0.05,"stochastic","precomputed_exact_table","iid",202811900,202811942,100,25000,"budget_exhausted","budget-exhausted",TRUE,190,190,19,9,97,88,97,78,FALSE,0.985849476084346,0.0141505239156539,0.163862979350412,TRUE,TRUE,TRUE,0.0141505239156539,0.0142515972054672,0.00639578293580784,152,63,24,89,56,34,311073,100,2479,0,24471,442,190,24257,0,24447,12.24,,
"regional-compression-exact-study-2026-08-13","production",TRUE,12,"perturbed",100,0.01,0.05,"exact","precomputed_exact_table","exact",202812000,202812011,,25000,"certified","bounds-met",TRUE,79,79,116,116,116,0,116,0,TRUE,0.990310174155144,0.00968982584485634,0.00968982584485334,TRUE,TRUE,TRUE,0.00968982584485634,0.00973707769654382,0.00360825584463476,26,26,24,0,0,,,,,0,103,72,79,0,0,79,2.03,,
"regional-compression-exact-study-2026-08-13","production",TRUE,12,"perturbed",100,0.01,0.05,"stochastic","precomputed_exact_table","iid",202812000,202812012,100,25000,"budget_exhausted","budget-exhausted",TRUE,118,118,116,94,135,41,135,19,FALSE,0.993323911325091,0.00667608867490888,0.00999096810554952,TRUE,TRUE,TRUE,0.00667608867490888,0.00669847343897867,0.00271953346714297,69,39,24,30,0,47,2495,100,2495,0,23358,594,118,23216,0,23334,4.16,,
"regional-compression-exact-study-2026-08-13","production",TRUE,12,"perturbed",100,0.05,0.05,"exact","precomputed_exact_table","exact",202812000,202812021,,25000,"certified","bounds-met",TRUE,46,46,56,56,56,0,56,0,TRUE,0.978003497119462,0.0219965028805379,0.021996502880535,TRUE,TRUE,TRUE,0.0219965028805379,0.0222420331669418,0.00804309492297667,15,15,24,0,0,,,,,0,70,50,46,0,0,46,0.84,,
"regional-compression-exact-study-2026-08-13","production",TRUE,12,"perturbed",100,0.05,0.05,"stochastic","precomputed_exact_table","iid",202812000,202812022,100,25000,"budget_exhausted","budget-exhausted",TRUE,118,118,56,46,56,10,56,0,TRUE,0.978003497119462,0.0219965028805379,0.0329019257102521,TRUE,TRUE,TRUE,0.0219965028805379,0.0222420331669418,0.00804309492297667,69,39,24,30,0,47,2495,100,2495,0,23358,621,118,23216,0,23334,3.31,,
"regional-compression-exact-study-2026-08-13","production",TRUE,12,"perturbed",100,0.1,0.05,"exact","precomputed_exact_table","exact",202812000,202812031,,25000,"certified","bounds-met",TRUE,46,46,37,37,37,0,37,0,TRUE,0.909626125325695,0.0903738746743055,0.0903738746743031,TRUE,TRUE,TRUE,0.0903738746743055,0.0947216151842025,0.0303302625815089,15,15,24,0,0,,,,,0,70,50,46,0,0,46,0.84,,
"regional-compression-exact-study-2026-08-13","production",TRUE,12,"perturbed",100,0.1,0.05,"stochastic","precomputed_exact_table","iid",202812000,202812032,100,25000,"budget_exhausted","budget-exhausted",TRUE,118,118,37,27,46,19,46,9,FALSE,0.940604881192825,0.0593951188071749,0.0871309447545192,TRUE,TRUE,TRUE,0.0593951188071749,0.0612321200387422,0.0244522486721676,69,39,24,30,0,47,2495,100,2495,0,23358,597,118,23216,0,23334,3.71,,
"regional-compression-exact-study-2026-08-13","production",TRUE,12,"perturbed",100,0.2,0.05,"exact","precomputed_exact_table","exact",202812000,202812041,,25000,"certified","bounds-met",TRUE,37,37,18,18,18,0,18,0,TRUE,0.829088743205606,0.170911256794394,0.170911256794392,TRUE,TRUE,TRUE,0.170911256794394,0.187428081077202,0.0387463834356498,12,12,24,0,0,,,,,0,61,44,37,0,0,37,0.5,,
"regional-compression-exact-study-2026-08-13","production",TRUE,12,"perturbed",100,0.2,0.05,"stochastic","precomputed_exact_table","iid",202812000,202812042,100,25000,"budget_exhausted","budget-exhausted",TRUE,118,118,18,9,27,18,27,9,FALSE,0.862813490619159,0.137186509380841,0.19115111895717,TRUE,TRUE,TRUE,0.137186509380841,0.147556728730359,0.0387463834356498,69,39,24,30,0,47,2495,100,2495,0,23358,605,118,23216,0,23334,5.43,,
