"protocol_id","run_mode","registered_production","p","regime","replication","epsilon","delta","interval_mode","score_oracle","evidence_method","data_seed","algorithm_seed","n_paths","score_budget","raw_status","status","simultaneous_interval_coverage","covered_nodes","bounded_nodes","exact_optimal_cost","certified_cost_lower","certified_cost_upper","certified_cost_gap","selected_cost","true_cost_suboptimality","exact_cost_optimal","retained_mass","true_omitted_mass","omitted_mass_bound","omitted_mass_covered","epsilon_feasible","cost_sandwich_covered","total_variation","reverse_kullback_leibler","maximum_pip_error","search_actions","search_expansions","screening_score_requests","preflight_nodes","preflight_blocked_nodes","minimum_required_paths","maximum_required_paths","minimum_scheduled_paths","maximum_scheduled_paths","budget_overshoot","raw_score_requests","distinct_score_evaluations","bound_score_requests","evidence_score_requests","downstream_score_requests","selection_score_requests","elapsed_seconds","peak_memory_bytes","error_message"
"constrained-tmlr-revision-2026-08-13","full",TRUE,12,"aligned",1,0.01,0.05,"exact","precomputed_exact_table","exact",202792100,202792111,,25000,"certified","bounds-met",TRUE,70,70,125,125,125,0,125,0,TRUE,0.990491141041709,0.0095088589582909,0.00950885895829043,TRUE,TRUE,TRUE,0.0095088589582909,0.00955435680911252,0.00365469399489868,23,23,24,0,0,,,,,0,94,66,70,0,0,70,1.35,,
"constrained-tmlr-revision-2026-08-13","full",TRUE,12,"aligned",1,0.01,0.05,"stochastic","precomputed_exact_table","iid",202792100,202792112,100,25000,"certified","bounds-met",TRUE,70,70,125,125,125,0,125,0,TRUE,0.990491141041709,0.0095088589582909,0.0095088589582909,TRUE,TRUE,TRUE,0.0095088589582909,0.00955435680911252,0.00365469399489868,23,23,24,0,0,,,,,0,94,66,70,0,0,70,1.28,,
"constrained-tmlr-revision-2026-08-13","full",TRUE,12,"aligned",1,0.05,0.05,"exact","precomputed_exact_table","exact",202792100,202792121,,25000,"certified","bounds-met",TRUE,52,52,65,65,65,0,65,0,TRUE,0.950612423988727,0.0493875760112732,0.0493875760112725,TRUE,TRUE,TRUE,0.0493875760112732,0.0506488452592666,0.0168320273713395,17,17,24,0,0,,,,,0,76,54,52,0,0,52,0.800000000000001,,
"constrained-tmlr-revision-2026-08-13","full",TRUE,12,"aligned",1,0.05,0.05,"stochastic","precomputed_exact_table","iid",202792100,202792122,100,25000,"certified","bounds-met",TRUE,52,52,65,65,65,0,65,0,TRUE,0.950612423988727,0.0493875760112732,0.0493875760112753,TRUE,TRUE,TRUE,0.0493875760112732,0.0506488452592666,0.0168320273713395,17,17,24,0,0,,,,,0,76,54,52,0,0,52,0.94,,
"constrained-tmlr-revision-2026-08-13","full",TRUE,12,"aligned",1,0.1,0.05,"exact","precomputed_exact_table","exact",202792100,202792131,,25000,"certified","bounds-met",TRUE,52,52,46,46,46,0,46,0,TRUE,0.919249460791602,0.0807505392083979,0.0807505392083977,TRUE,TRUE,TRUE,0.0807505392083979,0.0841977453751979,0.0319283804792173,17,17,24,0,0,,,,,0,76,54,52,0,0,52,0.800000000000001,,
"constrained-tmlr-revision-2026-08-13","full",TRUE,12,"aligned",1,0.1,0.05,"stochastic","precomputed_exact_table","iid",202792100,202792132,100,25000,"certified","bounds-met",TRUE,52,52,46,46,46,0,46,0,TRUE,0.919249460791602,0.0807505392083979,0.0807505392084017,TRUE,TRUE,TRUE,0.0807505392083979,0.0841977453751979,0.0319283804792173,17,17,24,0,0,,,,,0,76,54,52,0,0,52,0.880000000000001,,
"constrained-tmlr-revision-2026-08-13","full",TRUE,12,"aligned",1,0.2,0.05,"exact","precomputed_exact_table","exact",202792100,202792141,,25000,"certified","bounds-met",TRUE,46,46,27,27,27,0,27,0,TRUE,0.816644179417206,0.183355820582794,0.183355820582794,TRUE,TRUE,TRUE,0.183355820582794,0.202551799898083,0.066308909775982,15,15,24,0,0,,,,,0,70,50,46,0,0,46,0.699999999999999,,
"constrained-tmlr-revision-2026-08-13","full",TRUE,12,"aligned",1,0.2,0.05,"stochastic","precomputed_exact_table","iid",202792100,202792142,100,25000,"certified","bounds-met",TRUE,46,46,27,27,27,0,27,0,TRUE,0.816644179417206,0.183355820582794,0.183355820582801,TRUE,TRUE,TRUE,0.183355820582794,0.202551799898083,0.066308909775982,15,15,24,0,0,,,,,0,70,50,46,0,0,46,0.5,,
"constrained-tmlr-revision-2026-08-13","full",TRUE,12,"aligned",2,0.01,0.05,"exact","precomputed_exact_table","exact",202792200,202792211,,25000,"certified","bounds-met",TRUE,94,94,124,124,124,0,124,0,TRUE,0.990692987892734,0.00930701210726637,0.00930701210726689,TRUE,TRUE,TRUE,0.00930701210726637,0.00935059296023545,0.00381857245958373,31,31,24,0,0,,,,,0,118,81,94,0,0,94,2.03,,
"constrained-tmlr-revision-2026-08-13","full",TRUE,12,"aligned",2,0.01,0.05,"stochastic","precomputed_exact_table","iid",202792200,202792212,100,25000,"certified","bounds-met",TRUE,94,94,124,124,124,0,124,0,TRUE,0.990692987892734,0.00930701210726637,0.00930701210726722,TRUE,TRUE,TRUE,0.00930701210726637,0.00935059296023545,0.00381857245958373,31,31,24,0,0,,,,,0,118,81,94,0,0,94,1.91,,
"constrained-tmlr-revision-2026-08-13","full",TRUE,12,"aligned",2,0.05,0.05,"exact","precomputed_exact_table","exact",202792200,202792221,,25000,"certified","bounds-met",TRUE,40,40,47,47,47,0,47,0,TRUE,0.951190509207175,0.0488094907928251,0.0488094907928258,TRUE,TRUE,TRUE,0.0488094907928251,0.050040911360163,0.0137718167406622,13,13,24,0,0,,,,,0,64,46,40,0,0,40,0.49,,
"constrained-tmlr-revision-2026-08-13","full",TRUE,12,"aligned",2,0.05,0.05,"stochastic","precomputed_exact_table","iid",202792200,202792222,100,25000,"certified","bounds-met",TRUE,40,40,47,47,47,0,47,0,TRUE,0.951190509207175,0.0488094907928251,0.0488094907928282,TRUE,TRUE,TRUE,0.0488094907928251,0.050040911360163,0.0137718167406622,13,13,24,0,0,,,,,0,64,46,40,0,0,40,0.56,,
"constrained-tmlr-revision-2026-08-13","full",TRUE,12,"aligned",2,0.1,0.05,"exact","precomputed_exact_table","exact",202792200,202792231,,25000,"certified","bounds-met",TRUE,46,46,37,37,37,0,37,0,TRUE,0.914327719468207,0.0856722805317925,0.0856722805317931,TRUE,TRUE,TRUE,0.0856722805317925,0.0895662165766903,0.0359173560106156,15,15,24,0,0,,,,,0,70,50,46,0,0,46,0.640000000000001,,
"constrained-tmlr-revision-2026-08-13","full",TRUE,12,"aligned",2,0.1,0.05,"stochastic","precomputed_exact_table","iid",202792200,202792232,100,25000,"certified","bounds-met",TRUE,46,46,37,37,37,0,37,0,TRUE,0.914327719468207,0.0856722805317925,0.0856722805317967,TRUE,TRUE,TRUE,0.0856722805317925,0.0895662165766903,0.0359173560106156,15,15,24,0,0,,,,,0,70,50,46,0,0,46,0.59,,
"constrained-tmlr-revision-2026-08-13","full",TRUE,12,"aligned",2,0.2,0.05,"exact","precomputed_exact_table","exact",202792200,202792241,,25000,"certified","bounds-met",TRUE,37,37,18,18,18,0,18,0,TRUE,0.826444372688236,0.173555627311764,0.173555627311765,TRUE,TRUE,TRUE,0.173555627311764,0.19062266865855,0.0388148040764369,12,12,24,0,0,,,,,0,61,44,37,0,0,37,0.440000000000001,,
"constrained-tmlr-revision-2026-08-13","full",TRUE,12,"aligned",2,0.2,0.05,"stochastic","precomputed_exact_table","iid",202792200,202792242,100,25000,"certified","bounds-met",TRUE,37,37,18,18,18,0,18,0,TRUE,0.826444372688236,0.173555627311764,0.173555627311771,TRUE,TRUE,TRUE,0.173555627311764,0.19062266865855,0.0388148040764369,12,12,24,0,0,,,,,0,61,44,37,0,0,37,0.49,,
"constrained-tmlr-revision-2026-08-13","full",TRUE,12,"aligned",3,0.01,0.05,"exact","precomputed_exact_table","exact",202792300,202792311,,25000,"certified","bounds-met",TRUE,70,70,114,114,114,0,114,0,TRUE,0.990285570251906,0.00971442974809433,0.00971442974809377,TRUE,TRUE,TRUE,0.00971442974809433,0.00976192264868385,0.00342765219072907,23,23,24,0,0,,,,,0,94,66,70,0,0,70,1.44,,
"constrained-tmlr-revision-2026-08-13","full",TRUE,12,"aligned",3,0.01,0.05,"stochastic","precomputed_exact_table","iid",202792300,202792312,100,25000,"certified","bounds-met",TRUE,70,70,114,114,114,0,114,0,TRUE,0.990285570251906,0.00971442974809433,0.00971442974809405,TRUE,TRUE,TRUE,0.00971442974809433,0.00976192264868385,0.00342765219072907,23,23,24,0,0,,,,,0,94,66,70,0,0,70,1.32,,
"constrained-tmlr-revision-2026-08-13","full",TRUE,12,"aligned",3,0.05,0.05,"exact","precomputed_exact_table","exact",202792300,202792321,,25000,"certified","bounds-met",TRUE,49,49,56,56,56,0,56,0,TRUE,0.966870776326035,0.0331292236739652,0.0331292236739644,TRUE,TRUE,TRUE,0.0331292236739652,0.0336904260407825,0.0209694013731157,16,16,24,0,0,,,,,0,73,52,49,0,0,49,0.699999999999999,,
"constrained-tmlr-revision-2026-08-13","full",TRUE,12,"aligned",3,0.05,0.05,"stochastic","precomputed_exact_table","iid",202792300,202792322,100,25000,"certified","bounds-met",TRUE,49,49,56,56,56,0,56,0,TRUE,0.966870776326035,0.0331292236739652,0.0331292236739658,TRUE,TRUE,TRUE,0.0331292236739652,0.0336904260407825,0.0209694013731157,16,16,24,0,0,,,,,0,73,52,49,0,0,49,0.75,,
"constrained-tmlr-revision-2026-08-13","full",TRUE,12,"aligned",3,0.1,0.05,"exact","precomputed_exact_table","exact",202792300,202792331,,25000,"certified","bounds-met",TRUE,40,40,37,37,37,0,37,0,TRUE,0.91515381092498,0.0848461890750201,0.0848461890750194,TRUE,TRUE,TRUE,0.0848461890750201,0.0886631284621692,0.0191227508544465,13,13,24,0,0,,,,,0,64,46,40,0,0,40,0.880000000000001,,
"constrained-tmlr-revision-2026-08-13","full",TRUE,12,"aligned",3,0.1,0.05,"stochastic","precomputed_exact_table","iid",202792300,202792332,100,25000,"certified","bounds-met",TRUE,40,40,37,37,37,0,37,0,TRUE,0.91515381092498,0.0848461890750201,0.0848461890750224,TRUE,TRUE,TRUE,0.0848461890750201,0.0886631284621692,0.0191227508544465,13,13,24,0,0,,,,,0,64,46,40,0,0,40,0.58,,
"constrained-tmlr-revision-2026-08-13","full",TRUE,12,"aligned",3,0.2,0.05,"exact","precomputed_exact_table","exact",202792300,202792341,,25000,"certified","bounds-met",TRUE,37,37,18,18,18,0,18,0,TRUE,0.835210958964239,0.164789041035761,0.164789041035759,TRUE,TRUE,TRUE,0.164789041035761,0.180070940574618,0.0536466717137342,12,12,24,0,0,,,,,0,61,44,37,0,0,37,0.42,,
"constrained-tmlr-revision-2026-08-13","full",TRUE,12,"aligned",3,0.2,0.05,"stochastic","precomputed_exact_table","iid",202792300,202792342,100,25000,"certified","bounds-met",TRUE,37,37,18,18,18,0,18,0,TRUE,0.835210958964239,0.164789041035761,0.164789041035764,TRUE,TRUE,TRUE,0.164789041035761,0.180070940574618,0.0536466717137342,12,12,24,0,0,,,,,0,61,44,37,0,0,37,0.449999999999999,,
"constrained-tmlr-revision-2026-08-13","full",TRUE,12,"aligned",4,0.01,0.05,"exact","precomputed_exact_table","exact",202792400,202792411,,25000,"certified","bounds-met",TRUE,55,55,74,74,74,0,74,0,TRUE,0.990021790816125,0.0099782091838746,0.00997820918387217,TRUE,TRUE,TRUE,0.0099782091838746,0.0100283251703591,0.00304548012394372,18,18,24,0,0,,,,,0,79,56,55,0,0,55,1.37,,
"constrained-tmlr-revision-2026-08-13","full",TRUE,12,"aligned",4,0.01,0.05,"stochastic","precomputed_exact_table","iid",202792400,202792412,100,25000,"certified","bounds-met",TRUE,55,55,74,74,74,0,74,0,TRUE,0.990021790816125,0.0099782091838746,0.00997820918387281,TRUE,TRUE,TRUE,0.0099782091838746,0.0100283251703591,0.00304548012394372,18,18,24,0,0,,,,,0,79,56,55,0,0,55,0.95,,
"constrained-tmlr-revision-2026-08-13","full",TRUE,12,"aligned",4,0.05,0.05,"exact","precomputed_exact_table","exact",202792400,202792421,,25000,"certified","bounds-met",TRUE,46,46,46,46,46,0,46,0,TRUE,0.961471433269491,0.0385285667305085,0.038528566730506,TRUE,TRUE,TRUE,0.0385285667305085,0.0392904249828233,0.0162693857961922,15,15,24,0,0,,,,,0,70,50,46,0,0,46,0.58,,
"constrained-tmlr-revision-2026-08-13","full",TRUE,12,"aligned",4,0.05,0.05,"stochastic","precomputed_exact_table","iid",202792400,202792422,100,25000,"certified","bounds-met",TRUE,46,46,46,46,46,0,46,0,TRUE,0.961471433269491,0.0385285667305085,0.0385285667305085,TRUE,TRUE,TRUE,0.0385285667305085,0.0392904249828233,0.0162693857961922,15,15,24,0,0,,,,,0,70,50,46,0,0,46,0.69,,
"constrained-tmlr-revision-2026-08-13","full",TRUE,12,"aligned",4,0.1,0.05,"exact","precomputed_exact_table","exact",202792400,202792431,,25000,"certified","bounds-met",TRUE,37,37,27,27,27,0,27,0,TRUE,0.908632794180472,0.091367205819528,0.0913672058195255,TRUE,TRUE,TRUE,0.091367205819528,0.0958142332193868,0.0198096076356135,12,12,24,0,0,,,,,0,61,44,37,0,0,37,0.460000000000001,,
"constrained-tmlr-revision-2026-08-13","full",TRUE,12,"aligned",4,0.1,0.05,"stochastic","precomputed_exact_table","iid",202792400,202792432,100,25000,"certified","bounds-met",TRUE,37,37,27,27,27,0,27,0,TRUE,0.908632794180472,0.091367205819528,0.0913672058195313,TRUE,TRUE,TRUE,0.091367205819528,0.0958142332193868,0.0198096076356135,12,12,24,0,0,,,,,0,61,44,37,0,0,37,0.44,,
"constrained-tmlr-revision-2026-08-13","full",TRUE,12,"aligned",4,0.2,0.05,"exact","precomputed_exact_table","exact",202792400,202792441,,25000,"certified","bounds-met",TRUE,16,16,9,9,9,0,9,0,TRUE,0.837156695752471,0.162843304247529,0.162843304247527,TRUE,TRUE,TRUE,0.162843304247529,0.177744014840686,0.0377521747450012,5,5,24,0,0,,,,,0,40,30,16,0,0,16,0.379999999999999,,
"constrained-tmlr-revision-2026-08-13","full",TRUE,12,"aligned",4,0.2,0.05,"stochastic","precomputed_exact_table","iid",202792400,202792442,100,25000,"certified","bounds-met",TRUE,16,16,9,9,9,0,9,0,TRUE,0.837156695752471,0.162843304247529,0.162843304247537,TRUE,TRUE,TRUE,0.162843304247529,0.177744014840686,0.0377521747450012,5,5,24,0,0,,,,,0,40,30,16,0,0,16,0.190000000000001,,
"constrained-tmlr-revision-2026-08-13","full",TRUE,12,"aligned",5,0.01,0.05,"exact","precomputed_exact_table","exact",202792500,202792511,,25000,"certified","bounds-met",TRUE,73,73,96,96,96,0,96,0,TRUE,0.990138135158507,0.00986186484149298,0.00986186484149314,TRUE,TRUE,TRUE,0.00986186484149298,0.00991081512383271,0.00450562782805483,24,24,24,0,0,,,,,0,97,68,73,0,0,73,1.72,,
"constrained-tmlr-revision-2026-08-13","full",TRUE,12,"aligned",5,0.01,0.05,"stochastic","precomputed_exact_table","iid",202792500,202792512,100,25000,"certified","bounds-met",TRUE,73,73,96,96,96,0,96,0,TRUE,0.990138135158507,0.00986186484149298,0.00986186484149357,TRUE,TRUE,TRUE,0.00986186484149298,0.00991081512383271,0.00450562782805483,24,24,24,0,0,,,,,0,97,68,73,0,0,73,1.32,,
"constrained-tmlr-revision-2026-08-13","full",TRUE,12,"aligned",5,0.05,0.05,"exact","precomputed_exact_table","exact",202792500,202792521,,25000,"certified","bounds-met",TRUE,43,43,46,46,46,0,46,0,TRUE,0.950341396101038,0.0496586038989617,0.0496586038989617,TRUE,TRUE,TRUE,0.0496586038989617,0.0509339946265586,0.0208883223795074,14,14,24,0,0,,,,,0,67,48,43,0,0,43,0.620000000000001,,
"constrained-tmlr-revision-2026-08-13","full",TRUE,12,"aligned",5,0.05,0.05,"stochastic","precomputed_exact_table","iid",202792500,202792522,100,25000,"certified","bounds-met",TRUE,43,43,46,46,46,0,46,0,TRUE,0.950341396101038,0.0496586038989617,0.0496586038989645,TRUE,TRUE,TRUE,0.0496586038989617,0.0509339946265586,0.0208883223795074,14,14,24,0,0,,,,,0,67,48,43,0,0,43,0.75,,
"constrained-tmlr-revision-2026-08-13","full",TRUE,12,"aligned",5,0.1,0.05,"exact","precomputed_exact_table","exact",202792500,202792531,,25000,"certified","bounds-met",TRUE,43,43,36,36,36,0,36,0,TRUE,0.912798025216139,0.087201974783861,0.0872019747838614,TRUE,TRUE,TRUE,0.087201974783861,0.091240643872042,0.0232178098733655,14,14,24,0,0,,,,,0,67,48,43,0,0,43,0.92,,
"constrained-tmlr-revision-2026-08-13","full",TRUE,12,"aligned",5,0.1,0.05,"stochastic","precomputed_exact_table","iid",202792500,202792532,100,25000,"certified","bounds-met",TRUE,43,43,36,36,36,0,36,0,TRUE,0.912798025216139,0.087201974783861,0.0872019747838657,TRUE,TRUE,TRUE,0.087201974783861,0.091240643872042,0.0232178098733655,14,14,24,0,0,,,,,0,67,48,43,0,0,43,0.569999999999999,,
"constrained-tmlr-revision-2026-08-13","full",TRUE,12,"aligned",5,0.2,0.05,"exact","precomputed_exact_table","exact",202792500,202792541,,25000,"certified","bounds-met",TRUE,16,16,9,9,9,0,9,0,TRUE,0.815460693320913,0.184539306679087,0.184539306679087,TRUE,TRUE,TRUE,0.184539306679087,0.20400205756656,0.0443372754238594,5,5,24,0,0,,,,,0,40,30,16,0,0,16,0.18,,
"constrained-tmlr-revision-2026-08-13","full",TRUE,12,"aligned",5,0.2,0.05,"stochastic","precomputed_exact_table","iid",202792500,202792542,100,25000,"certified","bounds-met",TRUE,16,16,9,9,9,0,9,0,TRUE,0.815460693320913,0.184539306679087,0.184539306679097,TRUE,TRUE,TRUE,0.184539306679087,0.20400205756656,0.0443372754238594,5,5,24,0,0,,,,,0,40,30,16,0,0,16,0.210000000000001,,
"constrained-tmlr-revision-2026-08-13","full",TRUE,12,"aligned",6,0.01,0.05,"exact","precomputed_exact_table","exact",202792600,202792611,,25000,"certified","bounds-met",TRUE,61,61,110,110,110,0,110,0,TRUE,0.990351693285885,0.00964830671411498,0.00964830671411678,TRUE,TRUE,TRUE,0.00964830671411498,0.00969515319501235,0.00257034116362848,20,20,24,0,0,,,,,0,85,60,61,0,0,61,1.42,,
"constrained-tmlr-revision-2026-08-13","full",TRUE,12,"aligned",6,0.01,0.05,"stochastic","precomputed_exact_table","iid",202792600,202792612,100,25000,"certified","bounds-met",TRUE,61,61,110,110,110,0,110,0,TRUE,0.990351693285885,0.00964830671411498,0.00964830671411719,TRUE,TRUE,TRUE,0.00964830671411498,0.00969515319501235,0.00257034116362848,20,20,24,0,0,,,,,0,85,60,61,0,0,61,0.95,,
"constrained-tmlr-revision-2026-08-13","full",TRUE,12,"aligned",6,0.05,0.05,"exact","precomputed_exact_table","exact",202792600,202792621,,25000,"certified","bounds-met",TRUE,46,46,54,54,54,0,54,0,TRUE,0.953082567811043,0.0469174321889566,0.0469174321889585,TRUE,TRUE,TRUE,0.0469174321889566,0.0480537391952832,0.0150966580928667,15,15,24,0,0,,,,,0,70,50,46,0,0,46,0.69,,
"constrained-tmlr-revision-2026-08-13","full",TRUE,12,"aligned",6,0.05,0.05,"stochastic","precomputed_exact_table","iid",202792600,202792622,100,25000,"certified","bounds-met",TRUE,46,46,54,54,54,0,54,0,TRUE,0.953082567811043,0.0469174321889566,0.0469174321889598,TRUE,TRUE,TRUE,0.0469174321889566,0.0480537391952832,0.0150966580928667,15,15,24,0,0,,,,,0,70,50,46,0,0,46,0.67,,
"constrained-tmlr-revision-2026-08-13","full",TRUE,12,"aligned",6,0.1,0.05,"exact","precomputed_exact_table","exact",202792600,202792631,,25000,"certified","bounds-met",TRUE,37,37,35,35,35,0,35,0,TRUE,0.907815222207438,0.0921847777925621,0.0921847777925637,TRUE,TRUE,TRUE,0.0921847777925621,0.0967144208612759,0.0167235480066969,12,12,24,0,0,,,,,0,61,44,37,0,0,37,0.479999999999999,,
"constrained-tmlr-revision-2026-08-13","full",TRUE,12,"aligned",6,0.1,0.05,"stochastic","precomputed_exact_table","iid",202792600,202792632,100,25000,"certified","bounds-met",TRUE,37,37,35,35,35,0,35,0,TRUE,0.907815222207438,0.0921847777925621,0.092184777792567,TRUE,TRUE,TRUE,0.0921847777925621,0.0967144208612759,0.0167235480066969,12,12,24,0,0,,,,,0,61,44,37,0,0,37,0.57,,
"constrained-tmlr-revision-2026-08-13","full",TRUE,12,"aligned",6,0.2,0.05,"exact","precomputed_exact_table","exact",202792600,202792641,,25000,"certified","bounds-met",TRUE,28,28,18,18,18,0,18,0,TRUE,0.854161239383384,0.145838760616616,0.145838760616617,TRUE,TRUE,TRUE,0.145838760616616,0.157635298116393,0.0261534698541807,9,9,24,0,0,,,,,0,52,38,28,0,0,28,0.460000000000001,,
"constrained-tmlr-revision-2026-08-13","full",TRUE,12,"aligned",6,0.2,0.05,"stochastic","precomputed_exact_table","iid",202792600,202792642,100,25000,"certified","bounds-met",TRUE,28,28,18,18,18,0,18,0,TRUE,0.854161239383384,0.145838760616616,0.145838760616623,TRUE,TRUE,TRUE,0.145838760616616,0.157635298116393,0.0261534698541807,9,9,24,0,0,,,,,0,52,38,28,0,0,28,0.369999999999999,,
"constrained-tmlr-revision-2026-08-13","full",TRUE,12,"aligned",7,0.01,0.05,"exact","precomputed_exact_table","exact",202792700,202792711,,25000,"certified","bounds-met",TRUE,70,70,135,135,135,0,135,0,TRUE,0.99010574289951,0.0098942571004903,0.00989425710048808,TRUE,TRUE,TRUE,0.0098942571004903,0.00994353054778542,0.00316458699499511,23,23,24,0,0,,,,,0,94,65,70,0,0,70,1.52,,
"constrained-tmlr-revision-2026-08-13","full",TRUE,12,"aligned",7,0.01,0.05,"stochastic","precomputed_exact_table","iid",202792700,202792712,100,25000,"certified","bounds-met",TRUE,70,70,135,135,135,0,135,0,TRUE,0.99010574289951,0.0098942571004903,0.00989425710048829,TRUE,TRUE,TRUE,0.0098942571004903,0.00994353054778542,0.00316458699499511,23,23,24,0,0,,,,,0,94,65,70,0,0,70,1.22,,
"constrained-tmlr-revision-2026-08-13","full",TRUE,12,"aligned",7,0.05,0.05,"exact","precomputed_exact_table","exact",202792700,202792721,,25000,"certified","bounds-met",TRUE,46,46,55,55,55,0,55,0,TRUE,0.954184688742907,0.0458153112570926,0.0458153112570902,TRUE,TRUE,TRUE,0.0458153112570926,0.0468980322006308,0.00735910591796146,15,15,24,0,0,,,,,0,70,50,46,0,0,46,0.859999999999999,,
"constrained-tmlr-revision-2026-08-13","full",TRUE,12,"aligned",7,0.05,0.05,"stochastic","precomputed_exact_table","iid",202792700,202792722,100,25000,"certified","bounds-met",TRUE,46,46,55,55,55,0,55,0,TRUE,0.954184688742907,0.0458153112570926,0.0458153112570919,TRUE,TRUE,TRUE,0.0458153112570926,0.0468980322006308,0.00735910591796146,15,15,24,0,0,,,,,0,70,50,46,0,0,46,0.709999999999999,,
"constrained-tmlr-revision-2026-08-13","full",TRUE,12,"aligned",7,0.1,0.05,"exact","precomputed_exact_table","exact",202792700,202792731,,25000,"certified","bounds-met",TRUE,37,37,36,36,36,0,36,0,TRUE,0.905687649384074,0.0943123506159258,0.094312350615923,TRUE,TRUE,TRUE,0.0943123506159258,0.0990607902360321,0.0190125080794952,12,12,24,0,0,,,,,0,61,44,37,0,0,37,0.479999999999999,,
"constrained-tmlr-revision-2026-08-13","full",TRUE,12,"aligned",7,0.1,0.05,"stochastic","precomputed_exact_table","iid",202792700,202792732,100,25000,"certified","bounds-met",TRUE,37,37,36,36,36,0,36,0,TRUE,0.905687649384074,0.0943123506159258,0.0943123506159277,TRUE,TRUE,TRUE,0.0943123506159258,0.0990607902360321,0.0190125080794952,12,12,24,0,0,,,,,0,61,44,37,0,0,37,0.81,,
"constrained-tmlr-revision-2026-08-13","full",TRUE,12,"aligned",7,0.2,0.05,"exact","precomputed_exact_table","exact",202792700,202792741,,25000,"certified","bounds-met",TRUE,22,22,17,17,17,0,17,0,TRUE,0.819070100534452,0.180929899465548,0.180929899465545,TRUE,TRUE,TRUE,0.180929899465548,0.199585605953767,0.0398041771159875,7,7,24,0,0,,,,,0,46,34,22,0,0,22,0.27,,
"constrained-tmlr-revision-2026-08-13","full",TRUE,12,"aligned",7,0.2,0.05,"stochastic","precomputed_exact_table","iid",202792700,202792742,100,25000,"certified","bounds-met",TRUE,22,22,17,17,17,0,17,0,TRUE,0.819070100534452,0.180929899465548,0.180929899465553,TRUE,TRUE,TRUE,0.180929899465548,0.199585605953767,0.0398041771159875,7,7,24,0,0,,,,,0,46,34,22,0,0,22,0.470000000000001,,
"constrained-tmlr-revision-2026-08-13","full",TRUE,12,"aligned",8,0.01,0.05,"exact","precomputed_exact_table","exact",202792800,202792811,,25000,"certified","bounds-met",TRUE,85,85,121,121,121,0,121,0,TRUE,0.990533605518023,0.00946639448197661,0.00946639448197772,TRUE,TRUE,TRUE,0.00946639448197661,0.00951148558663584,0.00363707927594603,28,28,24,0,0,,,,,0,109,76,85,0,0,85,2.17,,
"constrained-tmlr-revision-2026-08-13","full",TRUE,12,"aligned",8,0.01,0.05,"stochastic","precomputed_exact_table","iid",202792800,202792812,100,25000,"certified","bounds-met",TRUE,85,85,121,121,121,0,121,0,TRUE,0.990533605518023,0.00946639448197661,0.00946639448197799,TRUE,TRUE,TRUE,0.00946639448197661,0.00951148558663584,0.00363707927594603,28,28,24,0,0,,,,,0,109,76,85,0,0,85,1.66,,
"constrained-tmlr-revision-2026-08-13","full",TRUE,12,"aligned",8,0.05,0.05,"exact","precomputed_exact_table","exact",202792800,202792821,,25000,"certified","bounds-met",TRUE,43,43,54,54,54,0,54,0,TRUE,0.951043292266705,0.0489567077332952,0.048956707733296,TRUE,TRUE,TRUE,0.0489567077332952,0.050195694584654,0.0246274475929004,14,14,24,0,0,,,,,0,67,48,43,0,0,43,0.58,,
"constrained-tmlr-revision-2026-08-13","full",TRUE,12,"aligned",8,0.05,0.05,"stochastic","precomputed_exact_table","iid",202792800,202792822,100,25000,"certified","bounds-met",TRUE,43,43,54,54,54,0,54,0,TRUE,0.951043292266705,0.0489567077332952,0.0489567077332974,TRUE,TRUE,TRUE,0.0489567077332952,0.050195694584654,0.0246274475929004,14,14,24,0,0,,,,,0,67,48,43,0,0,43,0.58,,
"constrained-tmlr-revision-2026-08-13","full",TRUE,12,"aligned",8,0.1,0.05,"exact","precomputed_exact_table","exact",202792800,202792831,,25000,"certified","bounds-met",TRUE,37,37,36,36,36,0,36,0,TRUE,0.910806913540639,0.0891930864593614,0.0891930864593625,TRUE,TRUE,TRUE,0.0891930864593614,0.0934243541970324,0.0246274475929004,12,12,24,0,0,,,,,0,61,44,37,0,0,37,0.460000000000001,,
"constrained-tmlr-revision-2026-08-13","full",TRUE,12,"aligned",8,0.1,0.05,"stochastic","precomputed_exact_table","iid",202792800,202792832,100,25000,"certified","bounds-met",TRUE,37,37,36,36,36,0,36,0,TRUE,0.910806913540639,0.0891930864593614,0.089193086459365,TRUE,TRUE,TRUE,0.0891930864593614,0.0934243541970324,0.0246274475929004,12,12,24,0,0,,,,,0,61,44,37,0,0,37,0.449999999999999,,
"constrained-tmlr-revision-2026-08-13","full",TRUE,12,"aligned",8,0.2,0.05,"exact","precomputed_exact_table","exact",202792800,202792841,,25000,"certified","bounds-met",TRUE,16,16,9,9,9,0,9,0,TRUE,0.81147735272025,0.18852264727975,0.188522647279751,TRUE,TRUE,TRUE,0.18852264727975,0.208898800340215,0.038321500872253,5,5,24,0,0,,,,,0,40,30,16,0,0,16,0.0899999999999999,,
"constrained-tmlr-revision-2026-08-13","full",TRUE,12,"aligned",8,0.2,0.05,"stochastic","precomputed_exact_table","iid",202792800,202792842,100,25000,"certified","bounds-met",TRUE,16,16,9,9,9,0,9,0,TRUE,0.81147735272025,0.18852264727975,0.188522647279755,TRUE,TRUE,TRUE,0.18852264727975,0.208898800340215,0.038321500872253,5,5,24,0,0,,,,,0,40,30,16,0,0,16,0.0799999999999983,,
"constrained-tmlr-revision-2026-08-13","full",TRUE,12,"aligned",9,0.01,0.05,"exact","precomputed_exact_table","exact",202792900,202792911,,25000,"certified","bounds-met",TRUE,64,64,116,116,116,0,116,0,TRUE,0.990152761588105,0.00984723841189517,0.00984723841189508,TRUE,TRUE,TRUE,0.00984723841189517,0.0098960431227877,0.0052486011766681,21,21,24,0,0,,,,,0,88,62,64,0,0,64,1.86,,
"constrained-tmlr-revision-2026-08-13","full",TRUE,12,"aligned",9,0.01,0.05,"stochastic","precomputed_exact_table","iid",202792900,202792912,100,25000,"certified","bounds-met",TRUE,64,64,116,116,116,0,116,0,TRUE,0.990152761588105,0.00984723841189517,0.0098472384118955,TRUE,TRUE,TRUE,0.00984723841189517,0.0098960431227877,0.0052486011766681,21,21,24,0,0,,,,,0,88,62,64,0,0,64,1.17,,
"constrained-tmlr-revision-2026-08-13","full",TRUE,12,"aligned",9,0.05,0.05,"exact","precomputed_exact_table","exact",202792900,202792921,,25000,"certified","bounds-met",TRUE,52,52,56,56,56,0,56,0,TRUE,0.96807029831289,0.0319297016871101,0.0319297016871101,TRUE,TRUE,TRUE,0.0319297016871101,0.0324505721183662,0.0129614217698686,17,17,24,0,0,,,,,0,76,54,52,0,0,52,0.819999999999999,,
"constrained-tmlr-revision-2026-08-13","full",TRUE,12,"aligned",9,0.05,0.05,"stochastic","precomputed_exact_table","iid",202792900,202792922,100,25000,"certified","bounds-met",TRUE,52,52,56,56,56,0,56,0,TRUE,0.96807029831289,0.0319297016871101,0.0319297016871113,TRUE,TRUE,TRUE,0.0319297016871101,0.0324505721183662,0.0129614217698686,17,17,24,0,0,,,,,0,76,54,52,0,0,52,1.04,,
"constrained-tmlr-revision-2026-08-13","full",TRUE,12,"aligned",9,0.1,0.05,"exact","precomputed_exact_table","exact",202792900,202792931,,25000,"certified","bounds-met",TRUE,40,40,37,37,37,0,37,0,TRUE,0.91518164442192,0.0848183555780798,0.0848183555780795,TRUE,TRUE,TRUE,0.0848183555780798,0.0886327149149027,0.0410380446594667,13,13,24,0,0,,,,,0,64,46,40,0,0,40,0.549999999999999,,
"constrained-tmlr-revision-2026-08-13","full",TRUE,12,"aligned",9,0.1,0.05,"stochastic","precomputed_exact_table","iid",202792900,202792932,100,25000,"certified","bounds-met",TRUE,40,40,37,37,37,0,37,0,TRUE,0.91518164442192,0.0848183555780798,0.0848183555780826,TRUE,TRUE,TRUE,0.0848183555780798,0.0886327149149027,0.0410380446594667,13,13,24,0,0,,,,,0,64,46,40,0,0,40,0.5,,
"constrained-tmlr-revision-2026-08-13","full",TRUE,12,"aligned",9,0.2,0.05,"exact","precomputed_exact_table","exact",202792900,202792941,,25000,"certified","bounds-met",TRUE,22,22,19,19,19,0,19,0,TRUE,0.82795524218795,0.17204475781205,0.172044757812051,TRUE,TRUE,TRUE,0.17204475781205,0.188796181386482,0.0650329579736477,7,7,24,0,0,,,,,0,46,34,22,0,0,22,0.289999999999999,,
"constrained-tmlr-revision-2026-08-13","full",TRUE,12,"aligned",9,0.2,0.05,"stochastic","precomputed_exact_table","iid",202792900,202792942,100,25000,"certified","bounds-met",TRUE,22,22,19,19,19,0,19,0,TRUE,0.82795524218795,0.17204475781205,0.172044757812056,TRUE,TRUE,TRUE,0.17204475781205,0.188796181386482,0.0650329579736477,7,7,24,0,0,,,,,0,46,34,22,0,0,22,0.24,,
"constrained-tmlr-revision-2026-08-13","full",TRUE,12,"aligned",10,0.01,0.05,"exact","precomputed_exact_table","exact",202793000,202793011,,25000,"certified","bounds-met",TRUE,67,67,116,116,116,0,116,0,TRUE,0.99019446088869,0.00980553911131044,0.00980553911131327,TRUE,TRUE,TRUE,0.00980553911131044,0.00985393000230296,0.00360385347893382,22,22,24,0,0,,,,,0,91,64,67,0,0,67,1.9,,
"constrained-tmlr-revision-2026-08-13","full",TRUE,12,"aligned",10,0.01,0.05,"stochastic","precomputed_exact_table","iid",202793000,202793012,100,25000,"certified","bounds-met",TRUE,67,67,116,116,116,0,116,0,TRUE,0.99019446088869,0.00980553911131044,0.00980553911131376,TRUE,TRUE,TRUE,0.00980553911131044,0.00985393000230296,0.00360385347893382,22,22,24,0,0,,,,,0,91,64,67,0,0,67,1.55,,
"constrained-tmlr-revision-2026-08-13","full",TRUE,12,"aligned",10,0.05,0.05,"exact","precomputed_exact_table","exact",202793000,202793021,,25000,"certified","bounds-met",TRUE,46,46,56,56,56,0,56,0,TRUE,0.957554166880319,0.0424458331196805,0.0424458331196833,TRUE,TRUE,TRUE,0.0424458331196805,0.0433729883730428,0.0156818430254264,15,15,24,0,0,,,,,0,70,50,46,0,0,46,0.73,,
"constrained-tmlr-revision-2026-08-13","full",TRUE,12,"aligned",10,0.05,0.05,"stochastic","precomputed_exact_table","iid",202793000,202793022,100,25000,"certified","bounds-met",TRUE,46,46,56,56,56,0,56,0,TRUE,0.957554166880319,0.0424458331196805,0.0424458331196851,TRUE,TRUE,TRUE,0.0424458331196805,0.0433729883730428,0.0156818430254264,15,15,24,0,0,,,,,0,70,50,46,0,0,46,0.700000000000001,,
"constrained-tmlr-revision-2026-08-13","full",TRUE,12,"aligned",10,0.1,0.05,"exact","precomputed_exact_table","exact",202793000,202793031,,25000,"certified","bounds-met",TRUE,43,43,37,37,37,0,37,0,TRUE,0.904164480424611,0.095835519575389,0.0958355195753919,TRUE,TRUE,TRUE,0.095835519575389,0.100743987768019,0.0246265006019523,14,14,24,0,0,,,,,0,67,48,43,0,0,43,0.529999999999999,,
"constrained-tmlr-revision-2026-08-13","full",TRUE,12,"aligned",10,0.1,0.05,"stochastic","precomputed_exact_table","iid",202793000,202793032,100,25000,"certified","bounds-met",TRUE,43,43,37,37,37,0,37,0,TRUE,0.904164480424611,0.095835519575389,0.0958355195753967,TRUE,TRUE,TRUE,0.095835519575389,0.100743987768019,0.0246265006019523,14,14,24,0,0,,,,,0,67,48,43,0,0,43,0.5,,
"constrained-tmlr-revision-2026-08-13","full",TRUE,12,"aligned",10,0.2,0.05,"exact","precomputed_exact_table","exact",202793000,202793041,,25000,"certified","bounds-met",TRUE,19,19,19,19,19,0,19,0,TRUE,0.839062480444031,0.160937519555969,0.160937519555972,TRUE,TRUE,TRUE,0.160937519555969,0.175470105151781,0.03751369981282,6,6,24,0,0,,,,,0,43,32,19,0,0,19,0.210000000000001,,
"constrained-tmlr-revision-2026-08-13","full",TRUE,12,"aligned",10,0.2,0.05,"stochastic","precomputed_exact_table","iid",202793000,202793042,100,25000,"certified","bounds-met",TRUE,19,19,19,19,19,0,19,0,TRUE,0.839062480444031,0.160937519555969,0.16093751955598,TRUE,TRUE,TRUE,0.160937519555969,0.175470105151781,0.03751369981282,6,6,24,0,0,,,,,0,43,32,19,0,0,19,0.220000000000001,,
"constrained-tmlr-revision-2026-08-13","full",TRUE,12,"aligned",11,0.01,0.05,"exact","precomputed_exact_table","exact",202793100,202793111,,25000,"certified","bounds-met",TRUE,73,73,92,92,92,0,92,0,TRUE,0.990590041806162,0.00940995819383772,0.00940995819383809,TRUE,TRUE,TRUE,0.00940995819383772,0.00945451156764375,0.00274712856988898,24,24,24,0,0,,,,,0,97,66,73,0,0,73,1.91,,
"constrained-tmlr-revision-2026-08-13","full",TRUE,12,"aligned",11,0.01,0.05,"stochastic","precomputed_exact_table","iid",202793100,202793112,100,25000,"certified","bounds-met",TRUE,73,73,92,92,92,0,92,0,TRUE,0.990590041806162,0.00940995819383772,0.00940995819383849,TRUE,TRUE,TRUE,0.00940995819383772,0.00945451156764375,0.00274712856988898,24,24,24,0,0,,,,,0,97,66,73,0,0,73,1.3,,
"constrained-tmlr-revision-2026-08-13","full",TRUE,12,"aligned",11,0.05,0.05,"exact","precomputed_exact_table","exact",202793100,202793121,,25000,"certified","bounds-met",TRUE,46,46,46,46,46,0,46,0,TRUE,0.960014683272891,0.0399853167271094,0.03998531672711,TRUE,TRUE,TRUE,0.0399853167271094,0.0408066995612959,0.0144577635366497,15,15,24,0,0,,,,,0,70,50,46,0,0,46,1.16,,
"constrained-tmlr-revision-2026-08-13","full",TRUE,12,"aligned",11,0.05,0.05,"stochastic","precomputed_exact_table","iid",202793100,202793122,100,25000,"certified","bounds-met",TRUE,46,46,46,46,46,0,46,0,TRUE,0.960014683272891,0.0399853167271094,0.0399853167271117,TRUE,TRUE,TRUE,0.0399853167271094,0.0408066995612959,0.0144577635366497,15,15,24,0,0,,,,,0,70,50,46,0,0,46,0.65,,
"constrained-tmlr-revision-2026-08-13","full",TRUE,12,"aligned",11,0.1,0.05,"exact","precomputed_exact_table","exact",202793100,202793131,,25000,"certified","bounds-met",TRUE,37,37,27,27,27,0,27,0,TRUE,0.906532575938995,0.0934674240610048,0.0934674240610054,TRUE,TRUE,TRUE,0.0934674240610048,0.0981283134825589,0.0280162897792814,12,12,24,0,0,,,,,0,61,44,37,0,0,37,0.5,,
"constrained-tmlr-revision-2026-08-13","full",TRUE,12,"aligned",11,0.1,0.05,"stochastic","precomputed_exact_table","iid",202793100,202793132,100,25000,"certified","bounds-met",TRUE,37,37,27,27,27,0,27,0,TRUE,0.906532575938995,0.0934674240610048,0.0934674240610094,TRUE,TRUE,TRUE,0.0934674240610048,0.0981283134825589,0.0280162897792814,12,12,24,0,0,,,,,0,61,44,37,0,0,37,0.5,,
"constrained-tmlr-revision-2026-08-13","full",TRUE,12,"aligned",11,0.2,0.05,"exact","precomputed_exact_table","exact",202793100,202793141,,25000,"certified","bounds-met",TRUE,16,16,9,9,9,0,9,0,TRUE,0.810830139386491,0.189169860613509,0.189169860613509,TRUE,TRUE,TRUE,0.189169860613509,0.209696692689531,0.0711805453381694,5,5,24,0,0,,,,,0,40,30,16,0,0,16,0.15,,
"constrained-tmlr-revision-2026-08-13","full",TRUE,12,"aligned",11,0.2,0.05,"stochastic","precomputed_exact_table","iid",202793100,202793142,100,25000,"certified","bounds-met",TRUE,16,16,9,9,9,0,9,0,TRUE,0.810830139386491,0.189169860613509,0.189169860613517,TRUE,TRUE,TRUE,0.189169860613509,0.209696692689531,0.0711805453381694,5,5,24,0,0,,,,,0,40,30,16,0,0,16,0.120000000000001,,
"constrained-tmlr-revision-2026-08-13","full",TRUE,12,"aligned",12,0.01,0.05,"exact","precomputed_exact_table","exact",202793200,202793211,,25000,"certified","bounds-met",TRUE,70,70,112,112,112,0,112,0,TRUE,0.990411193527516,0.00958880647248417,0.00958880647248439,TRUE,TRUE,TRUE,0.00958880647248417,0.00963507508869803,0.00339198353139345,23,23,24,0,0,,,,,0,94,66,70,0,0,70,1.83,,
"constrained-tmlr-revision-2026-08-13","full",TRUE,12,"aligned",12,0.01,0.05,"stochastic","precomputed_exact_table","iid",202793200,202793212,100,25000,"certified","bounds-met",TRUE,70,70,112,112,112,0,112,0,TRUE,0.990411193527516,0.00958880647248417,0.00958880647248479,TRUE,TRUE,TRUE,0.00958880647248417,0.00963507508869803,0.00339198353139345,23,23,24,0,0,,,,,0,94,66,70,0,0,70,1.42,,
"constrained-tmlr-revision-2026-08-13","full",TRUE,12,"aligned",12,0.05,0.05,"exact","precomputed_exact_table","exact",202793200,202793221,,25000,"certified","bounds-met",TRUE,46,46,47,47,47,0,47,0,TRUE,0.950785401878752,0.0492145981212477,0.0492145981212479,TRUE,TRUE,TRUE,0.0492145981212477,0.0504668971281082,0.0151819944905818,15,15,24,0,0,,,,,0,70,50,46,0,0,46,0.940000000000001,,
"constrained-tmlr-revision-2026-08-13","full",TRUE,12,"aligned",12,0.05,0.05,"stochastic","precomputed_exact_table","iid",202793200,202793222,100,25000,"certified","bounds-met",TRUE,46,46,47,47,47,0,47,0,TRUE,0.950785401878752,0.0492145981212477,0.0492145981212496,TRUE,TRUE,TRUE,0.0492145981212477,0.0504668971281082,0.0151819944905818,15,15,24,0,0,,,,,0,70,50,46,0,0,46,0.91,,
"constrained-tmlr-revision-2026-08-13","full",TRUE,12,"aligned",12,0.1,0.05,"exact","precomputed_exact_table","exact",202793200,202793231,,25000,"certified","bounds-met",TRUE,37,37,36,36,36,0,36,0,TRUE,0.9012735206629,0.0987264793371,0.0987264793371003,TRUE,TRUE,TRUE,0.0987264793371,0.103946492900608,0.0295836930409714,12,12,24,0,0,,,,,0,61,44,37,0,0,37,0.66,,
"constrained-tmlr-revision-2026-08-13","full",TRUE,12,"aligned",12,0.1,0.05,"stochastic","precomputed_exact_table","iid",202793200,202793232,100,25000,"certified","bounds-met",TRUE,37,37,36,36,36,0,36,0,TRUE,0.9012735206629,0.0987264793371,0.0987264793371038,TRUE,TRUE,TRUE,0.0987264793371,0.103946492900608,0.0295836930409714,12,12,24,0,0,,,,,0,61,44,37,0,0,37,0.44,,
"constrained-tmlr-revision-2026-08-13","full",TRUE,12,"aligned",12,0.2,0.05,"exact","precomputed_exact_table","exact",202793200,202793241,,25000,"certified","bounds-met",TRUE,31,31,18,18,18,0,18,0,TRUE,0.842855657565693,0.157144342434307,0.157144342434308,TRUE,TRUE,TRUE,0.157144342434307,0.170959560355387,0.0378723565287435,10,10,24,0,0,,,,,0,55,40,31,0,0,31,0.27,,
"constrained-tmlr-revision-2026-08-13","full",TRUE,12,"aligned",12,0.2,0.05,"stochastic","precomputed_exact_table","iid",202793200,202793242,100,25000,"certified","bounds-met",TRUE,31,31,18,18,18,0,18,0,TRUE,0.842855657565693,0.157144342434307,0.157144342434315,TRUE,TRUE,TRUE,0.157144342434307,0.170959560355387,0.0378723565287435,10,10,24,0,0,,,,,0,55,40,31,0,0,31,0.229999999999999,,
"constrained-tmlr-revision-2026-08-13","full",TRUE,12,"aligned",13,0.01,0.05,"exact","precomputed_exact_table","exact",202793300,202793311,,25000,"certified","bounds-met",TRUE,70,70,167,167,167,0,167,0,TRUE,0.990929799234415,0.00907020076558507,0.0090702007655841,TRUE,TRUE,TRUE,0.00907020076558507,0.00911158547167914,0.00350918883530977,23,23,24,0,0,,,,,0,94,66,70,0,0,70,2,,
"constrained-tmlr-revision-2026-08-13","full",TRUE,12,"aligned",13,0.01,0.05,"stochastic","precomputed_exact_table","iid",202793300,202793312,100,25000,"certified","bounds-met",TRUE,70,70,167,167,167,0,167,0,TRUE,0.990929799234415,0.00907020076558507,0.00907020076558455,TRUE,TRUE,TRUE,0.00907020076558507,0.00911158547167914,0.00350918883530977,23,23,24,0,0,,,,,0,94,66,70,0,0,70,1.44,,
"constrained-tmlr-revision-2026-08-13","full",TRUE,12,"aligned",13,0.05,0.05,"exact","precomputed_exact_table","exact",202793300,202793321,,25000,"certified","bounds-met",TRUE,49,49,74,74,74,0,74,0,TRUE,0.953973115284594,0.0460268847154056,0.046026884715405,TRUE,TRUE,TRUE,0.0460268847154056,0.0471197889743457,0.0223989980410075,16,16,24,0,0,,,,,0,73,52,49,0,0,49,0.99,,
"constrained-tmlr-revision-2026-08-13","full",TRUE,12,"aligned",13,0.05,0.05,"stochastic","precomputed_exact_table","iid",202793300,202793322,100,25000,"certified","bounds-met",TRUE,49,49,74,74,74,0,74,0,TRUE,0.953973115284594,0.0460268847154056,0.0460268847154069,TRUE,TRUE,TRUE,0.0460268847154056,0.0471197889743457,0.0223989980410075,16,16,24,0,0,,,,,0,73,52,49,0,0,49,0.950000000000001,,
"constrained-tmlr-revision-2026-08-13","full",TRUE,12,"aligned",13,0.1,0.05,"exact","precomputed_exact_table","exact",202793300,202793331,,25000,"certified","bounds-met",TRUE,40,40,45,45,45,0,45,0,TRUE,0.90013723094425,0.0998627690557503,0.0998627690557495,TRUE,TRUE,TRUE,0.0998627690557503,0.105208048454597,0.0333311134539725,13,13,24,0,0,,,,,0,64,46,40,0,0,40,0.5,,
"constrained-tmlr-revision-2026-08-13","full",TRUE,12,"aligned",13,0.1,0.05,"stochastic","precomputed_exact_table","iid",202793300,202793332,100,25000,"certified","bounds-met",TRUE,40,40,45,45,45,0,45,0,TRUE,0.90013723094425,0.0998627690557503,0.0998627690557538,TRUE,TRUE,TRUE,0.0998627690557503,0.105208048454597,0.0333311134539725,13,13,24,0,0,,,,,0,64,46,40,0,0,40,0.559999999999999,,
"constrained-tmlr-revision-2026-08-13","full",TRUE,12,"aligned",13,0.2,0.05,"exact","precomputed_exact_table","exact",202793300,202793341,,25000,"certified","bounds-met",TRUE,25,25,27,27,27,0,27,0,TRUE,0.847249903106076,0.152750096893924,0.152750096893923,TRUE,TRUE,TRUE,0.152750096893924,0.165759582857832,0.0426839746186688,8,8,24,0,0,,,,,0,49,36,25,0,0,25,0.19,,
"constrained-tmlr-revision-2026-08-13","full",TRUE,12,"aligned",13,0.2,0.05,"stochastic","precomputed_exact_table","iid",202793300,202793342,100,25000,"certified","bounds-met",TRUE,25,25,27,27,27,0,27,0,TRUE,0.847249903106076,0.152750096893924,0.152750096893931,TRUE,TRUE,TRUE,0.152750096893924,0.165759582857832,0.0426839746186688,8,8,24,0,0,,,,,0,49,36,25,0,0,25,0.16,,
"constrained-tmlr-revision-2026-08-13","full",TRUE,12,"aligned",14,0.01,0.05,"exact","precomputed_exact_table","exact",202793400,202793411,,25000,"certified","bounds-met",TRUE,58,58,91,91,91,0,91,0,TRUE,0.990029320587669,0.00997067941233054,0.00997067941232708,TRUE,TRUE,TRUE,0.00997067941233054,0.0100207195368472,0.00328220502091712,19,19,24,0,0,,,,,0,82,58,58,0,0,58,1.45,,
"constrained-tmlr-revision-2026-08-13","full",TRUE,12,"aligned",14,0.01,0.05,"stochastic","precomputed_exact_table","iid",202793400,202793412,100,25000,"certified","bounds-met",TRUE,58,58,91,91,91,0,91,0,TRUE,0.990029320587669,0.00997067941233054,0.00997067941232757,TRUE,TRUE,TRUE,0.00997067941233054,0.0100207195368472,0.00328220502091712,19,19,24,0,0,,,,,0,82,58,58,0,0,58,1.02,,
"constrained-tmlr-revision-2026-08-13","full",TRUE,12,"aligned",14,0.05,0.05,"exact","precomputed_exact_table","exact",202793400,202793421,,25000,"certified","bounds-met",TRUE,46,46,46,46,46,0,46,0,TRUE,0.955990865052158,0.0440091349478421,0.0440091349478387,TRUE,TRUE,TRUE,0.0440091349478421,0.0450069213611608,0.0156156214356566,15,15,24,0,0,,,,,0,70,50,46,0,0,46,0.780000000000001,,
"constrained-tmlr-revision-2026-08-13","full",TRUE,12,"aligned",14,0.05,0.05,"stochastic","precomputed_exact_table","iid",202793400,202793422,100,25000,"certified","bounds-met",TRUE,46,46,46,46,46,0,46,0,TRUE,0.955990865052158,0.0440091349478421,0.0440091349478415,TRUE,TRUE,TRUE,0.0440091349478421,0.0450069213611608,0.0156156214356566,15,15,24,0,0,,,,,0,70,50,46,0,0,46,0.790000000000001,,
"constrained-tmlr-revision-2026-08-13","full",TRUE,12,"aligned",14,0.1,0.05,"exact","precomputed_exact_table","exact",202793400,202793431,,25000,"certified","bounds-met",TRUE,34,34,27,27,27,0,27,0,TRUE,0.901394598687387,0.0986054013126131,0.0986054013126103,TRUE,TRUE,TRUE,0.0986054013126131,0.103812160880899,0.0199048094228653,11,11,24,0,0,,,,,0,58,42,34,0,0,34,0.530000000000001,,
"constrained-tmlr-revision-2026-08-13","full",TRUE,12,"aligned",14,0.1,0.05,"stochastic","precomputed_exact_table","iid",202793400,202793432,100,25000,"certified","bounds-met",TRUE,34,34,27,27,27,0,27,0,TRUE,0.901394598687387,0.0986054013126131,0.0986054013126159,TRUE,TRUE,TRUE,0.0986054013126131,0.103812160880899,0.0199048094228653,11,11,24,0,0,,,,,0,58,42,34,0,0,34,0.460000000000001,,
"constrained-tmlr-revision-2026-08-13","full",TRUE,12,"aligned",14,0.2,0.05,"exact","precomputed_exact_table","exact",202793400,202793441,,25000,"certified","bounds-met",TRUE,16,16,9,9,9,0,9,0,TRUE,0.831627981851648,0.168372018148352,0.168372018148349,TRUE,TRUE,TRUE,0.168372018148352,0.184370075354112,0.0319868021760723,5,5,24,0,0,,,,,0,40,30,16,0,0,16,0.159999999999998,,
"constrained-tmlr-revision-2026-08-13","full",TRUE,12,"aligned",14,0.2,0.05,"stochastic","precomputed_exact_table","iid",202793400,202793442,100,25000,"certified","bounds-met",TRUE,16,16,9,9,9,0,9,0,TRUE,0.831627981851648,0.168372018148352,0.168372018148357,TRUE,TRUE,TRUE,0.168372018148352,0.184370075354112,0.0319868021760723,5,5,24,0,0,,,,,0,40,30,16,0,0,16,0.17,,
"constrained-tmlr-revision-2026-08-13","full",TRUE,12,"aligned",15,0.01,0.05,"exact","precomputed_exact_table","exact",202793500,202793511,,25000,"certified","bounds-met",TRUE,79,79,123,123,123,0,123,0,TRUE,0.990179541061209,0.0098204589387908,0.00982045893879138,TRUE,TRUE,TRUE,0.0098204589387908,0.00986899768897826,0.00291899814733325,26,26,24,0,0,,,,,0,103,72,79,0,0,79,2.25,,
"constrained-tmlr-revision-2026-08-13","full",TRUE,12,"aligned",15,0.01,0.05,"stochastic","precomputed_exact_table","iid",202793500,202793512,100,25000,"certified","bounds-met",TRUE,79,79,123,123,123,0,123,0,TRUE,0.990179541061209,0.0098204589387908,0.00982045893879159,TRUE,TRUE,TRUE,0.0098204589387908,0.00986899768897826,0.00291899814733325,26,26,24,0,0,,,,,0,103,72,79,0,0,79,1.52,,
"constrained-tmlr-revision-2026-08-13","full",TRUE,12,"aligned",15,0.05,0.05,"exact","precomputed_exact_table","exact",202793500,202793521,,25000,"certified","bounds-met",TRUE,43,43,54,54,54,0,54,0,TRUE,0.954351002081663,0.045648997918337,0.0456489979183376,TRUE,TRUE,TRUE,0.045648997918337,0.0467237484919465,0.014498789420618,14,14,24,0,0,,,,,0,67,48,43,0,0,43,0.890000000000001,,
"constrained-tmlr-revision-2026-08-13","full",TRUE,12,"aligned",15,0.05,0.05,"stochastic","precomputed_exact_table","iid",202793500,202793522,100,25000,"certified","bounds-met",TRUE,43,43,54,54,54,0,54,0,TRUE,0.954351002081663,0.045648997918337,0.0456489979183389,TRUE,TRUE,TRUE,0.045648997918337,0.0467237484919465,0.014498789420618,14,14,24,0,0,,,,,0,67,48,43,0,0,43,0.82,,
"constrained-tmlr-revision-2026-08-13","full",TRUE,12,"aligned",15,0.1,0.05,"exact","precomputed_exact_table","exact",202793500,202793531,,25000,"certified","bounds-met",TRUE,43,43,37,37,37,0,37,0,TRUE,0.916098958375124,0.0839010416248762,0.0839010416248768,TRUE,TRUE,TRUE,0.0839010416248762,0.0876308869825529,0.0227434403844761,14,14,24,0,0,,,,,0,67,48,43,0,0,43,0.539999999999999,,
"constrained-tmlr-revision-2026-08-13","full",TRUE,12,"aligned",15,0.1,0.05,"stochastic","precomputed_exact_table","iid",202793500,202793532,100,25000,"certified","bounds-met",TRUE,43,43,37,37,37,0,37,0,TRUE,0.916098958375124,0.0839010416248762,0.0839010416248786,TRUE,TRUE,TRUE,0.0839010416248762,0.0876308869825529,0.0227434403844761,14,14,24,0,0,,,,,0,67,48,43,0,0,43,0.609999999999999,,
"constrained-tmlr-revision-2026-08-13","full",TRUE,12,"aligned",15,0.2,0.05,"exact","precomputed_exact_table","exact",202793500,202793541,,25000,"certified","bounds-met",TRUE,37,37,18,18,18,0,18,0,TRUE,0.808838235353915,0.191161764646085,0.191161764646085,TRUE,TRUE,TRUE,0.191161764646085,0.212156338216811,0.0550731392812409,12,12,24,0,0,,,,,0,61,44,37,0,0,37,0.279999999999999,,
"constrained-tmlr-revision-2026-08-13","full",TRUE,12,"aligned",15,0.2,0.05,"stochastic","precomputed_exact_table","iid",202793500,202793542,100,25000,"certified","bounds-met",TRUE,37,37,18,18,18,0,18,0,TRUE,0.808838235353915,0.191161764646085,0.191161764646091,TRUE,TRUE,TRUE,0.191161764646085,0.212156338216811,0.0550731392812409,12,12,24,0,0,,,,,0,61,44,37,0,0,37,0.219999999999999,,
"constrained-tmlr-revision-2026-08-13","full",TRUE,12,"aligned",16,0.01,0.05,"exact","precomputed_exact_table","exact",202793600,202793611,,25000,"certified","bounds-met",TRUE,73,73,134,134,134,0,134,0,TRUE,0.990200266611531,0.00979973338846885,0.00979973338846651,TRUE,TRUE,TRUE,0.00979973338846885,0.00984806680466767,0.0028316686292203,24,24,24,0,0,,,,,0,97,68,73,0,0,73,1.89,,
"constrained-tmlr-revision-2026-08-13","full",TRUE,12,"aligned",16,0.01,0.05,"stochastic","precomputed_exact_table","iid",202793600,202793612,100,25000,"certified","bounds-met",TRUE,73,73,134,134,134,0,134,0,TRUE,0.990200266611531,0.00979973338846885,0.00979973338846699,TRUE,TRUE,TRUE,0.00979973338846885,0.00984806680466767,0.0028316686292203,24,24,24,0,0,,,,,0,97,68,73,0,0,73,1.25,,
"constrained-tmlr-revision-2026-08-13","full",TRUE,12,"aligned",16,0.05,0.05,"exact","precomputed_exact_table","exact",202793600,202793621,,25000,"certified","bounds-met",TRUE,46,46,56,56,56,0,56,0,TRUE,0.965750426454529,0.0342495735454714,0.0342495735454693,TRUE,TRUE,TRUE,0.0342495735454714,0.0348498358572484,0.00971416569982171,15,15,24,0,0,,,,,0,70,50,46,0,0,46,0.970000000000001,,
"constrained-tmlr-revision-2026-08-13","full",TRUE,12,"aligned",16,0.05,0.05,"stochastic","precomputed_exact_table","iid",202793600,202793622,100,25000,"certified","bounds-met",TRUE,46,46,56,56,56,0,56,0,TRUE,0.965750426454529,0.0342495735454714,0.0342495735454707,TRUE,TRUE,TRUE,0.0342495735454714,0.0348498358572484,0.00971416569982171,15,15,24,0,0,,,,,0,70,50,46,0,0,46,0.77,,
"constrained-tmlr-revision-2026-08-13","full",TRUE,12,"aligned",16,0.1,0.05,"exact","precomputed_exact_table","exact",202793600,202793631,,25000,"certified","bounds-met",TRUE,43,43,37,37,37,0,37,0,TRUE,0.911705656055241,0.0882943439447588,0.0882943439447563,TRUE,TRUE,TRUE,0.0882943439447588,0.0924380865548243,0.0237237039730504,14,14,24,0,0,,,,,0,67,48,43,0,0,43,1.08,,
"constrained-tmlr-revision-2026-08-13","full",TRUE,12,"aligned",16,0.1,0.05,"stochastic","precomputed_exact_table","iid",202793600,202793632,100,25000,"certified","bounds-met",TRUE,43,43,37,37,37,0,37,0,TRUE,0.911705656055241,0.0882943439447588,0.0882943439447594,TRUE,TRUE,TRUE,0.0882943439447588,0.0924380865548243,0.0237237039730504,14,14,24,0,0,,,,,0,67,48,43,0,0,43,0.59,,
"constrained-tmlr-revision-2026-08-13","full",TRUE,12,"aligned",16,0.2,0.05,"exact","precomputed_exact_table","exact",202793600,202793641,,25000,"certified","bounds-met",TRUE,31,31,18,18,18,0,18,0,TRUE,0.809956880437504,0.190043119562496,0.190043119562493,TRUE,TRUE,TRUE,0.190043119562496,0.210774266760406,0.0543996022074364,10,10,24,0,0,,,,,0,55,40,31,0,0,31,0.220000000000001,,
"constrained-tmlr-revision-2026-08-13","full",TRUE,12,"aligned",16,0.2,0.05,"stochastic","precomputed_exact_table","iid",202793600,202793642,100,25000,"certified","bounds-met",TRUE,31,31,18,18,18,0,18,0,TRUE,0.809956880437504,0.190043119562496,0.190043119562501,TRUE,TRUE,TRUE,0.190043119562496,0.210774266760406,0.0543996022074364,10,10,24,0,0,,,,,0,55,40,31,0,0,31,0.190000000000001,,
"constrained-tmlr-revision-2026-08-13","full",TRUE,12,"aligned",17,0.01,0.05,"exact","precomputed_exact_table","exact",202793700,202793711,,25000,"certified","bounds-met",TRUE,85,85,143,143,143,0,143,0,TRUE,0.990190381379014,0.00980961862098639,0.00980961862098792,TRUE,TRUE,TRUE,0.00980961862098639,0.00985804991838078,0.00480752181386841,28,28,24,0,0,,,,,0,109,76,85,0,0,85,1.51,,
"constrained-tmlr-revision-2026-08-13","full",TRUE,12,"aligned",17,0.01,0.05,"stochastic","precomputed_exact_table","iid",202793700,202793712,100,25000,"certified","bounds-met",TRUE,85,85,143,143,143,0,143,0,TRUE,0.990190381379014,0.00980961862098639,0.00980961862098834,TRUE,TRUE,TRUE,0.00980961862098639,0.00985804991838078,0.00480752181386841,28,28,24,0,0,,,,,0,109,76,85,0,0,85,1.65,,
"constrained-tmlr-revision-2026-08-13","full",TRUE,12,"aligned",17,0.05,0.05,"exact","precomputed_exact_table","exact",202793700,202793721,,25000,"certified","bounds-met",TRUE,46,46,56,56,56,0,56,0,TRUE,0.95533271174767,0.0446672882523302,0.0446672882523316,TRUE,TRUE,TRUE,0.0446672882523302,0.0456956099102794,0.0209492286877897,15,15,24,0,0,,,,,0,70,50,46,0,0,46,1.08,,
"constrained-tmlr-revision-2026-08-13","full",TRUE,12,"aligned",17,0.05,0.05,"stochastic","precomputed_exact_table","iid",202793700,202793722,100,25000,"certified","bounds-met",TRUE,46,46,56,56,56,0,56,0,TRUE,0.95533271174767,0.0446672882523302,0.0446672882523332,TRUE,TRUE,TRUE,0.0446672882523302,0.0456956099102794,0.0209492286877897,15,15,24,0,0,,,,,0,70,50,46,0,0,46,0.700000000000001,,
"constrained-tmlr-revision-2026-08-13","full",TRUE,12,"aligned",17,0.1,0.05,"exact","precomputed_exact_table","exact",202793700,202793731,,25000,"certified","bounds-met",TRUE,46,46,46,46,46,0,46,0,TRUE,0.912111168842385,0.0878888311576148,0.0878888311576166,TRUE,TRUE,TRUE,0.0878888311576148,0.0919934006759679,0.0388174401013625,15,15,24,0,0,,,,,0,70,50,46,0,0,46,0.620000000000001,,
"constrained-tmlr-revision-2026-08-13","full",TRUE,12,"aligned",17,0.1,0.05,"stochastic","precomputed_exact_table","iid",202793700,202793732,100,25000,"certified","bounds-met",TRUE,46,46,46,46,46,0,46,0,TRUE,0.912111168842385,0.0878888311576148,0.0878888311576191,TRUE,TRUE,TRUE,0.0878888311576148,0.0919934006759679,0.0388174401013625,15,15,24,0,0,,,,,0,70,50,46,0,0,46,0.6,,
"constrained-tmlr-revision-2026-08-13","full",TRUE,12,"aligned",17,0.2,0.05,"exact","precomputed_exact_table","exact",202793700,202793741,,25000,"certified","bounds-met",TRUE,37,37,27,27,27,0,27,0,TRUE,0.834904407712663,0.165095592287337,0.165095592287339,TRUE,TRUE,TRUE,0.165095592287337,0.180438042466063,0.0388174401013625,12,12,24,0,0,,,,,0,61,44,37,0,0,37,0.44,,
"constrained-tmlr-revision-2026-08-13","full",TRUE,12,"aligned",17,0.2,0.05,"stochastic","precomputed_exact_table","iid",202793700,202793742,100,25000,"certified","bounds-met",TRUE,37,37,27,27,27,0,27,0,TRUE,0.834904407712663,0.165095592287337,0.165095592287345,TRUE,TRUE,TRUE,0.165095592287337,0.180438042466063,0.0388174401013625,12,12,24,0,0,,,,,0,61,44,37,0,0,37,0.43,,
"constrained-tmlr-revision-2026-08-13","full",TRUE,12,"aligned",18,0.01,0.05,"exact","precomputed_exact_table","exact",202793800,202793811,,25000,"certified","bounds-met",TRUE,64,64,94,94,94,0,94,0,TRUE,0.991766743000286,0.00823325699971422,0.00823325699971666,TRUE,TRUE,TRUE,0.00823325699971422,0.00826733745111335,0.00392268474178546,21,21,24,0,0,,,,,0,88,62,64,0,0,64,1.41,,
"constrained-tmlr-revision-2026-08-13","full",TRUE,12,"aligned",18,0.01,0.05,"stochastic","precomputed_exact_table","iid",202793800,202793812,100,25000,"certified","bounds-met",TRUE,64,64,94,94,94,0,94,0,TRUE,0.991766743000286,0.00823325699971422,0.00823325699971684,TRUE,TRUE,TRUE,0.00823325699971422,0.00826733745111335,0.00392268474178546,21,21,24,0,0,,,,,0,88,62,64,0,0,64,1.11,,
"constrained-tmlr-revision-2026-08-13","full",TRUE,12,"aligned",18,0.05,0.05,"exact","precomputed_exact_table","exact",202793800,202793821,,25000,"certified","bounds-met",TRUE,46,46,46,46,46,0,46,0,TRUE,0.952042236606155,0.0479577633938447,0.0479577633938473,TRUE,TRUE,TRUE,0.0479577633938447,0.0491458789919855,0.0147548988190067,15,15,24,0,0,,,,,0,70,50,46,0,0,46,0.609999999999999,,
"constrained-tmlr-revision-2026-08-13","full",TRUE,12,"aligned",18,0.05,0.05,"stochastic","precomputed_exact_table","iid",202793800,202793822,100,25000,"certified","bounds-met",TRUE,46,46,46,46,46,0,46,0,TRUE,0.952042236606155,0.0479577633938447,0.0479577633938486,TRUE,TRUE,TRUE,0.0479577633938447,0.0491458789919855,0.0147548988190067,15,15,24,0,0,,,,,0,70,50,46,0,0,46,0.640000000000001,,
"constrained-tmlr-revision-2026-08-13","full",TRUE,12,"aligned",18,0.1,0.05,"exact","precomputed_exact_table","exact",202793800,202793831,,25000,"certified","bounds-met",TRUE,34,34,27,27,27,0,27,0,TRUE,0.903733835536591,0.0962661644634092,0.0962661644634117,TRUE,TRUE,TRUE,0.0962661644634092,0.10122039165906,0.0280616116148467,11,11,24,0,0,,,,,0,58,42,34,0,0,34,0.450000000000001,,
"constrained-tmlr-revision-2026-08-13","full",TRUE,12,"aligned",18,0.1,0.05,"stochastic","precomputed_exact_table","iid",202793800,202793832,100,25000,"certified","bounds-met",TRUE,34,34,27,27,27,0,27,0,TRUE,0.903733835536591,0.0962661644634092,0.0962661644634145,TRUE,TRUE,TRUE,0.0962661644634092,0.10122039165906,0.0280616116148467,11,11,24,0,0,,,,,0,58,42,34,0,0,34,0.44,,
"constrained-tmlr-revision-2026-08-13","full",TRUE,12,"aligned",18,0.2,0.05,"exact","precomputed_exact_table","exact",202793800,202793841,,25000,"certified","bounds-met",TRUE,28,28,18,18,18,0,18,0,TRUE,0.865669946371279,0.134330053628721,0.134330053628724,TRUE,TRUE,TRUE,0.134330053628721,0.144251567348608,0.0477263541084362,9,9,24,0,0,,,,,0,52,38,28,0,0,28,0.359999999999999,,
"constrained-tmlr-revision-2026-08-13","full",TRUE,12,"aligned",18,0.2,0.05,"stochastic","precomputed_exact_table","iid",202793800,202793842,100,25000,"certified","bounds-met",TRUE,28,28,18,18,18,0,18,0,TRUE,0.865669946371279,0.134330053628721,0.134330053628727,TRUE,TRUE,TRUE,0.134330053628721,0.144251567348608,0.0477263541084362,9,9,24,0,0,,,,,0,52,38,28,0,0,28,0.35,,
"constrained-tmlr-revision-2026-08-13","full",TRUE,12,"aligned",19,0.01,0.05,"exact","precomputed_exact_table","exact",202793900,202793911,,25000,"certified","bounds-met",TRUE,85,85,150,150,150,0,150,0,TRUE,0.990283427732075,0.00971657226792466,0.00971657226792918,TRUE,TRUE,TRUE,0.00971657226792466,0.00976408618838633,0.00331310725319214,28,28,24,0,0,,,,,0,109,76,85,0,0,85,1.69,,
"constrained-tmlr-revision-2026-08-13","full",TRUE,12,"aligned",19,0.01,0.05,"stochastic","precomputed_exact_table","iid",202793900,202793912,100,25000,"certified","bounds-met",TRUE,85,85,150,150,150,0,150,0,TRUE,0.990283427732075,0.00971657226792466,0.00971657226792987,TRUE,TRUE,TRUE,0.00971657226792466,0.00976408618838633,0.00331310725319214,28,28,24,0,0,,,,,0,109,76,85,0,0,85,1.42,,
"constrained-tmlr-revision-2026-08-13","full",TRUE,12,"aligned",19,0.05,0.05,"exact","precomputed_exact_table","exact",202793900,202793921,,25000,"certified","bounds-met",TRUE,58,58,73,73,73,0,73,0,TRUE,0.952195919770436,0.0478040802295639,0.0478040802295686,TRUE,TRUE,TRUE,0.0478040802295639,0.0489844672861022,0.024598246946628,19,19,24,0,0,,,,,0,82,58,58,0,0,58,0.870000000000001,,
"constrained-tmlr-revision-2026-08-13","full",TRUE,12,"aligned",19,0.05,0.05,"stochastic","precomputed_exact_table","iid",202793900,202793922,100,25000,"certified","bounds-met",TRUE,58,58,73,73,73,0,73,0,TRUE,0.952195919770436,0.0478040802295639,0.0478040802295707,TRUE,TRUE,TRUE,0.0478040802295639,0.0489844672861022,0.024598246946628,19,19,24,0,0,,,,,0,82,58,58,0,0,58,0.85,,
"constrained-tmlr-revision-2026-08-13","full",TRUE,12,"aligned",19,0.1,0.05,"exact","precomputed_exact_table","exact",202793900,202793931,,25000,"certified","bounds-met",TRUE,49,49,46,46,46,0,46,0,TRUE,0.910243697983199,0.0897563020168012,0.0897563020168061,TRUE,TRUE,TRUE,0.0897563020168012,0.0940429153417186,0.0267584268936366,16,16,24,0,0,,,,,0,73,52,49,0,0,49,0.75,,
"constrained-tmlr-revision-2026-08-13","full",TRUE,12,"aligned",19,0.1,0.05,"stochastic","precomputed_exact_table","iid",202793900,202793932,100,25000,"certified","bounds-met",TRUE,49,49,46,46,46,0,46,0,TRUE,0.910243697983199,0.0897563020168012,0.0897563020168112,TRUE,TRUE,TRUE,0.0897563020168012,0.0940429153417186,0.0267584268936366,16,16,24,0,0,,,,,0,73,52,49,0,0,49,0.780000000000001,,
"constrained-tmlr-revision-2026-08-13","full",TRUE,12,"aligned",19,0.2,0.05,"exact","precomputed_exact_table","exact",202793900,202793941,,25000,"certified","bounds-met",TRUE,22,22,18,18,18,0,18,0,TRUE,0.81240719102439,0.18759280897561,0.187592808975613,TRUE,TRUE,TRUE,0.18759280897561,0.207753597734101,0.0504381658939673,7,7,24,0,0,,,,,0,46,34,22,0,0,22,0.48,,
"constrained-tmlr-revision-2026-08-13","full",TRUE,12,"aligned",19,0.2,0.05,"stochastic","precomputed_exact_table","iid",202793900,202793942,100,25000,"certified","bounds-met",TRUE,22,22,18,18,18,0,18,0,TRUE,0.81240719102439,0.18759280897561,0.187592808975627,TRUE,TRUE,TRUE,0.18759280897561,0.207753597734101,0.0504381658939673,7,7,24,0,0,,,,,0,46,34,22,0,0,22,0.25,,
"constrained-tmlr-revision-2026-08-13","full",TRUE,12,"aligned",20,0.01,0.05,"exact","precomputed_exact_table","exact",202794000,202794011,,25000,"certified","bounds-met",TRUE,55,55,65,65,65,0,65,0,TRUE,0.990259971138482,0.00974002886151848,0.00974002886152166,TRUE,TRUE,TRUE,0.00974002886151848,0.00978777321651032,0.00281279953301954,18,18,24,0,0,,,,,0,79,56,55,0,0,55,1.24,,
"constrained-tmlr-revision-2026-08-13","full",TRUE,12,"aligned",20,0.01,0.05,"stochastic","precomputed_exact_table","iid",202794000,202794012,100,25000,"certified","bounds-met",TRUE,55,55,65,65,65,0,65,0,TRUE,0.990259971138482,0.00974002886151848,0.00974002886152207,TRUE,TRUE,TRUE,0.00974002886151848,0.00978777321651032,0.00281279953301954,18,18,24,0,0,,,,,0,79,56,55,0,0,55,0.779999999999999,,
"constrained-tmlr-revision-2026-08-13","full",TRUE,12,"aligned",20,0.05,0.05,"exact","precomputed_exact_table","exact",202794000,202794021,,25000,"certified","bounds-met",TRUE,46,46,46,46,46,0,46,0,TRUE,0.964693490067634,0.0353065099323655,0.0353065099323686,TRUE,TRUE,TRUE,0.0353065099323655,0.0359448549701679,0.0146445673830845,15,15,24,0,0,,,,,0,70,50,46,0,0,46,0.94,,
"constrained-tmlr-revision-2026-08-13","full",TRUE,12,"aligned",20,0.05,0.05,"stochastic","precomputed_exact_table","iid",202794000,202794022,100,25000,"certified","bounds-met",TRUE,46,46,46,46,46,0,46,0,TRUE,0.964693490067634,0.0353065099323655,0.0353065099323698,TRUE,TRUE,TRUE,0.0353065099323655,0.0359448549701679,0.0146445673830845,15,15,24,0,0,,,,,0,70,50,46,0,0,46,0.889999999999999,,
"constrained-tmlr-revision-2026-08-13","full",TRUE,12,"aligned",20,0.1,0.05,"exact","precomputed_exact_table","exact",202794000,202794031,,25000,"certified","bounds-met",TRUE,37,37,27,27,27,0,27,0,TRUE,0.914904873263391,0.0850951267366091,0.0850951267366121,TRUE,TRUE,TRUE,0.0850951267366091,0.0889351827577776,0.0165726620677359,12,12,24,0,0,,,,,0,61,44,37,0,0,37,0.5,,
"constrained-tmlr-revision-2026-08-13","full",TRUE,12,"aligned",20,0.1,0.05,"stochastic","precomputed_exact_table","iid",202794000,202794032,100,25000,"certified","bounds-met",TRUE,37,37,27,27,27,0,27,0,TRUE,0.914904873263391,0.0850951267366091,0.0850951267366158,TRUE,TRUE,TRUE,0.0850951267366091,0.0889351827577776,0.0165726620677359,12,12,24,0,0,,,,,0,61,44,37,0,0,37,0.48,,
"constrained-tmlr-revision-2026-08-13","full",TRUE,12,"aligned",20,0.2,0.05,"exact","precomputed_exact_table","exact",202794000,202794041,,25000,"certified","bounds-met",TRUE,16,16,9,9,9,0,9,0,TRUE,0.852104624571417,0.147895375428583,0.147895375428586,TRUE,TRUE,TRUE,0.147895375428583,0.160045960899233,0.0375360849431107,5,5,24,0,0,,,,,0,40,30,16,0,0,16,0.32,,
"constrained-tmlr-revision-2026-08-13","full",TRUE,12,"aligned",20,0.2,0.05,"stochastic","precomputed_exact_table","iid",202794000,202794042,100,25000,"certified","bounds-met",TRUE,16,16,9,9,9,0,9,0,TRUE,0.852104624571417,0.147895375428583,0.147895375428592,TRUE,TRUE,TRUE,0.147895375428583,0.160045960899233,0.0375360849431107,5,5,24,0,0,,,,,0,40,30,16,0,0,16,0.200000000000001,,
"constrained-tmlr-revision-2026-08-13","full",TRUE,12,"aligned",21,0.01,0.05,"exact","precomputed_exact_table","exact",202794100,202794111,,25000,"certified","bounds-met",TRUE,73,73,116,116,116,0,116,0,TRUE,0.990107556434937,0.0098924435650628,0.00989244356506627,TRUE,TRUE,TRUE,0.0098924435650628,0.00994169889113701,0.00419779994326919,24,24,24,0,0,,,,,0,97,68,73,0,0,73,1.76,,
"constrained-tmlr-revision-2026-08-13","full",TRUE,12,"aligned",21,0.01,0.05,"stochastic","precomputed_exact_table","iid",202794100,202794112,100,25000,"certified","bounds-met",TRUE,73,73,116,116,116,0,116,0,TRUE,0.990107556434937,0.0098924435650628,0.00989244356506662,TRUE,TRUE,TRUE,0.0098924435650628,0.00994169889113701,0.00419779994326919,24,24,24,0,0,,,,,0,97,68,73,0,0,73,1.55,,
"constrained-tmlr-revision-2026-08-13","full",TRUE,12,"aligned",21,0.05,0.05,"exact","precomputed_exact_table","exact",202794100,202794121,,25000,"certified","bounds-met",TRUE,46,46,56,56,56,0,56,0,TRUE,0.969621069670039,0.030378930329961,0.0303789303299643,TRUE,TRUE,TRUE,0.030378930329961,0.0308499336329312,0.0178975450323291,15,15,24,0,0,,,,,0,70,50,46,0,0,46,1.1,,
"constrained-tmlr-revision-2026-08-13","full",TRUE,12,"aligned",21,0.05,0.05,"stochastic","precomputed_exact_table","iid",202794100,202794122,100,25000,"certified","bounds-met",TRUE,46,46,56,56,56,0,56,0,TRUE,0.969621069670039,0.030378930329961,0.0303789303299653,TRUE,TRUE,TRUE,0.030378930329961,0.0308499336329312,0.0178975450323291,15,15,24,0,0,,,,,0,70,50,46,0,0,46,1.08,,
"constrained-tmlr-revision-2026-08-13","full",TRUE,12,"aligned",21,0.1,0.05,"exact","precomputed_exact_table","exact",202794100,202794131,,25000,"certified","bounds-met",TRUE,43,43,37,37,37,0,37,0,TRUE,0.90888823382372,0.0911117661762797,0.0911117661762831,TRUE,TRUE,TRUE,0.0911117661762797,0.0955331474536715,0.0244115412807512,14,14,24,0,0,,,,,0,67,48,43,0,0,43,0.869999999999999,,
"constrained-tmlr-revision-2026-08-13","full",TRUE,12,"aligned",21,0.1,0.05,"stochastic","precomputed_exact_table","iid",202794100,202794132,100,25000,"certified","bounds-met",TRUE,43,43,37,37,37,0,37,0,TRUE,0.90888823382372,0.0911117661762797,0.0911117661762857,TRUE,TRUE,TRUE,0.0911117661762797,0.0955331474536715,0.0244115412807512,14,14,24,0,0,,,,,0,67,48,43,0,0,43,0.57,,
"constrained-tmlr-revision-2026-08-13","full",TRUE,12,"aligned",21,0.2,0.05,"exact","precomputed_exact_table","exact",202794100,202794141,,25000,"certified","bounds-met",TRUE,37,37,18,18,18,0,18,0,TRUE,0.833990542602162,0.166009457397838,0.166009457397841,TRUE,TRUE,TRUE,0.166009457397838,0.181533216493247,0.0522476618821996,12,12,24,0,0,,,,,0,61,44,37,0,0,37,0.19,,
"constrained-tmlr-revision-2026-08-13","full",TRUE,12,"aligned",21,0.2,0.05,"stochastic","precomputed_exact_table","iid",202794100,202794142,100,25000,"certified","bounds-met",TRUE,37,37,18,18,18,0,18,0,TRUE,0.833990542602162,0.166009457397838,0.166009457397845,TRUE,TRUE,TRUE,0.166009457397838,0.181533216493247,0.0522476618821996,12,12,24,0,0,,,,,0,61,44,37,0,0,37,0.189999999999998,,
"constrained-tmlr-revision-2026-08-13","full",TRUE,12,"aligned",22,0.01,0.05,"exact","precomputed_exact_table","exact",202794200,202794211,,25000,"certified","bounds-met",TRUE,73,73,107,107,107,0,107,0,TRUE,0.990207657967362,0.00979234203263823,0.00979234203263944,TRUE,TRUE,TRUE,0.00979234203263823,0.00984060232652768,0.00411954903128452,24,24,24,0,0,,,,,0,97,68,73,0,0,73,1.76,,
"constrained-tmlr-revision-2026-08-13","full",TRUE,12,"aligned",22,0.01,0.05,"stochastic","precomputed_exact_table","iid",202794200,202794212,100,25000,"certified","bounds-met",TRUE,73,73,107,107,107,0,107,0,TRUE,0.990207657967362,0.00979234203263823,0.00979234203264007,TRUE,TRUE,TRUE,0.00979234203263823,0.00984060232652768,0.00411954903128452,24,24,24,0,0,,,,,0,97,68,73,0,0,73,1.13,,
"constrained-tmlr-revision-2026-08-13","full",TRUE,12,"aligned",22,0.05,0.05,"exact","precomputed_exact_table","exact",202794200,202794221,,25000,"certified","bounds-met",TRUE,70,70,56,56,56,0,56,0,TRUE,0.974042459747883,0.0259575402521172,0.0259575402521185,TRUE,TRUE,TRUE,0.0259575402521172,0.0263003831194457,0.00951672789626893,23,23,24,0,0,,,,,0,94,66,70,0,0,70,0.969999999999999,,
"constrained-tmlr-revision-2026-08-13","full",TRUE,12,"aligned",22,0.05,0.05,"stochastic","precomputed_exact_table","iid",202794200,202794222,100,25000,"certified","bounds-met",TRUE,70,70,56,56,56,0,56,0,TRUE,0.974042459747883,0.0259575402521172,0.0259575402521196,TRUE,TRUE,TRUE,0.0259575402521172,0.0263003831194457,0.00951672789626893,23,23,24,0,0,,,,,0,94,66,70,0,0,70,2.06,,
"constrained-tmlr-revision-2026-08-13","full",TRUE,12,"aligned",22,0.1,0.05,"exact","precomputed_exact_table","exact",202794200,202794231,,25000,"certified","bounds-met",TRUE,43,43,37,37,37,0,37,0,TRUE,0.918989722350246,0.0810102776497538,0.0810102776497552,TRUE,TRUE,TRUE,0.0810102776497538,0.0844803402034079,0.030777578713145,14,14,24,0,0,,,,,0,67,48,43,0,0,43,0.639999999999999,,
"constrained-tmlr-revision-2026-08-13","full",TRUE,12,"aligned",22,0.1,0.05,"stochastic","precomputed_exact_table","iid",202794200,202794232,100,25000,"certified","bounds-met",TRUE,43,43,37,37,37,0,37,0,TRUE,0.918989722350246,0.0810102776497538,0.0810102776497598,TRUE,TRUE,TRUE,0.0810102776497538,0.0844803402034079,0.030777578713145,14,14,24,0,0,,,,,0,67,48,43,0,0,43,0.57,,
"constrained-tmlr-revision-2026-08-13","full",TRUE,12,"aligned",22,0.2,0.05,"exact","precomputed_exact_table","exact",202794200,202794241,,25000,"certified","bounds-met",TRUE,28,28,18,18,18,0,18,0,TRUE,0.801918852113135,0.198081147886865,0.198081147886866,TRUE,TRUE,TRUE,0.198081147886865,0.220747858138678,0.0594179311987461,9,9,24,0,0,,,,,0,52,38,28,0,0,28,0.25,,
"constrained-tmlr-revision-2026-08-13","full",TRUE,12,"aligned",22,0.2,0.05,"stochastic","precomputed_exact_table","iid",202794200,202794242,100,25000,"certified","bounds-met",TRUE,28,28,18,18,18,0,18,0,TRUE,0.801918852113135,0.198081147886865,0.198081147886877,TRUE,TRUE,TRUE,0.198081147886865,0.220747858138678,0.0594179311987461,9,9,24,0,0,,,,,0,52,38,28,0,0,28,0.129999999999999,,
"constrained-tmlr-revision-2026-08-13","full",TRUE,12,"aligned",23,0.01,0.05,"exact","precomputed_exact_table","exact",202794300,202794311,,25000,"certified","bounds-met",TRUE,67,67,93,93,93,0,93,0,TRUE,0.990887940096954,0.00911205990304598,0.00911205990304495,TRUE,TRUE,TRUE,0.00911205990304598,0.00915382864736215,0.00330501216903235,22,22,24,0,0,,,,,0,91,64,67,0,0,67,1.38,,
"constrained-tmlr-revision-2026-08-13","full",TRUE,12,"aligned",23,0.01,0.05,"stochastic","precomputed_exact_table","iid",202794300,202794312,100,25000,"certified","bounds-met",TRUE,67,67,93,93,93,0,93,0,TRUE,0.990887940096954,0.00911205990304598,0.00911205990304528,TRUE,TRUE,TRUE,0.00911205990304598,0.00915382864736215,0.00330501216903235,22,22,24,0,0,,,,,0,91,64,67,0,0,67,1.27,,
"constrained-tmlr-revision-2026-08-13","full",TRUE,12,"aligned",23,0.05,0.05,"exact","precomputed_exact_table","exact",202794300,202794321,,25000,"certified","bounds-met",TRUE,46,46,46,46,46,0,46,0,TRUE,0.957816303865595,0.0421836961344045,0.0421836961344034,TRUE,TRUE,TRUE,0.0421836961344045,0.0430992690159613,0.0159528792408845,15,15,24,0,0,,,,,0,70,50,46,0,0,46,0.66,,
"constrained-tmlr-revision-2026-08-13","full",TRUE,12,"aligned",23,0.05,0.05,"stochastic","precomputed_exact_table","iid",202794300,202794322,100,25000,"certified","bounds-met",TRUE,46,46,46,46,46,0,46,0,TRUE,0.957816303865595,0.0421836961344045,0.0421836961344052,TRUE,TRUE,TRUE,0.0421836961344045,0.0430992690159613,0.0159528792408845,15,15,24,0,0,,,,,0,70,50,46,0,0,46,0.67,,
"constrained-tmlr-revision-2026-08-13","full",TRUE,12,"aligned",23,0.1,0.05,"exact","precomputed_exact_table","exact",202794300,202794331,,25000,"certified","bounds-met",TRUE,28,28,27,27,27,0,27,0,TRUE,0.902039186792995,0.0979608132070053,0.0979608132070044,TRUE,TRUE,TRUE,0.0979608132070053,0.10309731552506,0.0270624235032565,9,9,24,0,0,,,,,0,52,38,28,0,0,28,0.34,,
"constrained-tmlr-revision-2026-08-13","full",TRUE,12,"aligned",23,0.1,0.05,"stochastic","precomputed_exact_table","iid",202794300,202794332,100,25000,"certified","bounds-met",TRUE,28,28,27,27,27,0,27,0,TRUE,0.902039186792995,0.0979608132070053,0.0979608132070085,TRUE,TRUE,TRUE,0.0979608132070053,0.10309731552506,0.0270624235032565,9,9,24,0,0,,,,,0,52,38,28,0,0,28,0.59,,
"constrained-tmlr-revision-2026-08-13","full",TRUE,12,"aligned",23,0.2,0.05,"exact","precomputed_exact_table","exact",202794300,202794341,,25000,"certified","bounds-met",TRUE,46,46,18,18,18,0,18,0,TRUE,0.868312148416516,0.131687851583484,0.131687851583483,TRUE,TRUE,TRUE,0.131687851583484,0.14120401097746,0.0270624235032565,15,15,24,0,0,,,,,0,70,50,46,0,0,46,0.720000000000001,,
"constrained-tmlr-revision-2026-08-13","full",TRUE,12,"aligned",23,0.2,0.05,"stochastic","precomputed_exact_table","iid",202794300,202794342,100,25000,"certified","bounds-met",TRUE,46,46,18,18,18,0,18,0,TRUE,0.868312148416516,0.131687851583484,0.131687851583488,TRUE,TRUE,TRUE,0.131687851583484,0.14120401097746,0.0270624235032565,15,15,24,0,0,,,,,0,70,50,46,0,0,46,0.539999999999999,,
"constrained-tmlr-revision-2026-08-13","full",TRUE,12,"aligned",24,0.01,0.05,"exact","precomputed_exact_table","exact",202794400,202794411,,25000,"certified","bounds-met",TRUE,58,58,83,83,83,0,83,0,TRUE,0.990318070585994,0.0096819294140057,0.00968192941400327,TRUE,TRUE,TRUE,0.0096819294140057,0.00972910403377127,0.00323118881602773,19,19,24,0,0,,,,,0,82,58,58,0,0,58,1.22,,
"constrained-tmlr-revision-2026-08-13","full",TRUE,12,"aligned",24,0.01,0.05,"stochastic","precomputed_exact_table","iid",202794400,202794412,100,25000,"certified","bounds-met",TRUE,58,58,83,83,83,0,83,0,TRUE,0.990318070585994,0.0096819294140057,0.00968192941400355,TRUE,TRUE,TRUE,0.0096819294140057,0.00972910403377127,0.00323118881602773,19,19,24,0,0,,,,,0,82,58,58,0,0,58,0.86,,
"constrained-tmlr-revision-2026-08-13","full",TRUE,12,"aligned",24,0.05,0.05,"exact","precomputed_exact_table","exact",202794400,202794421,,25000,"certified","bounds-met",TRUE,46,46,46,46,46,0,46,0,TRUE,0.961866977309185,0.0381330226908152,0.0381330226908128,TRUE,TRUE,TRUE,0.0381330226908152,0.0388791151029871,0.0162358053426033,15,15,24,0,0,,,,,0,70,50,46,0,0,46,0.73,,
"constrained-tmlr-revision-2026-08-13","full",TRUE,12,"aligned",24,0.05,0.05,"stochastic","precomputed_exact_table","iid",202794400,202794422,100,25000,"certified","bounds-met",TRUE,46,46,46,46,46,0,46,0,TRUE,0.961866977309185,0.0381330226908152,0.0381330226908142,TRUE,TRUE,TRUE,0.0381330226908152,0.0388791151029871,0.0162358053426033,15,15,24,0,0,,,,,0,70,50,46,0,0,46,1.02,,
"constrained-tmlr-revision-2026-08-13","full",TRUE,12,"aligned",24,0.1,0.05,"exact","precomputed_exact_table","exact",202794400,202794431,,25000,"certified","bounds-met",TRUE,37,37,27,27,27,0,27,0,TRUE,0.909944073519324,0.0900559264806763,0.0900559264806746,TRUE,TRUE,TRUE,0.0900559264806763,0.0943721390309142,0.0191981864863694,12,12,24,0,0,,,,,0,61,44,37,0,0,37,0.639999999999999,,
"constrained-tmlr-revision-2026-08-13","full",TRUE,12,"aligned",24,0.1,0.05,"stochastic","precomputed_exact_table","iid",202794400,202794432,100,25000,"certified","bounds-met",TRUE,37,37,27,27,27,0,27,0,TRUE,0.909944073519324,0.0900559264806763,0.0900559264806766,TRUE,TRUE,TRUE,0.0900559264806763,0.0943721390309142,0.0191981864863694,12,12,24,0,0,,,,,0,61,44,37,0,0,37,0.52,,
"constrained-tmlr-revision-2026-08-13","full",TRUE,12,"aligned",24,0.2,0.05,"exact","precomputed_exact_table","exact",202794400,202794441,,25000,"certified","bounds-met",TRUE,16,16,9,9,9,0,9,0,TRUE,0.839830007717587,0.160169992282413,0.160169992282412,TRUE,TRUE,TRUE,0.160169992282413,0.174555779389484,0.0379102614253187,5,5,24,0,0,,,,,0,40,30,16,0,0,16,0.219999999999999,,
"constrained-tmlr-revision-2026-08-13","full",TRUE,12,"aligned",24,0.2,0.05,"stochastic","precomputed_exact_table","iid",202794400,202794442,100,25000,"certified","bounds-met",TRUE,16,16,9,9,9,0,9,0,TRUE,0.839830007717587,0.160169992282413,0.160169992282417,TRUE,TRUE,TRUE,0.160169992282413,0.174555779389484,0.0379102614253187,5,5,24,0,0,,,,,0,40,30,16,0,0,16,0.19,,
"constrained-tmlr-revision-2026-08-13","full",TRUE,12,"aligned",25,0.01,0.05,"exact","precomputed_exact_table","exact",202794500,202794511,,25000,"certified","bounds-met",TRUE,79,79,113,113,113,0,113,0,TRUE,0.990102615322535,0.00989738467746493,0.00989738467746708,TRUE,TRUE,TRUE,0.00989738467746493,0.00994668938403782,0.00418064440523156,26,26,24,0,0,,,,,0,103,72,79,0,0,79,2.2,,
"constrained-tmlr-revision-2026-08-13","full",TRUE,12,"aligned",25,0.01,0.05,"stochastic","precomputed_exact_table","iid",202794500,202794512,100,25000,"certified","bounds-met",TRUE,79,79,113,113,113,0,113,0,TRUE,0.990102615322535,0.00989738467746493,0.00989738467746757,TRUE,TRUE,TRUE,0.00989738467746493,0.00994668938403782,0.00418064440523156,26,26,24,0,0,,,,,0,103,72,79,0,0,79,1.8,,
"constrained-tmlr-revision-2026-08-13","full",TRUE,12,"aligned",25,0.05,0.05,"exact","precomputed_exact_table","exact",202794500,202794521,,25000,"certified","bounds-met",TRUE,49,49,56,56,56,0,56,0,TRUE,0.970653351596778,0.0293466484032219,0.0293466484032241,TRUE,TRUE,TRUE,0.0293466484032219,0.0297858758761294,0.0150835181419395,16,16,24,0,0,,,,,0,73,52,49,0,0,49,0.840000000000002,,
"constrained-tmlr-revision-2026-08-13","full",TRUE,12,"aligned",25,0.05,0.05,"stochastic","precomputed_exact_table","iid",202794500,202794522,100,25000,"certified","bounds-met",TRUE,49,49,56,56,56,0,56,0,TRUE,0.970653351596778,0.0293466484032219,0.0293466484032253,TRUE,TRUE,TRUE,0.0293466484032219,0.0297858758761294,0.0150835181419395,16,16,24,0,0,,,,,0,73,52,49,0,0,49,0.66,,
"constrained-tmlr-revision-2026-08-13","full",TRUE,12,"aligned",25,0.1,0.05,"exact","precomputed_exact_table","exact",202794500,202794531,,25000,"certified","bounds-met",TRUE,46,46,37,37,37,0,37,0,TRUE,0.910939911708642,0.0890600882913581,0.0890600882913596,TRUE,TRUE,TRUE,0.0890600882913581,0.0932783425049617,0.026964925403588,15,15,24,0,0,,,,,0,70,50,46,0,0,46,0.779999999999999,,
"constrained-tmlr-revision-2026-08-13","full",TRUE,12,"aligned",25,0.1,0.05,"stochastic","precomputed_exact_table","iid",202794500,202794532,100,25000,"certified","bounds-met",TRUE,46,46,37,37,37,0,37,0,TRUE,0.910939911708642,0.0890600882913581,0.0890600882913634,TRUE,TRUE,TRUE,0.0890600882913581,0.0932783425049617,0.026964925403588,15,15,24,0,0,,,,,0,70,50,46,0,0,46,0.780000000000001,,
"constrained-tmlr-revision-2026-08-13","full",TRUE,12,"aligned",25,0.2,0.05,"exact","precomputed_exact_table","exact",202794500,202794541,,25000,"certified","bounds-met",TRUE,22,22,18,18,18,0,18,0,TRUE,0.837843197197495,0.162156802802505,0.162156802802506,TRUE,TRUE,TRUE,0.162156802802505,0.176924311524462,0.0393664109560096,7,7,24,0,0,,,,,0,46,34,22,0,0,22,0.33,,
"constrained-tmlr-revision-2026-08-13","full",TRUE,12,"aligned",25,0.2,0.05,"stochastic","precomputed_exact_table","iid",202794500,202794542,100,25000,"certified","bounds-met",TRUE,22,22,18,18,18,0,18,0,TRUE,0.837843197197495,0.162156802802505,0.162156802802513,TRUE,TRUE,TRUE,0.162156802802505,0.176924311524462,0.0393664109560096,7,7,24,0,0,,,,,0,46,34,22,0,0,22,0.190000000000001,,
"constrained-tmlr-revision-2026-08-13","full",TRUE,12,"aligned",26,0.01,0.05,"exact","precomputed_exact_table","exact",202794600,202794611,,25000,"certified","bounds-met",TRUE,73,73,117,117,117,0,117,0,TRUE,0.990083851975502,0.0099161480244977,0.00991614802449538,TRUE,TRUE,TRUE,0.0099161480244977,0.00996564047510242,0.00449940860542244,24,24,24,0,0,,,,,0,97,68,73,0,0,73,1.75,,
"constrained-tmlr-revision-2026-08-13","full",TRUE,12,"aligned",26,0.01,0.05,"stochastic","precomputed_exact_table","iid",202794600,202794612,100,25000,"certified","bounds-met",TRUE,73,73,117,117,117,0,117,0,TRUE,0.990083851975502,0.0099161480244977,0.00991614802449588,TRUE,TRUE,TRUE,0.0099161480244977,0.00996564047510242,0.00449940860542244,24,24,24,0,0,,,,,0,97,68,73,0,0,73,1.28,,
"constrained-tmlr-revision-2026-08-13","full",TRUE,12,"aligned",26,0.05,0.05,"exact","precomputed_exact_table","exact",202794600,202794621,,25000,"certified","bounds-met",TRUE,46,46,56,56,56,0,56,0,TRUE,0.976752408615617,0.0232475913843834,0.0232475913843812,TRUE,TRUE,TRUE,0.0232475913843834,0.0235220791010683,0.00812172402789586,15,15,24,0,0,,,,,0,70,50,46,0,0,46,0.64,,
"constrained-tmlr-revision-2026-08-13","full",TRUE,12,"aligned",26,0.05,0.05,"stochastic","precomputed_exact_table","iid",202794600,202794622,100,25000,"certified","bounds-met",TRUE,46,46,56,56,56,0,56,0,TRUE,0.976752408615617,0.0232475913843834,0.0232475913843822,TRUE,TRUE,TRUE,0.0232475913843834,0.0235220791010683,0.00812172402789586,15,15,24,0,0,,,,,0,70,50,46,0,0,46,0.84,,
"constrained-tmlr-revision-2026-08-13","full",TRUE,12,"aligned",26,0.1,0.05,"exact","precomputed_exact_table","exact",202794600,202794631,,25000,"certified","bounds-met",TRUE,46,46,38,38,38,0,38,0,TRUE,0.916036243664043,0.0839637563359568,0.0839637563359552,TRUE,TRUE,TRUE,0.0839637563359568,0.087699347771948,0.0366003167426683,15,15,24,0,0,,,,,0,70,50,46,0,0,46,0.710000000000001,,
"constrained-tmlr-revision-2026-08-13","full",TRUE,12,"aligned",26,0.1,0.05,"stochastic","precomputed_exact_table","iid",202794600,202794632,100,25000,"certified","bounds-met",TRUE,46,46,38,38,38,0,38,0,TRUE,0.916036243664043,0.0839637563359568,0.0839637563359587,TRUE,TRUE,TRUE,0.0839637563359568,0.087699347771948,0.0366003167426683,15,15,24,0,0,,,,,0,70,50,46,0,0,46,0.699999999999999,,
"constrained-tmlr-revision-2026-08-13","full",TRUE,12,"aligned",26,0.2,0.05,"exact","precomputed_exact_table","exact",202794600,202794641,,25000,"certified","bounds-met",TRUE,37,37,18,18,18,0,18,0,TRUE,0.816934319476951,0.183065680523049,0.183065680523048,TRUE,TRUE,TRUE,0.183065680523049,0.202196579670844,0.0414737503762505,12,12,24,0,0,,,,,0,61,44,37,0,0,37,0.52,,
"constrained-tmlr-revision-2026-08-13","full",TRUE,12,"aligned",26,0.2,0.05,"stochastic","precomputed_exact_table","iid",202794600,202794642,100,25000,"certified","bounds-met",TRUE,37,37,18,18,18,0,18,0,TRUE,0.816934319476951,0.183065680523049,0.183065680523055,TRUE,TRUE,TRUE,0.183065680523049,0.202196579670844,0.0414737503762505,12,12,24,0,0,,,,,0,61,44,37,0,0,37,0.49,,
"constrained-tmlr-revision-2026-08-13","full",TRUE,12,"aligned",27,0.01,0.05,"exact","precomputed_exact_table","exact",202794700,202794711,,25000,"certified","bounds-met",TRUE,88,88,136,136,136,0,136,0,TRUE,0.990005447030072,0.00999455296992846,0.00999455296993176,TRUE,TRUE,TRUE,0.00999455296992846,0.0100448338180604,0.00469894034626613,29,29,24,0,0,,,,,0,112,78,88,0,0,88,2.67,,
"constrained-tmlr-revision-2026-08-13","full",TRUE,12,"aligned",27,0.01,0.05,"stochastic","precomputed_exact_table","iid",202794700,202794712,100,25000,"certified","bounds-met",TRUE,88,88,136,136,136,0,136,0,TRUE,0.990005447030072,0.00999455296992846,0.00999455296993204,TRUE,TRUE,TRUE,0.00999455296992846,0.0100448338180604,0.00469894034626613,29,29,24,0,0,,,,,0,112,78,88,0,0,88,1.43,,
"constrained-tmlr-revision-2026-08-13","full",TRUE,12,"aligned",27,0.05,0.05,"exact","precomputed_exact_table","exact",202794700,202794721,,25000,"certified","bounds-met",TRUE,46,46,56,56,56,0,56,0,TRUE,0.959797378468256,0.0402026215317445,0.0402026215317477,TRUE,TRUE,TRUE,0.0402026215317445,0.0410330808929832,0.0135279188086496,15,15,24,0,0,,,,,0,70,50,46,0,0,46,0.609999999999999,,
"constrained-tmlr-revision-2026-08-13","full",TRUE,12,"aligned",27,0.05,0.05,"stochastic","precomputed_exact_table","iid",202794700,202794722,100,25000,"certified","bounds-met",TRUE,46,46,56,56,56,0,56,0,TRUE,0.959797378468256,0.0402026215317445,0.0402026215317491,TRUE,TRUE,TRUE,0.0402026215317445,0.0410330808929832,0.0135279188086496,15,15,24,0,0,,,,,0,70,50,46,0,0,46,0.59,,
"constrained-tmlr-revision-2026-08-13","full",TRUE,12,"aligned",27,0.1,0.05,"exact","precomputed_exact_table","exact",202794700,202794731,,25000,"certified","bounds-met",TRUE,46,46,38,38,38,0,38,0,TRUE,0.915464777696623,0.0845352223033767,0.0845352223033801,TRUE,TRUE,TRUE,0.0845352223033767,0.0883233889046587,0.0263031599178418,15,15,24,0,0,,,,,0,70,50,46,0,0,46,0.65,,
"constrained-tmlr-revision-2026-08-13","full",TRUE,12,"aligned",27,0.1,0.05,"stochastic","precomputed_exact_table","iid",202794700,202794732,100,25000,"certified","bounds-met",TRUE,46,46,38,38,38,0,38,0,TRUE,0.915464777696623,0.0845352223033767,0.0845352223033831,TRUE,TRUE,TRUE,0.0845352223033767,0.0883233889046587,0.0263031599178418,15,15,24,0,0,,,,,0,70,50,46,0,0,46,0.41,,
"constrained-tmlr-revision-2026-08-13","full",TRUE,12,"aligned",27,0.2,0.05,"exact","precomputed_exact_table","exact",202794700,202794741,,25000,"certified","bounds-met",TRUE,25,25,19,19,19,0,19,0,TRUE,0.81053766001922,0.18946233998078,0.189462339980782,TRUE,TRUE,TRUE,0.18946233998078,0.210057473717192,0.0597419305070898,8,8,24,0,0,,,,,0,49,36,25,0,0,25,0.0999999999999996,,
"constrained-tmlr-revision-2026-08-13","full",TRUE,12,"aligned",27,0.2,0.05,"stochastic","precomputed_exact_table","iid",202794700,202794742,100,25000,"certified","bounds-met",TRUE,25,25,19,19,19,0,19,0,TRUE,0.81053766001922,0.18946233998078,0.18946233998079,TRUE,TRUE,TRUE,0.18946233998078,0.210057473717192,0.0597419305070898,8,8,24,0,0,,,,,0,49,36,25,0,0,25,0.139999999999997,,
"constrained-tmlr-revision-2026-08-13","full",TRUE,12,"aligned",28,0.01,0.05,"exact","precomputed_exact_table","exact",202794800,202794811,,25000,"certified","bounds-met",FALSE,57,58,107,107,107,0,107,0,TRUE,0.991833083793191,0.00816691620680854,0.00816691620680783,TRUE,TRUE,TRUE,0.00816691620680854,0.00820044816020465,0.0035661771679123,19,19,24,0,0,,,,,0,82,58,58,0,0,58,1.53,,
"constrained-tmlr-revision-2026-08-13","full",TRUE,12,"aligned",28,0.01,0.05,"stochastic","precomputed_exact_table","iid",202794800,202794812,100,25000,"certified","bounds-met",FALSE,57,58,107,107,107,0,107,0,TRUE,0.991833083793191,0.00816691620680854,0.00816691620680818,TRUE,TRUE,TRUE,0.00816691620680854,0.00820044816020465,0.0035661771679123,19,19,24,0,0,,,,,0,82,58,58,0,0,58,1.03,,
"constrained-tmlr-revision-2026-08-13","full",TRUE,12,"aligned",28,0.05,0.05,"exact","precomputed_exact_table","exact",202794800,202794821,,25000,"certified","bounds-met",FALSE,45,46,56,56,56,0,56,0,TRUE,0.95575716672993,0.0442428332700698,0.0442428332700691,TRUE,TRUE,TRUE,0.0442428332700698,0.0452514078933886,0.0218789387827003,15,15,24,0,0,,,,,0,70,50,46,0,0,46,0.699999999999999,,
"constrained-tmlr-revision-2026-08-13","full",TRUE,12,"aligned",28,0.05,0.05,"stochastic","precomputed_exact_table","iid",202794800,202794822,100,25000,"certified","bounds-met",FALSE,45,46,56,56,56,0,56,0,TRUE,0.95575716672993,0.0442428332700698,0.0442428332700713,TRUE,TRUE,TRUE,0.0442428332700698,0.0452514078933886,0.0218789387827003,15,15,24,0,0,,,,,0,70,50,46,0,0,46,1.07,,
"constrained-tmlr-revision-2026-08-13","full",TRUE,12,"aligned",28,0.1,0.05,"exact","precomputed_exact_table","exact",202794800,202794831,,25000,"certified","bounds-met",TRUE,40,40,37,37,37,0,37,0,TRUE,0.915843314992939,0.0841566850070613,0.0841566850070603,TRUE,TRUE,TRUE,0.0841566850070613,0.0879099824404841,0.0199501706275388,13,13,24,0,0,,,,,0,64,46,40,0,0,40,0.5,,
"constrained-tmlr-revision-2026-08-13","full",TRUE,12,"aligned",28,0.1,0.05,"stochastic","precomputed_exact_table","iid",202794800,202794832,100,25000,"certified","bounds-met",TRUE,40,40,37,37,37,0,37,0,TRUE,0.915843314992939,0.0841566850070613,0.0841566850070639,TRUE,TRUE,TRUE,0.0841566850070613,0.0879099824404841,0.0199501706275388,13,13,24,0,0,,,,,0,64,46,40,0,0,40,0.520000000000001,,
"constrained-tmlr-revision-2026-08-13","full",TRUE,12,"aligned",28,0.2,0.05,"exact","precomputed_exact_table","exact",202794800,202794841,,25000,"certified","bounds-met",TRUE,19,19,19,19,19,0,19,0,TRUE,0.864735121439924,0.135264878560076,0.135264878560076,TRUE,TRUE,TRUE,0.135264878560076,0.145332036933087,0.0383101934946721,6,6,24,0,0,,,,,0,43,32,19,0,0,19,0.25,,
"constrained-tmlr-revision-2026-08-13","full",TRUE,12,"aligned",28,0.2,0.05,"stochastic","precomputed_exact_table","iid",202794800,202794842,100,25000,"certified","bounds-met",TRUE,19,19,19,19,19,0,19,0,TRUE,0.864735121439924,0.135264878560076,0.135264878560082,TRUE,TRUE,TRUE,0.135264878560076,0.145332036933087,0.0383101934946721,6,6,24,0,0,,,,,0,43,32,19,0,0,19,0.25,,
"constrained-tmlr-revision-2026-08-13","full",TRUE,12,"aligned",29,0.01,0.05,"exact","precomputed_exact_table","exact",202794900,202794911,,25000,"certified","bounds-met",TRUE,76,76,133,133,133,0,133,0,TRUE,0.990411510768994,0.00958848923100641,0.00958848923100298,TRUE,TRUE,TRUE,0.00958848923100641,0.00963475477585321,0.00303303796203062,25,25,24,0,0,,,,,0,100,70,76,0,0,76,1.95,,
"constrained-tmlr-revision-2026-08-13","full",TRUE,12,"aligned",29,0.01,0.05,"stochastic","precomputed_exact_table","iid",202794900,202794912,100,25000,"certified","bounds-met",TRUE,76,76,133,133,133,0,133,0,TRUE,0.990411510768994,0.00958848923100641,0.00958848923100345,TRUE,TRUE,TRUE,0.00958848923100641,0.00963475477585321,0.00303303796203062,25,25,24,0,0,,,,,0,100,70,76,0,0,76,1.39,,
"constrained-tmlr-revision-2026-08-13","full",TRUE,12,"aligned",29,0.05,0.05,"exact","precomputed_exact_table","exact",202794900,202794921,,25000,"certified","bounds-met",TRUE,46,46,56,56,56,0,56,0,TRUE,0.954340263654053,0.0456597363459466,0.0456597363459435,TRUE,TRUE,TRUE,0.0456597363459466,0.0467350006287404,0.0212572886912877,15,15,24,0,0,,,,,0,70,50,46,0,0,46,1,,
"constrained-tmlr-revision-2026-08-13","full",TRUE,12,"aligned",29,0.05,0.05,"stochastic","precomputed_exact_table","iid",202794900,202794922,100,25000,"certified","bounds-met",TRUE,46,46,56,56,56,0,56,0,TRUE,0.954340263654053,0.0456597363459466,0.0456597363459455,TRUE,TRUE,TRUE,0.0456597363459466,0.0467350006287404,0.0212572886912877,15,15,24,0,0,,,,,0,70,50,46,0,0,46,0.789999999999999,,
"constrained-tmlr-revision-2026-08-13","full",TRUE,12,"aligned",29,0.1,0.05,"exact","precomputed_exact_table","exact",202794900,202794931,,25000,"certified","bounds-met",TRUE,40,40,37,37,37,0,37,0,TRUE,0.902760389322157,0.0972396106778431,0.0972396106778407,TRUE,TRUE,TRUE,0.0972396106778431,0.102298110364449,0.0198696738536022,13,13,24,0,0,,,,,0,64,46,40,0,0,40,0.520000000000001,,
"constrained-tmlr-revision-2026-08-13","full",TRUE,12,"aligned",29,0.1,0.05,"stochastic","precomputed_exact_table","iid",202794900,202794932,100,25000,"certified","bounds-met",TRUE,40,40,37,37,37,0,37,0,TRUE,0.902760389322157,0.0972396106778431,0.0972396106778448,TRUE,TRUE,TRUE,0.0972396106778431,0.102298110364449,0.0198696738536022,13,13,24,0,0,,,,,0,64,46,40,0,0,40,0.6,,
"constrained-tmlr-revision-2026-08-13","full",TRUE,12,"aligned",29,0.2,0.05,"exact","precomputed_exact_table","exact",202794900,202794941,,25000,"certified","bounds-met",TRUE,19,19,19,19,19,0,19,0,TRUE,0.844129738587055,0.155870261412945,0.155870261412942,TRUE,TRUE,TRUE,0.155870261412945,0.169449077494648,0.0257496290474964,6,6,24,0,0,,,,,0,43,32,19,0,0,19,0.200000000000001,,
"constrained-tmlr-revision-2026-08-13","full",TRUE,12,"aligned",29,0.2,0.05,"stochastic","precomputed_exact_table","iid",202794900,202794942,100,25000,"certified","bounds-met",TRUE,19,19,19,19,19,0,19,0,TRUE,0.844129738587055,0.155870261412945,0.15587026141295,TRUE,TRUE,TRUE,0.155870261412945,0.169449077494648,0.0257496290474964,6,6,24,0,0,,,,,0,43,32,19,0,0,19,0.139999999999999,,
"constrained-tmlr-revision-2026-08-13","full",TRUE,12,"aligned",30,0.01,0.05,"exact","precomputed_exact_table","exact",202795000,202795011,,25000,"certified","bounds-met",TRUE,88,88,120,120,120,0,120,0,TRUE,0.990470672331545,0.00952932766845549,0.00952932766845455,TRUE,TRUE,TRUE,0.00952932766845549,0.00957502223539902,0.00324669444218664,29,29,24,0,0,,,,,0,112,77,88,0,0,88,1.88,,
"constrained-tmlr-revision-2026-08-13","full",TRUE,12,"aligned",30,0.01,0.05,"stochastic","precomputed_exact_table","iid",202795000,202795012,100,25000,"certified","bounds-met",TRUE,88,88,120,120,120,0,120,0,TRUE,0.990470672331545,0.00952932766845549,0.00952932766845482,TRUE,TRUE,TRUE,0.00952932766845549,0.00957502223539902,0.00324669444218664,29,29,24,0,0,,,,,0,112,77,88,0,0,88,1.34,,
"constrained-tmlr-revision-2026-08-13","full",TRUE,12,"aligned",30,0.05,0.05,"exact","precomputed_exact_table","exact",202795000,202795021,,25000,"certified","bounds-met",TRUE,55,55,55,55,55,0,55,0,TRUE,0.950589416784297,0.0494105832157031,0.0494105832157023,TRUE,TRUE,TRUE,0.0494105832157031,0.0506730480597665,0.0155557601995972,18,18,24,0,0,,,,,0,79,55,55,0,0,55,0.780000000000001,,
"constrained-tmlr-revision-2026-08-13","full",TRUE,12,"aligned",30,0.05,0.05,"stochastic","precomputed_exact_table","iid",202795000,202795022,100,25000,"certified","bounds-met",TRUE,55,55,55,55,55,0,55,0,TRUE,0.950589416784297,0.0494105832157031,0.0494105832157037,TRUE,TRUE,TRUE,0.0494105832157031,0.0506730480597665,0.0155557601995972,18,18,24,0,0,,,,,0,79,55,55,0,0,55,0.91,,
"constrained-tmlr-revision-2026-08-13","full",TRUE,12,"aligned",30,0.1,0.05,"exact","precomputed_exact_table","exact",202795000,202795031,,25000,"certified","bounds-met",TRUE,49,49,36,36,36,0,36,0,TRUE,0.903406116342914,0.096593883657086,0.0965938836570854,TRUE,TRUE,TRUE,0.096593883657086,0.101583085424895,0.0412678734315917,16,16,24,0,0,,,,,0,73,51,49,0,0,49,0.69,,
"constrained-tmlr-revision-2026-08-13","full",TRUE,12,"aligned",30,0.1,0.05,"stochastic","precomputed_exact_table","iid",202795000,202795032,100,25000,"certified","bounds-met",TRUE,49,49,36,36,36,0,36,0,TRUE,0.903406116342914,0.096593883657086,0.0965938836570874,TRUE,TRUE,TRUE,0.096593883657086,0.101583085424895,0.0412678734315917,16,16,24,0,0,,,,,0,73,51,49,0,0,49,0.779999999999999,,
"constrained-tmlr-revision-2026-08-13","full",TRUE,12,"aligned",30,0.2,0.05,"exact","precomputed_exact_table","exact",202795000,202795041,,25000,"certified","bounds-met",TRUE,16,16,9,9,9,0,9,0,TRUE,0.818800918705697,0.181199081294303,0.181199081294303,TRUE,TRUE,TRUE,0.181199081294303,0.199914303180858,0.0412678734315917,5,5,24,0,0,,,,,0,40,30,16,0,0,16,0.17,,
"constrained-tmlr-revision-2026-08-13","full",TRUE,12,"aligned",30,0.2,0.05,"stochastic","precomputed_exact_table","iid",202795000,202795042,100,25000,"certified","bounds-met",TRUE,16,16,9,9,9,0,9,0,TRUE,0.818800918705697,0.181199081294303,0.181199081294308,TRUE,TRUE,TRUE,0.181199081294303,0.199914303180858,0.0412678734315917,5,5,24,0,0,,,,,0,40,30,16,0,0,16,0.0899999999999999,,
"constrained-tmlr-revision-2026-08-13","full",TRUE,12,"aligned",31,0.01,0.05,"exact","precomputed_exact_table","exact",202795100,202795111,,25000,"certified","bounds-met",TRUE,55,55,83,83,83,0,83,0,TRUE,0.990189116714747,0.00981088328525348,0.00981088328525377,TRUE,TRUE,TRUE,0.00981088328525348,0.00985932711224014,0.00299282257881647,18,18,24,0,0,,,,,0,79,56,55,0,0,55,1.97,,
"constrained-tmlr-revision-2026-08-13","full",TRUE,12,"aligned",31,0.01,0.05,"stochastic","precomputed_exact_table","iid",202795100,202795112,100,25000,"certified","bounds-met",TRUE,55,55,83,83,83,0,83,0,TRUE,0.990189116714747,0.00981088328525348,0.00981088328525447,TRUE,TRUE,TRUE,0.00981088328525348,0.00985932711224014,0.00299282257881647,18,18,24,0,0,,,,,0,79,56,55,0,0,55,1,,
"constrained-tmlr-revision-2026-08-13","full",TRUE,12,"aligned",31,0.05,0.05,"exact","precomputed_exact_table","exact",202795100,202795121,,25000,"certified","bounds-met",TRUE,46,46,46,46,46,0,46,0,TRUE,0.957792629729555,0.0422073702704453,0.0422073702704457,TRUE,TRUE,TRUE,0.0422073702704453,0.0431239861026556,0.0172606636910971,15,15,24,0,0,,,,,0,70,50,46,0,0,46,0.869999999999999,,
"constrained-tmlr-revision-2026-08-13","full",TRUE,12,"aligned",31,0.05,0.05,"stochastic","precomputed_exact_table","iid",202795100,202795122,100,25000,"certified","bounds-met",TRUE,46,46,46,46,46,0,46,0,TRUE,0.957792629729555,0.0422073702704453,0.0422073702704481,TRUE,TRUE,TRUE,0.0422073702704453,0.0431239861026556,0.0172606636910971,15,15,24,0,0,,,,,0,70,50,46,0,0,46,0.75,,
"constrained-tmlr-revision-2026-08-13","full",TRUE,12,"aligned",31,0.1,0.05,"exact","precomputed_exact_table","exact",202795100,202795131,,25000,"certified","bounds-met",TRUE,37,37,36,36,36,0,36,0,TRUE,0.928677918887531,0.0713220811124686,0.0713220811124692,TRUE,TRUE,TRUE,0.0713220811124686,0.0739932968503059,0.0178973426120879,12,12,24,0,0,,,,,0,61,44,37,0,0,37,0.530000000000001,,
"constrained-tmlr-revision-2026-08-13","full",TRUE,12,"aligned",31,0.1,0.05,"stochastic","precomputed_exact_table","iid",202795100,202795132,100,25000,"certified","bounds-met",TRUE,37,37,36,36,36,0,36,0,TRUE,0.928677918887531,0.0713220811124686,0.0713220811124737,TRUE,TRUE,TRUE,0.0713220811124686,0.0739932968503059,0.0178973426120879,12,12,24,0,0,,,,,0,61,44,37,0,0,37,0.58,,
"constrained-tmlr-revision-2026-08-13","full",TRUE,12,"aligned",31,0.2,0.05,"exact","precomputed_exact_table","exact",202795100,202795141,,25000,"certified","bounds-met",TRUE,16,16,9,9,9,0,9,0,TRUE,0.827842341832269,0.172157658167731,0.172157658167731,TRUE,TRUE,TRUE,0.172157658167731,0.188932551141995,0.039450363859831,5,5,24,0,0,,,,,0,40,30,16,0,0,16,0.17,,
"constrained-tmlr-revision-2026-08-13","full",TRUE,12,"aligned",31,0.2,0.05,"stochastic","precomputed_exact_table","iid",202795100,202795142,100,25000,"certified","bounds-met",TRUE,16,16,9,9,9,0,9,0,TRUE,0.827842341832269,0.172157658167731,0.172157658167741,TRUE,TRUE,TRUE,0.172157658167731,0.188932551141995,0.039450363859831,5,5,24,0,0,,,,,0,40,30,16,0,0,16,0.17,,
"constrained-tmlr-revision-2026-08-13","full",TRUE,12,"aligned",32,0.01,0.05,"exact","precomputed_exact_table","exact",202795200,202795211,,25000,"certified","bounds-met",TRUE,76,76,137,137,137,0,137,0,TRUE,0.990531745001194,0.00946825499880566,0.00946825499880822,TRUE,TRUE,TRUE,0.00946825499880566,0.0095133638859343,0.00311290906988309,25,25,24,0,0,,,,,0,100,70,76,0,0,76,1.82,,
"constrained-tmlr-revision-2026-08-13","full",TRUE,12,"aligned",32,0.01,0.05,"stochastic","precomputed_exact_table","iid",202795200,202795212,100,25000,"certified","bounds-met",TRUE,76,76,137,137,137,0,137,0,TRUE,0.990531745001194,0.00946825499880566,0.00946825499880842,TRUE,TRUE,TRUE,0.00946825499880566,0.0095133638859343,0.00311290906988309,25,25,24,0,0,,,,,0,100,70,76,0,0,76,1.2,,
"constrained-tmlr-revision-2026-08-13","full",TRUE,12,"aligned",32,0.05,0.05,"exact","precomputed_exact_table","exact",202795200,202795221,,25000,"certified","bounds-met",TRUE,46,46,63,63,63,0,63,0,TRUE,0.951813063811494,0.0481869361885056,0.0481869361885078,TRUE,TRUE,TRUE,0.0481869361885056,0.0493866250147714,0.0164918529181674,15,15,24,0,0,,,,,0,70,50,46,0,0,46,0.85,,
"constrained-tmlr-revision-2026-08-13","full",TRUE,12,"aligned",32,0.05,0.05,"stochastic","precomputed_exact_table","iid",202795200,202795222,100,25000,"certified","bounds-met",TRUE,46,46,63,63,63,0,63,0,TRUE,0.951813063811494,0.0481869361885056,0.0481869361885092,TRUE,TRUE,TRUE,0.0481869361885056,0.0493866250147714,0.0164918529181674,15,15,24,0,0,,,,,0,70,50,46,0,0,46,0.699999999999999,,
"constrained-tmlr-revision-2026-08-13","full",TRUE,12,"aligned",32,0.1,0.05,"exact","precomputed_exact_table","exact",202795200,202795231,,25000,"certified","bounds-met",TRUE,43,43,45,45,45,0,45,0,TRUE,0.923768923574919,0.0762310764250812,0.0762310764250841,TRUE,TRUE,TRUE,0.0762310764250812,0.0792933213274754,0.0164918529181674,14,14,24,0,0,,,,,0,67,48,43,0,0,43,0.550000000000001,,
"constrained-tmlr-revision-2026-08-13","full",TRUE,12,"aligned",32,0.1,0.05,"stochastic","precomputed_exact_table","iid",202795200,202795232,100,25000,"certified","bounds-met",TRUE,43,43,45,45,45,0,45,0,TRUE,0.923768923574919,0.0762310764250812,0.0762310764250857,TRUE,TRUE,TRUE,0.0762310764250812,0.0792933213274754,0.0164918529181674,14,14,24,0,0,,,,,0,67,48,43,0,0,43,0.58,,
"constrained-tmlr-revision-2026-08-13","full",TRUE,12,"aligned",32,0.2,0.05,"exact","precomputed_exact_table","exact",202795200,202795241,,25000,"certified","bounds-met",TRUE,16,16,17,17,17,0,17,0,TRUE,0.813377867063739,0.186622132936261,0.186622132936263,TRUE,TRUE,TRUE,0.186622132936261,0.206559496275412,0.0366684682965496,5,5,24,0,0,,,,,0,40,30,16,0,0,16,0.199999999999999,,
"constrained-tmlr-revision-2026-08-13","full",TRUE,12,"aligned",32,0.2,0.05,"stochastic","precomputed_exact_table","iid",202795200,202795242,100,25000,"certified","bounds-met",TRUE,16,16,17,17,17,0,17,0,TRUE,0.813377867063739,0.186622132936261,0.186622132936268,TRUE,TRUE,TRUE,0.186622132936261,0.206559496275412,0.0366684682965496,5,5,24,0,0,,,,,0,40,30,16,0,0,16,0.16,,
"constrained-tmlr-revision-2026-08-13","full",TRUE,12,"aligned",33,0.01,0.05,"exact","precomputed_exact_table","exact",202795300,202795311,,25000,"certified","bounds-met",TRUE,73,73,103,103,103,0,103,0,TRUE,0.990187309047061,0.00981269095293902,0.00981269095294077,TRUE,TRUE,TRUE,0.00981269095293902,0.0098611526921269,0.00428125621017605,24,24,24,0,0,,,,,0,97,68,73,0,0,73,1.46,,
"constrained-tmlr-revision-2026-08-13","full",TRUE,12,"aligned",33,0.01,0.05,"stochastic","precomputed_exact_table","iid",202795300,202795312,100,25000,"certified","bounds-met",TRUE,73,73,103,103,103,0,103,0,TRUE,0.990187309047061,0.00981269095293902,0.00981269095294119,TRUE,TRUE,TRUE,0.00981269095293902,0.0098611526921269,0.00428125621017605,24,24,24,0,0,,,,,0,97,68,73,0,0,73,1.33,,
"constrained-tmlr-revision-2026-08-13","full",TRUE,12,"aligned",33,0.05,0.05,"exact","precomputed_exact_table","exact",202795300,202795321,,25000,"certified","bounds-met",TRUE,43,43,46,46,46,0,46,0,TRUE,0.952992254217764,0.0470077457822364,0.047007745782238,TRUE,TRUE,TRUE,0.0470077457822364,0.0481485031492515,0.0169353291732985,14,14,24,0,0,,,,,0,67,48,43,0,0,43,0.56,,
"constrained-tmlr-revision-2026-08-13","full",TRUE,12,"aligned",33,0.05,0.05,"stochastic","precomputed_exact_table","iid",202795300,202795322,100,25000,"certified","bounds-met",TRUE,43,43,46,46,46,0,46,0,TRUE,0.952992254217764,0.0470077457822364,0.04700774578224,TRUE,TRUE,TRUE,0.0470077457822364,0.0481485031492515,0.0169353291732985,14,14,24,0,0,,,,,0,67,48,43,0,0,43,0.609999999999999,,
"constrained-tmlr-revision-2026-08-13","full",TRUE,12,"aligned",33,0.1,0.05,"exact","precomputed_exact_table","exact",202795300,202795331,,25000,"certified","bounds-met",TRUE,43,43,36,36,36,0,36,0,TRUE,0.907244525727118,0.0927554742728823,0.0927554742728838,TRUE,TRUE,TRUE,0.0927554742728823,0.0973432668260178,0.0327095140877303,14,14,24,0,0,,,,,0,67,48,43,0,0,43,0.6,,
"constrained-tmlr-revision-2026-08-13","full",TRUE,12,"aligned",33,0.1,0.05,"stochastic","precomputed_exact_table","iid",202795300,202795332,100,25000,"certified","bounds-met",TRUE,43,43,36,36,36,0,36,0,TRUE,0.907244525727118,0.0927554742728823,0.0927554742728878,TRUE,TRUE,TRUE,0.0927554742728823,0.0973432668260178,0.0327095140877303,14,14,24,0,0,,,,,0,67,48,43,0,0,43,1,,
"constrained-tmlr-revision-2026-08-13","full",TRUE,12,"aligned",33,0.2,0.05,"exact","precomputed_exact_table","exact",202795300,202795341,,25000,"certified","bounds-met",TRUE,37,37,18,18,18,0,18,0,TRUE,0.847773811865574,0.152226188134426,0.152226188134426,TRUE,TRUE,TRUE,0.152226188134426,0.165141410059948,0.0329435660227732,12,12,24,0,0,,,,,0,61,44,37,0,0,37,0.619999999999999,,
"constrained-tmlr-revision-2026-08-13","full",TRUE,12,"aligned",33,0.2,0.05,"stochastic","precomputed_exact_table","iid",202795300,202795342,100,25000,"certified","bounds-met",TRUE,37,37,18,18,18,0,18,0,TRUE,0.847773811865574,0.152226188134426,0.152226188134433,TRUE,TRUE,TRUE,0.152226188134426,0.165141410059948,0.0329435660227732,12,12,24,0,0,,,,,0,61,44,37,0,0,37,0.57,,
"constrained-tmlr-revision-2026-08-13","full",TRUE,12,"aligned",34,0.01,0.05,"exact","precomputed_exact_table","exact",202795400,202795411,,25000,"certified","bounds-met",TRUE,61,61,93,93,93,0,93,0,TRUE,0.990467235706369,0.00953276429363126,0.00953276429362832,TRUE,TRUE,TRUE,0.00953276429363126,0.00957849193039736,0.00318122900720691,20,20,24,0,0,,,,,0,85,60,61,0,0,61,1.39,,
"constrained-tmlr-revision-2026-08-13","full",TRUE,12,"aligned",34,0.01,0.05,"stochastic","precomputed_exact_table","iid",202795400,202795412,100,25000,"certified","bounds-met",TRUE,61,61,93,93,93,0,93,0,TRUE,0.990467235706369,0.00953276429363126,0.00953276429362879,TRUE,TRUE,TRUE,0.00953276429363126,0.00957849193039736,0.00318122900720691,20,20,24,0,0,,,,,0,85,60,61,0,0,61,1.06,,
"constrained-tmlr-revision-2026-08-13","full",TRUE,12,"aligned",34,0.05,0.05,"exact","precomputed_exact_table","exact",202795400,202795421,,25000,"certified","bounds-met",TRUE,40,40,46,46,46,0,46,0,TRUE,0.960478346432008,0.0395216535679918,0.039521653567989,TRUE,TRUE,TRUE,0.0395216535679918,0.0403238410859412,0.0145886436990938,13,13,24,0,0,,,,,0,64,46,40,0,0,40,0.52,,
"constrained-tmlr-revision-2026-08-13","full",TRUE,12,"aligned",34,0.05,0.05,"stochastic","precomputed_exact_table","iid",202795400,202795422,100,25000,"certified","bounds-met",TRUE,40,40,46,46,46,0,46,0,TRUE,0.960478346432008,0.0395216535679918,0.039521653567991,TRUE,TRUE,TRUE,0.0395216535679918,0.0403238410859412,0.0145886436990938,13,13,24,0,0,,,,,0,64,46,40,0,0,40,0.869999999999999,,
"constrained-tmlr-revision-2026-08-13","full",TRUE,12,"aligned",34,0.1,0.05,"exact","precomputed_exact_table","exact",202795400,202795431,,25000,"certified","bounds-met",TRUE,40,40,36,36,36,0,36,0,TRUE,0.9196770379658,0.0803229620342003,0.0803229620341976,TRUE,TRUE,TRUE,0.0803229620342003,0.0837327162593612,0.0249511669463044,13,13,24,0,0,,,,,0,64,46,40,0,0,40,0.66,,
"constrained-tmlr-revision-2026-08-13","full",TRUE,12,"aligned",34,0.1,0.05,"stochastic","precomputed_exact_table","iid",202795400,202795432,100,25000,"certified","bounds-met",TRUE,40,40,36,36,36,0,36,0,TRUE,0.9196770379658,0.0803229620342003,0.0803229620342011,TRUE,TRUE,TRUE,0.0803229620342003,0.0837327162593612,0.0249511669463044,13,13,24,0,0,,,,,0,64,46,40,0,0,40,0.67,,
"constrained-tmlr-revision-2026-08-13","full",TRUE,12,"aligned",34,0.2,0.05,"exact","precomputed_exact_table","exact",202795400,202795441,,25000,"certified","bounds-met",TRUE,16,16,9,9,9,0,9,0,TRUE,0.81462815881601,0.18537184118399,0.185371841183988,TRUE,TRUE,TRUE,0.18537184118399,0.205023516705059,0.0462873219961118,5,5,24,0,0,,,,,0,40,30,16,0,0,16,0.220000000000001,,
"constrained-tmlr-revision-2026-08-13","full",TRUE,12,"aligned",34,0.2,0.05,"stochastic","precomputed_exact_table","iid",202795400,202795442,100,25000,"certified","bounds-met",TRUE,16,16,9,9,9,0,9,0,TRUE,0.81462815881601,0.18537184118399,0.185371841183995,TRUE,TRUE,TRUE,0.18537184118399,0.205023516705059,0.0462873219961118,5,5,24,0,0,,,,,0,40,30,16,0,0,16,0.24,,
"constrained-tmlr-revision-2026-08-13","full",TRUE,12,"aligned",35,0.01,0.05,"exact","precomputed_exact_table","exact",202795500,202795511,,25000,"certified","bounds-met",TRUE,85,85,133,133,133,0,133,0,TRUE,0.990588766788051,0.00941123321194948,0.00941123321195155,TRUE,TRUE,TRUE,0.00941123321194948,0.00945579869842289,0.00293252587397615,28,28,24,0,0,,,,,0,109,76,85,0,0,85,2.16,,
"constrained-tmlr-revision-2026-08-13","full",TRUE,12,"aligned",35,0.01,0.05,"stochastic","precomputed_exact_table","iid",202795500,202795512,100,25000,"certified","bounds-met",TRUE,85,85,133,133,133,0,133,0,TRUE,0.990588766788051,0.00941123321194948,0.00941123321195182,TRUE,TRUE,TRUE,0.00941123321194948,0.00945579869842289,0.00293252587397615,28,28,24,0,0,,,,,0,109,76,85,0,0,85,1.45,,
"constrained-tmlr-revision-2026-08-13","full",TRUE,12,"aligned",35,0.05,0.05,"exact","precomputed_exact_table","exact",202795500,202795521,,25000,"certified","bounds-met",TRUE,46,46,56,56,56,0,56,0,TRUE,0.967794697662571,0.0322053023374291,0.0322053023374311,TRUE,TRUE,TRUE,0.0322053023374291,0.0327353033912122,0.0093500690620311,15,15,24,0,0,,,,,0,70,50,46,0,0,46,0.720000000000001,,
"constrained-tmlr-revision-2026-08-13","full",TRUE,12,"aligned",35,0.05,0.05,"stochastic","precomputed_exact_table","iid",202795500,202795522,100,25000,"certified","bounds-met",TRUE,46,46,56,56,56,0,56,0,TRUE,0.967794697662571,0.0322053023374291,0.0322053023374322,TRUE,TRUE,TRUE,0.0322053023374291,0.0327353033912122,0.0093500690620311,15,15,24,0,0,,,,,0,70,50,46,0,0,46,0.65,,
"constrained-tmlr-revision-2026-08-13","full",TRUE,12,"aligned",35,0.1,0.05,"exact","precomputed_exact_table","exact",202795500,202795531,,25000,"certified","bounds-met",TRUE,46,46,38,38,38,0,38,0,TRUE,0.913947881843829,0.0860521181561711,0.0860521181561727,TRUE,TRUE,TRUE,0.0860521181561711,0.0899817312065097,0.0325073348412678,15,15,24,0,0,,,,,0,70,50,46,0,0,46,0.779999999999999,,
"constrained-tmlr-revision-2026-08-13","full",TRUE,12,"aligned",35,0.1,0.05,"stochastic","precomputed_exact_table","iid",202795500,202795532,100,25000,"certified","bounds-met",TRUE,46,46,38,38,38,0,38,0,TRUE,0.913947881843829,0.0860521181561711,0.0860521181561757,TRUE,TRUE,TRUE,0.0860521181561711,0.0899817312065097,0.0325073348412678,15,15,24,0,0,,,,,0,70,50,46,0,0,46,0.91,,
"constrained-tmlr-revision-2026-08-13","full",TRUE,12,"aligned",35,0.2,0.05,"exact","precomputed_exact_table","exact",202795500,202795541,,25000,"certified","bounds-met",TRUE,25,25,19,19,19,0,19,0,TRUE,0.83704461946372,0.16295538053628,0.162955380536282,TRUE,TRUE,TRUE,0.16295538053628,0.177877901115771,0.0390403196020549,8,8,24,0,0,,,,,0,49,36,25,0,0,25,0.41,,
"constrained-tmlr-revision-2026-08-13","full",TRUE,12,"aligned",35,0.2,0.05,"stochastic","precomputed_exact_table","iid",202795500,202795542,100,25000,"certified","bounds-met",TRUE,25,25,19,19,19,0,19,0,TRUE,0.83704461946372,0.16295538053628,0.162955380536285,TRUE,TRUE,TRUE,0.16295538053628,0.177877901115771,0.0390403196020549,8,8,24,0,0,,,,,0,49,36,25,0,0,25,0.31,,
"constrained-tmlr-revision-2026-08-13","full",TRUE,12,"aligned",36,0.01,0.05,"exact","precomputed_exact_table","exact",202795600,202795611,,25000,"certified","bounds-met",TRUE,67,67,95,95,95,0,95,0,TRUE,0.990445844489888,0.00955415551011229,0.0095541555101155,TRUE,TRUE,TRUE,0.00955415551011229,0.00960008926012952,0.00339350065400408,22,22,24,0,0,,,,,0,91,64,67,0,0,67,1.53,,
"constrained-tmlr-revision-2026-08-13","full",TRUE,12,"aligned",36,0.01,0.05,"stochastic","precomputed_exact_table","iid",202795600,202795612,100,25000,"certified","bounds-met",TRUE,67,67,95,95,95,0,95,0,TRUE,0.990445844489888,0.00955415551011229,0.0095541555101157,TRUE,TRUE,TRUE,0.00955415551011229,0.00960008926012952,0.00339350065400408,22,22,24,0,0,,,,,0,91,64,67,0,0,67,1.1,,
"constrained-tmlr-revision-2026-08-13","full",TRUE,12,"aligned",36,0.05,0.05,"exact","precomputed_exact_table","exact",202795600,202795621,,25000,"certified","bounds-met",TRUE,40,40,46,46,46,0,46,0,TRUE,0.956501927142426,0.0434980728575739,0.0434980728575768,TRUE,TRUE,TRUE,0.0434980728575739,0.0444724753182595,0.018350078923644,13,13,24,0,0,,,,,0,64,46,40,0,0,40,0.57,,
"constrained-tmlr-revision-2026-08-13","full",TRUE,12,"aligned",36,0.05,0.05,"stochastic","precomputed_exact_table","iid",202795600,202795622,100,25000,"certified","bounds-met",TRUE,40,40,46,46,46,0,46,0,TRUE,0.956501927142426,0.0434980728575739,0.0434980728575786,TRUE,TRUE,TRUE,0.0434980728575739,0.0444724753182595,0.018350078923644,13,13,24,0,0,,,,,0,64,46,40,0,0,40,0.59,,
"constrained-tmlr-revision-2026-08-13","full",TRUE,12,"aligned",36,0.1,0.05,"exact","precomputed_exact_table","exact",202795600,202795631,,25000,"certified","bounds-met",TRUE,37,37,28,28,28,0,28,0,TRUE,0.901173780218729,0.0988262197812715,0.0988262197812744,TRUE,TRUE,TRUE,0.0988262197812715,0.104057165145199,0.0284356698183537,12,12,24,0,0,,,,,0,61,44,37,0,0,37,0.620000000000001,,
"constrained-tmlr-revision-2026-08-13","full",TRUE,12,"aligned",36,0.1,0.05,"stochastic","precomputed_exact_table","iid",202795600,202795632,100,25000,"certified","bounds-met",TRUE,37,37,28,28,28,0,28,0,TRUE,0.901173780218729,0.0988262197812715,0.0988262197812779,TRUE,TRUE,TRUE,0.0988262197812715,0.104057165145199,0.0284356698183537,12,12,24,0,0,,,,,0,61,44,37,0,0,37,0.540000000000001,,
"constrained-tmlr-revision-2026-08-13","full",TRUE,12,"aligned",36,0.2,0.05,"exact","precomputed_exact_table","exact",202795600,202795641,,25000,"certified","bounds-met",TRUE,16,16,9,9,9,0,9,0,TRUE,0.819116194127211,0.180883805872789,0.180883805872792,TRUE,TRUE,TRUE,0.180883805872789,0.199529332020916,0.0366458292777243,5,5,24,0,0,,,,,0,40,30,16,0,0,16,0.289999999999999,,
"constrained-tmlr-revision-2026-08-13","full",TRUE,12,"aligned",36,0.2,0.05,"stochastic","precomputed_exact_table","iid",202795600,202795642,100,25000,"certified","bounds-met",TRUE,16,16,9,9,9,0,9,0,TRUE,0.819116194127211,0.180883805872789,0.180883805872797,TRUE,TRUE,TRUE,0.180883805872789,0.199529332020916,0.0366458292777243,5,5,24,0,0,,,,,0,40,30,16,0,0,16,0.379999999999999,,
"constrained-tmlr-revision-2026-08-13","full",TRUE,12,"aligned",37,0.01,0.05,"exact","precomputed_exact_table","exact",202795700,202795711,,25000,"certified","bounds-met",TRUE,76,76,131,131,131,0,131,0,TRUE,0.990035534605395,0.00996446539460527,0.00996446539460202,TRUE,TRUE,TRUE,0.00996446539460527,0.0100144429568564,0.00340358823022551,25,25,24,0,0,,,,,0,100,70,76,0,0,76,1.8,,
"constrained-tmlr-revision-2026-08-13","full",TRUE,12,"aligned",37,0.01,0.05,"stochastic","precomputed_exact_table","iid",202795700,202795712,100,25000,"certified","bounds-met",TRUE,76,76,131,131,131,0,131,0,TRUE,0.990035534605395,0.00996446539460527,0.00996446539460252,TRUE,TRUE,TRUE,0.00996446539460527,0.0100144429568564,0.00340358823022551,25,25,24,0,0,,,,,0,100,70,76,0,0,76,1.75,,
"constrained-tmlr-revision-2026-08-13","full",TRUE,12,"aligned",37,0.05,0.05,"exact","precomputed_exact_table","exact",202795700,202795721,,25000,"certified","bounds-met",TRUE,43,43,54,54,54,0,54,0,TRUE,0.953729343749802,0.0462706562501982,0.0462706562501949,TRUE,TRUE,TRUE,0.0462706562501982,0.0473753545474412,0.0151849882714107,14,14,24,0,0,,,,,0,67,48,43,0,0,43,0.550000000000001,,
"constrained-tmlr-revision-2026-08-13","full",TRUE,12,"aligned",37,0.05,0.05,"stochastic","precomputed_exact_table","iid",202795700,202795722,100,25000,"certified","bounds-met",TRUE,43,43,54,54,54,0,54,0,TRUE,0.953729343749802,0.0462706562501982,0.0462706562501978,TRUE,TRUE,TRUE,0.0462706562501982,0.0473753545474412,0.0151849882714107,14,14,24,0,0,,,,,0,67,48,43,0,0,43,0.639999999999999,,
"constrained-tmlr-revision-2026-08-13","full",TRUE,12,"aligned",37,0.1,0.05,"exact","precomputed_exact_table","exact",202795700,202795731,,25000,"certified","bounds-met",TRUE,43,43,37,37,37,0,37,0,TRUE,0.903122261094402,0.0968777389055983,0.0968777389055957,TRUE,TRUE,TRUE,0.0968777389055983,0.101897340384179,0.0314192893484221,14,14,24,0,0,,,,,0,67,48,43,0,0,43,0.65,,
"constrained-tmlr-revision-2026-08-13","full",TRUE,12,"aligned",37,0.1,0.05,"stochastic","precomputed_exact_table","iid",202795700,202795732,100,25000,"certified","bounds-met",TRUE,43,43,37,37,37,0,37,0,TRUE,0.903122261094402,0.0968777389055983,0.0968777389055999,TRUE,TRUE,TRUE,0.0968777389055983,0.101897340384179,0.0314192893484221,14,14,24,0,0,,,,,0,67,48,43,0,0,43,0.779999999999999,,
"constrained-tmlr-revision-2026-08-13","full",TRUE,12,"aligned",37,0.2,0.05,"exact","precomputed_exact_table","exact",202795700,202795741,,25000,"certified","bounds-met",TRUE,22,22,17,17,17,0,17,0,TRUE,0.811172688183447,0.188827311816553,0.188827311816552,TRUE,TRUE,TRUE,0.188827311816553,0.209274315124923,0.0398345674972039,7,7,24,0,0,,,,,0,46,34,22,0,0,22,0.270000000000001,,
"constrained-tmlr-revision-2026-08-13","full",TRUE,12,"aligned",37,0.2,0.05,"stochastic","precomputed_exact_table","iid",202795700,202795742,100,25000,"certified","bounds-met",TRUE,22,22,17,17,17,0,17,0,TRUE,0.811172688183447,0.188827311816553,0.188827311816561,TRUE,TRUE,TRUE,0.188827311816553,0.209274315124923,0.0398345674972039,7,7,24,0,0,,,,,0,46,34,22,0,0,22,0.25,,
"constrained-tmlr-revision-2026-08-13","full",TRUE,12,"aligned",38,0.01,0.05,"exact","precomputed_exact_table","exact",202795800,202795811,,25000,"certified","bounds-met",TRUE,85,85,145,145,145,0,145,0,TRUE,0.99031195177266,0.00968804822733993,0.00968804822734029,TRUE,TRUE,TRUE,0.00968804822733993,0.00973528268729583,0.003871971766331,28,28,24,0,0,,,,,0,109,76,85,0,0,85,2.29,,
"constrained-tmlr-revision-2026-08-13","full",TRUE,12,"aligned",38,0.01,0.05,"stochastic","precomputed_exact_table","iid",202795800,202795812,100,25000,"certified","bounds-met",TRUE,85,85,145,145,145,0,145,0,TRUE,0.99031195177266,0.00968804822733993,0.00968804822734064,TRUE,TRUE,TRUE,0.00968804822733993,0.00973528268729583,0.003871971766331,28,28,24,0,0,,,,,0,109,76,85,0,0,85,1.73,,
"constrained-tmlr-revision-2026-08-13","full",TRUE,12,"aligned",38,0.05,0.05,"exact","precomputed_exact_table","exact",202795800,202795821,,25000,"certified","bounds-met",TRUE,70,70,86,86,86,0,86,0,TRUE,0.955713093457808,0.0442869065421917,0.0442869065421919,TRUE,TRUE,TRUE,0.0442869065421917,0.045297522418995,0.0185216586767213,23,23,24,0,0,,,,,0,94,66,70,0,0,70,1.28,,
"constrained-tmlr-revision-2026-08-13","full",TRUE,12,"aligned",38,0.05,0.05,"stochastic","precomputed_exact_table","iid",202795800,202795822,100,25000,"certified","bounds-met",TRUE,70,70,86,86,86,0,86,0,TRUE,0.955713093457808,0.0442869065421917,0.0442869065421934,TRUE,TRUE,TRUE,0.0442869065421917,0.045297522418995,0.0185216586767213,23,23,24,0,0,,,,,0,94,66,70,0,0,70,1.61,,
"constrained-tmlr-revision-2026-08-13","full",TRUE,12,"aligned",38,0.1,0.05,"exact","precomputed_exact_table","exact",202795800,202795831,,25000,"certified","bounds-met",TRUE,46,46,56,56,56,0,56,0,TRUE,0.915019651176427,0.0849803488235725,0.0849803488235729,TRUE,TRUE,TRUE,0.0849803488235725,0.0888097372416875,0.0386219801092895,15,15,24,0,0,,,,,0,70,50,46,0,0,46,0.83,,
"constrained-tmlr-revision-2026-08-13","full",TRUE,12,"aligned",38,0.1,0.05,"stochastic","precomputed_exact_table","iid",202795800,202795832,100,25000,"certified","bounds-met",TRUE,46,46,56,56,56,0,56,0,TRUE,0.915019651176427,0.0849803488235725,0.0849803488235759,TRUE,TRUE,TRUE,0.0849803488235725,0.0888097372416875,0.0386219801092895,15,15,24,0,0,,,,,0,70,50,46,0,0,46,0.640000000000001,,
"constrained-tmlr-revision-2026-08-13","full",TRUE,12,"aligned",38,0.2,0.05,"exact","precomputed_exact_table","exact",202795800,202795841,,25000,"certified","bounds-met",TRUE,19,19,19,19,19,0,19,0,TRUE,0.822763544999392,0.177236455000608,0.177236455000608,TRUE,TRUE,TRUE,0.177236455000608,0.195086428213812,0.0358549761065253,6,6,24,0,0,,,,,0,43,32,19,0,0,19,0.16,,
"constrained-tmlr-revision-2026-08-13","full",TRUE,12,"aligned",38,0.2,0.05,"stochastic","precomputed_exact_table","iid",202795800,202795842,100,25000,"certified","bounds-met",TRUE,19,19,19,19,19,0,19,0,TRUE,0.822763544999392,0.177236455000608,0.177236455000616,TRUE,TRUE,TRUE,0.177236455000608,0.195086428213812,0.0358549761065253,6,6,24,0,0,,,,,0,43,32,19,0,0,19,0.140000000000001,,
"constrained-tmlr-revision-2026-08-13","full",TRUE,12,"aligned",39,0.01,0.05,"exact","precomputed_exact_table","exact",202795900,202795911,,25000,"certified","bounds-met",TRUE,67,67,105,105,105,0,105,0,TRUE,0.990072595065056,0.00992740493494448,0.0099274049349417,TRUE,TRUE,TRUE,0.00992740493494448,0.00997701019335244,0.00409334998140954,22,22,24,0,0,,,,,0,91,64,67,0,0,67,1.35,,
"constrained-tmlr-revision-2026-08-13","full",TRUE,12,"aligned",39,0.01,0.05,"stochastic","precomputed_exact_table","iid",202795900,202795912,100,25000,"certified","bounds-met",TRUE,67,67,105,105,105,0,105,0,TRUE,0.990072595065056,0.00992740493494448,0.00992740493494205,TRUE,TRUE,TRUE,0.00992740493494448,0.00997701019335244,0.00409334998140954,22,22,24,0,0,,,,,0,91,64,67,0,0,67,1.09,,
"constrained-tmlr-revision-2026-08-13","full",TRUE,12,"aligned",39,0.05,0.05,"exact","precomputed_exact_table","exact",202795900,202795921,,25000,"certified","bounds-met",TRUE,40,40,46,46,46,0,46,0,TRUE,0.952874545584079,0.0471254544159206,0.0471254544159179,TRUE,TRUE,TRUE,0.0471254544159206,0.0482720255631433,0.0164410480352266,13,13,24,0,0,,,,,0,64,46,40,0,0,40,0.59,,
"constrained-tmlr-revision-2026-08-13","full",TRUE,12,"aligned",39,0.05,0.05,"stochastic","precomputed_exact_table","iid",202795900,202795922,100,25000,"certified","bounds-met",TRUE,40,40,46,46,46,0,46,0,TRUE,0.952874545584079,0.0471254544159206,0.0471254544159199,TRUE,TRUE,TRUE,0.0471254544159206,0.0482720255631433,0.0164410480352266,13,13,24,0,0,,,,,0,64,46,40,0,0,40,0.52,,
"constrained-tmlr-revision-2026-08-13","full",TRUE,12,"aligned",39,0.1,0.05,"exact","precomputed_exact_table","exact",202795900,202795931,,25000,"certified","bounds-met",TRUE,43,43,37,37,37,0,37,0,TRUE,0.926915023974143,0.0730849760258567,0.0730849760258546,TRUE,TRUE,TRUE,0.0730849760258567,0.0758933853913372,0.0213012245801382,14,14,24,0,0,,,,,0,67,48,43,0,0,43,0.630000000000001,,
"constrained-tmlr-revision-2026-08-13","full",TRUE,12,"aligned",39,0.1,0.05,"stochastic","precomputed_exact_table","iid",202795900,202795932,100,25000,"certified","bounds-met",TRUE,43,43,37,37,37,0,37,0,TRUE,0.926915023974143,0.0730849760258567,0.0730849760258562,TRUE,TRUE,TRUE,0.0730849760258567,0.0758933853913372,0.0213012245801382,14,14,24,0,0,,,,,0,67,48,43,0,0,43,0.58,,
"constrained-tmlr-revision-2026-08-13","full",TRUE,12,"aligned",39,0.2,0.05,"exact","precomputed_exact_table","exact",202795900,202795941,,25000,"certified","bounds-met",TRUE,37,37,18,18,18,0,18,0,TRUE,0.813211034090186,0.186788965909814,0.186788965909812,TRUE,TRUE,TRUE,0.186788965909814,0.20676462859129,0.0646149920276292,12,12,24,0,0,,,,,0,61,44,37,0,0,37,0.609999999999999,,
"constrained-tmlr-revision-2026-08-13","full",TRUE,12,"aligned",39,0.2,0.05,"stochastic","precomputed_exact_table","iid",202795900,202795942,100,25000,"certified","bounds-met",TRUE,37,37,18,18,18,0,18,0,TRUE,0.813211034090186,0.186788965909814,0.186788965909816,TRUE,TRUE,TRUE,0.186788965909814,0.20676462859129,0.0646149920276292,12,12,24,0,0,,,,,0,61,44,37,0,0,37,0.69,,
"constrained-tmlr-revision-2026-08-13","full",TRUE,12,"aligned",40,0.01,0.05,"exact","precomputed_exact_table","exact",202796000,202796011,,25000,"certified","bounds-met",TRUE,52,52,74,74,74,0,74,0,TRUE,0.990112622395917,0.0098873776040832,0.00988737760408579,TRUE,TRUE,TRUE,0.0098873776040832,0.00993658232780353,0.00279998663056084,17,17,24,0,0,,,,,0,76,54,52,0,0,52,1.25,,
"constrained-tmlr-revision-2026-08-13","full",TRUE,12,"aligned",40,0.01,0.05,"stochastic","precomputed_exact_table","iid",202796000,202796012,100,25000,"certified","bounds-met",TRUE,52,52,74,74,74,0,74,0,TRUE,0.990112622395917,0.0098873776040832,0.00988737760408622,TRUE,TRUE,TRUE,0.0098873776040832,0.00993658232780353,0.00279998663056084,17,17,24,0,0,,,,,0,76,54,52,0,0,52,0.67,,
"constrained-tmlr-revision-2026-08-13","full",TRUE,12,"aligned",40,0.05,0.05,"exact","precomputed_exact_table","exact",202796000,202796021,,25000,"certified","bounds-met",TRUE,46,46,46,46,46,0,46,0,TRUE,0.962705000685242,0.0372949993147583,0.0372949993147609,TRUE,TRUE,TRUE,0.0372949993147583,0.0380082477739367,0.0153395656369181,15,15,24,0,0,,,,,0,70,50,46,0,0,46,0.7,,
"constrained-tmlr-revision-2026-08-13","full",TRUE,12,"aligned",40,0.05,0.05,"stochastic","precomputed_exact_table","iid",202796000,202796022,100,25000,"certified","bounds-met",TRUE,46,46,46,46,46,0,46,0,TRUE,0.962705000685242,0.0372949993147583,0.0372949993147622,TRUE,TRUE,TRUE,0.0372949993147583,0.0380082477739367,0.0153395656369181,15,15,24,0,0,,,,,0,70,50,46,0,0,46,0.720000000000001,,
"constrained-tmlr-revision-2026-08-13","full",TRUE,12,"aligned",40,0.1,0.05,"exact","precomputed_exact_table","exact",202796000,202796031,,25000,"certified","bounds-met",TRUE,37,37,27,27,27,0,27,0,TRUE,0.905733163627282,0.0942668363727178,0.0942668363727197,TRUE,TRUE,TRUE,0.0942668363727178,0.0990105377017887,0.0289452220763961,12,12,24,0,0,,,,,0,61,44,37,0,0,37,0.620000000000001,,
"constrained-tmlr-revision-2026-08-13","full",TRUE,12,"aligned",40,0.1,0.05,"stochastic","precomputed_exact_table","iid",202796000,202796032,100,25000,"certified","bounds-met",TRUE,37,37,27,27,27,0,27,0,TRUE,0.905733163627282,0.0942668363727178,0.0942668363727244,TRUE,TRUE,TRUE,0.0942668363727178,0.0990105377017887,0.0289452220763961,12,12,24,0,0,,,,,0,61,44,37,0,0,37,0.710000000000001,,
"constrained-tmlr-revision-2026-08-13","full",TRUE,12,"aligned",40,0.2,0.05,"exact","precomputed_exact_table","exact",202796000,202796041,,25000,"certified","bounds-met",TRUE,16,16,9,9,9,0,9,0,TRUE,0.836254911262045,0.163745088737955,0.163745088737956,TRUE,TRUE,TRUE,0.163745088737955,0.178821794597847,0.0429161342855602,5,5,24,0,0,,,,,0,40,30,16,0,0,16,0.19,,
"constrained-tmlr-revision-2026-08-13","full",TRUE,12,"aligned",40,0.2,0.05,"stochastic","precomputed_exact_table","iid",202796000,202796042,100,25000,"certified","bounds-met",TRUE,16,16,9,9,9,0,9,0,TRUE,0.836254911262045,0.163745088737955,0.163745088737963,TRUE,TRUE,TRUE,0.163745088737955,0.178821794597847,0.0429161342855602,5,5,24,0,0,,,,,0,40,30,16,0,0,16,0.199999999999999,,
"constrained-tmlr-revision-2026-08-13","full",TRUE,12,"aligned",41,0.01,0.05,"exact","precomputed_exact_table","exact",202796100,202796111,,25000,"certified","bounds-met",TRUE,82,82,135,135,135,0,135,0,TRUE,0.990305728181173,0.00969427181882732,0.00969427181882455,TRUE,TRUE,TRUE,0.00969427181882732,0.00974156718283518,0.0033636746852822,27,27,24,0,0,,,,,0,106,74,82,0,0,82,1.93,,
"constrained-tmlr-revision-2026-08-13","full",TRUE,12,"aligned",41,0.01,0.05,"stochastic","precomputed_exact_table","iid",202796100,202796112,100,25000,"certified","bounds-met",TRUE,82,82,135,135,135,0,135,0,TRUE,0.990305728181173,0.00969427181882732,0.0096942718188251,TRUE,TRUE,TRUE,0.00969427181882732,0.00974156718283518,0.0033636746852822,27,27,24,0,0,,,,,0,106,74,82,0,0,82,1.91,,
"constrained-tmlr-revision-2026-08-13","full",TRUE,12,"aligned",41,0.05,0.05,"exact","precomputed_exact_table","exact",202796100,202796121,,25000,"certified","bounds-met",TRUE,46,46,56,56,56,0,56,0,TRUE,0.957606972101135,0.0423930278988651,0.0423930278988624,TRUE,TRUE,TRUE,0.0423930278988651,0.0433178439575114,0.0128131558143351,15,15,24,0,0,,,,,0,70,50,46,0,0,46,1.11,,
"constrained-tmlr-revision-2026-08-13","full",TRUE,12,"aligned",41,0.05,0.05,"stochastic","precomputed_exact_table","iid",202796100,202796122,100,25000,"certified","bounds-met",TRUE,46,46,56,56,56,0,56,0,TRUE,0.957606972101135,0.0423930278988651,0.0423930278988657,TRUE,TRUE,TRUE,0.0423930278988651,0.0433178439575114,0.0128131558143351,15,15,24,0,0,,,,,0,70,50,46,0,0,46,0.85,,
"constrained-tmlr-revision-2026-08-13","full",TRUE,12,"aligned",41,0.1,0.05,"exact","precomputed_exact_table","exact",202796100,202796131,,25000,"certified","bounds-met",TRUE,40,40,38,38,38,0,38,0,TRUE,0.903763137018281,0.0962368629817187,0.0962368629817165,TRUE,TRUE,TRUE,0.0962368629817187,0.101187969494998,0.028291038444388,13,13,24,0,0,,,,,0,64,46,40,0,0,40,0.840000000000002,,
"constrained-tmlr-revision-2026-08-13","full",TRUE,12,"aligned",41,0.1,0.05,"stochastic","precomputed_exact_table","iid",202796100,202796132,100,25000,"certified","bounds-met",TRUE,40,40,38,38,38,0,38,0,TRUE,0.903763137018281,0.0962368629817187,0.0962368629817234,TRUE,TRUE,TRUE,0.0962368629817187,0.101187969494998,0.028291038444388,13,13,24,0,0,,,,,0,64,46,40,0,0,40,0.550000000000001,,
"constrained-tmlr-revision-2026-08-13","full",TRUE,12,"aligned",41,0.2,0.05,"exact","precomputed_exact_table","exact",202796100,202796141,,25000,"certified","bounds-met",TRUE,46,46,28,28,28,0,28,0,TRUE,0.845150839746383,0.154849160253617,0.154849160253613,TRUE,TRUE,TRUE,0.154849160253617,0.168240158980122,0.0417457674587822,15,15,24,0,0,,,,,0,70,50,46,0,0,46,0.479999999999999,,
"constrained-tmlr-revision-2026-08-13","full",TRUE,12,"aligned",41,0.2,0.05,"stochastic","precomputed_exact_table","iid",202796100,202796142,100,25000,"certified","bounds-met",TRUE,46,46,28,28,28,0,28,0,TRUE,0.845150839746383,0.154849160253617,0.154849160253623,TRUE,TRUE,TRUE,0.154849160253617,0.168240158980122,0.0417457674587822,15,15,24,0,0,,,,,0,70,50,46,0,0,46,0.41,,
"constrained-tmlr-revision-2026-08-13","full",TRUE,12,"aligned",42,0.01,0.05,"exact","precomputed_exact_table","exact",202796200,202796211,,25000,"certified","bounds-met",TRUE,103,103,136,136,136,0,136,0,TRUE,0.990065938096892,0.00993406190310775,0.00993406190310873,TRUE,TRUE,TRUE,0.00993406190310775,0.00998373393318358,0.00376528494179027,34,34,24,0,0,,,,,0,127,88,103,0,0,103,3.03,,
"constrained-tmlr-revision-2026-08-13","full",TRUE,12,"aligned",42,0.01,0.05,"stochastic","precomputed_exact_table","iid",202796200,202796212,100,25000,"certified","bounds-met",TRUE,103,103,136,136,136,0,136,0,TRUE,0.990065938096892,0.00993406190310775,0.00993406190310923,TRUE,TRUE,TRUE,0.00993406190310775,0.00998373393318358,0.00376528494179027,34,34,24,0,0,,,,,0,127,88,103,0,0,103,2.37,,
"constrained-tmlr-revision-2026-08-13","full",TRUE,12,"aligned",42,0.05,0.05,"exact","precomputed_exact_table","exact",202796200,202796221,,25000,"certified","bounds-met",TRUE,70,70,86,86,86,0,86,0,TRUE,0.958673301690348,0.0413266983096523,0.0413266983096529,TRUE,TRUE,TRUE,0.0413266983096523,0.0422049277376262,0.0142440663274211,23,23,24,0,0,,,,,0,94,66,70,0,0,70,1.39,,
"constrained-tmlr-revision-2026-08-13","full",TRUE,12,"aligned",42,0.05,0.05,"stochastic","precomputed_exact_table","iid",202796200,202796222,100,25000,"certified","bounds-met",TRUE,70,70,86,86,86,0,86,0,TRUE,0.958673301690348,0.0413266983096523,0.0413266983096552,TRUE,TRUE,TRUE,0.0413266983096523,0.0422049277376262,0.0142440663274211,23,23,24,0,0,,,,,0,94,66,70,0,0,70,1.47,,
"constrained-tmlr-revision-2026-08-13","full",TRUE,12,"aligned",42,0.1,0.05,"exact","precomputed_exact_table","exact",202796200,202796231,,25000,"certified","bounds-met",TRUE,70,70,56,56,56,0,56,0,TRUE,0.910605597856671,0.0893944021433293,0.0893944021433303,TRUE,TRUE,TRUE,0.0893944021433293,0.0936454086627594,0.0242773400467187,23,23,24,0,0,,,,,0,94,66,70,0,0,70,0.689999999999998,,
"constrained-tmlr-revision-2026-08-13","full",TRUE,12,"aligned",42,0.1,0.05,"stochastic","precomputed_exact_table","iid",202796200,202796232,100,25000,"certified","bounds-met",TRUE,70,70,56,56,56,0,56,0,TRUE,0.910605597856671,0.0893944021433293,0.0893944021433341,TRUE,TRUE,TRUE,0.0893944021433293,0.0936454086627594,0.0242773400467187,23,23,24,0,0,,,,,0,94,66,70,0,0,70,0.470000000000002,,
"constrained-tmlr-revision-2026-08-13","full",TRUE,12,"aligned",42,0.2,0.05,"exact","precomputed_exact_table","exact",202796200,202796241,,25000,"certified","bounds-met",TRUE,25,25,19,19,19,0,19,0,TRUE,0.841439401012569,0.158560598987431,0.158560598987431,TRUE,TRUE,TRUE,0.158560598987431,0.172641281001301,0.0394725435401122,8,8,24,0,0,,,,,0,49,36,25,0,0,25,0.140000000000001,,
"constrained-tmlr-revision-2026-08-13","full",TRUE,12,"aligned",42,0.2,0.05,"stochastic","precomputed_exact_table","iid",202796200,202796242,100,25000,"certified","bounds-met",TRUE,25,25,19,19,19,0,19,0,TRUE,0.841439401012569,0.158560598987431,0.158560598987439,TRUE,TRUE,TRUE,0.158560598987431,0.172641281001301,0.0394725435401122,8,8,24,0,0,,,,,0,49,36,25,0,0,25,0.109999999999999,,
"constrained-tmlr-revision-2026-08-13","full",TRUE,12,"aligned",43,0.01,0.05,"exact","precomputed_exact_table","exact",202796300,202796311,,25000,"certified","bounds-met",TRUE,64,64,102,102,102,0,102,0,TRUE,0.990266805104219,0.00973319489578073,0.00973319489578233,TRUE,TRUE,TRUE,0.00973319489578073,0.00978087205685951,0.00320492726808389,21,21,24,0,0,,,,,0,88,62,64,0,0,64,1.87,,
"constrained-tmlr-revision-2026-08-13","full",TRUE,12,"aligned",43,0.01,0.05,"stochastic","precomputed_exact_table","iid",202796300,202796312,100,25000,"certified","bounds-met",TRUE,64,64,102,102,102,0,102,0,TRUE,0.990266805104219,0.00973319489578073,0.00973319489578274,TRUE,TRUE,TRUE,0.00973319489578073,0.00978087205685951,0.00320492726808389,21,21,24,0,0,,,,,0,88,62,64,0,0,64,1.04,,
"constrained-tmlr-revision-2026-08-13","full",TRUE,12,"aligned",43,0.05,0.05,"exact","precomputed_exact_table","exact",202796300,202796321,,25000,"certified","bounds-met",TRUE,40,40,46,46,46,0,46,0,TRUE,0.955453847153765,0.0445461528462352,0.0445461528462362,TRUE,TRUE,TRUE,0.0445461528462352,0.0455688187669222,0.0147939457130032,13,13,24,0,0,,,,,0,64,46,40,0,0,40,0.66,,
"constrained-tmlr-revision-2026-08-13","full",TRUE,12,"aligned",43,0.05,0.05,"stochastic","precomputed_exact_table","iid",202796300,202796322,100,25000,"certified","bounds-met",TRUE,40,40,46,46,46,0,46,0,TRUE,0.955453847153765,0.0445461528462352,0.0445461528462388,TRUE,TRUE,TRUE,0.0445461528462352,0.0455688187669222,0.0147939457130032,13,13,24,0,0,,,,,0,64,46,40,0,0,40,1.37,,
"constrained-tmlr-revision-2026-08-13","full",TRUE,12,"aligned",43,0.1,0.05,"exact","precomputed_exact_table","exact",202796300,202796331,,25000,"certified","bounds-met",TRUE,31,31,28,28,28,0,28,0,TRUE,0.901353755777312,0.0986462442226875,0.0986462442226888,TRUE,TRUE,TRUE,0.0986462442226875,0.103857472707122,0.0225340862866088,10,10,24,0,0,,,,,0,55,40,31,0,0,31,0.610000000000001,,
"constrained-tmlr-revision-2026-08-13","full",TRUE,12,"aligned",43,0.1,0.05,"stochastic","precomputed_exact_table","iid",202796300,202796332,100,25000,"certified","bounds-met",TRUE,31,31,28,28,28,0,28,0,TRUE,0.901353755777312,0.0986462442226875,0.0986462442226923,TRUE,TRUE,TRUE,0.0986462442226875,0.103857472707122,0.0225340862866088,10,10,24,0,0,,,,,0,55,40,31,0,0,31,0.460000000000001,,
"constrained-tmlr-revision-2026-08-13","full",TRUE,12,"aligned",43,0.2,0.05,"exact","precomputed_exact_table","exact",202796300,202796341,,25000,"certified","bounds-met",TRUE,16,16,9,9,9,0,9,0,TRUE,0.817988532699924,0.182011467300076,0.182011467300077,TRUE,TRUE,TRUE,0.182011467300076,0.200906961181903,0.0392837809820408,5,5,24,0,0,,,,,0,40,30,16,0,0,16,0.19,,
"constrained-tmlr-revision-2026-08-13","full",TRUE,12,"aligned",43,0.2,0.05,"stochastic","precomputed_exact_table","iid",202796300,202796342,100,25000,"certified","bounds-met",TRUE,16,16,9,9,9,0,9,0,TRUE,0.817988532699924,0.182011467300076,0.182011467300085,TRUE,TRUE,TRUE,0.182011467300076,0.200906961181903,0.0392837809820408,5,5,24,0,0,,,,,0,40,30,16,0,0,16,0.130000000000001,,
"constrained-tmlr-revision-2026-08-13","full",TRUE,12,"aligned",44,0.01,0.05,"exact","precomputed_exact_table","exact",202796400,202796411,,25000,"certified","bounds-met",TRUE,76,76,143,143,143,0,143,0,TRUE,0.990472443282703,0.0095275567172971,0.00952755671729628,TRUE,TRUE,TRUE,0.0095275567172971,0.00957323424750131,0.0055474912917404,25,25,24,0,0,,,,,0,100,70,76,0,0,76,2.62,,
"constrained-tmlr-revision-2026-08-13","full",TRUE,12,"aligned",44,0.01,0.05,"stochastic","precomputed_exact_table","iid",202796400,202796412,100,25000,"certified","bounds-met",TRUE,76,76,143,143,143,0,143,0,TRUE,0.990472443282703,0.0095275567172971,0.00952755671729662,TRUE,TRUE,TRUE,0.0095275567172971,0.00957323424750131,0.0055474912917404,25,25,24,0,0,,,,,0,100,70,76,0,0,76,1.56,,
"constrained-tmlr-revision-2026-08-13","full",TRUE,12,"aligned",44,0.05,0.05,"exact","precomputed_exact_table","exact",202796400,202796421,,25000,"certified","bounds-met",TRUE,49,49,56,56,56,0,56,0,TRUE,0.958866318715726,0.041133681284274,0.0411336812842731,TRUE,TRUE,TRUE,0.041133681284274,0.042003610357817,0.020991376888562,16,16,24,0,0,,,,,0,73,52,49,0,0,49,0.869999999999999,,
"constrained-tmlr-revision-2026-08-13","full",TRUE,12,"aligned",44,0.05,0.05,"stochastic","precomputed_exact_table","iid",202796400,202796422,100,25000,"certified","bounds-met",TRUE,49,49,56,56,56,0,56,0,TRUE,0.958866318715726,0.041133681284274,0.0411336812842749,TRUE,TRUE,TRUE,0.041133681284274,0.042003610357817,0.020991376888562,16,16,24,0,0,,,,,0,73,52,49,0,0,49,0.890000000000001,,
"constrained-tmlr-revision-2026-08-13","full",TRUE,12,"aligned",44,0.1,0.05,"exact","precomputed_exact_table","exact",202796400,202796431,,25000,"certified","bounds-met",TRUE,40,40,37,37,37,0,37,0,TRUE,0.908044149818082,0.0919558501819177,0.0919558501819164,TRUE,TRUE,TRUE,0.0919558501819177,0.0964622784152429,0.0371202878972208,13,13,24,0,0,,,,,0,64,46,40,0,0,40,0.5,,
"constrained-tmlr-revision-2026-08-13","full",TRUE,12,"aligned",44,0.1,0.05,"stochastic","precomputed_exact_table","iid",202796400,202796432,100,25000,"certified","bounds-met",TRUE,40,40,37,37,37,0,37,0,TRUE,0.908044149818082,0.0919558501819177,0.0919558501819203,TRUE,TRUE,TRUE,0.0919558501819177,0.0964622784152429,0.0371202878972208,13,13,24,0,0,,,,,0,64,46,40,0,0,40,0.35,,
"constrained-tmlr-revision-2026-08-13","full",TRUE,12,"aligned",44,0.2,0.05,"exact","precomputed_exact_table","exact",202796400,202796441,,25000,"certified","bounds-met",TRUE,25,25,18,18,18,0,18,0,TRUE,0.806099493213218,0.193900506786782,0.193900506786781,TRUE,TRUE,TRUE,0.193900506786782,0.215548103382497,0.0518772531503734,8,8,24,0,0,,,,,0,49,36,25,0,0,25,0.199999999999999,,
"constrained-tmlr-revision-2026-08-13","full",TRUE,12,"aligned",44,0.2,0.05,"stochastic","precomputed_exact_table","iid",202796400,202796442,100,25000,"certified","bounds-met",TRUE,25,25,18,18,18,0,18,0,TRUE,0.806099493213218,0.193900506786782,0.193900506786788,TRUE,TRUE,TRUE,0.193900506786782,0.215548103382497,0.0518772531503734,8,8,24,0,0,,,,,0,49,36,25,0,0,25,0.149999999999999,,
"constrained-tmlr-revision-2026-08-13","full",TRUE,12,"aligned",45,0.01,0.05,"exact","precomputed_exact_table","exact",202796500,202796511,,25000,"certified","bounds-met",TRUE,79,79,175,175,175,0,175,0,TRUE,0.99000106578974,0.00999893421025977,0.00999893421025998,TRUE,TRUE,TRUE,0.00999893421025977,0.0100492592987878,0.00285453757933362,26,26,24,0,0,,,,,0,103,72,79,0,0,79,1.98,,
"constrained-tmlr-revision-2026-08-13","full",TRUE,12,"aligned",45,0.01,0.05,"stochastic","precomputed_exact_table","iid",202796500,202796512,100,25000,"certified","bounds-met",TRUE,79,79,175,175,175,0,175,0,TRUE,0.99000106578974,0.00999893421025977,0.00999893421026048,TRUE,TRUE,TRUE,0.00999893421025977,0.0100492592987878,0.00285453757933362,26,26,24,0,0,,,,,0,103,72,79,0,0,79,2.25,,
"constrained-tmlr-revision-2026-08-13","full",TRUE,12,"aligned",45,0.05,0.05,"exact","precomputed_exact_table","exact",202796500,202796521,,25000,"certified","bounds-met",TRUE,67,67,93,93,93,0,93,0,TRUE,0.950468587698897,0.0495314123011034,0.0495314123011033,TRUE,TRUE,TRUE,0.0495314123011034,0.0508001657860831,0.0147831094935,22,22,24,0,0,,,,,0,91,64,67,0,0,67,1.14,,
"constrained-tmlr-revision-2026-08-13","full",TRUE,12,"aligned",45,0.05,0.05,"stochastic","precomputed_exact_table","iid",202796500,202796522,100,25000,"certified","bounds-met",TRUE,67,67,93,93,93,0,93,0,TRUE,0.950468587698897,0.0495314123011034,0.0495314123011061,TRUE,TRUE,TRUE,0.0495314123011034,0.0508001657860831,0.0147831094935,22,22,24,0,0,,,,,0,91,64,67,0,0,67,1.16,,
"constrained-tmlr-revision-2026-08-13","full",TRUE,12,"aligned",45,0.1,0.05,"exact","precomputed_exact_table","exact",202796500,202796531,,25000,"certified","bounds-met",TRUE,58,58,63,63,63,0,63,0,TRUE,0.903008800253542,0.0969911997464578,0.0969911997464574,TRUE,TRUE,TRUE,0.0969911997464578,0.102022980038396,0.0270567195860345,19,19,24,0,0,,,,,0,82,58,58,0,0,58,0.789999999999999,,
"constrained-tmlr-revision-2026-08-13","full",TRUE,12,"aligned",45,0.1,0.05,"stochastic","precomputed_exact_table","iid",202796500,202796532,100,25000,"certified","bounds-met",TRUE,58,58,63,63,63,0,63,0,TRUE,0.903008800253542,0.0969911997464578,0.0969911997464629,TRUE,TRUE,TRUE,0.0969911997464578,0.102022980038396,0.0270567195860345,19,19,24,0,0,,,,,0,82,58,58,0,0,58,0.559999999999999,,
"constrained-tmlr-revision-2026-08-13","full",TRUE,12,"aligned",45,0.2,0.05,"exact","precomputed_exact_table","exact",202796500,202796541,,25000,"certified","bounds-met",TRUE,25,25,19,19,19,0,19,0,TRUE,0.807367091750098,0.192632908249902,0.192632908249902,TRUE,TRUE,TRUE,0.192632908249902,0.213976829692059,0.0287624619994833,8,8,24,0,0,,,,,0,49,36,25,0,0,25,0.16,,
"constrained-tmlr-revision-2026-08-13","full",TRUE,12,"aligned",45,0.2,0.05,"stochastic","precomputed_exact_table","iid",202796500,202796542,100,25000,"certified","bounds-met",TRUE,25,25,19,19,19,0,19,0,TRUE,0.807367091750098,0.192632908249902,0.192632908249912,TRUE,TRUE,TRUE,0.192632908249902,0.213976829692059,0.0287624619994833,8,8,24,0,0,,,,,0,49,36,25,0,0,25,0.140000000000001,,
"constrained-tmlr-revision-2026-08-13","full",TRUE,12,"aligned",46,0.01,0.05,"exact","precomputed_exact_table","exact",202796600,202796611,,25000,"certified","bounds-met",TRUE,76,76,136,136,136,0,136,0,TRUE,0.990328076290467,0.0096719237095334,0.009671923709531,TRUE,TRUE,TRUE,0.0096719237095334,0.00971900055871273,0.00317470185278137,25,25,24,0,0,,,,,0,100,70,76,0,0,76,2.02,,
"constrained-tmlr-revision-2026-08-13","full",TRUE,12,"aligned",46,0.01,0.05,"stochastic","precomputed_exact_table","iid",202796600,202796612,100,25000,"certified","bounds-met",TRUE,76,76,136,136,136,0,136,0,TRUE,0.990328076290467,0.0096719237095334,0.00967192370953141,TRUE,TRUE,TRUE,0.0096719237095334,0.00971900055871273,0.00317470185278137,25,25,24,0,0,,,,,0,100,70,76,0,0,76,1.35,,
"constrained-tmlr-revision-2026-08-13","full",TRUE,12,"aligned",46,0.05,0.05,"exact","precomputed_exact_table","exact",202796600,202796621,,25000,"certified","bounds-met",TRUE,43,43,62,62,62,0,62,0,TRUE,0.952030408667465,0.0479695913325352,0.0479695913325332,TRUE,TRUE,TRUE,0.0479695913325352,0.0491583028233136,0.0159396537817108,14,14,24,0,0,,,,,0,67,48,43,0,0,43,0.68,,
"constrained-tmlr-revision-2026-08-13","full",TRUE,12,"aligned",46,0.05,0.05,"stochastic","precomputed_exact_table","iid",202796600,202796622,100,25000,"certified","bounds-met",TRUE,43,43,62,62,62,0,62,0,TRUE,0.952030408667465,0.0479695913325352,0.0479695913325349,TRUE,TRUE,TRUE,0.0479695913325352,0.0491583028233136,0.0159396537817108,14,14,24,0,0,,,,,0,67,48,43,0,0,43,0.640000000000001,,
"constrained-tmlr-revision-2026-08-13","full",TRUE,12,"aligned",46,0.1,0.05,"exact","precomputed_exact_table","exact",202796600,202796631,,25000,"certified","bounds-met",TRUE,40,40,44,44,44,0,44,0,TRUE,0.913238070400692,0.0867619295993083,0.086761929599306,TRUE,TRUE,TRUE,0.0867619295993083,0.0907586761890073,0.0277869398863229,13,13,24,0,0,,,,,0,64,46,40,0,0,40,0.76,,
"constrained-tmlr-revision-2026-08-13","full",TRUE,12,"aligned",46,0.1,0.05,"stochastic","precomputed_exact_table","iid",202796600,202796632,100,25000,"certified","bounds-met",TRUE,40,40,44,44,44,0,44,0,TRUE,0.913238070400692,0.0867619295993083,0.0867619295993097,TRUE,TRUE,TRUE,0.0867619295993083,0.0907586761890073,0.0277869398863229,13,13,24,0,0,,,,,0,64,46,40,0,0,40,0.710000000000001,,
"constrained-tmlr-revision-2026-08-13","full",TRUE,12,"aligned",46,0.2,0.05,"exact","precomputed_exact_table","exact",202796600,202796641,,25000,"certified","bounds-met",TRUE,16,16,17,17,17,0,17,0,TRUE,0.825860295058528,0.174139704941472,0.17413970494147,TRUE,TRUE,TRUE,0.174139704941472,0.191329654077689,0.0454978166166148,5,5,24,0,0,,,,,0,40,30,16,0,0,16,0.19,,
"constrained-tmlr-revision-2026-08-13","full",TRUE,12,"aligned",46,0.2,0.05,"stochastic","precomputed_exact_table","iid",202796600,202796642,100,25000,"certified","bounds-met",TRUE,16,16,17,17,17,0,17,0,TRUE,0.825860295058528,0.174139704941472,0.174139704941478,TRUE,TRUE,TRUE,0.174139704941472,0.191329654077689,0.0454978166166148,5,5,24,0,0,,,,,0,40,30,16,0,0,16,0.180000000000001,,
"constrained-tmlr-revision-2026-08-13","full",TRUE,12,"aligned",47,0.01,0.05,"exact","precomputed_exact_table","exact",202796700,202796711,,25000,"certified","bounds-met",TRUE,88,88,134,134,134,0,134,0,TRUE,0.990217760797002,0.00978223920299814,0.00978223920300114,TRUE,TRUE,TRUE,0.00978223920299814,0.00983039964023164,0.00461232294184205,29,29,24,0,0,,,,,0,112,78,88,0,0,88,2.15,,
"constrained-tmlr-revision-2026-08-13","full",TRUE,12,"aligned",47,0.01,0.05,"stochastic","precomputed_exact_table","iid",202796700,202796712,100,25000,"certified","bounds-met",TRUE,88,88,134,134,134,0,134,0,TRUE,0.990217760797002,0.00978223920299814,0.00978223920300163,TRUE,TRUE,TRUE,0.00978223920299814,0.00983039964023164,0.00461232294184205,29,29,24,0,0,,,,,0,112,78,88,0,0,88,2.25,,
"constrained-tmlr-revision-2026-08-13","full",TRUE,12,"aligned",47,0.05,0.05,"exact","precomputed_exact_table","exact",202796700,202796721,,25000,"certified","bounds-met",TRUE,61,61,76,76,76,0,76,0,TRUE,0.952314744470014,0.0476852555299865,0.0476852555299897,TRUE,TRUE,TRUE,0.0476852555299865,0.0488596848924273,0.0165402593939969,20,20,24,0,0,,,,,0,85,60,61,0,0,61,1.81,,
"constrained-tmlr-revision-2026-08-13","full",TRUE,12,"aligned",47,0.05,0.05,"stochastic","precomputed_exact_table","iid",202796700,202796722,100,25000,"certified","bounds-met",TRUE,61,61,76,76,76,0,76,0,TRUE,0.952314744470014,0.0476852555299865,0.047685255529992,TRUE,TRUE,TRUE,0.0476852555299865,0.0488596848924273,0.0165402593939969,20,20,24,0,0,,,,,0,85,60,61,0,0,61,1.33,,
"constrained-tmlr-revision-2026-08-13","full",TRUE,12,"aligned",47,0.1,0.05,"exact","precomputed_exact_table","exact",202796700,202796731,,25000,"certified","bounds-met",TRUE,52,52,46,46,46,0,46,0,TRUE,0.900433849043865,0.0995661509561349,0.0995661509561383,TRUE,TRUE,TRUE,0.0995661509561349,0.104878577315584,0.024562092356024,17,17,24,0,0,,,,,0,76,54,52,0,0,52,0.629999999999999,,
"constrained-tmlr-revision-2026-08-13","full",TRUE,12,"aligned",47,0.1,0.05,"stochastic","precomputed_exact_table","iid",202796700,202796732,100,25000,"certified","bounds-met",TRUE,52,52,46,46,46,0,46,0,TRUE,0.900433849043865,0.0995661509561349,0.0995661509561418,TRUE,TRUE,TRUE,0.0995661509561349,0.104878577315584,0.024562092356024,17,17,24,0,0,,,,,0,76,54,52,0,0,52,0.440000000000001,,
"constrained-tmlr-revision-2026-08-13","full",TRUE,12,"aligned",47,0.2,0.05,"exact","precomputed_exact_table","exact",202796700,202796741,,25000,"certified","bounds-met",TRUE,25,25,19,19,19,0,19,0,TRUE,0.840022284450962,0.159977715549038,0.159977715549041,TRUE,TRUE,TRUE,0.159977715549038,0.174326858388381,0.0503429136305794,8,8,24,0,0,,,,,0,49,36,25,0,0,25,0.149999999999999,,
"constrained-tmlr-revision-2026-08-13","full",TRUE,12,"aligned",47,0.2,0.05,"stochastic","precomputed_exact_table","iid",202796700,202796742,100,25000,"certified","bounds-met",TRUE,25,25,19,19,19,0,19,0,TRUE,0.840022284450962,0.159977715549038,0.15997771554905,TRUE,TRUE,TRUE,0.159977715549038,0.174326858388381,0.0503429136305794,8,8,24,0,0,,,,,0,49,36,25,0,0,25,0.119999999999997,,
"constrained-tmlr-revision-2026-08-13","full",TRUE,12,"aligned",48,0.01,0.05,"exact","precomputed_exact_table","exact",202796800,202796811,,25000,"certified","bounds-met",TRUE,64,64,94,94,94,0,94,0,TRUE,0.990260336063567,0.00973966393643289,0.00973966393643158,TRUE,TRUE,TRUE,0.00973966393643289,0.00978740470215148,0.00344959610633467,21,21,24,0,0,,,,,0,88,62,64,0,0,64,2.09,,
"constrained-tmlr-revision-2026-08-13","full",TRUE,12,"aligned",48,0.01,0.05,"stochastic","precomputed_exact_table","iid",202796800,202796812,100,25000,"certified","bounds-met",TRUE,64,64,94,94,94,0,94,0,TRUE,0.990260336063567,0.00973966393643289,0.00973966393643199,TRUE,TRUE,TRUE,0.00973966393643289,0.00978740470215148,0.00344959610633467,21,21,24,0,0,,,,,0,88,62,64,0,0,64,1.06,,
"constrained-tmlr-revision-2026-08-13","full",TRUE,12,"aligned",48,0.05,0.05,"exact","precomputed_exact_table","exact",202796800,202796821,,25000,"certified","bounds-met",TRUE,40,40,46,46,46,0,46,0,TRUE,0.960402340801442,0.0395976591985581,0.0395976591985569,TRUE,TRUE,TRUE,0.0395976591985581,0.0404029773187235,0.015118843074945,13,13,24,0,0,,,,,0,64,46,40,0,0,40,0.620000000000001,,
"constrained-tmlr-revision-2026-08-13","full",TRUE,12,"aligned",48,0.05,0.05,"stochastic","precomputed_exact_table","iid",202796800,202796822,100,25000,"certified","bounds-met",TRUE,40,40,46,46,46,0,46,0,TRUE,0.960402340801442,0.0395976591985581,0.0395976591985583,TRUE,TRUE,TRUE,0.0395976591985581,0.0404029773187235,0.015118843074945,13,13,24,0,0,,,,,0,64,46,40,0,0,40,0.649999999999999,,
"constrained-tmlr-revision-2026-08-13","full",TRUE,12,"aligned",48,0.1,0.05,"exact","precomputed_exact_table","exact",202796800,202796831,,25000,"certified","bounds-met",TRUE,37,37,28,28,28,0,28,0,TRUE,0.900877329074534,0.0991226709254663,0.0991226709254647,TRUE,TRUE,TRUE,0.0991226709254663,0.104386180393813,0.0284131662867982,12,12,24,0,0,,,,,0,61,44,37,0,0,37,0.75,,
"constrained-tmlr-revision-2026-08-13","full",TRUE,12,"aligned",48,0.1,0.05,"stochastic","precomputed_exact_table","iid",202796800,202796832,100,25000,"certified","bounds-met",TRUE,37,37,28,28,28,0,28,0,TRUE,0.900877329074534,0.0991226709254663,0.0991226709254689,TRUE,TRUE,TRUE,0.0991226709254663,0.104386180393813,0.0284131662867982,12,12,24,0,0,,,,,0,61,44,37,0,0,37,0.550000000000001,,
"constrained-tmlr-revision-2026-08-13","full",TRUE,12,"aligned",48,0.2,0.05,"exact","precomputed_exact_table","exact",202796800,202796841,,25000,"certified","bounds-met",TRUE,16,16,9,9,9,0,9,0,TRUE,0.820735039649095,0.179264960350905,0.179264960350904,TRUE,TRUE,TRUE,0.179264960350905,0.197554950425294,0.0370569305758495,5,5,24,0,0,,,,,0,40,30,16,0,0,16,0.18,,
"constrained-tmlr-revision-2026-08-13","full",TRUE,12,"aligned",48,0.2,0.05,"stochastic","precomputed_exact_table","iid",202796800,202796842,100,25000,"certified","bounds-met",TRUE,16,16,9,9,9,0,9,0,TRUE,0.820735039649095,0.179264960350905,0.179264960350911,TRUE,TRUE,TRUE,0.179264960350905,0.197554950425294,0.0370569305758495,5,5,24,0,0,,,,,0,40,30,16,0,0,16,0.199999999999999,,
"constrained-tmlr-revision-2026-08-13","full",TRUE,12,"aligned",49,0.01,0.05,"exact","precomputed_exact_table","exact",202796900,202796911,,25000,"certified","bounds-met",TRUE,79,79,94,94,94,0,94,0,TRUE,0.990112788981789,0.00988721101821077,0.00988721101821046,TRUE,TRUE,TRUE,0.00988721101821077,0.00993641407839972,0.00367937608342741,26,26,24,0,0,,,,,0,103,72,79,0,0,79,1.86,,
"constrained-tmlr-revision-2026-08-13","full",TRUE,12,"aligned",49,0.01,0.05,"stochastic","precomputed_exact_table","iid",202796900,202796912,100,25000,"certified","bounds-met",TRUE,79,79,94,94,94,0,94,0,TRUE,0.990112788981789,0.00988721101821077,0.00988721101821074,TRUE,TRUE,TRUE,0.00988721101821077,0.00993641407839972,0.00367937608342741,26,26,24,0,0,,,,,0,103,72,79,0,0,79,1.3,,
"constrained-tmlr-revision-2026-08-13","full",TRUE,12,"aligned",49,0.05,0.05,"exact","precomputed_exact_table","exact",202796900,202796921,,25000,"certified","bounds-met",TRUE,46,46,46,46,46,0,46,0,TRUE,0.955780703495436,0.0442192965045636,0.0442192965045635,TRUE,TRUE,TRUE,0.0442192965045636,0.0452267818936906,0.0197023845074404,15,15,24,0,0,,,,,0,70,50,46,0,0,46,0.720000000000001,,
"constrained-tmlr-revision-2026-08-13","full",TRUE,12,"aligned",49,0.05,0.05,"stochastic","precomputed_exact_table","iid",202796900,202796922,100,25000,"certified","bounds-met",TRUE,46,46,46,46,46,0,46,0,TRUE,0.955780703495436,0.0442192965045636,0.0442192965045647,TRUE,TRUE,TRUE,0.0442192965045636,0.0452267818936906,0.0197023845074404,15,15,24,0,0,,,,,0,70,50,46,0,0,46,0.94,,
"constrained-tmlr-revision-2026-08-13","full",TRUE,12,"aligned",49,0.1,0.05,"exact","precomputed_exact_table","exact",202796900,202796931,,25000,"certified","bounds-met",TRUE,40,40,36,36,36,0,36,0,TRUE,0.922025854286712,0.0779741457132879,0.0779741457132875,TRUE,TRUE,TRUE,0.0779741457132879,0.0811820142929813,0.026101469257548,13,13,24,0,0,,,,,0,64,46,40,0,0,40,0.48,,
"constrained-tmlr-revision-2026-08-13","full",TRUE,12,"aligned",49,0.1,0.05,"stochastic","precomputed_exact_table","iid",202796900,202796932,100,25000,"certified","bounds-met",TRUE,40,40,36,36,36,0,36,0,TRUE,0.922025854286712,0.0779741457132879,0.0779741457132898,TRUE,TRUE,TRUE,0.0779741457132879,0.0811820142929813,0.026101469257548,13,13,24,0,0,,,,,0,64,46,40,0,0,40,0.559999999999999,,
"constrained-tmlr-revision-2026-08-13","full",TRUE,12,"aligned",49,0.2,0.05,"exact","precomputed_exact_table","exact",202796900,202796941,,25000,"certified","bounds-met",TRUE,16,16,9,9,9,0,9,0,TRUE,0.828755799493941,0.171244200506059,0.171244200506059,TRUE,TRUE,TRUE,0.171244200506059,0.187829739625475,0.036091440664294,5,5,24,0,0,,,,,0,40,30,16,0,0,16,0.219999999999999,,
"constrained-tmlr-revision-2026-08-13","full",TRUE,12,"aligned",49,0.2,0.05,"stochastic","precomputed_exact_table","iid",202796900,202796942,100,25000,"certified","bounds-met",TRUE,16,16,9,9,9,0,9,0,TRUE,0.828755799493941,0.171244200506059,0.171244200506064,TRUE,TRUE,TRUE,0.171244200506059,0.187829739625475,0.036091440664294,5,5,24,0,0,,,,,0,40,30,16,0,0,16,0.210000000000001,,
"constrained-tmlr-revision-2026-08-13","full",TRUE,12,"aligned",50,0.01,0.05,"exact","precomputed_exact_table","exact",202797000,202797011,,25000,"certified","bounds-met",TRUE,52,52,86,86,86,0,86,0,TRUE,0.990051119106119,0.00994888089388135,0.00994888089388016,TRUE,TRUE,TRUE,0.00994888089388135,0.00999870172584005,0.00340884357474062,17,17,24,0,0,,,,,0,76,54,52,0,0,52,1.08,,
"constrained-tmlr-revision-2026-08-13","full",TRUE,12,"aligned",50,0.01,0.05,"stochastic","precomputed_exact_table","iid",202797000,202797012,100,25000,"certified","bounds-met",TRUE,52,52,86,86,86,0,86,0,TRUE,0.990051119106119,0.00994888089388135,0.00994888089388066,TRUE,TRUE,TRUE,0.00994888089388135,0.00999870172584005,0.00340884357474062,17,17,24,0,0,,,,,0,76,54,52,0,0,52,0.92,,
"constrained-tmlr-revision-2026-08-13","full",TRUE,12,"aligned",50,0.05,0.05,"exact","precomputed_exact_table","exact",202797000,202797021,,25000,"certified","bounds-met",TRUE,40,40,46,46,46,0,46,0,TRUE,0.960924524611648,0.039075475388352,0.0390754753883512,TRUE,TRUE,TRUE,0.039075475388352,0.0398594114815269,0.0145598004399439,13,13,24,0,0,,,,,0,64,46,40,0,0,40,0.7,,
"constrained-tmlr-revision-2026-08-13","full",TRUE,12,"aligned",50,0.05,0.05,"stochastic","precomputed_exact_table","iid",202797000,202797022,100,25000,"certified","bounds-met",TRUE,40,40,46,46,46,0,46,0,TRUE,0.960924524611648,0.039075475388352,0.0390754753883531,TRUE,TRUE,TRUE,0.039075475388352,0.0398594114815269,0.0145598004399439,13,13,24,0,0,,,,,0,64,46,40,0,0,40,0.619999999999999,,
"constrained-tmlr-revision-2026-08-13","full",TRUE,12,"aligned",50,0.1,0.05,"exact","precomputed_exact_table","exact",202797000,202797031,,25000,"certified","bounds-met",TRUE,25,25,28,28,28,0,28,0,TRUE,0.901863701969001,0.0981362980309991,0.0981362980309982,TRUE,TRUE,TRUE,0.0981362980309991,0.103291876801768,0.0310584442704426,8,8,24,0,0,,,,,0,49,36,25,0,0,25,0.290000000000001,,
"constrained-tmlr-revision-2026-08-13","full",TRUE,12,"aligned",50,0.1,0.05,"stochastic","precomputed_exact_table","iid",202797000,202797032,100,25000,"certified","bounds-met",TRUE,25,25,28,28,28,0,28,0,TRUE,0.901863701969001,0.0981362980309991,0.0981362980310038,TRUE,TRUE,TRUE,0.0981362980309991,0.103291876801768,0.0310584442704426,8,8,24,0,0,,,,,0,49,36,25,0,0,25,0.280000000000001,,
"constrained-tmlr-revision-2026-08-13","full",TRUE,12,"aligned",50,0.2,0.05,"exact","precomputed_exact_table","exact",202797000,202797041,,25000,"certified","bounds-met",TRUE,16,16,9,9,9,0,9,0,TRUE,0.818439395633164,0.181560604366836,0.181560604366835,TRUE,TRUE,TRUE,0.181560604366836,0.200355928121611,0.0391992516675887,5,5,24,0,0,,,,,0,40,30,16,0,0,16,0.219999999999999,,
"constrained-tmlr-revision-2026-08-13","full",TRUE,12,"aligned",50,0.2,0.05,"stochastic","precomputed_exact_table","iid",202797000,202797042,100,25000,"certified","bounds-met",TRUE,16,16,9,9,9,0,9,0,TRUE,0.818439395633164,0.181560604366836,0.181560604366844,TRUE,TRUE,TRUE,0.181560604366836,0.200355928121611,0.0391992516675887,5,5,24,0,0,,,,,0,40,30,16,0,0,16,0.19,,
"constrained-tmlr-revision-2026-08-13","full",TRUE,12,"aligned",51,0.01,0.05,"exact","precomputed_exact_table","exact",202797100,202797111,,25000,"certified","bounds-met",TRUE,73,73,82,82,82,0,82,0,TRUE,0.990268801385051,0.00973119861494887,0.00973119861495002,TRUE,TRUE,TRUE,0.00973119861494887,0.00977885615689253,0.00302735132156593,24,24,24,0,0,,,,,0,97,67,73,0,0,73,1.52,,
"constrained-tmlr-revision-2026-08-13","full",TRUE,12,"aligned",51,0.01,0.05,"stochastic","precomputed_exact_table","iid",202797100,202797112,100,25000,"certified","bounds-met",TRUE,73,73,82,82,82,0,82,0,TRUE,0.990268801385051,0.00973119861494887,0.00973119861495043,TRUE,TRUE,TRUE,0.00973119861494887,0.00977885615689253,0.00302735132156593,24,24,24,0,0,,,,,0,97,67,73,0,0,73,1.14,,
"constrained-tmlr-revision-2026-08-13","full",TRUE,12,"aligned",51,0.05,0.05,"exact","precomputed_exact_table","exact",202797100,202797121,,25000,"certified","bounds-met",TRUE,46,46,46,46,46,0,46,0,TRUE,0.96177900156578,0.0382209984342197,0.038220998434221,TRUE,TRUE,TRUE,0.0382209984342197,0.0389705828100725,0.0159204140449397,15,15,24,0,0,,,,,0,70,50,46,0,0,46,0.68,,
"constrained-tmlr-revision-2026-08-13","full",TRUE,12,"aligned",51,0.05,0.05,"stochastic","precomputed_exact_table","iid",202797100,202797122,100,25000,"certified","bounds-met",TRUE,46,46,46,46,46,0,46,0,TRUE,0.96177900156578,0.0382209984342197,0.0382209984342221,TRUE,TRUE,TRUE,0.0382209984342197,0.0389705828100725,0.0159204140449397,15,15,24,0,0,,,,,0,70,50,46,0,0,46,1.21,,
"constrained-tmlr-revision-2026-08-13","full",TRUE,12,"aligned",51,0.1,0.05,"exact","precomputed_exact_table","exact",202797100,202797131,,25000,"certified","bounds-met",TRUE,43,43,27,27,27,0,27,0,TRUE,0.907377092082492,0.0926229079175085,0.0926229079175097,TRUE,TRUE,TRUE,0.0926229079175085,0.0971971577371492,0.0200677857073523,14,14,24,0,0,,,,,0,67,48,43,0,0,43,0.58,,
"constrained-tmlr-revision-2026-08-13","full",TRUE,12,"aligned",51,0.1,0.05,"stochastic","precomputed_exact_table","iid",202797100,202797132,100,25000,"certified","bounds-met",TRUE,43,43,27,27,27,0,27,0,TRUE,0.907377092082492,0.0926229079175085,0.0926229079175123,TRUE,TRUE,TRUE,0.0926229079175085,0.0971971577371492,0.0200677857073523,14,14,24,0,0,,,,,0,67,48,43,0,0,43,0.690000000000001,,
"constrained-tmlr-revision-2026-08-13","full",TRUE,12,"aligned",51,0.2,0.05,"exact","precomputed_exact_table","exact",202797100,202797141,,25000,"certified","bounds-met",TRUE,16,16,9,9,9,0,9,0,TRUE,0.848756637232537,0.151243362767463,0.151243362767464,TRUE,TRUE,TRUE,0.151243362767463,0.163982780130927,0.027067355797038,5,5,24,0,0,,,,,0,40,30,16,0,0,16,0.18,,
"constrained-tmlr-revision-2026-08-13","full",TRUE,12,"aligned",51,0.2,0.05,"stochastic","precomputed_exact_table","iid",202797100,202797142,100,25000,"certified","bounds-met",TRUE,16,16,9,9,9,0,9,0,TRUE,0.848756637232537,0.151243362767463,0.151243362767468,TRUE,TRUE,TRUE,0.151243362767463,0.163982780130927,0.027067355797038,5,5,24,0,0,,,,,0,40,30,16,0,0,16,0.25,,
"constrained-tmlr-revision-2026-08-13","full",TRUE,12,"aligned",52,0.01,0.05,"exact","precomputed_exact_table","exact",202797200,202797211,,25000,"certified","bounds-met",TRUE,79,79,114,114,114,0,114,0,TRUE,0.990259876283208,0.00974012371679156,0.00974012371678814,TRUE,TRUE,TRUE,0.00974012371679156,0.00978786900476835,0.00279279725321513,26,26,24,0,0,,,,,0,103,72,79,0,0,79,2.39,,
"constrained-tmlr-revision-2026-08-13","full",TRUE,12,"aligned",52,0.01,0.05,"stochastic","precomputed_exact_table","iid",202797200,202797212,100,25000,"certified","bounds-met",TRUE,79,79,114,114,114,0,114,0,TRUE,0.990259876283208,0.00974012371679156,0.00974012371678842,TRUE,TRUE,TRUE,0.00974012371679156,0.00978786900476835,0.00279279725321513,26,26,24,0,0,,,,,0,103,72,79,0,0,79,1.33,,
"constrained-tmlr-revision-2026-08-13","full",TRUE,12,"aligned",52,0.05,0.05,"exact","precomputed_exact_table","exact",202797200,202797221,,25000,"certified","bounds-met",TRUE,46,46,47,47,47,0,47,0,TRUE,0.952497325713516,0.0475026742864839,0.0475026742864808,TRUE,TRUE,TRUE,0.0475026742864839,0.0486679796350744,0.0175685154062031,15,15,24,0,0,,,,,0,70,50,46,0,0,46,1.23,,
"constrained-tmlr-revision-2026-08-13","full",TRUE,12,"aligned",52,0.05,0.05,"stochastic","precomputed_exact_table","iid",202797200,202797222,100,25000,"certified","bounds-met",TRUE,46,46,47,47,47,0,47,0,TRUE,0.952497325713516,0.0475026742864839,0.0475026742864825,TRUE,TRUE,TRUE,0.0475026742864839,0.0486679796350744,0.0175685154062031,15,15,24,0,0,,,,,0,70,50,46,0,0,46,0.869999999999999,,
"constrained-tmlr-revision-2026-08-13","full",TRUE,12,"aligned",52,0.1,0.05,"exact","precomputed_exact_table","exact",202797200,202797231,,25000,"certified","bounds-met",TRUE,46,46,37,37,37,0,37,0,TRUE,0.911279802181323,0.0887201978186769,0.0887201978186742,TRUE,TRUE,TRUE,0.0887201978186769,0.0929052914683252,0.0278454812871383,15,15,24,0,0,,,,,0,70,50,46,0,0,46,0.780000000000001,,
"constrained-tmlr-revision-2026-08-13","full",TRUE,12,"aligned",52,0.1,0.05,"stochastic","precomputed_exact_table","iid",202797200,202797232,100,25000,"certified","bounds-met",TRUE,46,46,37,37,37,0,37,0,TRUE,0.911279802181323,0.0887201978186769,0.0887201978186767,TRUE,TRUE,TRUE,0.0887201978186769,0.0929052914683252,0.0278454812871383,15,15,24,0,0,,,,,0,70,50,46,0,0,46,0.779999999999999,,
"constrained-tmlr-revision-2026-08-13","full",TRUE,12,"aligned",52,0.2,0.05,"exact","precomputed_exact_table","exact",202797200,202797241,,25000,"certified","bounds-met",TRUE,16,16,9,9,9,0,9,0,TRUE,0.803824623143446,0.196175376856554,0.196175376856552,TRUE,TRUE,TRUE,0.196175376856554,0.21837416401567,0.0329286940500042,5,5,24,0,0,,,,,0,40,30,16,0,0,16,0.17,,
"constrained-tmlr-revision-2026-08-13","full",TRUE,12,"aligned",52,0.2,0.05,"stochastic","precomputed_exact_table","iid",202797200,202797242,100,25000,"certified","bounds-met",TRUE,16,16,9,9,9,0,9,0,TRUE,0.803824623143446,0.196175376856554,0.196175376856559,TRUE,TRUE,TRUE,0.196175376856554,0.21837416401567,0.0329286940500042,5,5,24,0,0,,,,,0,40,30,16,0,0,16,0.140000000000001,,
"constrained-tmlr-revision-2026-08-13","full",TRUE,12,"aligned",53,0.01,0.05,"exact","precomputed_exact_table","exact",202797300,202797311,,25000,"certified","bounds-met",TRUE,73,73,107,107,107,0,107,0,TRUE,0.991108982133337,0.00889101786666324,0.00889101786666487,TRUE,TRUE,TRUE,0.00889101786666324,0.00893077881835391,0.0028409335299588,24,24,24,0,0,,,,,0,97,68,73,0,0,73,1.63,,
"constrained-tmlr-revision-2026-08-13","full",TRUE,12,"aligned",53,0.01,0.05,"stochastic","precomputed_exact_table","iid",202797300,202797312,100,25000,"certified","bounds-met",TRUE,73,73,107,107,107,0,107,0,TRUE,0.991108982133337,0.00889101786666324,0.00889101786666525,TRUE,TRUE,TRUE,0.00889101786666324,0.00893077881835391,0.0028409335299588,24,24,24,0,0,,,,,0,97,68,73,0,0,73,1.27,,
"constrained-tmlr-revision-2026-08-13","full",TRUE,12,"aligned",53,0.05,0.05,"exact","precomputed_exact_table","exact",202797300,202797321,,25000,"certified","bounds-met",TRUE,46,46,56,56,56,0,56,0,TRUE,0.964180578747324,0.0358194212526756,0.0358194212526772,TRUE,TRUE,TRUE,0.0358194212526756,0.0364766795622362,0.0162018869324739,15,15,24,0,0,,,,,0,70,50,46,0,0,46,0.969999999999999,,
"constrained-tmlr-revision-2026-08-13","full",TRUE,12,"aligned",53,0.05,0.05,"stochastic","precomputed_exact_table","iid",202797300,202797322,100,25000,"certified","bounds-met",TRUE,46,46,56,56,56,0,56,0,TRUE,0.964180578747324,0.0358194212526756,0.0358194212526792,TRUE,TRUE,TRUE,0.0358194212526756,0.0364766795622362,0.0162018869324739,15,15,24,0,0,,,,,0,70,50,46,0,0,46,0.720000000000001,,
"constrained-tmlr-revision-2026-08-13","full",TRUE,12,"aligned",53,0.1,0.05,"exact","precomputed_exact_table","exact",202797300,202797331,,25000,"certified","bounds-met",TRUE,46,46,37,37,37,0,37,0,TRUE,0.910551655968023,0.0894483440319773,0.0894483440319789,TRUE,TRUE,TRUE,0.0894483440319773,0.0937046477960638,0.0235725795853999,15,15,24,0,0,,,,,0,70,50,46,0,0,46,0.770000000000001,,
"constrained-tmlr-revision-2026-08-13","full",TRUE,12,"aligned",53,0.1,0.05,"stochastic","precomputed_exact_table","iid",202797300,202797332,100,25000,"certified","bounds-met",TRUE,46,46,37,37,37,0,37,0,TRUE,0.910551655968023,0.0894483440319773,0.0894483440319827,TRUE,TRUE,TRUE,0.0894483440319773,0.0937046477960638,0.0235725795853999,15,15,24,0,0,,,,,0,70,50,46,0,0,46,0.700000000000001,,
"constrained-tmlr-revision-2026-08-13","full",TRUE,12,"aligned",53,0.2,0.05,"exact","precomputed_exact_table","exact",202797300,202797341,,25000,"certified","bounds-met",TRUE,25,25,19,19,19,0,19,0,TRUE,0.865270712583858,0.134729287416142,0.134729287416144,TRUE,TRUE,TRUE,0.134729287416142,0.144712858488122,0.0287466322059317,8,8,24,0,0,,,,,0,49,36,25,0,0,25,0.360000000000001,,
"constrained-tmlr-revision-2026-08-13","full",TRUE,12,"aligned",53,0.2,0.05,"stochastic","precomputed_exact_table","iid",202797300,202797342,100,25000,"certified","bounds-met",TRUE,25,25,19,19,19,0,19,0,TRUE,0.865270712583858,0.134729287416142,0.13472928741615,TRUE,TRUE,TRUE,0.134729287416142,0.144712858488122,0.0287466322059317,8,8,24,0,0,,,,,0,49,36,25,0,0,25,0.26,,
"constrained-tmlr-revision-2026-08-13","full",TRUE,12,"aligned",54,0.01,0.05,"exact","precomputed_exact_table","exact",202797400,202797411,,25000,"certified","bounds-met",TRUE,79,79,107,107,107,0,107,0,TRUE,0.990063553640737,0.0099364463592635,0.00993644635926519,TRUE,TRUE,TRUE,0.0099364463592635,0.00998614231724704,0.00330366121999043,26,26,24,0,0,,,,,0,103,72,79,0,0,79,1.65,,
"constrained-tmlr-revision-2026-08-13","full",TRUE,12,"aligned",54,0.01,0.05,"stochastic","precomputed_exact_table","iid",202797400,202797412,100,25000,"certified","bounds-met",TRUE,79,79,107,107,107,0,107,0,TRUE,0.990063553640737,0.0099364463592635,0.00993644635926547,TRUE,TRUE,TRUE,0.0099364463592635,0.00998614231724704,0.00330366121999043,26,26,24,0,0,,,,,0,103,72,79,0,0,79,1.47,,
"constrained-tmlr-revision-2026-08-13","full",TRUE,12,"aligned",54,0.05,0.05,"exact","precomputed_exact_table","exact",202797400,202797421,,25000,"certified","bounds-met",TRUE,55,55,56,56,56,0,56,0,TRUE,0.965608512873314,0.0343914871266865,0.0343914871266882,TRUE,TRUE,TRUE,0.0343914871266865,0.0349967930888439,0.0250502425507509,18,18,24,0,0,,,,,0,79,56,55,0,0,55,0.949999999999999,,
"constrained-tmlr-revision-2026-08-13","full",TRUE,12,"aligned",54,0.05,0.05,"stochastic","precomputed_exact_table","iid",202797400,202797422,100,25000,"certified","bounds-met",TRUE,55,55,56,56,56,0,56,0,TRUE,0.965608512873314,0.0343914871266865,0.0343914871266892,TRUE,TRUE,TRUE,0.0343914871266865,0.0349967930888439,0.0250502425507509,18,18,24,0,0,,,,,0,79,56,55,0,0,55,0.870000000000001,,
"constrained-tmlr-revision-2026-08-13","full",TRUE,12,"aligned",54,0.1,0.05,"exact","precomputed_exact_table","exact",202797400,202797431,,25000,"certified","bounds-met",TRUE,46,46,36,36,36,0,36,0,TRUE,0.900123548757246,0.0998764512427543,0.0998764512427562,TRUE,TRUE,TRUE,0.0998764512427543,0.105223248682429,0.047055403244263,15,15,24,0,0,,,,,0,70,50,46,0,0,46,0.67,,
"constrained-tmlr-revision-2026-08-13","full",TRUE,12,"aligned",54,0.1,0.05,"stochastic","precomputed_exact_table","iid",202797400,202797432,100,25000,"certified","bounds-met",TRUE,46,46,36,36,36,0,36,0,TRUE,0.900123548757246,0.0998764512427543,0.0998764512427583,TRUE,TRUE,TRUE,0.0998764512427543,0.105223248682429,0.047055403244263,15,15,24,0,0,,,,,0,70,50,46,0,0,46,0.67,,
"constrained-tmlr-revision-2026-08-13","full",TRUE,12,"aligned",54,0.2,0.05,"exact","precomputed_exact_table","exact",202797400,202797441,,25000,"certified","bounds-met",TRUE,16,16,9,9,9,0,9,0,TRUE,0.819766333474366,0.180233666525634,0.180233666525634,TRUE,TRUE,TRUE,0.180233666525634,0.198735938510022,0.047055403244263,5,5,24,0,0,,,,,0,40,30,16,0,0,16,0.18,,
"constrained-tmlr-revision-2026-08-13","full",TRUE,12,"aligned",54,0.2,0.05,"stochastic","precomputed_exact_table","iid",202797400,202797442,100,25000,"certified","bounds-met",TRUE,16,16,9,9,9,0,9,0,TRUE,0.819766333474366,0.180233666525634,0.180233666525641,TRUE,TRUE,TRUE,0.180233666525634,0.198735938510022,0.047055403244263,5,5,24,0,0,,,,,0,40,30,16,0,0,16,0.150000000000002,,
"constrained-tmlr-revision-2026-08-13","full",TRUE,12,"aligned",55,0.01,0.05,"exact","precomputed_exact_table","exact",202797500,202797511,,25000,"certified","bounds-met",TRUE,82,82,179,179,179,0,179,0,TRUE,0.990029803076266,0.00997019692373413,0.00997019692373549,TRUE,TRUE,TRUE,0.00997019692373413,0.010020232189181,0.00337036487244666,27,27,24,0,0,,,,,0,106,74,82,0,0,82,2.67,,
"constrained-tmlr-revision-2026-08-13","full",TRUE,12,"aligned",55,0.01,0.05,"stochastic","precomputed_exact_table","iid",202797500,202797512,100,25000,"certified","bounds-met",TRUE,82,82,179,179,179,0,179,0,TRUE,0.990029803076266,0.00997019692373413,0.00997019692373606,TRUE,TRUE,TRUE,0.00997019692373413,0.010020232189181,0.00337036487244666,27,27,24,0,0,,,,,0,106,74,82,0,0,82,2.04,,
"constrained-tmlr-revision-2026-08-13","full",TRUE,12,"aligned",55,0.05,0.05,"exact","precomputed_exact_table","exact",202797500,202797521,,25000,"certified","bounds-met",TRUE,46,46,72,72,72,0,72,0,TRUE,0.951711487240938,0.0482885127590621,0.048288512759063,TRUE,TRUE,TRUE,0.0482885127590621,0.0494933497434825,0.0171826906437751,15,15,24,0,0,,,,,0,70,50,46,0,0,46,0.620000000000001,,
"constrained-tmlr-revision-2026-08-13","full",TRUE,12,"aligned",55,0.05,0.05,"stochastic","precomputed_exact_table","iid",202797500,202797522,100,25000,"certified","bounds-met",TRUE,46,46,72,72,72,0,72,0,TRUE,0.951711487240938,0.0482885127590621,0.0482885127590661,TRUE,TRUE,TRUE,0.0482885127590621,0.0494933497434825,0.0171826906437751,15,15,24,0,0,,,,,0,70,50,46,0,0,46,1.13,,
"constrained-tmlr-revision-2026-08-13","full",TRUE,12,"aligned",55,0.1,0.05,"exact","precomputed_exact_table","exact",202797500,202797531,,25000,"certified","bounds-met",TRUE,40,40,54,54,54,0,54,0,TRUE,0.903277436322305,0.0967225636776955,0.0967225636776966,TRUE,TRUE,TRUE,0.0967225636776955,0.101725534301055,0.0348132696699029,13,13,24,0,0,,,,,0,64,46,40,0,0,40,0.539999999999999,,
"constrained-tmlr-revision-2026-08-13","full",TRUE,12,"aligned",55,0.1,0.05,"stochastic","precomputed_exact_table","iid",202797500,202797532,100,25000,"certified","bounds-met",TRUE,40,40,54,54,54,0,54,0,TRUE,0.903277436322305,0.0967225636776955,0.0967225636777014,TRUE,TRUE,TRUE,0.0967225636776955,0.101725534301055,0.0348132696699029,13,13,24,0,0,,,,,0,64,46,40,0,0,40,0.629999999999999,,
"constrained-tmlr-revision-2026-08-13","full",TRUE,12,"aligned",55,0.2,0.05,"exact","precomputed_exact_table","exact",202797500,202797541,,25000,"certified","bounds-met",TRUE,34,34,28,28,28,0,28,0,TRUE,0.804332655407389,0.195667344592611,0.195667344592611,TRUE,TRUE,TRUE,0.195667344592611,0.217742344867606,0.051273273226292,11,11,24,0,0,,,,,0,58,42,34,0,0,34,0.43,,
"constrained-tmlr-revision-2026-08-13","full",TRUE,12,"aligned",55,0.2,0.05,"stochastic","precomputed_exact_table","iid",202797500,202797542,100,25000,"certified","bounds-met",TRUE,34,34,28,28,28,0,28,0,TRUE,0.804332655407389,0.195667344592611,0.195667344592623,TRUE,TRUE,TRUE,0.195667344592611,0.217742344867606,0.051273273226292,11,11,24,0,0,,,,,0,58,42,34,0,0,34,0.309999999999999,,
"constrained-tmlr-revision-2026-08-13","full",TRUE,12,"aligned",56,0.01,0.05,"exact","precomputed_exact_table","exact",202797600,202797611,,25000,"certified","bounds-met",TRUE,55,55,83,83,83,0,83,0,TRUE,0.990814555012971,0.00918544498702922,0.00918544498702836,TRUE,TRUE,TRUE,0.00918544498702922,0.00922789131236648,0.00276664659708251,18,18,24,0,0,,,,,0,79,56,55,0,0,55,1.33,,
"constrained-tmlr-revision-2026-08-13","full",TRUE,12,"aligned",56,0.01,0.05,"stochastic","precomputed_exact_table","iid",202797600,202797612,100,25000,"certified","bounds-met",TRUE,55,55,83,83,83,0,83,0,TRUE,0.990814555012971,0.00918544498702922,0.00918544498702882,TRUE,TRUE,TRUE,0.00918544498702922,0.00922789131236648,0.00276664659708251,18,18,24,0,0,,,,,0,79,56,55,0,0,55,1.07,,
"constrained-tmlr-revision-2026-08-13","full",TRUE,12,"aligned",56,0.05,0.05,"exact","precomputed_exact_table","exact",202797600,202797621,,25000,"certified","bounds-met",TRUE,46,46,46,46,46,0,46,0,TRUE,0.961780787353736,0.0382192126462645,0.0382192126462639,TRUE,TRUE,TRUE,0.0382192126462645,0.0389687260568117,0.0147941296412984,15,15,24,0,0,,,,,0,70,50,46,0,0,46,0.609999999999999,,
"constrained-tmlr-revision-2026-08-13","full",TRUE,12,"aligned",56,0.05,0.05,"stochastic","precomputed_exact_table","iid",202797600,202797622,100,25000,"certified","bounds-met",TRUE,46,46,46,46,46,0,46,0,TRUE,0.961780787353736,0.0382192126462645,0.0382192126462649,TRUE,TRUE,TRUE,0.0382192126462645,0.0389687260568117,0.0147941296412984,15,15,24,0,0,,,,,0,70,50,46,0,0,46,0.83,,
"constrained-tmlr-revision-2026-08-13","full",TRUE,12,"aligned",56,0.1,0.05,"exact","precomputed_exact_table","exact",202797600,202797631,,25000,"certified","bounds-met",TRUE,34,34,27,27,27,0,27,0,TRUE,0.904235732434897,0.0957642675651026,0.0957642675651024,TRUE,TRUE,TRUE,0.0957642675651026,0.100665186615689,0.0353735069937686,11,11,24,0,0,,,,,0,58,42,34,0,0,34,0.59,,
"constrained-tmlr-revision-2026-08-13","full",TRUE,12,"aligned",56,0.1,0.05,"stochastic","precomputed_exact_table","iid",202797600,202797632,100,25000,"certified","bounds-met",TRUE,34,34,27,27,27,0,27,0,TRUE,0.904235732434897,0.0957642675651026,0.0957642675651051,TRUE,TRUE,TRUE,0.0957642675651026,0.100665186615689,0.0353735069937686,11,11,24,0,0,,,,,0,58,42,34,0,0,34,0.66,,
"constrained-tmlr-revision-2026-08-13","full",TRUE,12,"aligned",56,0.2,0.05,"exact","precomputed_exact_table","exact",202797600,202797641,,25000,"certified","bounds-met",TRUE,16,16,9,9,9,0,9,0,TRUE,0.822178179135655,0.177821820864345,0.177821820864345,TRUE,TRUE,TRUE,0.177821820864345,0.195798144476896,0.0502052746628985,5,5,24,0,0,,,,,0,40,30,16,0,0,16,0.220000000000001,,
"constrained-tmlr-revision-2026-08-13","full",TRUE,12,"aligned",56,0.2,0.05,"stochastic","precomputed_exact_table","iid",202797600,202797642,100,25000,"certified","bounds-met",TRUE,16,16,9,9,9,0,9,0,TRUE,0.822178179135655,0.177821820864345,0.177821820864351,TRUE,TRUE,TRUE,0.177821820864345,0.195798144476896,0.0502052746628985,5,5,24,0,0,,,,,0,40,30,16,0,0,16,0.25,,
"constrained-tmlr-revision-2026-08-13","full",TRUE,12,"aligned",57,0.01,0.05,"exact","precomputed_exact_table","exact",202797700,202797711,,25000,"certified","bounds-met",TRUE,73,73,126,126,126,0,126,0,TRUE,0.990316048335719,0.00968395166428071,0.00968395166428416,TRUE,TRUE,TRUE,0.00968395166428071,0.00973114605683418,0.00485295640160478,24,24,24,0,0,,,,,0,97,68,73,0,0,73,1.68,,
"constrained-tmlr-revision-2026-08-13","full",TRUE,12,"aligned",57,0.01,0.05,"stochastic","precomputed_exact_table","iid",202797700,202797712,100,25000,"certified","bounds-met",TRUE,73,73,126,126,126,0,126,0,TRUE,0.990316048335719,0.00968395166428071,0.00968395166428457,TRUE,TRUE,TRUE,0.00968395166428071,0.00973114605683418,0.00485295640160478,24,24,24,0,0,,,,,0,97,68,73,0,0,73,1.33,,
"constrained-tmlr-revision-2026-08-13","full",TRUE,12,"aligned",57,0.05,0.05,"exact","precomputed_exact_table","exact",202797700,202797721,,25000,"certified","bounds-met",TRUE,46,46,56,56,56,0,56,0,TRUE,0.971041489693565,0.0289585103064349,0.0289585103064383,TRUE,TRUE,TRUE,0.0289585103064349,0.0293860827740384,0.00905507074799082,15,15,24,0,0,,,,,0,70,50,46,0,0,46,0.67,,
"constrained-tmlr-revision-2026-08-13","full",TRUE,12,"aligned",57,0.05,0.05,"stochastic","precomputed_exact_table","iid",202797700,202797722,100,25000,"certified","bounds-met",TRUE,46,46,56,56,56,0,56,0,TRUE,0.971041489693565,0.0289585103064349,0.0289585103064395,TRUE,TRUE,TRUE,0.0289585103064349,0.0293860827740384,0.00905507074799082,15,15,24,0,0,,,,,0,70,50,46,0,0,46,0.66,,
"constrained-tmlr-revision-2026-08-13","full",TRUE,12,"aligned",57,0.1,0.05,"exact","precomputed_exact_table","exact",202797700,202797731,,25000,"certified","bounds-met",TRUE,40,40,38,38,38,0,38,0,TRUE,0.90488203158034,0.0951179684196596,0.0951179684196625,TRUE,TRUE,TRUE,0.0951179684196596,0.0999506956236788,0.046974721051325,13,13,24,0,0,,,,,0,64,46,40,0,0,40,0.879999999999999,,
"constrained-tmlr-revision-2026-08-13","full",TRUE,12,"aligned",57,0.1,0.05,"stochastic","precomputed_exact_table","iid",202797700,202797732,100,25000,"certified","bounds-met",TRUE,40,40,38,38,38,0,38,0,TRUE,0.90488203158034,0.0951179684196596,0.0951179684196666,TRUE,TRUE,TRUE,0.0951179684196596,0.0999506956236788,0.046974721051325,13,13,24,0,0,,,,,0,64,46,40,0,0,40,0.67,,
"constrained-tmlr-revision-2026-08-13","full",TRUE,12,"aligned",57,0.2,0.05,"exact","precomputed_exact_table","exact",202797700,202797741,,25000,"certified","bounds-met",TRUE,37,37,19,19,19,0,19,0,TRUE,0.812028870370444,0.187971129629556,0.187971129629559,TRUE,TRUE,TRUE,0.187971129629556,0.208219384809107,0.0505711787483589,12,12,24,0,0,,,,,0,61,44,37,0,0,37,0.44,,
"constrained-tmlr-revision-2026-08-13","full",TRUE,12,"aligned",57,0.2,0.05,"stochastic","precomputed_exact_table","iid",202797700,202797742,100,25000,"certified","bounds-met",TRUE,37,37,19,19,19,0,19,0,TRUE,0.812028870370444,0.187971129629556,0.187971129629567,TRUE,TRUE,TRUE,0.187971129629556,0.208219384809107,0.0505711787483589,12,12,24,0,0,,,,,0,61,44,37,0,0,37,0.379999999999999,,
"constrained-tmlr-revision-2026-08-13","full",TRUE,12,"aligned",58,0.01,0.05,"exact","precomputed_exact_table","exact",202797800,202797811,,25000,"certified","bounds-met",TRUE,85,85,145,145,145,0,145,0,TRUE,0.990121298144701,0.00987870185529915,0.00987870185530142,TRUE,TRUE,TRUE,0.00987870185529915,0.00992781998039183,0.00351348634641808,28,28,24,0,0,,,,,0,109,75,85,0,0,85,2.62,,
"constrained-tmlr-revision-2026-08-13","full",TRUE,12,"aligned",58,0.01,0.05,"stochastic","precomputed_exact_table","iid",202797800,202797812,100,25000,"certified","bounds-met",TRUE,85,85,145,145,145,0,145,0,TRUE,0.990121298144701,0.00987870185529915,0.0098787018553017,TRUE,TRUE,TRUE,0.00987870185529915,0.00992781998039183,0.00351348634641808,28,28,24,0,0,,,,,0,109,75,85,0,0,85,1.35,,
"constrained-tmlr-revision-2026-08-13","full",TRUE,12,"aligned",58,0.05,0.05,"exact","precomputed_exact_table","exact",202797800,202797821,,25000,"certified","bounds-met",TRUE,49,49,67,67,67,0,67,0,TRUE,0.957988667208624,0.0420113327913764,0.0420113327913787,TRUE,TRUE,TRUE,0.0420113327913764,0.0429193307173394,0.0146544446179379,16,16,24,0,0,,,,,0,73,52,49,0,0,49,0.77,,
"constrained-tmlr-revision-2026-08-13","full",TRUE,12,"aligned",58,0.05,0.05,"stochastic","precomputed_exact_table","iid",202797800,202797822,100,25000,"certified","bounds-met",TRUE,49,49,67,67,67,0,67,0,TRUE,0.957988667208624,0.0420113327913764,0.0420113327913799,TRUE,TRUE,TRUE,0.0420113327913764,0.0429193307173394,0.0146544446179379,16,16,24,0,0,,,,,0,73,52,49,0,0,49,0.949999999999999,,
"constrained-tmlr-revision-2026-08-13","full",TRUE,12,"aligned",58,0.1,0.05,"exact","precomputed_exact_table","exact",202797800,202797831,,25000,"certified","bounds-met",TRUE,40,40,38,38,38,0,38,0,TRUE,0.902677650174398,0.0973223498256018,0.0973223498256046,TRUE,TRUE,TRUE,0.0973223498256018,0.102389765847502,0.0213932498558019,13,13,24,0,0,,,,,0,64,46,40,0,0,40,0.65,,
"constrained-tmlr-revision-2026-08-13","full",TRUE,12,"aligned",58,0.1,0.05,"stochastic","precomputed_exact_table","iid",202797800,202797832,100,25000,"certified","bounds-met",TRUE,40,40,38,38,38,0,38,0,TRUE,0.902677650174398,0.0973223498256018,0.0973223498256066,TRUE,TRUE,TRUE,0.0973223498256018,0.102389765847502,0.0213932498558019,13,13,24,0,0,,,,,0,64,46,40,0,0,40,0.6,,
"constrained-tmlr-revision-2026-08-13","full",TRUE,12,"aligned",58,0.2,0.05,"exact","precomputed_exact_table","exact",202797800,202797841,,25000,"certified","bounds-met",TRUE,19,19,19,19,19,0,19,0,TRUE,0.802779937332279,0.197220062667721,0.197220062667723,TRUE,TRUE,TRUE,0.197220062667721,0.219674653238849,0.054367489769032,6,6,24,0,0,,,,,0,43,32,19,0,0,19,0.199999999999999,,
"constrained-tmlr-revision-2026-08-13","full",TRUE,12,"aligned",58,0.2,0.05,"stochastic","precomputed_exact_table","iid",202797800,202797842,100,25000,"certified","bounds-met",TRUE,19,19,19,19,19,0,19,0,TRUE,0.802779937332279,0.197220062667721,0.19722006266773,TRUE,TRUE,TRUE,0.197220062667721,0.219674653238849,0.054367489769032,6,6,24,0,0,,,,,0,43,32,19,0,0,19,0.140000000000001,,
"constrained-tmlr-revision-2026-08-13","full",TRUE,12,"aligned",59,0.01,0.05,"exact","precomputed_exact_table","exact",202797900,202797911,,25000,"certified","bounds-met",TRUE,61,61,110,110,110,0,110,0,TRUE,0.990261507607589,0.00973849239241098,0.00973849239241212,TRUE,TRUE,TRUE,0.00973849239241098,0.00978622163615738,0.00437083805440484,20,20,24,0,0,,,,,0,85,60,61,0,0,61,1.24,,
"constrained-tmlr-revision-2026-08-13","full",TRUE,12,"aligned",59,0.01,0.05,"stochastic","precomputed_exact_table","iid",202797900,202797912,100,25000,"certified","bounds-met",TRUE,61,61,110,110,110,0,110,0,TRUE,0.990261507607589,0.00973849239241098,0.0097384923924124,TRUE,TRUE,TRUE,0.00973849239241098,0.00978622163615738,0.00437083805440484,20,20,24,0,0,,,,,0,85,60,61,0,0,61,1.08,,
"constrained-tmlr-revision-2026-08-13","full",TRUE,12,"aligned",59,0.05,0.05,"exact","precomputed_exact_table","exact",202797900,202797921,,25000,"certified","bounds-met",TRUE,46,46,56,56,56,0,56,0,TRUE,0.953378770347002,0.0466212296529978,0.0466212296529991,TRUE,TRUE,TRUE,0.0466212296529978,0.0477430037689583,0.0268365342709167,15,15,24,0,0,,,,,0,70,50,46,0,0,46,0.699999999999999,,
"constrained-tmlr-revision-2026-08-13","full",TRUE,12,"aligned",59,0.05,0.05,"stochastic","precomputed_exact_table","iid",202797900,202797922,100,25000,"certified","bounds-met",TRUE,46,46,56,56,56,0,56,0,TRUE,0.953378770347002,0.0466212296529978,0.0466212296530001,TRUE,TRUE,TRUE,0.0466212296529978,0.0477430037689583,0.0268365342709167,15,15,24,0,0,,,,,0,70,50,46,0,0,46,0.75,,
"constrained-tmlr-revision-2026-08-13","full",TRUE,12,"aligned",59,0.1,0.05,"exact","precomputed_exact_table","exact",202797900,202797931,,25000,"certified","bounds-met",TRUE,40,40,36,36,36,0,36,0,TRUE,0.906684873455702,0.0933151265442981,0.0933151265442988,TRUE,TRUE,TRUE,0.0933151265442981,0.0979603275445064,0.0226777327256116,13,13,24,0,0,,,,,0,64,46,40,0,0,40,0.640000000000001,,
"constrained-tmlr-revision-2026-08-13","full",TRUE,12,"aligned",59,0.1,0.05,"stochastic","precomputed_exact_table","iid",202797900,202797932,100,25000,"certified","bounds-met",TRUE,40,40,36,36,36,0,36,0,TRUE,0.906684873455702,0.0933151265442981,0.0933151265443021,TRUE,TRUE,TRUE,0.0933151265442981,0.0979603275445064,0.0226777327256116,13,13,24,0,0,,,,,0,64,46,40,0,0,40,0.67,,
"constrained-tmlr-revision-2026-08-13","full",TRUE,12,"aligned",59,0.2,0.05,"exact","precomputed_exact_table","exact",202797900,202797941,,25000,"certified","bounds-met",TRUE,22,22,18,18,18,0,18,0,TRUE,0.856382113809342,0.143617886190658,0.143617886190659,TRUE,TRUE,TRUE,0.143617886190658,0.155038607807759,0.0476727441288939,7,7,24,0,0,,,,,0,46,34,22,0,0,22,0.300000000000001,,
"constrained-tmlr-revision-2026-08-13","full",TRUE,12,"aligned",59,0.2,0.05,"stochastic","precomputed_exact_table","iid",202797900,202797942,100,25000,"certified","bounds-met",TRUE,22,22,18,18,18,0,18,0,TRUE,0.856382113809342,0.143617886190658,0.143617886190664,TRUE,TRUE,TRUE,0.143617886190658,0.155038607807759,0.0476727441288939,7,7,24,0,0,,,,,0,46,34,22,0,0,22,0.25,,
"constrained-tmlr-revision-2026-08-13","full",TRUE,12,"aligned",60,0.01,0.05,"exact","precomputed_exact_table","exact",202798000,202798011,,25000,"certified","bounds-met",TRUE,76,76,95,95,95,0,95,0,TRUE,0.990242584322337,0.00975741567766253,0.00975741567766427,TRUE,TRUE,TRUE,0.00975741567766253,0.00980533120056498,0.00289150910197705,25,25,24,0,0,,,,,0,100,70,76,0,0,76,2.11,,
"constrained-tmlr-revision-2026-08-13","full",TRUE,12,"aligned",60,0.01,0.05,"stochastic","precomputed_exact_table","iid",202798000,202798012,100,25000,"certified","bounds-met",TRUE,76,76,95,95,95,0,95,0,TRUE,0.990242584322337,0.00975741567766253,0.00975741567766462,TRUE,TRUE,TRUE,0.00975741567766253,0.00980533120056498,0.00289150910197705,25,25,24,0,0,,,,,0,100,70,76,0,0,76,1.58,,
"constrained-tmlr-revision-2026-08-13","full",TRUE,12,"aligned",60,0.05,0.05,"exact","precomputed_exact_table","exact",202798000,202798021,,25000,"certified","bounds-met",TRUE,43,43,46,46,46,0,46,0,TRUE,0.957750164805647,0.042249835194353,0.0422498351943547,TRUE,TRUE,TRUE,0.042249835194353,0.0431683233255417,0.0161077661874041,14,14,24,0,0,,,,,0,67,48,43,0,0,43,1.01,,
"constrained-tmlr-revision-2026-08-13","full",TRUE,12,"aligned",60,0.05,0.05,"stochastic","precomputed_exact_table","iid",202798000,202798022,100,25000,"certified","bounds-met",TRUE,43,43,46,46,46,0,46,0,TRUE,0.957750164805647,0.042249835194353,0.0422498351943562,TRUE,TRUE,TRUE,0.042249835194353,0.0431683233255417,0.0161077661874041,14,14,24,0,0,,,,,0,67,48,43,0,0,43,0.77,,
"constrained-tmlr-revision-2026-08-13","full",TRUE,12,"aligned",60,0.1,0.05,"exact","precomputed_exact_table","exact",202798000,202798031,,25000,"certified","bounds-met",TRUE,43,43,36,36,36,0,36,0,TRUE,0.909963080834219,0.0900369191657809,0.0900369191657826,TRUE,TRUE,TRUE,0.0900369191657809,0.094351250806094,0.0356518546738596,14,14,24,0,0,,,,,0,67,48,43,0,0,43,0.75,,
"constrained-tmlr-revision-2026-08-13","full",TRUE,12,"aligned",60,0.1,0.05,"stochastic","precomputed_exact_table","iid",202798000,202798032,100,25000,"certified","bounds-met",TRUE,43,43,36,36,36,0,36,0,TRUE,0.909963080834219,0.0900369191657809,0.0900369191657858,TRUE,TRUE,TRUE,0.0900369191657809,0.094351250806094,0.0356518546738596,14,14,24,0,0,,,,,0,67,48,43,0,0,43,0.630000000000001,,
"constrained-tmlr-revision-2026-08-13","full",TRUE,12,"aligned",60,0.2,0.05,"exact","precomputed_exact_table","exact",202798000,202798041,,25000,"certified","bounds-met",TRUE,16,16,9,9,9,0,9,0,TRUE,0.81844665050705,0.18155334949295,0.181553349492951,TRUE,TRUE,TRUE,0.18155334949295,0.200347063883439,0.0357245851499749,5,5,24,0,0,,,,,0,40,30,16,0,0,16,0.140000000000001,,
"constrained-tmlr-revision-2026-08-13","full",TRUE,12,"aligned",60,0.2,0.05,"stochastic","precomputed_exact_table","iid",202798000,202798042,100,25000,"certified","bounds-met",TRUE,16,16,9,9,9,0,9,0,TRUE,0.81844665050705,0.18155334949295,0.181553349492958,TRUE,TRUE,TRUE,0.18155334949295,0.200347063883439,0.0357245851499749,5,5,24,0,0,,,,,0,40,30,16,0,0,16,0.109999999999999,,
"constrained-tmlr-revision-2026-08-13","full",TRUE,12,"aligned",61,0.01,0.05,"exact","precomputed_exact_table","exact",202798100,202798111,,25000,"certified","bounds-met",TRUE,64,64,84,84,84,0,84,0,TRUE,0.990352931941271,0.00964706805872906,0.00964706805872711,TRUE,TRUE,TRUE,0.00964706805872906,0.00969390247305194,0.00321663842902072,21,21,24,0,0,,,,,0,88,62,64,0,0,64,1.56,,
"constrained-tmlr-revision-2026-08-13","full",TRUE,12,"aligned",61,0.01,0.05,"stochastic","precomputed_exact_table","iid",202798100,202798112,100,25000,"certified","bounds-met",TRUE,64,64,84,84,84,0,84,0,TRUE,0.990352931941271,0.00964706805872906,0.00964706805872745,TRUE,TRUE,TRUE,0.00964706805872906,0.00969390247305194,0.00321663842902072,21,21,24,0,0,,,,,0,88,62,64,0,0,64,1.03,,
"constrained-tmlr-revision-2026-08-13","full",TRUE,12,"aligned",61,0.05,0.05,"exact","precomputed_exact_table","exact",202798100,202798121,,25000,"certified","bounds-met",TRUE,46,46,46,46,46,0,46,0,TRUE,0.960090627649604,0.0399093723503959,0.039909372350394,TRUE,TRUE,TRUE,0.0399093723503959,0.0407275951743427,0.0169538418643162,15,15,24,0,0,,,,,0,70,50,46,0,0,46,0.94,,
"constrained-tmlr-revision-2026-08-13","full",TRUE,12,"aligned",61,0.05,0.05,"stochastic","precomputed_exact_table","iid",202798100,202798122,100,25000,"certified","bounds-met",TRUE,46,46,46,46,46,0,46,0,TRUE,0.960090627649604,0.0399093723503959,0.0399093723503954,TRUE,TRUE,TRUE,0.0399093723503959,0.0407275951743427,0.0169538418643162,15,15,24,0,0,,,,,0,70,50,46,0,0,46,0.77,,
"constrained-tmlr-revision-2026-08-13","full",TRUE,12,"aligned",61,0.1,0.05,"exact","precomputed_exact_table","exact",202798100,202798131,,25000,"certified","bounds-met",TRUE,37,37,27,27,27,0,27,0,TRUE,0.903784862565029,0.096215137434971,0.0962151374349688,TRUE,TRUE,TRUE,0.096215137434971,0.101163930800862,0.0286918588818832,12,12,24,0,0,,,,,0,61,44,37,0,0,37,0.610000000000001,,
"constrained-tmlr-revision-2026-08-13","full",TRUE,12,"aligned",61,0.1,0.05,"stochastic","precomputed_exact_table","iid",202798100,202798132,100,25000,"certified","bounds-met",TRUE,37,37,27,27,27,0,27,0,TRUE,0.903784862565029,0.096215137434971,0.096215137434973,TRUE,TRUE,TRUE,0.096215137434971,0.101163930800862,0.0286918588818832,12,12,24,0,0,,,,,0,61,44,37,0,0,37,0.73,,
"constrained-tmlr-revision-2026-08-13","full",TRUE,12,"aligned",61,0.2,0.05,"exact","precomputed_exact_table","exact",202798100,202798141,,25000,"certified","bounds-met",TRUE,16,16,9,9,9,0,9,0,TRUE,0.827475435761029,0.172524564238971,0.172524564238969,TRUE,TRUE,TRUE,0.172524564238971,0.189375857052455,0.0509984497082748,5,5,24,0,0,,,,,0,40,30,16,0,0,16,0.199999999999999,,
"constrained-tmlr-revision-2026-08-13","full",TRUE,12,"aligned",61,0.2,0.05,"stochastic","precomputed_exact_table","iid",202798100,202798142,100,25000,"certified","bounds-met",TRUE,16,16,9,9,9,0,9,0,TRUE,0.827475435761029,0.172524564238971,0.172524564238974,TRUE,TRUE,TRUE,0.172524564238971,0.189375857052455,0.0509984497082748,5,5,24,0,0,,,,,0,40,30,16,0,0,16,0.149999999999999,,
"constrained-tmlr-revision-2026-08-13","full",TRUE,12,"aligned",62,0.01,0.05,"exact","precomputed_exact_table","exact",202798200,202798211,,25000,"certified","bounds-met",TRUE,121,121,215,215,215,0,215,0,TRUE,0.990081867548895,0.00991813245110473,0.00991813245110538,TRUE,TRUE,TRUE,0.00991813245110473,0.00996764477866901,0.00478195895967581,40,40,24,0,0,,,,,0,145,98,121,0,0,121,3.32,,
"constrained-tmlr-revision-2026-08-13","full",TRUE,12,"aligned",62,0.01,0.05,"stochastic","precomputed_exact_table","iid",202798200,202798212,100,25000,"certified","bounds-met",TRUE,121,121,215,215,215,0,215,0,TRUE,0.990081867548895,0.00991813245110473,0.00991813245110573,TRUE,TRUE,TRUE,0.00991813245110473,0.00996764477866901,0.00478195895967581,40,40,24,0,0,,,,,0,145,98,121,0,0,121,2.97,,
"constrained-tmlr-revision-2026-08-13","full",TRUE,12,"aligned",62,0.05,0.05,"exact","precomputed_exact_table","exact",202798200,202798221,,25000,"certified","bounds-met",TRUE,73,73,101,101,101,0,101,0,TRUE,0.954792285486302,0.0452077145136976,0.0452077145136981,TRUE,TRUE,TRUE,0.0452077145136976,0.0462614642670047,0.0137330031701291,24,24,24,0,0,,,,,0,97,66,73,0,0,73,1.17,,
"constrained-tmlr-revision-2026-08-13","full",TRUE,12,"aligned",62,0.05,0.05,"stochastic","precomputed_exact_table","iid",202798200,202798222,100,25000,"certified","bounds-met",TRUE,73,73,101,101,101,0,101,0,TRUE,0.954792285486302,0.0452077145136976,0.0452077145137,TRUE,TRUE,TRUE,0.0452077145136976,0.0462614642670047,0.0137330031701291,24,24,24,0,0,,,,,0,97,66,73,0,0,73,1,,
"constrained-tmlr-revision-2026-08-13","full",TRUE,12,"aligned",62,0.1,0.05,"exact","precomputed_exact_table","exact",202798200,202798231,,25000,"certified","bounds-met",TRUE,61,61,64,64,64,0,64,0,TRUE,0.904940867841745,0.0950591321582546,0.0950591321582551,TRUE,TRUE,TRUE,0.0950591321582546,0.0998856768183089,0.0267518202664891,20,20,24,0,0,,,,,0,85,59,61,0,0,61,0.330000000000002,,
"constrained-tmlr-revision-2026-08-13","full",TRUE,12,"aligned",62,0.1,0.05,"stochastic","precomputed_exact_table","iid",202798200,202798232,100,25000,"certified","bounds-met",TRUE,61,61,64,64,64,0,64,0,TRUE,0.904940867841745,0.0950591321582546,0.0950591321582591,TRUE,TRUE,TRUE,0.0950591321582546,0.0998856768183089,0.0267518202664891,20,20,24,0,0,,,,,0,85,59,61,0,0,61,0.280000000000001,,
"constrained-tmlr-revision-2026-08-13","full",TRUE,12,"aligned",62,0.2,0.05,"exact","precomputed_exact_table","exact",202798200,202798241,,25000,"certified","bounds-met",TRUE,43,43,36,36,36,0,36,0,TRUE,0.814175271018612,0.185824728981388,0.185824728981389,TRUE,TRUE,TRUE,0.185824728981388,0.205579615496077,0.0622989559644827,14,14,24,0,0,,,,,0,67,47,43,0,0,43,0.219999999999999,,
"constrained-tmlr-revision-2026-08-13","full",TRUE,12,"aligned",62,0.2,0.05,"stochastic","precomputed_exact_table","iid",202798200,202798242,100,25000,"certified","bounds-met",TRUE,43,43,36,36,36,0,36,0,TRUE,0.814175271018612,0.185824728981388,0.185824728981394,TRUE,TRUE,TRUE,0.185824728981388,0.205579615496077,0.0622989559644827,14,14,24,0,0,,,,,0,67,47,43,0,0,43,0.149999999999999,,
"constrained-tmlr-revision-2026-08-13","full",TRUE,12,"aligned",63,0.01,0.05,"exact","precomputed_exact_table","exact",202798300,202798311,,25000,"certified","bounds-met",TRUE,64,64,123,123,123,0,123,0,TRUE,0.990166998661674,0.00983300133832576,0.00983300133832408,TRUE,TRUE,TRUE,0.00983300133832576,0.00988166456246081,0.00299786758249848,21,21,24,0,0,,,,,0,88,62,64,0,0,64,1.73,,
"constrained-tmlr-revision-2026-08-13","full",TRUE,12,"aligned",63,0.01,0.05,"stochastic","precomputed_exact_table","iid",202798300,202798312,100,25000,"certified","bounds-met",TRUE,64,64,123,123,123,0,123,0,TRUE,0.990166998661674,0.00983300133832576,0.00983300133832443,TRUE,TRUE,TRUE,0.00983300133832576,0.00988166456246081,0.00299786758249848,21,21,24,0,0,,,,,0,88,62,64,0,0,64,1.29,,
"constrained-tmlr-revision-2026-08-13","full",TRUE,12,"aligned",63,0.05,0.05,"exact","precomputed_exact_table","exact",202798300,202798321,,25000,"certified","bounds-met",TRUE,43,43,54,54,54,0,54,0,TRUE,0.951813093340218,0.0481869066597816,0.0481869066597801,TRUE,TRUE,TRUE,0.0481869066597816,0.0493865939911129,0.0193280577908987,14,14,24,0,0,,,,,0,67,48,43,0,0,43,1.08,,
"constrained-tmlr-revision-2026-08-13","full",TRUE,12,"aligned",63,0.05,0.05,"stochastic","precomputed_exact_table","iid",202798300,202798322,100,25000,"certified","bounds-met",TRUE,43,43,54,54,54,0,54,0,TRUE,0.951813093340218,0.0481869066597816,0.0481869066597815,TRUE,TRUE,TRUE,0.0481869066597816,0.0493865939911129,0.0193280577908987,14,14,24,0,0,,,,,0,67,48,43,0,0,43,0.699999999999999,,
"constrained-tmlr-revision-2026-08-13","full",TRUE,12,"aligned",63,0.1,0.05,"exact","precomputed_exact_table","exact",202798300,202798331,,25000,"certified","bounds-met",TRUE,40,40,37,37,37,0,37,0,TRUE,0.912401383544463,0.0875986164555366,0.0875986164555349,TRUE,TRUE,TRUE,0.0875986164555366,0.0916752721937646,0.0235389163857299,13,13,24,0,0,,,,,0,64,46,40,0,0,40,0.56,,
"constrained-tmlr-revision-2026-08-13","full",TRUE,12,"aligned",63,0.1,0.05,"stochastic","precomputed_exact_table","iid",202798300,202798332,100,25000,"certified","bounds-met",TRUE,40,40,37,37,37,0,37,0,TRUE,0.912401383544463,0.0875986164555366,0.087598616455538,TRUE,TRUE,TRUE,0.0875986164555366,0.0916752721937646,0.0235389163857299,13,13,24,0,0,,,,,0,64,46,40,0,0,40,0.58,,
"constrained-tmlr-revision-2026-08-13","full",TRUE,12,"aligned",63,0.2,0.05,"exact","precomputed_exact_table","exact",202798300,202798341,,25000,"certified","bounds-met",TRUE,22,22,17,17,17,0,17,0,TRUE,0.80705990733392,0.19294009266608,0.192940092666078,TRUE,TRUE,TRUE,0.19294009266608,0.214357378852918,0.0387177978397821,7,7,24,0,0,,,,,0,46,34,22,0,0,22,0.350000000000001,,
"constrained-tmlr-revision-2026-08-13","full",TRUE,12,"aligned",63,0.2,0.05,"stochastic","precomputed_exact_table","iid",202798300,202798342,100,25000,"certified","bounds-met",TRUE,22,22,17,17,17,0,17,0,TRUE,0.80705990733392,0.19294009266608,0.192940092666086,TRUE,TRUE,TRUE,0.19294009266608,0.214357378852918,0.0387177978397821,7,7,24,0,0,,,,,0,46,34,22,0,0,22,0.25,,
"constrained-tmlr-revision-2026-08-13","full",TRUE,12,"aligned",64,0.01,0.05,"exact","precomputed_exact_table","exact",202798400,202798411,,25000,"certified","bounds-met",TRUE,55,55,74,74,74,0,74,0,TRUE,0.990460146745485,0.00953985325451523,0.00953985325451244,TRUE,TRUE,TRUE,0.00953985325451523,0.00958564914468679,0.00243614274720075,18,18,24,0,0,,,,,0,79,56,55,0,0,55,1.87,,
"constrained-tmlr-revision-2026-08-13","full",TRUE,12,"aligned",64,0.01,0.05,"stochastic","precomputed_exact_table","iid",202798400,202798412,100,25000,"certified","bounds-met",TRUE,55,55,74,74,74,0,74,0,TRUE,0.990460146745485,0.00953985325451523,0.00953985325451271,TRUE,TRUE,TRUE,0.00953985325451523,0.00958564914468679,0.00243614274720075,18,18,24,0,0,,,,,0,79,56,55,0,0,55,0.780000000000001,,
"constrained-tmlr-revision-2026-08-13","full",TRUE,12,"aligned",64,0.05,0.05,"exact","precomputed_exact_table","exact",202798400,202798421,,25000,"certified","bounds-met",TRUE,46,46,46,46,46,0,46,0,TRUE,0.962400835537774,0.0375991644622261,0.0375991644622237,TRUE,TRUE,TRUE,0.0375991644622261,0.0383242461406505,0.0157145447327099,15,15,24,0,0,,,,,0,70,50,46,0,0,46,0.81,,
"constrained-tmlr-revision-2026-08-13","full",TRUE,12,"aligned",64,0.05,0.05,"stochastic","precomputed_exact_table","iid",202798400,202798422,100,25000,"certified","bounds-met",TRUE,46,46,46,46,46,0,46,0,TRUE,0.962400835537774,0.0375991644622261,0.0375991644622245,TRUE,TRUE,TRUE,0.0375991644622261,0.0383242461406505,0.0157145447327099,15,15,24,0,0,,,,,0,70,50,46,0,0,46,0.83,,
"constrained-tmlr-revision-2026-08-13","full",TRUE,12,"aligned",64,0.1,0.05,"exact","precomputed_exact_table","exact",202798400,202798431,,25000,"certified","bounds-met",TRUE,37,37,27,27,27,0,27,0,TRUE,0.908903065963662,0.0910969340363383,0.091096934036336,TRUE,TRUE,TRUE,0.0910969340363383,0.0955168285946876,0.0253479112203258,12,12,24,0,0,,,,,0,61,44,37,0,0,37,0.58,,
"constrained-tmlr-revision-2026-08-13","full",TRUE,12,"aligned",64,0.1,0.05,"stochastic","precomputed_exact_table","iid",202798400,202798432,100,25000,"certified","bounds-met",TRUE,37,37,27,27,27,0,27,0,TRUE,0.908903065963662,0.0910969340363383,0.0910969340363379,TRUE,TRUE,TRUE,0.0910969340363383,0.0955168285946876,0.0253479112203258,12,12,24,0,0,,,,,0,61,44,37,0,0,37,0.67,,
"constrained-tmlr-revision-2026-08-13","full",TRUE,12,"aligned",64,0.2,0.05,"exact","precomputed_exact_table","exact",202798400,202798441,,25000,"certified","bounds-met",TRUE,16,16,9,9,9,0,9,0,TRUE,0.846919299338084,0.153080700661916,0.153080700661914,TRUE,TRUE,TRUE,0.153080700661916,0.166149867100647,0.0329485309870484,5,5,24,0,0,,,,,0,40,30,16,0,0,16,0.19,,
"constrained-tmlr-revision-2026-08-13","full",TRUE,12,"aligned",64,0.2,0.05,"stochastic","precomputed_exact_table","iid",202798400,202798442,100,25000,"certified","bounds-met",TRUE,16,16,9,9,9,0,9,0,TRUE,0.846919299338084,0.153080700661916,0.153080700661918,TRUE,TRUE,TRUE,0.153080700661916,0.166149867100647,0.0329485309870484,5,5,24,0,0,,,,,0,40,30,16,0,0,16,0.17,,
"constrained-tmlr-revision-2026-08-13","full",TRUE,12,"aligned",65,0.01,0.05,"exact","precomputed_exact_table","exact",202798500,202798511,,25000,"certified","bounds-met",TRUE,97,97,148,148,148,0,148,0,TRUE,0.990393082286245,0.00960691771375521,0.00960691771375471,TRUE,TRUE,TRUE,0.00960691771375521,0.00965336184372244,0.00380246179028324,32,32,24,0,0,,,,,0,121,82,97,0,0,97,2.2,,
"constrained-tmlr-revision-2026-08-13","full",TRUE,12,"aligned",65,0.01,0.05,"stochastic","precomputed_exact_table","iid",202798500,202798512,100,25000,"certified","bounds-met",TRUE,97,97,148,148,148,0,148,0,TRUE,0.990393082286245,0.00960691771375521,0.00960691771375505,TRUE,TRUE,TRUE,0.00960691771375521,0.00965336184372244,0.00380246179028324,32,32,24,0,0,,,,,0,121,82,97,0,0,97,2.36,,
"constrained-tmlr-revision-2026-08-13","full",TRUE,12,"aligned",65,0.05,0.05,"exact","precomputed_exact_table","exact",202798500,202798521,,25000,"certified","bounds-met",TRUE,55,55,63,63,63,0,63,0,TRUE,0.950276529878206,0.0497234701217945,0.049723470121794,TRUE,TRUE,TRUE,0.0497234701217945,0.051002252661981,0.0109015345901008,18,18,24,0,0,,,,,0,79,54,55,0,0,55,0.969999999999999,,
"constrained-tmlr-revision-2026-08-13","full",TRUE,12,"aligned",65,0.05,0.05,"stochastic","precomputed_exact_table","iid",202798500,202798522,100,25000,"certified","bounds-met",TRUE,55,55,63,63,63,0,63,0,TRUE,0.950276529878206,0.0497234701217945,0.0497234701217962,TRUE,TRUE,TRUE,0.0497234701217945,0.051002252661981,0.0109015345901008,18,18,24,0,0,,,,,0,79,54,55,0,0,55,0.899999999999999,,
"constrained-tmlr-revision-2026-08-13","full",TRUE,12,"aligned",65,0.1,0.05,"exact","precomputed_exact_table","exact",202798500,202798531,,25000,"certified","bounds-met",TRUE,52,52,45,45,45,0,45,0,TRUE,0.920852080961216,0.0791479190387845,0.0791479190387847,TRUE,TRUE,TRUE,0.0791479190387845,0.0824558626165939,0.0223944901485121,17,17,24,0,0,,,,,0,76,53,52,0,0,52,1.46,,
"constrained-tmlr-revision-2026-08-13","full",TRUE,12,"aligned",65,0.1,0.05,"stochastic","precomputed_exact_table","iid",202798500,202798532,100,25000,"certified","bounds-met",TRUE,52,52,45,45,45,0,45,0,TRUE,0.920852080961216,0.0791479190387845,0.0791479190387869,TRUE,TRUE,TRUE,0.0791479190387845,0.0824558626165939,0.0223944901485121,17,17,24,0,0,,,,,0,76,53,52,0,0,52,1,,
"constrained-tmlr-revision-2026-08-13","full",TRUE,12,"aligned",65,0.2,0.05,"exact","precomputed_exact_table","exact",202798500,202798541,,25000,"certified","bounds-met",TRUE,22,22,17,17,17,0,17,0,TRUE,0.805166261864156,0.194833738135844,0.194833738135843,TRUE,TRUE,TRUE,0.194833738135844,0.216706486412083,0.0533643183732667,7,7,24,0,0,,,,,0,46,33,22,0,0,22,0.240000000000002,,
"constrained-tmlr-revision-2026-08-13","full",TRUE,12,"aligned",65,0.2,0.05,"stochastic","precomputed_exact_table","iid",202798500,202798542,100,25000,"certified","bounds-met",TRUE,22,22,17,17,17,0,17,0,TRUE,0.805166261864156,0.194833738135844,0.194833738135849,TRUE,TRUE,TRUE,0.194833738135844,0.216706486412083,0.0533643183732667,7,7,24,0,0,,,,,0,46,33,22,0,0,22,0.219999999999999,,
"constrained-tmlr-revision-2026-08-13","full",TRUE,12,"aligned",66,0.01,0.05,"exact","precomputed_exact_table","exact",202798600,202798611,,25000,"certified","bounds-met",TRUE,85,85,149,149,149,0,149,0,TRUE,0.990243628715196,0.00975637128480356,0.00975637128480151,TRUE,TRUE,TRUE,0.00975637128480356,0.00980427651727348,0.00355627187543636,28,28,24,0,0,,,,,0,109,76,85,0,0,85,1.88,,
"constrained-tmlr-revision-2026-08-13","full",TRUE,12,"aligned",66,0.01,0.05,"stochastic","precomputed_exact_table","iid",202798600,202798612,100,25000,"certified","bounds-met",TRUE,85,85,149,149,149,0,149,0,TRUE,0.990243628715196,0.00975637128480356,0.00975637128480199,TRUE,TRUE,TRUE,0.00975637128480356,0.00980427651727348,0.00355627187543636,28,28,24,0,0,,,,,0,109,76,85,0,0,85,1.62,,
"constrained-tmlr-revision-2026-08-13","full",TRUE,12,"aligned",66,0.05,0.05,"exact","precomputed_exact_table","exact",202798600,202798621,,25000,"certified","bounds-met",TRUE,49,49,70,70,70,0,70,0,TRUE,0.953032669686736,0.0469673303132643,0.0469673303132624,TRUE,TRUE,TRUE,0.0469673303132643,0.0481060950270162,0.0123533631065985,16,16,24,0,0,,,,,0,73,52,49,0,0,49,0.84,,
"constrained-tmlr-revision-2026-08-13","full",TRUE,12,"aligned",66,0.05,0.05,"stochastic","precomputed_exact_table","iid",202798600,202798622,100,25000,"certified","bounds-met",TRUE,49,49,70,70,70,0,70,0,TRUE,0.953032669686736,0.0469673303132643,0.0469673303132647,TRUE,TRUE,TRUE,0.0469673303132643,0.0481060950270162,0.0123533631065985,16,16,24,0,0,,,,,0,73,52,49,0,0,49,0.73,,
"constrained-tmlr-revision-2026-08-13","full",TRUE,12,"aligned",66,0.1,0.05,"exact","precomputed_exact_table","exact",202798600,202798631,,25000,"certified","bounds-met",TRUE,49,49,50,50,50,0,50,0,TRUE,0.916100705214366,0.0838992947856338,0.0838992947856319,TRUE,TRUE,TRUE,0.0838992947856338,0.0876289801606305,0.0213163987434941,16,16,24,0,0,,,,,0,73,52,49,0,0,49,0.67,,
"constrained-tmlr-revision-2026-08-13","full",TRUE,12,"aligned",66,0.1,0.05,"stochastic","precomputed_exact_table","iid",202798600,202798632,100,25000,"certified","bounds-met",TRUE,49,49,50,50,50,0,50,0,TRUE,0.916100705214366,0.0838992947856338,0.0838992947856361,TRUE,TRUE,TRUE,0.0838992947856338,0.0876289801606305,0.0213163987434941,16,16,24,0,0,,,,,0,73,52,49,0,0,49,0.889999999999999,,
"constrained-tmlr-revision-2026-08-13","full",TRUE,12,"aligned",66,0.2,0.05,"exact","precomputed_exact_table","exact",202798600,202798641,,25000,"certified","bounds-met",TRUE,19,19,19,19,19,0,19,0,TRUE,0.8053794291474,0.1946205708526,0.194620570852599,TRUE,TRUE,TRUE,0.1946205708526,0.216441772053865,0.0428232071205099,6,6,24,0,0,,,,,0,43,32,19,0,0,19,0.280000000000001,,
"constrained-tmlr-revision-2026-08-13","full",TRUE,12,"aligned",66,0.2,0.05,"stochastic","precomputed_exact_table","iid",202798600,202798642,100,25000,"certified","bounds-met",TRUE,19,19,19,19,19,0,19,0,TRUE,0.8053794291474,0.1946205708526,0.194620570852607,TRUE,TRUE,TRUE,0.1946205708526,0.216441772053865,0.0428232071205099,6,6,24,0,0,,,,,0,43,32,19,0,0,19,0.279999999999998,,
"constrained-tmlr-revision-2026-08-13","full",TRUE,12,"aligned",67,0.01,0.05,"exact","precomputed_exact_table","exact",202798700,202798711,,25000,"certified","bounds-met",TRUE,64,64,116,116,116,0,116,0,TRUE,0.990016704506804,0.00998329549319632,0.00998329549319807,TRUE,TRUE,TRUE,0.00998329549319632,0.0100334627566573,0.00386835132662179,21,21,24,0,0,,,,,0,88,62,64,0,0,64,1.37,,
"constrained-tmlr-revision-2026-08-13","full",TRUE,12,"aligned",67,0.01,0.05,"stochastic","precomputed_exact_table","iid",202798700,202798712,100,25000,"certified","bounds-met",TRUE,64,64,116,116,116,0,116,0,TRUE,0.990016704506804,0.00998329549319632,0.00998329549319857,TRUE,TRUE,TRUE,0.00998329549319632,0.0100334627566573,0.00386835132662179,21,21,24,0,0,,,,,0,88,62,64,0,0,64,1.02,,
"constrained-tmlr-revision-2026-08-13","full",TRUE,12,"aligned",67,0.05,0.05,"exact","precomputed_exact_table","exact",202798700,202798721,,25000,"certified","bounds-met",TRUE,46,46,56,56,56,0,56,0,TRUE,0.968288621169017,0.0317113788309829,0.0317113788309844,TRUE,TRUE,TRUE,0.0317113788309829,0.0322250737824371,0.0116858428513945,15,15,24,0,0,,,,,0,70,50,46,0,0,46,1.12,,
"constrained-tmlr-revision-2026-08-13","full",TRUE,12,"aligned",67,0.05,0.05,"stochastic","precomputed_exact_table","iid",202798700,202798722,100,25000,"certified","bounds-met",TRUE,46,46,56,56,56,0,56,0,TRUE,0.968288621169017,0.0317113788309829,0.031711378830986,TRUE,TRUE,TRUE,0.0317113788309829,0.0322250737824371,0.0116858428513945,15,15,24,0,0,,,,,0,70,50,46,0,0,46,1.01,,
"constrained-tmlr-revision-2026-08-13","full",TRUE,12,"aligned",67,0.1,0.05,"exact","precomputed_exact_table","exact",202798700,202798731,,25000,"certified","bounds-met",TRUE,40,40,37,37,37,0,37,0,TRUE,0.920572188632246,0.0794278113677543,0.0794278113677557,TRUE,TRUE,TRUE,0.0794278113677543,0.0827598581006842,0.0190433183914597,13,13,24,0,0,,,,,0,64,46,40,0,0,40,0.52,,
"constrained-tmlr-revision-2026-08-13","full",TRUE,12,"aligned",67,0.1,0.05,"stochastic","precomputed_exact_table","iid",202798700,202798732,100,25000,"certified","bounds-met",TRUE,40,40,37,37,37,0,37,0,TRUE,0.920572188632246,0.0794278113677543,0.0794278113677596,TRUE,TRUE,TRUE,0.0794278113677543,0.0827598581006842,0.0190433183914597,13,13,24,0,0,,,,,0,64,46,40,0,0,40,0.720000000000001,,
"constrained-tmlr-revision-2026-08-13","full",TRUE,12,"aligned",67,0.2,0.05,"exact","precomputed_exact_table","exact",202798700,202798741,,25000,"certified","bounds-met",TRUE,25,25,19,19,19,0,19,0,TRUE,0.829411243445066,0.170588756554934,0.170588756554935,TRUE,TRUE,TRUE,0.170588756554934,0.187039175142778,0.0632102793619769,8,8,24,0,0,,,,,0,49,36,25,0,0,25,0.450000000000001,,
"constrained-tmlr-revision-2026-08-13","full",TRUE,12,"aligned",67,0.2,0.05,"stochastic","precomputed_exact_table","iid",202798700,202798742,100,25000,"certified","bounds-met",TRUE,25,25,19,19,19,0,19,0,TRUE,0.829411243445066,0.170588756554934,0.170588756554942,TRUE,TRUE,TRUE,0.170588756554934,0.187039175142778,0.0632102793619769,8,8,24,0,0,,,,,0,49,36,25,0,0,25,0.340000000000002,,
"constrained-tmlr-revision-2026-08-13","full",TRUE,12,"aligned",68,0.01,0.05,"exact","precomputed_exact_table","exact",202798800,202798811,,25000,"certified","bounds-met",TRUE,88,88,116,116,116,0,116,0,TRUE,0.990165308699933,0.00983469130006731,0.0098346913000652,TRUE,TRUE,TRUE,0.00983469130006731,0.00988337130807644,0.00355184070014013,29,29,24,0,0,,,,,0,112,78,88,0,0,88,2.22,,
"constrained-tmlr-revision-2026-08-13","full",TRUE,12,"aligned",68,0.01,0.05,"stochastic","precomputed_exact_table","iid",202798800,202798812,100,25000,"certified","bounds-met",TRUE,88,88,116,116,116,0,116,0,TRUE,0.990165308699933,0.00983469130006731,0.00983469130006548,TRUE,TRUE,TRUE,0.00983469130006731,0.00988337130807644,0.00355184070014013,29,29,24,0,0,,,,,0,112,78,88,0,0,88,1.92,,
"constrained-tmlr-revision-2026-08-13","full",TRUE,12,"aligned",68,0.05,0.05,"exact","precomputed_exact_table","exact",202798800,202798821,,25000,"certified","bounds-met",TRUE,61,61,76,76,76,0,76,0,TRUE,0.951460683190603,0.0485393168093966,0.0485393168093945,TRUE,TRUE,TRUE,0.0485393168093966,0.0497569139713363,0.0145112477543741,20,20,24,0,0,,,,,0,85,60,61,0,0,61,0.99,,
"constrained-tmlr-revision-2026-08-13","full",TRUE,12,"aligned",68,0.05,0.05,"stochastic","precomputed_exact_table","iid",202798800,202798822,100,25000,"certified","bounds-met",TRUE,61,61,76,76,76,0,76,0,TRUE,0.951460683190603,0.0485393168093966,0.0485393168093965,TRUE,TRUE,TRUE,0.0485393168093966,0.0497569139713363,0.0145112477543741,20,20,24,0,0,,,,,0,85,60,61,0,0,61,1.16,,
"constrained-tmlr-revision-2026-08-13","full",TRUE,12,"aligned",68,0.1,0.05,"exact","precomputed_exact_table","exact",202798800,202798831,,25000,"certified","bounds-met",TRUE,61,61,47,47,47,0,47,0,TRUE,0.902740062890739,0.0972599371092612,0.0972599371092597,TRUE,TRUE,TRUE,0.0972599371092612,0.102320626483339,0.0255821465946974,20,20,24,0,0,,,,,0,85,60,61,0,0,61,1.17,,
"constrained-tmlr-revision-2026-08-13","full",TRUE,12,"aligned",68,0.1,0.05,"stochastic","precomputed_exact_table","iid",202798800,202798832,100,25000,"certified","bounds-met",TRUE,61,61,47,47,47,0,47,0,TRUE,0.902740062890739,0.0972599371092612,0.0972599371092617,TRUE,TRUE,TRUE,0.0972599371092612,0.102320626483339,0.0255821465946974,20,20,24,0,0,,,,,0,85,60,61,0,0,61,1.14,,
"constrained-tmlr-revision-2026-08-13","full",TRUE,12,"aligned",68,0.2,0.05,"exact","precomputed_exact_table","exact",202798800,202798841,,25000,"certified","bounds-met",TRUE,25,25,19,19,19,0,19,0,TRUE,0.853047793591251,0.146952206408749,0.146952206408747,TRUE,TRUE,TRUE,0.146952206408749,0.158939703058613,0.0404937235397625,8,8,24,0,0,,,,,0,49,36,25,0,0,25,0.300000000000001,,
"constrained-tmlr-revision-2026-08-13","full",TRUE,12,"aligned",68,0.2,0.05,"stochastic","precomputed_exact_table","iid",202798800,202798842,100,25000,"certified","bounds-met",TRUE,25,25,19,19,19,0,19,0,TRUE,0.853047793591251,0.146952206408749,0.146952206408752,TRUE,TRUE,TRUE,0.146952206408749,0.158939703058613,0.0404937235397625,8,8,24,0,0,,,,,0,49,36,25,0,0,25,0.240000000000002,,
"constrained-tmlr-revision-2026-08-13","full",TRUE,12,"aligned",69,0.01,0.05,"exact","precomputed_exact_table","exact",202798900,202798911,,25000,"certified","bounds-met",TRUE,64,64,84,84,84,0,84,0,TRUE,0.990186862894418,0.00981313710558185,0.00981313710557929,TRUE,TRUE,TRUE,0.00981313710558185,0.00986160326621451,0.00320277756662199,21,21,24,0,0,,,,,0,88,62,64,0,0,64,1.19,,
"constrained-tmlr-revision-2026-08-13","full",TRUE,12,"aligned",69,0.01,0.05,"stochastic","precomputed_exact_table","iid",202798900,202798912,100,25000,"certified","bounds-met",TRUE,64,64,84,84,84,0,84,0,TRUE,0.990186862894418,0.00981313710558185,0.00981313710557985,TRUE,TRUE,TRUE,0.00981313710558185,0.00986160326621451,0.00320277756662199,21,21,24,0,0,,,,,0,88,62,64,0,0,64,1.11,,
"constrained-tmlr-revision-2026-08-13","full",TRUE,12,"aligned",69,0.05,0.05,"exact","precomputed_exact_table","exact",202798900,202798921,,25000,"certified","bounds-met",TRUE,46,46,46,46,46,0,46,0,TRUE,0.960376877547342,0.0396231224526575,0.0396231224526552,TRUE,TRUE,TRUE,0.0396231224526575,0.040429490781445,0.0171532631887523,15,15,24,0,0,,,,,0,70,50,46,0,0,46,0.869999999999999,,
"constrained-tmlr-revision-2026-08-13","full",TRUE,12,"aligned",69,0.05,0.05,"stochastic","precomputed_exact_table","iid",202798900,202798922,100,25000,"certified","bounds-met",TRUE,46,46,46,46,46,0,46,0,TRUE,0.960376877547342,0.0396231224526575,0.0396231224526571,TRUE,TRUE,TRUE,0.0396231224526575,0.040429490781445,0.0171532631887523,15,15,24,0,0,,,,,0,70,50,46,0,0,46,0.790000000000001,,
"constrained-tmlr-revision-2026-08-13","full",TRUE,12,"aligned",69,0.1,0.05,"exact","precomputed_exact_table","exact",202798900,202798931,,25000,"certified","bounds-met",TRUE,34,34,27,27,27,0,27,0,TRUE,0.900650348921008,0.0993496510789921,0.0993496510789898,TRUE,TRUE,TRUE,0.0993496510789921,0.104638166702432,0.0281658538523474,11,11,24,0,0,,,,,0,58,42,34,0,0,34,0.550000000000001,,
"constrained-tmlr-revision-2026-08-13","full",TRUE,12,"aligned",69,0.1,0.05,"stochastic","precomputed_exact_table","iid",202798900,202798932,100,25000,"certified","bounds-met",TRUE,34,34,27,27,27,0,27,0,TRUE,0.900650348921008,0.0993496510789921,0.0993496510789933,TRUE,TRUE,TRUE,0.0993496510789921,0.104638166702432,0.0281658538523474,11,11,24,0,0,,,,,0,58,42,34,0,0,34,0.59,,
"constrained-tmlr-revision-2026-08-13","full",TRUE,12,"aligned",69,0.2,0.05,"exact","precomputed_exact_table","exact",202798900,202798941,,25000,"certified","bounds-met",TRUE,16,16,9,9,9,0,9,0,TRUE,0.832293879447469,0.167706120552531,0.167706120552529,TRUE,TRUE,TRUE,0.167706120552531,0.183569680038854,0.0373640747730271,5,5,24,0,0,,,,,0,40,30,16,0,0,16,0.359999999999999,,
"constrained-tmlr-revision-2026-08-13","full",TRUE,12,"aligned",69,0.2,0.05,"stochastic","precomputed_exact_table","iid",202798900,202798942,100,25000,"certified","bounds-met",TRUE,16,16,9,9,9,0,9,0,TRUE,0.832293879447469,0.167706120552531,0.167706120552537,TRUE,TRUE,TRUE,0.167706120552531,0.183569680038854,0.0373640747730271,5,5,24,0,0,,,,,0,40,30,16,0,0,16,0.369999999999999,,
"constrained-tmlr-revision-2026-08-13","full",TRUE,12,"aligned",70,0.01,0.05,"exact","precomputed_exact_table","exact",202799000,202799011,,25000,"certified","bounds-met",TRUE,79,79,113,113,113,0,113,0,TRUE,0.991107788393191,0.00889221160680853,0.00889221160680822,TRUE,TRUE,TRUE,0.00889221160680853,0.00893198326800143,0.00302973960157994,26,26,24,0,0,,,,,0,103,72,79,0,0,79,1.74,,
"constrained-tmlr-revision-2026-08-13","full",TRUE,12,"aligned",70,0.01,0.05,"stochastic","precomputed_exact_table","iid",202799000,202799012,100,25000,"certified","bounds-met",TRUE,79,79,113,113,113,0,113,0,TRUE,0.991107788393191,0.00889221160680853,0.0088922116068086,TRUE,TRUE,TRUE,0.00889221160680853,0.00893198326800143,0.00302973960157994,26,26,24,0,0,,,,,0,103,72,79,0,0,79,1.6,,
"constrained-tmlr-revision-2026-08-13","full",TRUE,12,"aligned",70,0.05,0.05,"exact","precomputed_exact_table","exact",202799000,202799021,,25000,"certified","bounds-met",TRUE,49,49,55,55,55,0,55,0,TRUE,0.952280668653275,0.0477193313467248,0.0477193313467245,TRUE,TRUE,TRUE,0.0477193313467248,0.0488954676277076,0.0175117850967224,16,16,24,0,0,,,,,0,73,52,49,0,0,49,1.07,,
"constrained-tmlr-revision-2026-08-13","full",TRUE,12,"aligned",70,0.05,0.05,"stochastic","precomputed_exact_table","iid",202799000,202799022,100,25000,"certified","bounds-met",TRUE,49,49,55,55,55,0,55,0,TRUE,0.952280668653275,0.0477193313467248,0.0477193313467265,TRUE,TRUE,TRUE,0.0477193313467248,0.0488954676277076,0.0175117850967224,16,16,24,0,0,,,,,0,73,52,49,0,0,49,0.82,,
"constrained-tmlr-revision-2026-08-13","full",TRUE,12,"aligned",70,0.1,0.05,"exact","precomputed_exact_table","exact",202799000,202799031,,25000,"certified","bounds-met",TRUE,37,37,36,36,36,0,36,0,TRUE,0.911643582419933,0.0883564175800667,0.0883564175800668,TRUE,TRUE,TRUE,0.0883564175800667,0.0925061740435205,0.0274002671230724,12,12,24,0,0,,,,,0,61,44,37,0,0,37,0.6,,
"constrained-tmlr-revision-2026-08-13","full",TRUE,12,"aligned",70,0.1,0.05,"stochastic","precomputed_exact_table","iid",202799000,202799032,100,25000,"certified","bounds-met",TRUE,37,37,36,36,36,0,36,0,TRUE,0.911643582419933,0.0883564175800667,0.0883564175800705,TRUE,TRUE,TRUE,0.0883564175800667,0.0925061740435205,0.0274002671230724,12,12,24,0,0,,,,,0,61,44,37,0,0,37,0.539999999999999,,
"constrained-tmlr-revision-2026-08-13","full",TRUE,12,"aligned",70,0.2,0.05,"exact","precomputed_exact_table","exact",202799000,202799041,,25000,"certified","bounds-met",TRUE,31,31,18,18,18,0,18,0,TRUE,0.835629892306204,0.164370107693796,0.164370107693796,TRUE,TRUE,TRUE,0.164370107693796,0.179569476475958,0.0542015573171638,10,10,24,0,0,,,,,0,55,40,31,0,0,31,0.470000000000001,,
"constrained-tmlr-revision-2026-08-13","full",TRUE,12,"aligned",70,0.2,0.05,"stochastic","precomputed_exact_table","iid",202799000,202799042,100,25000,"certified","bounds-met",TRUE,31,31,18,18,18,0,18,0,TRUE,0.835629892306204,0.164370107693796,0.164370107693802,TRUE,TRUE,TRUE,0.164370107693796,0.179569476475958,0.0542015573171638,10,10,24,0,0,,,,,0,55,40,31,0,0,31,0.34,,
"constrained-tmlr-revision-2026-08-13","full",TRUE,12,"aligned",71,0.01,0.05,"exact","precomputed_exact_table","exact",202799100,202799111,,25000,"certified","bounds-met",TRUE,67,67,95,95,95,0,95,0,TRUE,0.990007712453007,0.00999228754699322,0.00999228754699043,TRUE,TRUE,TRUE,0.00999228754699322,0.0100425455272736,0.00338669761018702,22,22,24,0,0,,,,,0,91,64,67,0,0,67,1.94,,
"constrained-tmlr-revision-2026-08-13","full",TRUE,12,"aligned",71,0.01,0.05,"stochastic","precomputed_exact_table","iid",202799100,202799112,100,25000,"certified","bounds-met",TRUE,67,67,95,95,95,0,95,0,TRUE,0.990007712453007,0.00999228754699322,0.00999228754699093,TRUE,TRUE,TRUE,0.00999228754699322,0.0100425455272736,0.00338669761018702,22,22,24,0,0,,,,,0,91,64,67,0,0,67,1.22,,
"constrained-tmlr-revision-2026-08-13","full",TRUE,12,"aligned",71,0.05,0.05,"exact","precomputed_exact_table","exact",202799100,202799121,,25000,"certified","bounds-met",TRUE,43,43,46,46,46,0,46,0,TRUE,0.957883451262242,0.0421165487377583,0.0421165487377557,TRUE,TRUE,TRUE,0.0421165487377583,0.0430291668024031,0.0168585460362039,14,14,24,0,0,,,,,0,67,48,43,0,0,43,0.58,,
"constrained-tmlr-revision-2026-08-13","full",TRUE,12,"aligned",71,0.05,0.05,"stochastic","precomputed_exact_table","iid",202799100,202799122,100,25000,"certified","bounds-met",TRUE,43,43,46,46,46,0,46,0,TRUE,0.957883451262242,0.0421165487377583,0.0421165487377572,TRUE,TRUE,TRUE,0.0421165487377583,0.0430291668024031,0.0168585460362039,14,14,24,0,0,,,,,0,67,48,43,0,0,43,0.960000000000001,,
"constrained-tmlr-revision-2026-08-13","full",TRUE,12,"aligned",71,0.1,0.05,"exact","precomputed_exact_table","exact",202799100,202799131,,25000,"certified","bounds-met",TRUE,37,37,28,28,28,0,28,0,TRUE,0.905304077271696,0.0946959227283036,0.0946959227283008,TRUE,TRUE,TRUE,0.0946959227283036,0.0994843947312573,0.0278356783285672,12,12,24,0,0,,,,,0,61,44,37,0,0,37,0.530000000000001,,
"constrained-tmlr-revision-2026-08-13","full",TRUE,12,"aligned",71,0.1,0.05,"stochastic","precomputed_exact_table","iid",202799100,202799132,100,25000,"certified","bounds-met",TRUE,37,37,28,28,28,0,28,0,TRUE,0.905304077271696,0.0946959227283036,0.0946959227283048,TRUE,TRUE,TRUE,0.0946959227283036,0.0994843947312573,0.0278356783285672,12,12,24,0,0,,,,,0,61,44,37,0,0,37,0.550000000000001,,
"constrained-tmlr-revision-2026-08-13","full",TRUE,12,"aligned",71,0.2,0.05,"exact","precomputed_exact_table","exact",202799100,202799141,,25000,"certified","bounds-met",TRUE,16,16,9,9,9,0,9,0,TRUE,0.815063598655952,0.184936401344048,0.184936401344045,TRUE,TRUE,TRUE,0.184936401344048,0.204489133625181,0.0469840736405619,5,5,24,0,0,,,,,0,40,30,16,0,0,16,0.25,,
"constrained-tmlr-revision-2026-08-13","full",TRUE,12,"aligned",71,0.2,0.05,"stochastic","precomputed_exact_table","iid",202799100,202799142,100,25000,"certified","bounds-met",TRUE,16,16,9,9,9,0,9,0,TRUE,0.815063598655952,0.184936401344048,0.184936401344051,TRUE,TRUE,TRUE,0.184936401344048,0.204489133625181,0.0469840736405619,5,5,24,0,0,,,,,0,40,30,16,0,0,16,0.26,,
"constrained-tmlr-revision-2026-08-13","full",TRUE,12,"aligned",72,0.01,0.05,"exact","precomputed_exact_table","exact",202799200,202799211,,25000,"certified","bounds-met",TRUE,79,79,111,111,111,0,111,0,TRUE,0.990186466921416,0.00981353307858424,0.00981353307858533,TRUE,TRUE,TRUE,0.00981353307858424,0.00986200316354339,0.00305908105906313,26,26,24,0,0,,,,,0,103,70,79,0,0,79,1.91,,
"constrained-tmlr-revision-2026-08-13","full",TRUE,12,"aligned",72,0.01,0.05,"stochastic","precomputed_exact_table","iid",202799200,202799212,100,25000,"certified","bounds-met",TRUE,79,79,111,111,111,0,111,0,TRUE,0.990186466921416,0.00981353307858424,0.00981353307858568,TRUE,TRUE,TRUE,0.00981353307858424,0.00986200316354339,0.00305908105906313,26,26,24,0,0,,,,,0,103,70,79,0,0,79,1.53,,
"constrained-tmlr-revision-2026-08-13","full",TRUE,12,"aligned",72,0.05,0.05,"exact","precomputed_exact_table","exact",202799200,202799221,,25000,"certified","bounds-met",TRUE,52,52,54,54,54,0,54,0,TRUE,0.953129191505436,0.046870808494564,0.046870808494565,TRUE,TRUE,TRUE,0.046870808494564,0.0480048215509827,0.0241675146443015,17,17,24,0,0,,,,,0,76,53,52,0,0,52,1.48,,
"constrained-tmlr-revision-2026-08-13","full",TRUE,12,"aligned",72,0.05,0.05,"stochastic","precomputed_exact_table","iid",202799200,202799222,100,25000,"certified","bounds-met",TRUE,52,52,54,54,54,0,54,0,TRUE,0.953129191505436,0.046870808494564,0.046870808494567,TRUE,TRUE,TRUE,0.046870808494564,0.0480048215509827,0.0241675146443015,17,17,24,0,0,,,,,0,76,53,52,0,0,52,1.13,,
"constrained-tmlr-revision-2026-08-13","full",TRUE,12,"aligned",72,0.1,0.05,"exact","precomputed_exact_table","exact",202799200,202799231,,25000,"certified","bounds-met",TRUE,43,43,35,35,35,0,35,0,TRUE,0.901449233729365,0.0985507662706349,0.0985507662706359,TRUE,TRUE,TRUE,0.0985507662706349,0.103751551036593,0.0241675146443015,14,14,24,0,0,,,,,0,67,47,43,0,0,43,0.850000000000001,,
"constrained-tmlr-revision-2026-08-13","full",TRUE,12,"aligned",72,0.1,0.05,"stochastic","precomputed_exact_table","iid",202799200,202799232,100,25000,"certified","bounds-met",TRUE,43,43,35,35,35,0,35,0,TRUE,0.901449233729365,0.0985507662706349,0.0985507662706394,TRUE,TRUE,TRUE,0.0985507662706349,0.103751551036593,0.0241675146443015,14,14,24,0,0,,,,,0,67,47,43,0,0,43,0.92,,
"constrained-tmlr-revision-2026-08-13","full",TRUE,12,"aligned",72,0.2,0.05,"exact","precomputed_exact_table","exact",202799200,202799241,,25000,"certified","bounds-met",TRUE,16,16,9,9,9,0,9,0,TRUE,0.819751608954658,0.180248391045342,0.180248391045343,TRUE,TRUE,TRUE,0.180248391045342,0.198753900521083,0.0456137185259496,5,5,24,0,0,,,,,0,40,30,16,0,0,16,0.16,,
"constrained-tmlr-revision-2026-08-13","full",TRUE,12,"aligned",72,0.2,0.05,"stochastic","precomputed_exact_table","iid",202799200,202799242,100,25000,"certified","bounds-met",TRUE,16,16,9,9,9,0,9,0,TRUE,0.819751608954658,0.180248391045342,0.180248391045349,TRUE,TRUE,TRUE,0.180248391045342,0.198753900521083,0.0456137185259496,5,5,24,0,0,,,,,0,40,30,16,0,0,16,0.16,,
"constrained-tmlr-revision-2026-08-13","full",TRUE,12,"aligned",73,0.01,0.05,"exact","precomputed_exact_table","exact",202799300,202799311,,25000,"certified","bounds-met",TRUE,76,76,93,93,93,0,93,0,TRUE,0.991040680506229,0.00895931949377138,0.00895931949376937,TRUE,TRUE,TRUE,0.00895931949377138,0.00899969553884434,0.00314985415980451,25,25,24,0,0,,,,,0,100,70,76,0,0,76,2.13,,
"constrained-tmlr-revision-2026-08-13","full",TRUE,12,"aligned",73,0.01,0.05,"stochastic","precomputed_exact_table","iid",202799300,202799312,100,25000,"certified","bounds-met",TRUE,76,76,93,93,93,0,93,0,TRUE,0.991040680506229,0.00895931949377138,0.00895931949376982,TRUE,TRUE,TRUE,0.00895931949377138,0.00899969553884434,0.00314985415980451,25,25,24,0,0,,,,,0,100,70,76,0,0,76,1.41,,
"constrained-tmlr-revision-2026-08-13","full",TRUE,12,"aligned",73,0.05,0.05,"exact","precomputed_exact_table","exact",202799300,202799321,,25000,"certified","bounds-met",TRUE,46,46,46,46,46,0,46,0,TRUE,0.958721142875671,0.0412788571243285,0.0412788571243265,TRUE,TRUE,TRUE,0.0412788571243285,0.0421550254491646,0.0165257374360706,15,15,24,0,0,,,,,0,70,50,46,0,0,46,0.889999999999999,,
"constrained-tmlr-revision-2026-08-13","full",TRUE,12,"aligned",73,0.05,0.05,"stochastic","precomputed_exact_table","iid",202799300,202799322,100,25000,"certified","bounds-met",TRUE,46,46,46,46,46,0,46,0,TRUE,0.958721142875671,0.0412788571243285,0.0412788571243283,TRUE,TRUE,TRUE,0.0412788571243285,0.0421550254491646,0.0165257374360706,15,15,24,0,0,,,,,0,70,50,46,0,0,46,0.789999999999999,,
"constrained-tmlr-revision-2026-08-13","full",TRUE,12,"aligned",73,0.1,0.05,"exact","precomputed_exact_table","exact",202799300,202799331,,25000,"certified","bounds-met",TRUE,28,28,27,27,27,0,27,0,TRUE,0.903403642986892,0.0965963570131081,0.0965963570131059,TRUE,TRUE,TRUE,0.0965963570131081,0.10158582324055,0.0185457586784044,9,9,24,0,0,,,,,0,52,38,28,0,0,28,0.5,,
"constrained-tmlr-revision-2026-08-13","full",TRUE,12,"aligned",73,0.1,0.05,"stochastic","precomputed_exact_table","iid",202799300,202799332,100,25000,"certified","bounds-met",TRUE,28,28,27,27,27,0,27,0,TRUE,0.903403642986892,0.0965963570131081,0.0965963570131107,TRUE,TRUE,TRUE,0.0965963570131081,0.10158582324055,0.0185457586784044,9,9,24,0,0,,,,,0,52,38,28,0,0,28,0.690000000000001,,
"constrained-tmlr-revision-2026-08-13","full",TRUE,12,"aligned",73,0.2,0.05,"exact","precomputed_exact_table","exact",202799300,202799341,,25000,"certified","bounds-met",TRUE,16,16,9,9,9,0,9,0,TRUE,0.814194453290762,0.185805546709238,0.185805546709236,TRUE,TRUE,TRUE,0.185805546709238,0.205556055401752,0.057283749950388,5,5,24,0,0,,,,,0,40,30,16,0,0,16,0.209999999999999,,
"constrained-tmlr-revision-2026-08-13","full",TRUE,12,"aligned",73,0.2,0.05,"stochastic","precomputed_exact_table","iid",202799300,202799342,100,25000,"certified","bounds-met",TRUE,16,16,9,9,9,0,9,0,TRUE,0.814194453290762,0.185805546709238,0.185805546709244,TRUE,TRUE,TRUE,0.185805546709238,0.205556055401752,0.057283749950388,5,5,24,0,0,,,,,0,40,30,16,0,0,16,0.199999999999999,,
"constrained-tmlr-revision-2026-08-13","full",TRUE,12,"aligned",74,0.01,0.05,"exact","precomputed_exact_table","exact",202799400,202799411,,25000,"certified","bounds-met",TRUE,76,76,137,137,137,0,137,0,TRUE,0.990248070287489,0.00975192971251126,0.00975192971250774,TRUE,TRUE,TRUE,0.00975192971251126,0.0097997911944675,0.00384605105442419,25,25,24,0,0,,,,,0,100,70,76,0,0,76,2.25,,
"constrained-tmlr-revision-2026-08-13","full",TRUE,12,"aligned",74,0.01,0.05,"stochastic","precomputed_exact_table","iid",202799400,202799412,100,25000,"certified","bounds-met",TRUE,76,76,137,137,137,0,137,0,TRUE,0.990248070287489,0.00975192971251126,0.00975192971250816,TRUE,TRUE,TRUE,0.00975192971251126,0.0097997911944675,0.00384605105442419,25,25,24,0,0,,,,,0,100,70,76,0,0,76,1.62,,
"constrained-tmlr-revision-2026-08-13","full",TRUE,12,"aligned",74,0.05,0.05,"exact","precomputed_exact_table","exact",202799400,202799421,,25000,"certified","bounds-met",TRUE,46,46,56,56,56,0,56,0,TRUE,0.956085090410432,0.0439149095895679,0.0439149095895645,TRUE,TRUE,TRUE,0.0439149095895679,0.0449083631861246,0.0167273207819387,15,15,24,0,0,,,,,0,70,50,46,0,0,46,1.11,,
"constrained-tmlr-revision-2026-08-13","full",TRUE,12,"aligned",74,0.05,0.05,"stochastic","precomputed_exact_table","iid",202799400,202799422,100,25000,"certified","bounds-met",TRUE,46,46,56,56,56,0,56,0,TRUE,0.956085090410432,0.0439149095895679,0.0439149095895661,TRUE,TRUE,TRUE,0.0439149095895679,0.0449083631861246,0.0167273207819387,15,15,24,0,0,,,,,0,70,50,46,0,0,46,0.790000000000001,,
"constrained-tmlr-revision-2026-08-13","full",TRUE,12,"aligned",74,0.1,0.05,"exact","precomputed_exact_table","exact",202799400,202799431,,25000,"certified","bounds-met",TRUE,52,52,46,46,46,0,46,0,TRUE,0.903640526852833,0.096359473147167,0.0963594731471644,TRUE,TRUE,TRUE,0.096359473147167,0.101323644959297,0.0373683162690029,17,17,24,0,0,,,,,0,76,53,52,0,0,52,0.949999999999999,,
"constrained-tmlr-revision-2026-08-13","full",TRUE,12,"aligned",74,0.1,0.05,"stochastic","precomputed_exact_table","iid",202799400,202799432,100,25000,"certified","bounds-met",TRUE,52,52,46,46,46,0,46,0,TRUE,0.903640526852833,0.096359473147167,0.0963594731471678,TRUE,TRUE,TRUE,0.096359473147167,0.101323644959297,0.0373683162690029,17,17,24,0,0,,,,,0,76,53,52,0,0,52,0.819999999999999,,
"constrained-tmlr-revision-2026-08-13","full",TRUE,12,"aligned",74,0.2,0.05,"exact","precomputed_exact_table","exact",202799400,202799441,,25000,"certified","bounds-met",TRUE,19,19,19,19,19,0,19,0,TRUE,0.809528263694563,0.190471736305437,0.190471736305434,TRUE,TRUE,TRUE,0.190471736305437,0.211303591471413,0.048242315881581,6,6,24,0,0,,,,,0,43,32,19,0,0,19,0.290000000000001,,
"constrained-tmlr-revision-2026-08-13","full",TRUE,12,"aligned",74,0.2,0.05,"stochastic","precomputed_exact_table","iid",202799400,202799442,100,25000,"certified","bounds-met",TRUE,19,19,19,19,19,0,19,0,TRUE,0.809528263694563,0.190471736305437,0.190471736305441,TRUE,TRUE,TRUE,0.190471736305437,0.211303591471413,0.048242315881581,6,6,24,0,0,,,,,0,43,32,19,0,0,19,0.189999999999998,,
"constrained-tmlr-revision-2026-08-13","full",TRUE,12,"aligned",75,0.01,0.05,"exact","precomputed_exact_table","exact",202799500,202799511,,25000,"certified","bounds-met",TRUE,79,79,94,94,94,0,94,0,TRUE,0.990254489693766,0.00974551030623383,0.009745510306236,TRUE,TRUE,TRUE,0.00974551030623383,0.00979330859110492,0.00310491853522473,26,26,24,0,0,,,,,0,103,72,79,0,0,79,1.83,,
"constrained-tmlr-revision-2026-08-13","full",TRUE,12,"aligned",75,0.01,0.05,"stochastic","precomputed_exact_table","iid",202799500,202799512,100,25000,"certified","bounds-met",TRUE,79,79,94,94,94,0,94,0,TRUE,0.990254489693766,0.00974551030623383,0.00974551030623628,TRUE,TRUE,TRUE,0.00974551030623383,0.00979330859110492,0.00310491853522473,26,26,24,0,0,,,,,0,103,72,79,0,0,79,1.77,,
"constrained-tmlr-revision-2026-08-13","full",TRUE,12,"aligned",75,0.05,0.05,"exact","precomputed_exact_table","exact",202799500,202799521,,25000,"certified","bounds-met",TRUE,43,43,46,46,46,0,46,0,TRUE,0.956032991801233,0.0439670081987671,0.0439670081987687,TRUE,TRUE,TRUE,0.0439670081987671,0.0449628562738651,0.0179593530093079,14,14,24,0,0,,,,,0,67,48,43,0,0,43,1.1,,
"constrained-tmlr-revision-2026-08-13","full",TRUE,12,"aligned",75,0.05,0.05,"stochastic","precomputed_exact_table","iid",202799500,202799522,100,25000,"certified","bounds-met",TRUE,43,43,46,46,46,0,46,0,TRUE,0.956032991801233,0.0439670081987671,0.0439670081987706,TRUE,TRUE,TRUE,0.0439670081987671,0.0449628562738651,0.0179593530093079,14,14,24,0,0,,,,,0,67,48,43,0,0,43,1.04,,
"constrained-tmlr-revision-2026-08-13","full",TRUE,12,"aligned",75,0.1,0.05,"exact","precomputed_exact_table","exact",202799500,202799531,,25000,"certified","bounds-met",TRUE,43,43,36,36,36,0,36,0,TRUE,0.917169971789143,0.0828300282108573,0.0828300282108592,TRUE,TRUE,TRUE,0.0828300282108573,0.0864624675343829,0.027867853435219,14,14,24,0,0,,,,,0,67,48,43,0,0,43,0.67,,
"constrained-tmlr-revision-2026-08-13","full",TRUE,12,"aligned",75,0.1,0.05,"stochastic","precomputed_exact_table","iid",202799500,202799532,100,25000,"certified","bounds-met",TRUE,43,43,36,36,36,0,36,0,TRUE,0.917169971789143,0.0828300282108573,0.0828300282108616,TRUE,TRUE,TRUE,0.0828300282108573,0.0864624675343829,0.027867853435219,14,14,24,0,0,,,,,0,67,48,43,0,0,43,0.69,,
"constrained-tmlr-revision-2026-08-13","full",TRUE,12,"aligned",75,0.2,0.05,"exact","precomputed_exact_table","exact",202799500,202799541,,25000,"certified","bounds-met",TRUE,16,16,9,9,9,0,9,0,TRUE,0.822795042069067,0.177204957930933,0.177204957930936,TRUE,TRUE,TRUE,0.177204957930933,0.195048146903226,0.0324412765587427,5,5,24,0,0,,,,,0,40,30,16,0,0,16,0.149999999999999,,
"constrained-tmlr-revision-2026-08-13","full",TRUE,12,"aligned",75,0.2,0.05,"stochastic","precomputed_exact_table","iid",202799500,202799542,100,25000,"certified","bounds-met",TRUE,16,16,9,9,9,0,9,0,TRUE,0.822795042069067,0.177204957930933,0.177204957930941,TRUE,TRUE,TRUE,0.177204957930933,0.195048146903226,0.0324412765587427,5,5,24,0,0,,,,,0,40,30,16,0,0,16,0.140000000000001,,
"constrained-tmlr-revision-2026-08-13","full",TRUE,12,"aligned",76,0.01,0.05,"exact","precomputed_exact_table","exact",202799600,202799611,,25000,"certified","bounds-met",TRUE,64,64,103,103,103,0,103,0,TRUE,0.990915203389156,0.00908479661084427,0.00908479661084449,TRUE,TRUE,TRUE,0.00908479661084427,0.00912631502443442,0.00353923090743518,21,21,24,0,0,,,,,0,88,62,64,0,0,64,1.45,,
"constrained-tmlr-revision-2026-08-13","full",TRUE,12,"aligned",76,0.01,0.05,"stochastic","precomputed_exact_table","iid",202799600,202799612,100,25000,"certified","bounds-met",TRUE,64,64,103,103,103,0,103,0,TRUE,0.990915203389156,0.00908479661084427,0.00908479661084488,TRUE,TRUE,TRUE,0.00908479661084427,0.00912631502443442,0.00353923090743518,21,21,24,0,0,,,,,0,88,62,64,0,0,64,1.06,,
"constrained-tmlr-revision-2026-08-13","full",TRUE,12,"aligned",76,0.05,0.05,"exact","precomputed_exact_table","exact",202799600,202799621,,25000,"certified","bounds-met",TRUE,46,46,46,46,46,0,46,0,TRUE,0.955865553312981,0.0441344466870192,0.0441344466870195,TRUE,TRUE,TRUE,0.0441344466870192,0.0451380104305624,0.0164769250289583,15,15,24,0,0,,,,,0,70,50,46,0,0,46,0.81,,
"constrained-tmlr-revision-2026-08-13","full",TRUE,12,"aligned",76,0.05,0.05,"stochastic","precomputed_exact_table","iid",202799600,202799622,100,25000,"certified","bounds-met",TRUE,46,46,46,46,46,0,46,0,TRUE,0.955865553312981,0.0441344466870192,0.0441344466870211,TRUE,TRUE,TRUE,0.0441344466870192,0.0451380104305624,0.0164769250289583,15,15,24,0,0,,,,,0,70,50,46,0,0,46,0.789999999999999,,
"constrained-tmlr-revision-2026-08-13","full",TRUE,12,"aligned",76,0.1,0.05,"exact","precomputed_exact_table","exact",202799600,202799631,,25000,"certified","bounds-met",TRUE,49,49,36,36,36,0,36,0,TRUE,0.927112185148343,0.0728878148516565,0.0728878148516565,TRUE,TRUE,TRUE,0.0728878148516565,0.0756807011610592,0.0228719154376931,16,16,24,0,0,,,,,0,73,52,49,0,0,49,1.03,,
"constrained-tmlr-revision-2026-08-13","full",TRUE,12,"aligned",76,0.1,0.05,"stochastic","precomputed_exact_table","iid",202799600,202799632,100,25000,"certified","bounds-met",TRUE,49,49,36,36,36,0,36,0,TRUE,0.927112185148343,0.0728878148516565,0.0728878148516601,TRUE,TRUE,TRUE,0.0728878148516565,0.0756807011610592,0.0228719154376931,16,16,24,0,0,,,,,0,73,52,49,0,0,49,0.779999999999999,,
"constrained-tmlr-revision-2026-08-13","full",TRUE,12,"aligned",76,0.2,0.05,"exact","precomputed_exact_table","exact",202799600,202799641,,25000,"certified","bounds-met",TRUE,49,49,18,18,18,0,18,0,TRUE,0.865946660744544,0.134053339255456,0.134053339255457,TRUE,TRUE,TRUE,0.134053339255456,0.143931964990346,0.0291108720078058,16,16,24,0,0,,,,,0,73,52,49,0,0,49,0.699999999999999,,
"constrained-tmlr-revision-2026-08-13","full",TRUE,12,"aligned",76,0.2,0.05,"stochastic","precomputed_exact_table","iid",202799600,202799642,100,25000,"certified","bounds-met",TRUE,49,49,18,18,18,0,18,0,TRUE,0.865946660744544,0.134053339255456,0.134053339255462,TRUE,TRUE,TRUE,0.134053339255456,0.143931964990346,0.0291108720078058,16,16,24,0,0,,,,,0,73,52,49,0,0,49,0.860000000000001,,
"constrained-tmlr-revision-2026-08-13","full",TRUE,12,"aligned",77,0.01,0.05,"exact","precomputed_exact_table","exact",202799700,202799711,,25000,"certified","bounds-met",TRUE,79,79,114,114,114,0,114,0,TRUE,0.990079474064084,0.00992052593591608,0.00992052593591755,TRUE,TRUE,TRUE,0.00992052593591608,0.00997006224310592,0.0032783669565617,26,26,24,0,0,,,,,0,103,69,79,0,0,79,2.15,,
"constrained-tmlr-revision-2026-08-13","full",TRUE,12,"aligned",77,0.01,0.05,"stochastic","precomputed_exact_table","iid",202799700,202799712,100,25000,"certified","bounds-met",TRUE,79,79,114,114,114,0,114,0,TRUE,0.990079474064084,0.00992052593591608,0.0099205259359179,TRUE,TRUE,TRUE,0.00992052593591608,0.00997006224310592,0.0032783669565617,26,26,24,0,0,,,,,0,103,69,79,0,0,79,1.67,,
"constrained-tmlr-revision-2026-08-13","full",TRUE,12,"aligned",77,0.05,0.05,"exact","precomputed_exact_table","exact",202799700,202799721,,25000,"certified","bounds-met",TRUE,46,46,51,51,51,0,51,0,TRUE,0.959527166995023,0.0404728330049773,0.0404728330049789,TRUE,TRUE,TRUE,0.0404728330049773,0.0413146502353403,0.0206738135550442,15,15,24,0,0,,,,,0,70,47,46,0,0,46,1.09,,
"constrained-tmlr-revision-2026-08-13","full",TRUE,12,"aligned",77,0.05,0.05,"stochastic","precomputed_exact_table","iid",202799700,202799722,100,25000,"certified","bounds-met",TRUE,46,46,51,51,51,0,51,0,TRUE,0.959527166995023,0.0404728330049773,0.0404728330049803,TRUE,TRUE,TRUE,0.0404728330049773,0.0413146502353403,0.0206738135550442,15,15,24,0,0,,,,,0,70,47,46,0,0,46,1.11,,
"constrained-tmlr-revision-2026-08-13","full",TRUE,12,"aligned",77,0.1,0.05,"exact","precomputed_exact_table","exact",202799700,202799731,,25000,"certified","bounds-met",TRUE,43,43,33,33,33,0,33,0,TRUE,0.90607336672327,0.0939266332767305,0.0939266332767319,TRUE,TRUE,TRUE,0.0939266332767305,0.098634997494502,0.0271540831952445,14,14,24,0,0,,,,,0,67,45,43,0,0,43,0.91,,
"constrained-tmlr-revision-2026-08-13","full",TRUE,12,"aligned",77,0.1,0.05,"stochastic","precomputed_exact_table","iid",202799700,202799732,100,25000,"certified","bounds-met",TRUE,43,43,33,33,33,0,33,0,TRUE,0.90607336672327,0.0939266332767305,0.0939266332767353,TRUE,TRUE,TRUE,0.0939266332767305,0.098634997494502,0.0271540831952445,14,14,24,0,0,,,,,0,67,45,43,0,0,43,0.75,,
"constrained-tmlr-revision-2026-08-13","full",TRUE,12,"aligned",77,0.2,0.05,"exact","precomputed_exact_table","exact",202799700,202799741,,25000,"certified","bounds-met",TRUE,22,22,16,16,16,0,16,0,TRUE,0.812344197921455,0.187655802078545,0.187655802078547,TRUE,TRUE,TRUE,0.187655802078545,0.207831139570218,0.052503648259379,7,7,24,0,0,,,,,0,46,32,22,0,0,22,0.219999999999999,,
"constrained-tmlr-revision-2026-08-13","full",TRUE,12,"aligned",77,0.2,0.05,"stochastic","precomputed_exact_table","iid",202799700,202799742,100,25000,"certified","bounds-met",TRUE,22,22,16,16,16,0,16,0,TRUE,0.812344197921455,0.187655802078545,0.187655802078553,TRUE,TRUE,TRUE,0.187655802078545,0.207831139570218,0.052503648259379,7,7,24,0,0,,,,,0,46,32,22,0,0,22,0.23,,
"constrained-tmlr-revision-2026-08-13","full",TRUE,12,"aligned",78,0.01,0.05,"exact","precomputed_exact_table","exact",202799800,202799811,,25000,"certified","bounds-met",TRUE,67,67,75,75,75,0,75,0,TRUE,0.990224996128598,0.00977500387140184,0.00977500387140403,TRUE,TRUE,TRUE,0.00977500387140184,0.00982309285838093,0.00271874800766164,22,22,24,0,0,,,,,0,91,64,67,0,0,67,1.94,,
"constrained-tmlr-revision-2026-08-13","full",TRUE,12,"aligned",78,0.01,0.05,"stochastic","precomputed_exact_table","iid",202799800,202799812,100,25000,"certified","bounds-met",TRUE,67,67,75,75,75,0,75,0,TRUE,0.990224996128598,0.00977500387140184,0.00977500387140445,TRUE,TRUE,TRUE,0.00977500387140184,0.00982309285838093,0.00271874800766164,22,22,24,0,0,,,,,0,91,64,67,0,0,67,1.31,,
"constrained-tmlr-revision-2026-08-13","full",TRUE,12,"aligned",78,0.05,0.05,"exact","precomputed_exact_table","exact",202799800,202799821,,25000,"certified","bounds-met",TRUE,46,46,46,46,46,0,46,0,TRUE,0.963382237700695,0.0366177622993048,0.0366177622993068,TRUE,TRUE,TRUE,0.0366177622993048,0.0373050220530391,0.014850810567663,15,15,24,0,0,,,,,0,70,50,46,0,0,46,1.1,,
"constrained-tmlr-revision-2026-08-13","full",TRUE,12,"aligned",78,0.05,0.05,"stochastic","precomputed_exact_table","iid",202799800,202799822,100,25000,"certified","bounds-met",TRUE,46,46,46,46,46,0,46,0,TRUE,0.963382237700695,0.0366177622993048,0.0366177622993086,TRUE,TRUE,TRUE,0.0366177622993048,0.0373050220530391,0.014850810567663,15,15,24,0,0,,,,,0,70,50,46,0,0,46,0.81,,
"constrained-tmlr-revision-2026-08-13","full",TRUE,12,"aligned",78,0.1,0.05,"exact","precomputed_exact_table","exact",202799800,202799831,,25000,"certified","bounds-met",TRUE,37,37,27,27,27,0,27,0,TRUE,0.906214792638431,0.0937852073615691,0.0937852073615703,TRUE,TRUE,TRUE,0.0937852073615691,0.0984789230703351,0.0205146675323414,12,12,24,0,0,,,,,0,61,44,37,0,0,37,0.83,,
"constrained-tmlr-revision-2026-08-13","full",TRUE,12,"aligned",78,0.1,0.05,"stochastic","precomputed_exact_table","iid",202799800,202799832,100,25000,"certified","bounds-met",TRUE,37,37,27,27,27,0,27,0,TRUE,0.906214792638431,0.0937852073615691,0.0937852073615749,TRUE,TRUE,TRUE,0.0937852073615691,0.0984789230703351,0.0205146675323414,12,12,24,0,0,,,,,0,61,44,37,0,0,37,0.59,,
"constrained-tmlr-revision-2026-08-13","full",TRUE,12,"aligned",78,0.2,0.05,"exact","precomputed_exact_table","exact",202799800,202799841,,25000,"certified","bounds-met",TRUE,16,16,9,9,9,0,9,0,TRUE,0.841808726423074,0.158191273576926,0.158191273576928,TRUE,TRUE,TRUE,0.158191273576926,0.172202456314183,0.03448952960315,5,5,24,0,0,,,,,0,40,30,16,0,0,16,0.210000000000001,,
"constrained-tmlr-revision-2026-08-13","full",TRUE,12,"aligned",78,0.2,0.05,"stochastic","precomputed_exact_table","iid",202799800,202799842,100,25000,"certified","bounds-met",TRUE,16,16,9,9,9,0,9,0,TRUE,0.841808726423074,0.158191273576926,0.158191273576934,TRUE,TRUE,TRUE,0.158191273576926,0.172202456314183,0.03448952960315,5,5,24,0,0,,,,,0,40,30,16,0,0,16,0.139999999999997,,
"constrained-tmlr-revision-2026-08-13","full",TRUE,12,"aligned",79,0.01,0.05,"exact","precomputed_exact_table","exact",202799900,202799911,,25000,"certified","bounds-met",TRUE,85,85,144,144,144,0,144,0,TRUE,0.990187834122005,0.00981216587799527,0.00981216587799541,TRUE,TRUE,TRUE,0.00981216587799527,0.00986062241386567,0.00394330126492295,28,28,24,0,0,,,,,0,109,76,85,0,0,85,2.76,,
"constrained-tmlr-revision-2026-08-13","full",TRUE,12,"aligned",79,0.01,0.05,"stochastic","precomputed_exact_table","iid",202799900,202799912,100,25000,"certified","bounds-met",TRUE,85,85,144,144,144,0,144,0,TRUE,0.990187834122005,0.00981216587799527,0.00981216587799569,TRUE,TRUE,TRUE,0.00981216587799527,0.00986062241386567,0.00394330126492295,28,28,24,0,0,,,,,0,109,76,85,0,0,85,1.59,,
"constrained-tmlr-revision-2026-08-13","full",TRUE,12,"aligned",79,0.05,0.05,"exact","precomputed_exact_table","exact",202799900,202799921,,25000,"certified","bounds-met",TRUE,55,55,66,66,66,0,66,0,TRUE,0.963419576762425,0.036580423237575,0.0365804232375754,TRUE,TRUE,TRUE,0.036580423237575,0.0372662645000265,0.0173158761635531,18,18,24,0,0,,,,,0,79,56,55,0,0,55,0.94,,
"constrained-tmlr-revision-2026-08-13","full",TRUE,12,"aligned",79,0.05,0.05,"stochastic","precomputed_exact_table","iid",202799900,202799922,100,25000,"certified","bounds-met",TRUE,55,55,66,66,66,0,66,0,TRUE,0.963419576762425,0.036580423237575,0.0365804232375765,TRUE,TRUE,TRUE,0.036580423237575,0.0372662645000265,0.0173158761635531,18,18,24,0,0,,,,,0,79,56,55,0,0,55,1.17,,
"constrained-tmlr-revision-2026-08-13","full",TRUE,12,"aligned",79,0.1,0.05,"exact","precomputed_exact_table","exact",202799900,202799931,,25000,"certified","bounds-met",TRUE,49,49,46,46,46,0,46,0,TRUE,0.914115625999231,0.0858843740007693,0.0858843740007694,TRUE,TRUE,TRUE,0.0858843740007693,0.0897982100595114,0.033601689904097,16,16,24,0,0,,,,,0,73,52,49,0,0,49,0.83,,
"constrained-tmlr-revision-2026-08-13","full",TRUE,12,"aligned",79,0.1,0.05,"stochastic","precomputed_exact_table","iid",202799900,202799932,100,25000,"certified","bounds-met",TRUE,49,49,46,46,46,0,46,0,TRUE,0.914115625999231,0.0858843740007693,0.0858843740007731,TRUE,TRUE,TRUE,0.0858843740007693,0.0897982100595114,0.033601689904097,16,16,24,0,0,,,,,0,73,52,49,0,0,49,0.640000000000001,,
"constrained-tmlr-revision-2026-08-13","full",TRUE,12,"aligned",79,0.2,0.05,"exact","precomputed_exact_table","exact",202799900,202799941,,25000,"certified","bounds-met",TRUE,25,25,19,19,19,0,19,0,TRUE,0.823585754371367,0.176414245628633,0.176414245628632,TRUE,TRUE,TRUE,0.176414245628633,0.194087600758852,0.048413749341733,8,8,24,0,0,,,,,0,49,36,25,0,0,25,0.210000000000001,,
"constrained-tmlr-revision-2026-08-13","full",TRUE,12,"aligned",79,0.2,0.05,"stochastic","precomputed_exact_table","iid",202799900,202799942,100,25000,"certified","bounds-met",TRUE,25,25,19,19,19,0,19,0,TRUE,0.823585754371367,0.176414245628633,0.176414245628639,TRUE,TRUE,TRUE,0.176414245628633,0.194087600758852,0.048413749341733,8,8,24,0,0,,,,,0,49,36,25,0,0,25,0.109999999999999,,
"constrained-tmlr-revision-2026-08-13","full",TRUE,12,"aligned",80,0.01,0.05,"exact","precomputed_exact_table","exact",202800000,202800011,,25000,"certified","bounds-met",TRUE,88,88,103,103,103,0,103,0,TRUE,0.990773460348078,0.00922653965192211,0.00922653965192551,TRUE,TRUE,TRUE,0.00922653965192211,0.00926936780958004,0.00393732462360639,29,29,24,0,0,,,,,0,112,78,88,0,0,88,2.55,,
"constrained-tmlr-revision-2026-08-13","full",TRUE,12,"aligned",80,0.01,0.05,"stochastic","precomputed_exact_table","iid",202800000,202800012,100,25000,"certified","bounds-met",TRUE,88,88,103,103,103,0,103,0,TRUE,0.990773460348078,0.00922653965192211,0.00922653965192591,TRUE,TRUE,TRUE,0.00922653965192211,0.00926936780958004,0.00393732462360639,29,29,24,0,0,,,,,0,112,78,88,0,0,88,2.28,,
"constrained-tmlr-revision-2026-08-13","full",TRUE,12,"aligned",80,0.05,0.05,"exact","precomputed_exact_table","exact",202800000,202800021,,25000,"certified","bounds-met",TRUE,46,46,46,46,46,0,46,0,TRUE,0.950202350426201,0.0497976495737986,0.0497976495738021,TRUE,TRUE,TRUE,0.0497976495737986,0.0510803166202924,0.0226877382798005,15,15,24,0,0,,,,,0,70,50,46,0,0,46,0.75,,
"constrained-tmlr-revision-2026-08-13","full",TRUE,12,"aligned",80,0.05,0.05,"stochastic","precomputed_exact_table","iid",202800000,202800022,100,25000,"certified","bounds-met",TRUE,46,46,46,46,46,0,46,0,TRUE,0.950202350426201,0.0497976495737986,0.0497976495738038,TRUE,TRUE,TRUE,0.0497976495737986,0.0510803166202924,0.0226877382798005,15,15,24,0,0,,,,,0,70,50,46,0,0,46,0.950000000000001,,
"constrained-tmlr-revision-2026-08-13","full",TRUE,12,"aligned",80,0.1,0.05,"exact","precomputed_exact_table","exact",202800000,202800031,,25000,"certified","bounds-met",TRUE,37,37,36,36,36,0,36,0,TRUE,0.915012946354668,0.0849870536453321,0.0849870536453356,TRUE,TRUE,TRUE,0.0849870536453321,0.0888170647852172,0.0240230407877494,12,12,24,0,0,,,,,0,61,44,37,0,0,37,0.610000000000001,,
"constrained-tmlr-revision-2026-08-13","full",TRUE,12,"aligned",80,0.1,0.05,"stochastic","precomputed_exact_table","iid",202800000,202800032,100,25000,"certified","bounds-met",TRUE,37,37,36,36,36,0,36,0,TRUE,0.915012946354668,0.0849870536453321,0.0849870536453392,TRUE,TRUE,TRUE,0.0849870536453321,0.0888170647852172,0.0240230407877494,12,12,24,0,0,,,,,0,61,44,37,0,0,37,0.5,,
"constrained-tmlr-revision-2026-08-13","full",TRUE,12,"aligned",80,0.2,0.05,"exact","precomputed_exact_table","exact",202800000,202800041,,25000,"certified","bounds-met",TRUE,16,16,9,9,9,0,9,0,TRUE,0.819718815354736,0.180281184645264,0.180281184645267,TRUE,TRUE,TRUE,0.180281184645264,0.198793905634246,0.0375311458278236,5,5,24,0,0,,,,,0,40,30,16,0,0,16,0.140000000000001,,
"constrained-tmlr-revision-2026-08-13","full",TRUE,12,"aligned",80,0.2,0.05,"stochastic","precomputed_exact_table","iid",202800000,202800042,100,25000,"certified","bounds-met",TRUE,16,16,9,9,9,0,9,0,TRUE,0.819718815354736,0.180281184645264,0.180281184645274,TRUE,TRUE,TRUE,0.180281184645264,0.198793905634246,0.0375311458278236,5,5,24,0,0,,,,,0,40,30,16,0,0,16,0.0899999999999999,,
"constrained-tmlr-revision-2026-08-13","full",TRUE,12,"aligned",81,0.01,0.05,"exact","precomputed_exact_table","exact",202800100,202800111,,25000,"certified","bounds-met",TRUE,64,64,82,82,82,0,82,0,TRUE,0.990859912623448,0.0091400873765517,0.00914008737655419,TRUE,TRUE,TRUE,0.0091400873765517,0.00918211425743016,0.00264035991992165,21,21,24,0,0,,,,,0,88,61,64,0,0,64,1.3,,
"constrained-tmlr-revision-2026-08-13","full",TRUE,12,"aligned",81,0.01,0.05,"stochastic","precomputed_exact_table","iid",202800100,202800112,100,25000,"certified","bounds-met",TRUE,64,64,82,82,82,0,82,0,TRUE,0.990859912623448,0.0091400873765517,0.00914008737655458,TRUE,TRUE,TRUE,0.0091400873765517,0.00918211425743016,0.00264035991992165,21,21,24,0,0,,,,,0,88,61,64,0,0,64,1.11,,
"constrained-tmlr-revision-2026-08-13","full",TRUE,12,"aligned",81,0.05,0.05,"exact","precomputed_exact_table","exact",202800100,202800121,,25000,"certified","bounds-met",TRUE,46,46,46,46,46,0,46,0,TRUE,0.9625636585973,0.0374363414026998,0.0374363414027023,TRUE,TRUE,TRUE,0.0374363414026998,0.0381550762048821,0.0145986821141016,15,15,24,0,0,,,,,0,70,50,46,0,0,46,1.23,,
"constrained-tmlr-revision-2026-08-13","full",TRUE,12,"aligned",81,0.05,0.05,"stochastic","precomputed_exact_table","iid",202800100,202800122,100,25000,"certified","bounds-met",TRUE,46,46,46,46,46,0,46,0,TRUE,0.9625636585973,0.0374363414026998,0.0374363414027042,TRUE,TRUE,TRUE,0.0374363414026998,0.0381550762048821,0.0145986821141016,15,15,24,0,0,,,,,0,70,50,46,0,0,46,0.94,,
"constrained-tmlr-revision-2026-08-13","full",TRUE,12,"aligned",81,0.1,0.05,"exact","precomputed_exact_table","exact",202800100,202800131,,25000,"certified","bounds-met",TRUE,37,37,27,27,27,0,27,0,TRUE,0.910898785573248,0.0891012144267517,0.0891012144267537,TRUE,TRUE,TRUE,0.0891012144267517,0.093323490448588,0.0174213225241981,12,12,24,0,0,,,,,0,61,44,37,0,0,37,0.66,,
"constrained-tmlr-revision-2026-08-13","full",TRUE,12,"aligned",81,0.1,0.05,"stochastic","precomputed_exact_table","iid",202800100,202800132,100,25000,"certified","bounds-met",TRUE,37,37,27,27,27,0,27,0,TRUE,0.910898785573248,0.0891012144267517,0.0891012144267588,TRUE,TRUE,TRUE,0.0891012144267517,0.093323490448588,0.0174213225241981,12,12,24,0,0,,,,,0,61,44,37,0,0,37,1.05,,
"constrained-tmlr-revision-2026-08-13","full",TRUE,12,"aligned",81,0.2,0.05,"exact","precomputed_exact_table","exact",202800100,202800141,,25000,"certified","bounds-met",TRUE,16,16,9,9,9,0,9,0,TRUE,0.843497057035114,0.156502942964886,0.156502942964888,TRUE,TRUE,TRUE,0.156502942964886,0.170198865994359,0.0322727834215092,5,5,24,0,0,,,,,0,40,30,16,0,0,16,0.17,,
"constrained-tmlr-revision-2026-08-13","full",TRUE,12,"aligned",81,0.2,0.05,"stochastic","precomputed_exact_table","iid",202800100,202800142,100,25000,"certified","bounds-met",TRUE,16,16,9,9,9,0,9,0,TRUE,0.843497057035114,0.156502942964886,0.156502942964894,TRUE,TRUE,TRUE,0.156502942964886,0.170198865994359,0.0322727834215092,5,5,24,0,0,,,,,0,40,30,16,0,0,16,0.200000000000001,,
"constrained-tmlr-revision-2026-08-13","full",TRUE,12,"aligned",82,0.01,0.05,"exact","precomputed_exact_table","exact",202800200,202800211,,25000,"certified","bounds-met",TRUE,73,73,107,107,107,0,107,0,TRUE,0.990351185727607,0.00964881427239339,0.00964881427239053,TRUE,TRUE,TRUE,0.00964881427239339,0.00969566569820885,0.00442691038184206,24,24,24,0,0,,,,,0,97,68,73,0,0,73,1.8,,
"constrained-tmlr-revision-2026-08-13","full",TRUE,12,"aligned",82,0.01,0.05,"stochastic","precomputed_exact_table","iid",202800200,202800212,100,25000,"certified","bounds-met",TRUE,73,73,107,107,107,0,107,0,TRUE,0.990351185727607,0.00964881427239339,0.00964881427239087,TRUE,TRUE,TRUE,0.00964881427239339,0.00969566569820885,0.00442691038184206,24,24,24,0,0,,,,,0,97,68,73,0,0,73,1.51,,
"constrained-tmlr-revision-2026-08-13","full",TRUE,12,"aligned",82,0.05,0.05,"exact","precomputed_exact_table","exact",202800200,202800221,,25000,"certified","bounds-met",TRUE,70,70,56,56,56,0,56,0,TRUE,0.973674058162332,0.026325941837668,0.0263259418376652,TRUE,TRUE,TRUE,0.026325941837668,0.0266786738887199,0.00914118354692491,23,23,24,0,0,,,,,0,94,66,70,0,0,70,2.51,,
"constrained-tmlr-revision-2026-08-13","full",TRUE,12,"aligned",82,0.05,0.05,"stochastic","precomputed_exact_table","iid",202800200,202800222,100,25000,"certified","bounds-met",TRUE,70,70,56,56,56,0,56,0,TRUE,0.973674058162332,0.026325941837668,0.0263259418376659,TRUE,TRUE,TRUE,0.026325941837668,0.0266786738887199,0.00914118354692491,23,23,24,0,0,,,,,0,94,66,70,0,0,70,1.25,,
"constrained-tmlr-revision-2026-08-13","full",TRUE,12,"aligned",82,0.1,0.05,"exact","precomputed_exact_table","exact",202800200,202800231,,25000,"certified","bounds-met",TRUE,43,43,37,37,37,0,37,0,TRUE,0.919610862432829,0.0803891375671715,0.0803891375671689,TRUE,TRUE,TRUE,0.0803891375671715,0.0838046740349605,0.0338823416976655,14,14,24,0,0,,,,,0,67,48,43,0,0,43,0.9,,
"constrained-tmlr-revision-2026-08-13","full",TRUE,12,"aligned",82,0.1,0.05,"stochastic","precomputed_exact_table","iid",202800200,202800232,100,25000,"certified","bounds-met",TRUE,43,43,37,37,37,0,37,0,TRUE,0.919610862432829,0.0803891375671715,0.0803891375671717,TRUE,TRUE,TRUE,0.0803891375671715,0.0838046740349605,0.0338823416976655,14,14,24,0,0,,,,,0,67,48,43,0,0,43,0.66,,
"constrained-tmlr-revision-2026-08-13","full",TRUE,12,"aligned",82,0.2,0.05,"exact","precomputed_exact_table","exact",202800200,202800241,,25000,"certified","bounds-met",TRUE,25,25,19,19,19,0,19,0,TRUE,0.850802480487604,0.149197519512396,0.149197519512393,TRUE,TRUE,TRUE,0.149197519512396,0.161575280183572,0.045553694166881,8,8,24,0,0,,,,,0,49,36,25,0,0,25,0.350000000000001,,
"constrained-tmlr-revision-2026-08-13","full",TRUE,12,"aligned",82,0.2,0.05,"stochastic","precomputed_exact_table","iid",202800200,202800242,100,25000,"certified","bounds-met",TRUE,25,25,19,19,19,0,19,0,TRUE,0.850802480487604,0.149197519512396,0.149197519512398,TRUE,TRUE,TRUE,0.149197519512396,0.161575280183572,0.045553694166881,8,8,24,0,0,,,,,0,49,36,25,0,0,25,0.27,,
"constrained-tmlr-revision-2026-08-13","full",TRUE,12,"aligned",83,0.01,0.05,"exact","precomputed_exact_table","exact",202800300,202800311,,25000,"certified","bounds-met",TRUE,100,100,123,123,123,0,123,0,TRUE,0.991020862133378,0.00897913786662163,0.00897913786661898,TRUE,TRUE,TRUE,0.00897913786662163,0.00901969327597265,0.00460398349201852,33,33,24,0,0,,,,,0,124,86,100,0,0,100,2.44,,
"constrained-tmlr-revision-2026-08-13","full",TRUE,12,"aligned",83,0.01,0.05,"stochastic","precomputed_exact_table","iid",202800300,202800312,100,25000,"certified","bounds-met",TRUE,100,100,123,123,123,0,123,0,TRUE,0.991020862133378,0.00897913786662163,0.00897913786661942,TRUE,TRUE,TRUE,0.00897913786662163,0.00901969327597265,0.00460398349201852,33,33,24,0,0,,,,,0,124,86,100,0,0,100,2.48,,
"constrained-tmlr-revision-2026-08-13","full",TRUE,12,"aligned",83,0.05,0.05,"exact","precomputed_exact_table","exact",202800300,202800321,,25000,"certified","bounds-met",TRUE,55,55,56,56,56,0,56,0,TRUE,0.964846102809044,0.0351538971909561,0.0351538971909536,TRUE,TRUE,TRUE,0.0351538971909561,0.0357866693156304,0.0207139160565439,18,18,24,0,0,,,,,0,79,56,55,0,0,55,1.06,,
"constrained-tmlr-revision-2026-08-13","full",TRUE,12,"aligned",83,0.05,0.05,"stochastic","precomputed_exact_table","iid",202800300,202800322,100,25000,"certified","bounds-met",TRUE,55,55,56,56,56,0,56,0,TRUE,0.964846102809044,0.0351538971909561,0.0351538971909558,TRUE,TRUE,TRUE,0.0351538971909561,0.0357866693156304,0.0207139160565439,18,18,24,0,0,,,,,0,79,56,55,0,0,55,1.47,,
"constrained-tmlr-revision-2026-08-13","full",TRUE,12,"aligned",83,0.1,0.05,"exact","precomputed_exact_table","exact",202800300,202800331,,25000,"certified","bounds-met",TRUE,43,43,37,37,37,0,37,0,TRUE,0.910672909277242,0.0893270907227585,0.089327090722756,TRUE,TRUE,TRUE,0.0893270907227585,0.0935714919934111,0.0241963578496829,14,14,24,0,0,,,,,0,67,48,43,0,0,43,0.629999999999999,,
"constrained-tmlr-revision-2026-08-13","full",TRUE,12,"aligned",83,0.1,0.05,"stochastic","precomputed_exact_table","iid",202800300,202800332,100,25000,"certified","bounds-met",TRUE,43,43,37,37,37,0,37,0,TRUE,0.910672909277242,0.0893270907227585,0.0893270907227604,TRUE,TRUE,TRUE,0.0893270907227585,0.0935714919934111,0.0241963578496829,14,14,24,0,0,,,,,0,67,48,43,0,0,43,0.699999999999999,,
"constrained-tmlr-revision-2026-08-13","full",TRUE,12,"aligned",83,0.2,0.05,"exact","precomputed_exact_table","exact",202800300,202800341,,25000,"certified","bounds-met",TRUE,37,37,18,18,18,0,18,0,TRUE,0.840821286486689,0.159178713513311,0.15917871351331,TRUE,TRUE,TRUE,0.159178713513311,0.173376142795658,0.0484292098276991,12,12,24,0,0,,,,,0,61,44,37,0,0,37,0.399999999999999,,
"constrained-tmlr-revision-2026-08-13","full",TRUE,12,"aligned",83,0.2,0.05,"stochastic","precomputed_exact_table","iid",202800300,202800342,100,25000,"certified","bounds-met",TRUE,37,37,18,18,18,0,18,0,TRUE,0.840821286486689,0.159178713513311,0.159178713513318,TRUE,TRUE,TRUE,0.159178713513311,0.173376142795658,0.0484292098276991,12,12,24,0,0,,,,,0,61,44,37,0,0,37,0.299999999999997,,
"constrained-tmlr-revision-2026-08-13","full",TRUE,12,"aligned",84,0.01,0.05,"exact","precomputed_exact_table","exact",202800400,202800411,,25000,"certified","bounds-met",TRUE,73,73,126,126,126,0,126,0,TRUE,0.990420579054729,0.00957942094527142,0.00957942094526962,TRUE,TRUE,TRUE,0.00957942094527142,0.00962559873907286,0.00322720142390497,24,24,24,0,0,,,,,0,97,68,73,0,0,73,1.94,,
"constrained-tmlr-revision-2026-08-13","full",TRUE,12,"aligned",84,0.01,0.05,"stochastic","precomputed_exact_table","iid",202800400,202800412,100,25000,"certified","bounds-met",TRUE,73,73,126,126,126,0,126,0,TRUE,0.990420579054729,0.00957942094527142,0.00957942094526996,TRUE,TRUE,TRUE,0.00957942094527142,0.00962559873907286,0.00322720142390497,24,24,24,0,0,,,,,0,97,68,73,0,0,73,1.61,,
"constrained-tmlr-revision-2026-08-13","full",TRUE,12,"aligned",84,0.05,0.05,"exact","precomputed_exact_table","exact",202800400,202800421,,25000,"certified","bounds-met",TRUE,43,43,54,54,54,0,54,0,TRUE,0.952355976413655,0.0476440235863449,0.0476440235863429,TRUE,TRUE,TRUE,0.0476440235863449,0.0488163892789693,0.0180655108368494,14,14,24,0,0,,,,,0,67,48,43,0,0,43,1.22,,
"constrained-tmlr-revision-2026-08-13","full",TRUE,12,"aligned",84,0.05,0.05,"stochastic","precomputed_exact_table","iid",202800400,202800422,100,25000,"certified","bounds-met",TRUE,43,43,54,54,54,0,54,0,TRUE,0.952355976413655,0.0476440235863449,0.0476440235863449,TRUE,TRUE,TRUE,0.0476440235863449,0.0488163892789693,0.0180655108368494,14,14,24,0,0,,,,,0,67,48,43,0,0,43,1.23,,
"constrained-tmlr-revision-2026-08-13","full",TRUE,12,"aligned",84,0.1,0.05,"exact","precomputed_exact_table","exact",202800400,202800431,,25000,"certified","bounds-met",TRUE,37,37,35,35,35,0,35,0,TRUE,0.900350982954594,0.099649017045406,0.0996490170454045,TRUE,TRUE,TRUE,0.099649017045406,0.104970610620016,0.0225423585891503,12,12,24,0,0,,,,,0,61,44,37,0,0,37,0.82,,
"constrained-tmlr-revision-2026-08-13","full",TRUE,12,"aligned",84,0.1,0.05,"stochastic","precomputed_exact_table","iid",202800400,202800432,100,25000,"certified","bounds-met",TRUE,37,37,35,35,35,0,35,0,TRUE,0.900350982954594,0.099649017045406,0.0996490170454081,TRUE,TRUE,TRUE,0.099649017045406,0.104970610620016,0.0225423585891503,12,12,24,0,0,,,,,0,61,44,37,0,0,37,0.59,,
"constrained-tmlr-revision-2026-08-13","full",TRUE,12,"aligned",84,0.2,0.05,"exact","precomputed_exact_table","exact",202800400,202800441,,25000,"certified","bounds-met",TRUE,22,22,17,17,17,0,17,0,TRUE,0.832211549419531,0.167788450580469,0.167788450580467,TRUE,TRUE,TRUE,0.167788450580469,0.183668604351838,0.0286276341872007,7,7,24,0,0,,,,,0,46,34,22,0,0,22,0.299999999999997,,
"constrained-tmlr-revision-2026-08-13","full",TRUE,12,"aligned",84,0.2,0.05,"stochastic","precomputed_exact_table","iid",202800400,202800442,100,25000,"certified","bounds-met",TRUE,22,22,17,17,17,0,17,0,TRUE,0.832211549419531,0.167788450580469,0.167788450580474,TRUE,TRUE,TRUE,0.167788450580469,0.183668604351838,0.0286276341872007,7,7,24,0,0,,,,,0,46,34,22,0,0,22,0.25,,
"constrained-tmlr-revision-2026-08-13","full",TRUE,12,"aligned",85,0.01,0.05,"exact","precomputed_exact_table","exact",202800500,202800511,,25000,"certified","bounds-met",TRUE,79,79,113,113,113,0,113,0,TRUE,0.990478835624613,0.00952116437538708,0.00952116437539011,TRUE,TRUE,TRUE,0.00952116437538708,0.00956678043717482,0.00402029389090831,26,26,24,0,0,,,,,0,103,72,79,0,0,79,2.69,,
"constrained-tmlr-revision-2026-08-13","full",TRUE,12,"aligned",85,0.01,0.05,"stochastic","precomputed_exact_table","iid",202800500,202800512,100,25000,"certified","bounds-met",TRUE,79,79,113,113,113,0,113,0,TRUE,0.990478835624613,0.00952116437538708,0.00952116437539045,TRUE,TRUE,TRUE,0.00952116437538708,0.00956678043717482,0.00402029389090831,26,26,24,0,0,,,,,0,103,72,79,0,0,79,2.15,,
"constrained-tmlr-revision-2026-08-13","full",TRUE,12,"aligned",85,0.05,0.05,"exact","precomputed_exact_table","exact",202800500,202800521,,25000,"certified","bounds-met",TRUE,55,55,55,55,55,0,55,0,TRUE,0.950230354328069,0.0497696456719308,0.0497696456719335,TRUE,TRUE,TRUE,0.0497696456719308,0.0510508455405747,0.0200003154036606,18,18,24,0,0,,,,,0,79,56,55,0,0,55,1.21,,
"constrained-tmlr-revision-2026-08-13","full",TRUE,12,"aligned",85,0.05,0.05,"stochastic","precomputed_exact_table","iid",202800500,202800522,100,25000,"certified","bounds-met",TRUE,55,55,55,55,55,0,55,0,TRUE,0.950230354328069,0.0497696456719308,0.0497696456719345,TRUE,TRUE,TRUE,0.0497696456719308,0.0510508455405747,0.0200003154036606,18,18,24,0,0,,,,,0,79,56,55,0,0,55,1.5,,
"constrained-tmlr-revision-2026-08-13","full",TRUE,12,"aligned",85,0.1,0.05,"exact","precomputed_exact_table","exact",202800500,202800531,,25000,"certified","bounds-met",TRUE,43,43,36,36,36,0,36,0,TRUE,0.903910432080959,0.0960895679190412,0.0960895679190442,TRUE,TRUE,TRUE,0.0960895679190412,0.101025003055126,0.0408344450480679,14,14,24,0,0,,,,,0,67,48,43,0,0,43,0.81,,
"constrained-tmlr-revision-2026-08-13","full",TRUE,12,"aligned",85,0.1,0.05,"stochastic","precomputed_exact_table","iid",202800500,202800532,100,25000,"certified","bounds-met",TRUE,43,43,36,36,36,0,36,0,TRUE,0.903910432080959,0.0960895679190412,0.0960895679190462,TRUE,TRUE,TRUE,0.0960895679190412,0.101025003055126,0.0408344450480679,14,14,24,0,0,,,,,0,67,48,43,0,0,43,0.66,,
"constrained-tmlr-revision-2026-08-13","full",TRUE,12,"aligned",85,0.2,0.05,"exact","precomputed_exact_table","exact",202800500,202800541,,25000,"certified","bounds-met",TRUE,16,16,9,9,9,0,9,0,TRUE,0.801668477071308,0.198331522928692,0.198331522928695,TRUE,TRUE,TRUE,0.198331522928692,0.221060126811927,0.0449161782227097,5,5,24,0,0,,,,,0,40,30,16,0,0,16,0.199999999999999,,
"constrained-tmlr-revision-2026-08-13","full",TRUE,12,"aligned",85,0.2,0.05,"stochastic","precomputed_exact_table","iid",202800500,202800542,100,25000,"certified","bounds-met",TRUE,16,16,9,9,9,0,9,0,TRUE,0.801668477071308,0.198331522928692,0.198331522928701,TRUE,TRUE,TRUE,0.198331522928692,0.221060126811927,0.0449161782227097,5,5,24,0,0,,,,,0,40,30,16,0,0,16,0.16,,
"constrained-tmlr-revision-2026-08-13","full",TRUE,12,"aligned",86,0.01,0.05,"exact","precomputed_exact_table","exact",202800600,202800611,,25000,"certified","bounds-met",TRUE,73,73,107,107,107,0,107,0,TRUE,0.99012916457409,0.00987083542590983,0.00987083542590975,TRUE,TRUE,TRUE,0.00987083542590983,0.00991987509711826,0.00414866507627146,24,24,24,0,0,,,,,0,97,68,73,0,0,73,1.55,,
"constrained-tmlr-revision-2026-08-13","full",TRUE,12,"aligned",86,0.01,0.05,"stochastic","precomputed_exact_table","iid",202800600,202800612,100,25000,"certified","bounds-met",TRUE,73,73,107,107,107,0,107,0,TRUE,0.99012916457409,0.00987083542590983,0.00987083542590996,TRUE,TRUE,TRUE,0.00987083542590983,0.00991987509711826,0.00414866507627146,24,24,24,0,0,,,,,0,97,68,73,0,0,73,1.39,,
"constrained-tmlr-revision-2026-08-13","full",TRUE,12,"aligned",86,0.05,0.05,"exact","precomputed_exact_table","exact",202800600,202800621,,25000,"certified","bounds-met",TRUE,46,46,56,56,56,0,56,0,TRUE,0.967879738182583,0.032120261817417,0.032120261817417,TRUE,TRUE,TRUE,0.032120261817417,0.0326474368383539,0.0115628057355596,15,15,24,0,0,,,,,0,70,50,46,0,0,46,1.25,,
"constrained-tmlr-revision-2026-08-13","full",TRUE,12,"aligned",86,0.05,0.05,"stochastic","precomputed_exact_table","iid",202800600,202800622,100,25000,"certified","bounds-met",TRUE,46,46,56,56,56,0,56,0,TRUE,0.967879738182583,0.032120261817417,0.0321202618174177,TRUE,TRUE,TRUE,0.032120261817417,0.0326474368383539,0.0115628057355596,15,15,24,0,0,,,,,0,70,50,46,0,0,46,0.940000000000001,,
"constrained-tmlr-revision-2026-08-13","full",TRUE,12,"aligned",86,0.1,0.05,"exact","precomputed_exact_table","exact",202800600,202800631,,25000,"certified","bounds-met",TRUE,46,46,37,37,37,0,37,0,TRUE,0.912920135168426,0.0870798648315745,0.0870798648315743,TRUE,TRUE,TRUE,0.0870798648315745,0.091106877384839,0.0264496122168035,15,15,24,0,0,,,,,0,70,50,46,0,0,46,1.12,,
"constrained-tmlr-revision-2026-08-13","full",TRUE,12,"aligned",86,0.1,0.05,"stochastic","precomputed_exact_table","iid",202800600,202800632,100,25000,"certified","bounds-met",TRUE,46,46,37,37,37,0,37,0,TRUE,0.912920135168426,0.0870798648315745,0.0870798648315761,TRUE,TRUE,TRUE,0.0870798648315745,0.091106877384839,0.0264496122168035,15,15,24,0,0,,,,,0,70,50,46,0,0,46,1,,
"constrained-tmlr-revision-2026-08-13","full",TRUE,12,"aligned",86,0.2,0.05,"exact","precomputed_exact_table","exact",202800600,202800641,,25000,"certified","bounds-met",TRUE,25,25,19,19,19,0,19,0,TRUE,0.858375444884198,0.141624555115802,0.141624555115802,TRUE,TRUE,TRUE,0.141624555115802,0.152713693754904,0.0344765120467006,8,8,24,0,0,,,,,0,49,36,25,0,0,25,0.449999999999999,,
"constrained-tmlr-revision-2026-08-13","full",TRUE,12,"aligned",86,0.2,0.05,"stochastic","precomputed_exact_table","iid",202800600,202800642,100,25000,"certified","bounds-met",TRUE,25,25,19,19,19,0,19,0,TRUE,0.858375444884198,0.141624555115802,0.141624555115806,TRUE,TRUE,TRUE,0.141624555115802,0.152713693754904,0.0344765120467006,8,8,24,0,0,,,,,0,49,36,25,0,0,25,0.299999999999997,,
"constrained-tmlr-revision-2026-08-13","full",TRUE,12,"aligned",87,0.01,0.05,"exact","precomputed_exact_table","exact",202800700,202800711,,25000,"certified","bounds-met",TRUE,82,82,133,133,133,0,133,0,TRUE,0.990010465026199,0.00998953497380095,0.00998953497379917,TRUE,TRUE,TRUE,0.00998953497380095,0.0100397651758369,0.00338802048261716,27,27,24,0,0,,,,,0,106,74,82,0,0,82,2.22,,
"constrained-tmlr-revision-2026-08-13","full",TRUE,12,"aligned",87,0.01,0.05,"stochastic","precomputed_exact_table","iid",202800700,202800712,100,25000,"certified","bounds-met",TRUE,82,82,133,133,133,0,133,0,TRUE,0.990010465026199,0.00998953497380095,0.00998953497379938,TRUE,TRUE,TRUE,0.00998953497380095,0.0100397651758369,0.00338802048261716,27,27,24,0,0,,,,,0,106,74,82,0,0,82,2.05,,
"constrained-tmlr-revision-2026-08-13","full",TRUE,12,"aligned",87,0.05,0.05,"exact","precomputed_exact_table","exact",202800700,202800721,,25000,"certified","bounds-met",TRUE,46,46,55,55,55,0,55,0,TRUE,0.95272622695861,0.0472737730413902,0.0472737730413884,TRUE,TRUE,TRUE,0.0472737730413902,0.0484276915640246,0.0171557621028818,15,15,24,0,0,,,,,0,70,50,46,0,0,46,0.989999999999998,,
"constrained-tmlr-revision-2026-08-13","full",TRUE,12,"aligned",87,0.05,0.05,"stochastic","precomputed_exact_table","iid",202800700,202800722,100,25000,"certified","bounds-met",TRUE,46,46,55,55,55,0,55,0,TRUE,0.95272622695861,0.0472737730413902,0.04727377304139,TRUE,TRUE,TRUE,0.0472737730413902,0.0484276915640246,0.0171557621028818,15,15,24,0,0,,,,,0,70,50,46,0,0,46,1.35,,
"constrained-tmlr-revision-2026-08-13","full",TRUE,12,"aligned",87,0.1,0.05,"exact","precomputed_exact_table","exact",202800700,202800731,,25000,"certified","bounds-met",TRUE,46,46,37,37,37,0,37,0,TRUE,0.902832043816445,0.0971679561835553,0.0971679561835537,TRUE,TRUE,TRUE,0.0971679561835553,0.102218740853356,0.0280329166128996,15,15,24,0,0,,,,,0,70,50,46,0,0,46,0.699999999999999,,
"constrained-tmlr-revision-2026-08-13","full",TRUE,12,"aligned",87,0.1,0.05,"stochastic","precomputed_exact_table","iid",202800700,202800732,100,25000,"certified","bounds-met",TRUE,46,46,37,37,37,0,37,0,TRUE,0.902832043816445,0.0971679561835553,0.0971679561835565,TRUE,TRUE,TRUE,0.0971679561835553,0.102218740853356,0.0280329166128996,15,15,24,0,0,,,,,0,70,50,46,0,0,46,0.77,,
"constrained-tmlr-revision-2026-08-13","full",TRUE,12,"aligned",87,0.2,0.05,"exact","precomputed_exact_table","exact",202800700,202800741,,25000,"certified","bounds-met",TRUE,37,37,18,18,18,0,18,0,TRUE,0.805772403607037,0.194227596392963,0.194227596392962,TRUE,TRUE,TRUE,0.194227596392963,0.21595395401035,0.0574220080514194,12,12,24,0,0,,,,,0,61,44,37,0,0,37,0.530000000000001,,
"constrained-tmlr-revision-2026-08-13","full",TRUE,12,"aligned",87,0.2,0.05,"stochastic","precomputed_exact_table","iid",202800700,202800742,100,25000,"certified","bounds-met",TRUE,37,37,18,18,18,0,18,0,TRUE,0.805772403607037,0.194227596392963,0.194227596392967,TRUE,TRUE,TRUE,0.194227596392963,0.21595395401035,0.0574220080514194,12,12,24,0,0,,,,,0,61,44,37,0,0,37,0.52,,
"constrained-tmlr-revision-2026-08-13","full",TRUE,12,"aligned",88,0.01,0.05,"exact","precomputed_exact_table","exact",202800800,202800811,,25000,"certified","bounds-met",TRUE,79,79,105,105,105,0,105,0,TRUE,0.990809037432135,0.00919096256786478,0.00919096256786767,TRUE,TRUE,TRUE,0.00919096256786478,0.00923346005999,0.00328469462814047,26,26,24,0,0,,,,,0,103,72,79,0,0,79,1.39,,
"constrained-tmlr-revision-2026-08-13","full",TRUE,12,"aligned",88,0.01,0.05,"stochastic","precomputed_exact_table","iid",202800800,202800812,100,25000,"certified","bounds-met",TRUE,79,79,105,105,105,0,105,0,TRUE,0.990809037432135,0.00919096256786478,0.00919096256786813,TRUE,TRUE,TRUE,0.00919096256786478,0.00923346005999,0.00328469462814047,26,26,24,0,0,,,,,0,103,72,79,0,0,79,1.27,,
"constrained-tmlr-revision-2026-08-13","full",TRUE,12,"aligned",88,0.05,0.05,"exact","precomputed_exact_table","exact",202800800,202800821,,25000,"certified","bounds-met",TRUE,43,43,46,46,46,0,46,0,TRUE,0.952785459324649,0.0472145406753515,0.0472145406753541,TRUE,TRUE,TRUE,0.0472145406753515,0.0483655220517784,0.017815337452336,14,14,24,0,0,,,,,0,67,48,43,0,0,43,1.12,,
"constrained-tmlr-revision-2026-08-13","full",TRUE,12,"aligned",88,0.05,0.05,"stochastic","precomputed_exact_table","iid",202800800,202800822,100,25000,"certified","bounds-met",TRUE,43,43,46,46,46,0,46,0,TRUE,0.952785459324649,0.0472145406753515,0.0472145406753571,TRUE,TRUE,TRUE,0.0472145406753515,0.0483655220517784,0.017815337452336,14,14,24,0,0,,,,,0,67,48,43,0,0,43,1.26,,
"constrained-tmlr-revision-2026-08-13","full",TRUE,12,"aligned",88,0.1,0.05,"exact","precomputed_exact_table","exact",202800800,202800831,,25000,"certified","bounds-met",TRUE,40,40,28,28,28,0,28,0,TRUE,0.900350348799039,0.0996496512009609,0.099649651200964,TRUE,TRUE,TRUE,0.0996496512009609,0.104971314962867,0.0313637580220254,13,13,24,0,0,,,,,0,64,46,40,0,0,40,0.770000000000001,,
"constrained-tmlr-revision-2026-08-13","full",TRUE,12,"aligned",88,0.1,0.05,"stochastic","precomputed_exact_table","iid",202800800,202800832,100,25000,"certified","bounds-met",TRUE,40,40,28,28,28,0,28,0,TRUE,0.900350348799039,0.0996496512009609,0.0996496512009689,TRUE,TRUE,TRUE,0.0996496512009609,0.104971314962867,0.0313637580220254,13,13,24,0,0,,,,,0,64,46,40,0,0,40,0.66,,
"constrained-tmlr-revision-2026-08-13","full",TRUE,12,"aligned",88,0.2,0.05,"exact","precomputed_exact_table","exact",202800800,202800841,,25000,"certified","bounds-met",TRUE,37,37,18,18,18,0,18,0,TRUE,0.826038567202941,0.173961432797059,0.173961432797061,TRUE,TRUE,TRUE,0.173961432797059,0.19111381502219,0.0477894583585519,12,12,24,0,0,,,,,0,61,44,37,0,0,37,0.49,,
"constrained-tmlr-revision-2026-08-13","full",TRUE,12,"aligned",88,0.2,0.05,"stochastic","precomputed_exact_table","iid",202800800,202800842,100,25000,"certified","bounds-met",TRUE,37,37,18,18,18,0,18,0,TRUE,0.826038567202941,0.173961432797059,0.173961432797069,TRUE,TRUE,TRUE,0.173961432797059,0.19111381502219,0.0477894583585519,12,12,24,0,0,,,,,0,61,44,37,0,0,37,0.57,,
"constrained-tmlr-revision-2026-08-13","full",TRUE,12,"aligned",89,0.01,0.05,"exact","precomputed_exact_table","exact",202800900,202800911,,25000,"certified","bounds-met",TRUE,88,88,137,137,137,0,137,0,TRUE,0.990316986800657,0.00968301319934273,0.00968301319934593,TRUE,TRUE,TRUE,0.00968301319934273,0.00973019841542728,0.00349396144495982,29,29,24,0,0,,,,,0,112,78,88,0,0,88,1.88,,
"constrained-tmlr-revision-2026-08-13","full",TRUE,12,"aligned",89,0.01,0.05,"stochastic","precomputed_exact_table","iid",202800900,202800912,100,25000,"certified","bounds-met",TRUE,88,88,137,137,137,0,137,0,TRUE,0.990316986800657,0.00968301319934273,0.00968301319934628,TRUE,TRUE,TRUE,0.00968301319934273,0.00973019841542728,0.00349396144495982,29,29,24,0,0,,,,,0,112,78,88,0,0,88,1.72,,
"constrained-tmlr-revision-2026-08-13","full",TRUE,12,"aligned",89,0.05,0.05,"exact","precomputed_exact_table","exact",202800900,202800921,,25000,"certified","bounds-met",TRUE,73,73,76,76,76,0,76,0,TRUE,0.953242317241768,0.0467576827582316,0.0467576827582342,TRUE,TRUE,TRUE,0.0467576827582316,0.0478861398187534,0.0182889226407431,24,24,24,0,0,,,,,0,97,68,73,0,0,73,2.21,,
"constrained-tmlr-revision-2026-08-13","full",TRUE,12,"aligned",89,0.05,0.05,"stochastic","precomputed_exact_table","iid",202800900,202800922,100,25000,"certified","bounds-met",TRUE,73,73,76,76,76,0,76,0,TRUE,0.953242317241768,0.0467576827582316,0.0467576827582362,TRUE,TRUE,TRUE,0.0467576827582316,0.0478861398187534,0.0182889226407431,24,24,24,0,0,,,,,0,97,68,73,0,0,73,2.08,,
"constrained-tmlr-revision-2026-08-13","full",TRUE,12,"aligned",89,0.1,0.05,"exact","precomputed_exact_table","exact",202800900,202800931,,25000,"certified","bounds-met",TRUE,52,52,47,47,47,0,47,0,TRUE,0.914343011442903,0.0856569885570972,0.0856569885571004,TRUE,TRUE,TRUE,0.0856569885570972,0.0895494918876173,0.0289345820019843,17,17,24,0,0,,,,,0,76,54,52,0,0,52,0.939999999999998,,
"constrained-tmlr-revision-2026-08-13","full",TRUE,12,"aligned",89,0.1,0.05,"stochastic","precomputed_exact_table","iid",202800900,202800932,100,25000,"certified","bounds-met",TRUE,52,52,47,47,47,0,47,0,TRUE,0.914343011442903,0.0856569885570972,0.0856569885571034,TRUE,TRUE,TRUE,0.0856569885570972,0.0895494918876173,0.0289345820019843,17,17,24,0,0,,,,,0,76,54,52,0,0,52,0.809999999999999,,
"constrained-tmlr-revision-2026-08-13","full",TRUE,12,"aligned",89,0.2,0.05,"exact","precomputed_exact_table","exact",202800900,202800941,,25000,"certified","bounds-met",TRUE,25,25,19,19,19,0,19,0,TRUE,0.835022362525804,0.164977637474196,0.164977637474199,TRUE,TRUE,TRUE,0.164977637474196,0.18029677302187,0.0398278994610704,8,8,24,0,0,,,,,0,49,36,25,0,0,25,0.259999999999998,,
"constrained-tmlr-revision-2026-08-13","full",TRUE,12,"aligned",89,0.2,0.05,"stochastic","precomputed_exact_table","iid",202800900,202800942,100,25000,"certified","bounds-met",TRUE,25,25,19,19,19,0,19,0,TRUE,0.835022362525804,0.164977637474196,0.164977637474207,TRUE,TRUE,TRUE,0.164977637474196,0.18029677302187,0.0398278994610704,8,8,24,0,0,,,,,0,49,36,25,0,0,25,0.200000000000003,,
"constrained-tmlr-revision-2026-08-13","full",TRUE,12,"aligned",90,0.01,0.05,"exact","precomputed_exact_table","exact",202801000,202801011,,25000,"certified","bounds-met",TRUE,73,73,129,129,129,0,129,0,TRUE,0.990090330207734,0.00990966979226615,0.00990966979226296,TRUE,TRUE,TRUE,0.00990966979226615,0.00995909738178279,0.00475501567336486,24,24,24,0,0,,,,,0,97,67,73,0,0,73,2.13,,
"constrained-tmlr-revision-2026-08-13","full",TRUE,12,"aligned",90,0.01,0.05,"stochastic","precomputed_exact_table","iid",202801000,202801012,100,25000,"certified","bounds-met",TRUE,73,73,129,129,129,0,129,0,TRUE,0.990090330207734,0.00990966979226615,0.00990966979226338,TRUE,TRUE,TRUE,0.00990966979226615,0.00995909738178279,0.00475501567336486,24,24,24,0,0,,,,,0,97,67,73,0,0,73,1.81,,
"constrained-tmlr-revision-2026-08-13","full",TRUE,12,"aligned",90,0.05,0.05,"exact","precomputed_exact_table","exact",202801000,202801021,,25000,"certified","bounds-met",TRUE,49,49,56,56,56,0,56,0,TRUE,0.961110949932247,0.0388890500677527,0.0388890500677495,TRUE,TRUE,TRUE,0.0388890500677527,0.0396654240929974,0.0171302987712864,16,16,24,0,0,,,,,0,73,52,49,0,0,49,0.84,,
"constrained-tmlr-revision-2026-08-13","full",TRUE,12,"aligned",90,0.05,0.05,"stochastic","precomputed_exact_table","iid",202801000,202801022,100,25000,"certified","bounds-met",TRUE,49,49,56,56,56,0,56,0,TRUE,0.961110949932247,0.0388890500677527,0.0388890500677511,TRUE,TRUE,TRUE,0.0388890500677527,0.0396654240929974,0.0171302987712864,16,16,24,0,0,,,,,0,73,52,49,0,0,49,1.06,,
"constrained-tmlr-revision-2026-08-13","full",TRUE,12,"aligned",90,0.1,0.05,"exact","precomputed_exact_table","exact",202801000,202801031,,25000,"certified","bounds-met",TRUE,40,40,37,37,37,0,37,0,TRUE,0.916077025779503,0.0839229742204974,0.0839229742204947,TRUE,TRUE,TRUE,0.0839229742204974,0.0876548285643791,0.016054678166954,13,13,24,0,0,,,,,0,64,46,40,0,0,40,0.819999999999999,,
"constrained-tmlr-revision-2026-08-13","full",TRUE,12,"aligned",90,0.1,0.05,"stochastic","precomputed_exact_table","iid",202801000,202801032,100,25000,"certified","bounds-met",TRUE,40,40,37,37,37,0,37,0,TRUE,0.916077025779503,0.0839229742204974,0.0839229742204982,TRUE,TRUE,TRUE,0.0839229742204974,0.0876548285643791,0.016054678166954,13,13,24,0,0,,,,,0,64,46,40,0,0,40,0.720000000000001,,
"constrained-tmlr-revision-2026-08-13","full",TRUE,12,"aligned",90,0.2,0.05,"exact","precomputed_exact_table","exact",202801000,202801041,,25000,"certified","bounds-met",TRUE,28,28,17,17,17,0,17,0,TRUE,0.804603782454595,0.195396217545405,0.195396217545403,TRUE,TRUE,TRUE,0.195396217545405,0.21740531844022,0.0592911256387865,9,9,24,0,0,,,,,0,52,37,28,0,0,28,0.559999999999999,,
"constrained-tmlr-revision-2026-08-13","full",TRUE,12,"aligned",90,0.2,0.05,"stochastic","precomputed_exact_table","iid",202801000,202801042,100,25000,"certified","bounds-met",TRUE,28,28,17,17,17,0,17,0,TRUE,0.804603782454595,0.195396217545405,0.195396217545409,TRUE,TRUE,TRUE,0.195396217545405,0.21740531844022,0.0592911256387865,9,9,24,0,0,,,,,0,52,37,28,0,0,28,0.390000000000001,,
"constrained-tmlr-revision-2026-08-13","full",TRUE,12,"aligned",91,0.01,0.05,"exact","precomputed_exact_table","exact",202801100,202801111,,25000,"certified","bounds-met",TRUE,76,76,93,93,93,0,93,0,TRUE,0.99014175945274,0.00985824054726048,0.00985824054725858,TRUE,TRUE,TRUE,0.00985824054726048,0.00990715473800304,0.00351322992343452,25,25,24,0,0,,,,,0,100,70,76,0,0,76,1.8,,
"constrained-tmlr-revision-2026-08-13","full",TRUE,12,"aligned",91,0.01,0.05,"stochastic","precomputed_exact_table","iid",202801100,202801112,100,25000,"certified","bounds-met",TRUE,76,76,93,93,93,0,93,0,TRUE,0.99014175945274,0.00985824054726048,0.00985824054725908,TRUE,TRUE,TRUE,0.00985824054726048,0.00990715473800304,0.00351322992343452,25,25,24,0,0,,,,,0,100,70,76,0,0,76,2.08,,
"constrained-tmlr-revision-2026-08-13","full",TRUE,12,"aligned",91,0.05,0.05,"exact","precomputed_exact_table","exact",202801100,202801121,,25000,"certified","bounds-met",TRUE,46,46,46,46,46,0,46,0,TRUE,0.955304421868095,0.0446955781319053,0.0446955781319035,TRUE,TRUE,TRUE,0.0446955781319053,0.0457252229425809,0.0216930155604217,15,15,24,0,0,,,,,0,70,50,46,0,0,46,1.11,,
"constrained-tmlr-revision-2026-08-13","full",TRUE,12,"aligned",91,0.05,0.05,"stochastic","precomputed_exact_table","iid",202801100,202801122,100,25000,"certified","bounds-met",TRUE,46,46,46,46,46,0,46,0,TRUE,0.955304421868095,0.0446955781319053,0.0446955781319057,TRUE,TRUE,TRUE,0.0446955781319053,0.0457252229425809,0.0216930155604217,15,15,24,0,0,,,,,0,70,50,46,0,0,46,0.66,,
"constrained-tmlr-revision-2026-08-13","full",TRUE,12,"aligned",91,0.1,0.05,"exact","precomputed_exact_table","exact",202801100,202801131,,25000,"certified","bounds-met",TRUE,40,40,36,36,36,0,36,0,TRUE,0.922015414837611,0.077984585162389,0.0779845851623872,TRUE,TRUE,TRUE,0.077984585162389,0.0811933366524925,0.0216930155604217,13,13,24,0,0,,,,,0,64,46,40,0,0,40,0.51,,
"constrained-tmlr-revision-2026-08-13","full",TRUE,12,"aligned",91,0.1,0.05,"stochastic","precomputed_exact_table","iid",202801100,202801132,100,25000,"certified","bounds-met",TRUE,40,40,36,36,36,0,36,0,TRUE,0.922015414837611,0.077984585162389,0.0779845851623905,TRUE,TRUE,TRUE,0.077984585162389,0.0811933366524925,0.0216930155604217,13,13,24,0,0,,,,,0,64,46,40,0,0,40,0.779999999999999,,
"constrained-tmlr-revision-2026-08-13","full",TRUE,12,"aligned",91,0.2,0.05,"exact","precomputed_exact_table","exact",202801100,202801141,,25000,"certified","bounds-met",TRUE,16,16,9,9,9,0,9,0,TRUE,0.830133978144638,0.169866021855362,0.16986602185536,TRUE,TRUE,TRUE,0.169866021855362,0.18616817176684,0.0387026183074544,5,5,24,0,0,,,,,0,40,30,16,0,0,16,0.200000000000003,,
"constrained-tmlr-revision-2026-08-13","full",TRUE,12,"aligned",91,0.2,0.05,"stochastic","precomputed_exact_table","iid",202801100,202801142,100,25000,"certified","bounds-met",TRUE,16,16,9,9,9,0,9,0,TRUE,0.830133978144638,0.169866021855362,0.169866021855368,TRUE,TRUE,TRUE,0.169866021855362,0.18616817176684,0.0387026183074544,5,5,24,0,0,,,,,0,40,30,16,0,0,16,0.150000000000002,,
"constrained-tmlr-revision-2026-08-13","full",TRUE,12,"aligned",92,0.01,0.05,"exact","precomputed_exact_table","exact",202801200,202801211,,25000,"certified","bounds-met",TRUE,70,70,92,92,92,0,92,0,TRUE,0.99015081914262,0.0098491808573804,0.00984918085737735,TRUE,TRUE,TRUE,0.0098491808573804,0.00989800488814947,0.00325136809147704,23,23,24,0,0,,,,,0,94,65,70,0,0,70,1.39,,
"constrained-tmlr-revision-2026-08-13","full",TRUE,12,"aligned",92,0.01,0.05,"stochastic","precomputed_exact_table","iid",202801200,202801212,100,25000,"certified","bounds-met",TRUE,70,70,92,92,92,0,92,0,TRUE,0.99015081914262,0.0098491808573804,0.00984918085737784,TRUE,TRUE,TRUE,0.0098491808573804,0.00989800488814947,0.00325136809147704,23,23,24,0,0,,,,,0,94,65,70,0,0,70,2.1,,
"constrained-tmlr-revision-2026-08-13","full",TRUE,12,"aligned",92,0.05,0.05,"exact","precomputed_exact_table","exact",202801200,202801221,,25000,"certified","bounds-met",TRUE,46,46,46,46,46,0,46,0,TRUE,0.956920920494865,0.0430790795051353,0.0430790795051322,TRUE,TRUE,TRUE,0.0430790795051353,0.0440345236551936,0.0189088206333155,15,15,24,0,0,,,,,0,70,50,46,0,0,46,1.44,,
"constrained-tmlr-revision-2026-08-13","full",TRUE,12,"aligned",92,0.05,0.05,"stochastic","precomputed_exact_table","iid",202801200,202801222,100,25000,"certified","bounds-met",TRUE,46,46,46,46,46,0,46,0,TRUE,0.956920920494865,0.0430790795051353,0.0430790795051343,TRUE,TRUE,TRUE,0.0430790795051353,0.0440345236551936,0.0189088206333155,15,15,24,0,0,,,,,0,70,50,46,0,0,46,1.58,,
"constrained-tmlr-revision-2026-08-13","full",TRUE,12,"aligned",92,0.1,0.05,"exact","precomputed_exact_table","exact",202801200,202801231,,25000,"certified","bounds-met",TRUE,40,40,28,28,28,0,28,0,TRUE,0.906153777549118,0.0938462224508818,0.093846222450879,TRUE,TRUE,TRUE,0.0938462224508818,0.0985462549479006,0.0223832866999121,13,13,24,0,0,,,,,0,64,46,40,0,0,40,0.700000000000001,,
"constrained-tmlr-revision-2026-08-13","full",TRUE,12,"aligned",92,0.1,0.05,"stochastic","precomputed_exact_table","iid",202801200,202801232,100,25000,"certified","bounds-met",TRUE,40,40,28,28,28,0,28,0,TRUE,0.906153777549118,0.0938462224508818,0.093846222450883,TRUE,TRUE,TRUE,0.0938462224508818,0.0985462549479006,0.0223832866999121,13,13,24,0,0,,,,,0,64,46,40,0,0,40,0.530000000000001,,
"constrained-tmlr-revision-2026-08-13","full",TRUE,12,"aligned",92,0.2,0.05,"exact","precomputed_exact_table","exact",202801200,202801241,,25000,"certified","bounds-met",TRUE,16,16,9,9,9,0,9,0,TRUE,0.833547897652176,0.166452102347824,0.166452102347822,TRUE,TRUE,TRUE,0.166452102347824,0.182064112752904,0.0350049266913554,5,5,24,0,0,,,,,0,40,30,16,0,0,16,0.239999999999998,,
"constrained-tmlr-revision-2026-08-13","full",TRUE,12,"aligned",92,0.2,0.05,"stochastic","precomputed_exact_table","iid",202801200,202801242,100,25000,"certified","bounds-met",TRUE,16,16,9,9,9,0,9,0,TRUE,0.833547897652176,0.166452102347824,0.16645210234783,TRUE,TRUE,TRUE,0.166452102347824,0.182064112752904,0.0350049266913554,5,5,24,0,0,,,,,0,40,30,16,0,0,16,0.16,,
"constrained-tmlr-revision-2026-08-13","full",TRUE,12,"aligned",93,0.01,0.05,"exact","precomputed_exact_table","exact",202801300,202801311,,25000,"certified","bounds-met",TRUE,85,85,93,93,93,0,93,0,TRUE,0.990618184091751,0.00938181590824905,0.00938181590825027,TRUE,TRUE,TRUE,0.00938181590824905,0.00942610235227436,0.00357101269299542,28,28,24,0,0,,,,,0,109,76,85,0,0,85,1.9,,
"constrained-tmlr-revision-2026-08-13","full",TRUE,12,"aligned",93,0.01,0.05,"stochastic","precomputed_exact_table","iid",202801300,202801312,100,25000,"certified","bounds-met",TRUE,85,85,93,93,93,0,93,0,TRUE,0.990618184091751,0.00938181590824905,0.00938181590825073,TRUE,TRUE,TRUE,0.00938181590824905,0.00942610235227436,0.00357101269299542,28,28,24,0,0,,,,,0,109,76,85,0,0,85,2.58,,
"constrained-tmlr-revision-2026-08-13","full",TRUE,12,"aligned",93,0.05,0.05,"exact","precomputed_exact_table","exact",202801300,202801321,,25000,"certified","bounds-met",TRUE,46,46,46,46,46,0,46,0,TRUE,0.956815787030972,0.0431842129690279,0.0431842129690289,TRUE,TRUE,TRUE,0.0431842129690279,0.0441443960985499,0.0192020530062936,15,15,24,0,0,,,,,0,70,50,46,0,0,46,1.18,,
"constrained-tmlr-revision-2026-08-13","full",TRUE,12,"aligned",93,0.05,0.05,"stochastic","precomputed_exact_table","iid",202801300,202801322,100,25000,"certified","bounds-met",TRUE,46,46,46,46,46,0,46,0,TRUE,0.956815787030972,0.0431842129690279,0.043184212969031,TRUE,TRUE,TRUE,0.0431842129690279,0.0441443960985499,0.0192020530062936,15,15,24,0,0,,,,,0,70,50,46,0,0,46,0.75,,
"constrained-tmlr-revision-2026-08-13","full",TRUE,12,"aligned",93,0.1,0.05,"exact","precomputed_exact_table","exact",202801300,202801331,,25000,"certified","bounds-met",TRUE,52,52,36,36,36,0,36,0,TRUE,0.928717642848371,0.0712823571516293,0.0712823571516306,TRUE,TRUE,TRUE,0.0712823571516293,0.0739505230204727,0.0197085747820781,17,17,24,0,0,,,,,0,76,54,52,0,0,52,0.84,,
"constrained-tmlr-revision-2026-08-13","full",TRUE,12,"aligned",93,0.1,0.05,"stochastic","precomputed_exact_table","iid",202801300,202801332,100,25000,"certified","bounds-met",TRUE,52,52,36,36,36,0,36,0,TRUE,0.928717642848371,0.0712823571516293,0.0712823571516342,TRUE,TRUE,TRUE,0.0712823571516293,0.0739505230204727,0.0197085747820781,17,17,24,0,0,,,,,0,76,54,52,0,0,52,0.77,,
"constrained-tmlr-revision-2026-08-13","full",TRUE,12,"aligned",93,0.2,0.05,"exact","precomputed_exact_table","exact",202801300,202801341,,25000,"certified","bounds-met",TRUE,16,16,9,9,9,0,9,0,TRUE,0.825449627409659,0.174550372590341,0.174550372590341,TRUE,TRUE,TRUE,0.174550372590341,0.191827038186811,0.0498883413193599,5,5,24,0,0,,,,,0,40,30,16,0,0,16,0.170000000000002,,
"constrained-tmlr-revision-2026-08-13","full",TRUE,12,"aligned",93,0.2,0.05,"stochastic","precomputed_exact_table","iid",202801300,202801342,100,25000,"certified","bounds-met",TRUE,16,16,9,9,9,0,9,0,TRUE,0.825449627409659,0.174550372590341,0.17455037259035,TRUE,TRUE,TRUE,0.174550372590341,0.191827038186811,0.0498883413193599,5,5,24,0,0,,,,,0,40,30,16,0,0,16,0.16,,
"constrained-tmlr-revision-2026-08-13","full",TRUE,12,"aligned",94,0.01,0.05,"exact","precomputed_exact_table","exact",202801400,202801411,,25000,"certified","bounds-met",TRUE,85,85,112,112,112,0,112,0,TRUE,0.990316625012146,0.00968337498785388,0.00968337498785146,TRUE,TRUE,TRUE,0.00968337498785388,0.00973056374146133,0.00346021211156029,28,28,24,0,0,,,,,0,109,75,85,0,0,85,2.83,,
"constrained-tmlr-revision-2026-08-13","full",TRUE,12,"aligned",94,0.01,0.05,"stochastic","precomputed_exact_table","iid",202801400,202801412,100,25000,"certified","bounds-met",TRUE,85,85,112,112,112,0,112,0,TRUE,0.990316625012146,0.00968337498785388,0.00968337498785188,TRUE,TRUE,TRUE,0.00968337498785388,0.00973056374146133,0.00346021211156029,28,28,24,0,0,,,,,0,109,75,85,0,0,85,2.57,,
"constrained-tmlr-revision-2026-08-13","full",TRUE,12,"aligned",94,0.05,0.05,"exact","precomputed_exact_table","exact",202801400,202801421,,25000,"certified","bounds-met",TRUE,46,46,47,47,47,0,47,0,TRUE,0.950077296819135,0.0499227031808646,0.0499227031808619,TRUE,TRUE,TRUE,0.0499227031808646,0.0512119326247344,0.018130427040454,15,15,24,0,0,,,,,0,70,50,46,0,0,46,0.809999999999999,,
"constrained-tmlr-revision-2026-08-13","full",TRUE,12,"aligned",94,0.05,0.05,"stochastic","precomputed_exact_table","iid",202801400,202801422,100,25000,"certified","bounds-met",TRUE,46,46,47,47,47,0,47,0,TRUE,0.950077296819135,0.0499227031808646,0.0499227031808647,TRUE,TRUE,TRUE,0.0499227031808646,0.0512119326247344,0.018130427040454,15,15,24,0,0,,,,,0,70,50,46,0,0,46,0.859999999999999,,
"constrained-tmlr-revision-2026-08-13","full",TRUE,12,"aligned",94,0.1,0.05,"exact","precomputed_exact_table","exact",202801400,202801431,,25000,"certified","bounds-met",TRUE,37,37,28,28,28,0,28,0,TRUE,0.900611995702379,0.0993880042976211,0.0993880042976187,TRUE,TRUE,TRUE,0.0993880042976211,0.104680751524959,0.0189231139645581,12,12,24,0,0,,,,,0,61,44,37,0,0,37,0.640000000000001,,
"constrained-tmlr-revision-2026-08-13","full",TRUE,12,"aligned",94,0.1,0.05,"stochastic","precomputed_exact_table","iid",202801400,202801432,100,25000,"certified","bounds-met",TRUE,37,37,28,28,28,0,28,0,TRUE,0.900611995702379,0.0993880042976211,0.0993880042976237,TRUE,TRUE,TRUE,0.0993880042976211,0.104680751524959,0.0189231139645581,12,12,24,0,0,,,,,0,61,44,37,0,0,37,0.440000000000001,,
"constrained-tmlr-revision-2026-08-13","full",TRUE,12,"aligned",94,0.2,0.05,"exact","precomputed_exact_table","exact",202801400,202801441,,25000,"certified","bounds-met",TRUE,16,16,9,9,9,0,9,0,TRUE,0.806246987468619,0.193753012531381,0.193753012531378,TRUE,TRUE,TRUE,0.193753012531381,0.215365147352166,0.0571745642823135,5,5,24,0,0,,,,,0,40,30,16,0,0,16,0.139999999999997,,
"constrained-tmlr-revision-2026-08-13","full",TRUE,12,"aligned",94,0.2,0.05,"stochastic","precomputed_exact_table","iid",202801400,202801442,100,25000,"certified","bounds-met",TRUE,16,16,9,9,9,0,9,0,TRUE,0.806246987468619,0.193753012531381,0.193753012531389,TRUE,TRUE,TRUE,0.193753012531381,0.215365147352166,0.0571745642823135,5,5,24,0,0,,,,,0,40,30,16,0,0,16,0.110000000000003,,
"constrained-tmlr-revision-2026-08-13","full",TRUE,12,"aligned",95,0.01,0.05,"exact","precomputed_exact_table","exact",202801500,202801511,,25000,"certified","bounds-met",TRUE,67,67,113,113,113,0,113,0,TRUE,0.990039247583204,0.00996075241679639,0.00996075241679889,TRUE,TRUE,TRUE,0.00996075241679639,0.010010692615867,0.00469675574307227,22,22,24,0,0,,,,,0,91,64,67,0,0,67,2.42,,
"constrained-tmlr-revision-2026-08-13","full",TRUE,12,"aligned",95,0.01,0.05,"stochastic","precomputed_exact_table","iid",202801500,202801512,100,25000,"certified","bounds-met",TRUE,67,67,113,113,113,0,113,0,TRUE,0.990039247583204,0.00996075241679639,0.00996075241679917,TRUE,TRUE,TRUE,0.00996075241679639,0.010010692615867,0.00469675574307227,22,22,24,0,0,,,,,0,91,64,67,0,0,67,1.27,,
"constrained-tmlr-revision-2026-08-13","full",TRUE,12,"aligned",95,0.05,0.05,"exact","precomputed_exact_table","exact",202801500,202801521,,25000,"certified","bounds-met",TRUE,46,46,56,56,56,0,56,0,TRUE,0.956231144710904,0.0437688552890962,0.0437688552890988,TRUE,TRUE,TRUE,0.0437688552890962,0.0447556119851745,0.021361334342267,15,15,24,0,0,,,,,0,70,50,46,0,0,46,1.11,,
"constrained-tmlr-revision-2026-08-13","full",TRUE,12,"aligned",95,0.05,0.05,"stochastic","precomputed_exact_table","iid",202801500,202801522,100,25000,"certified","bounds-met",TRUE,46,46,56,56,56,0,56,0,TRUE,0.956231144710904,0.0437688552890962,0.0437688552890997,TRUE,TRUE,TRUE,0.0437688552890962,0.0447556119851745,0.021361334342267,15,15,24,0,0,,,,,0,70,50,46,0,0,46,0.719999999999999,,
"constrained-tmlr-revision-2026-08-13","full",TRUE,12,"aligned",95,0.1,0.05,"exact","precomputed_exact_table","exact",202801500,202801531,,25000,"certified","bounds-met",TRUE,37,37,36,36,36,0,36,0,TRUE,0.910265552681955,0.0897344473180448,0.0897344473180465,TRUE,TRUE,TRUE,0.0897344473180448,0.0940189059072711,0.030846889108413,12,12,24,0,0,,,,,0,61,44,37,0,0,37,0.57,,
"constrained-tmlr-revision-2026-08-13","full",TRUE,12,"aligned",95,0.1,0.05,"stochastic","precomputed_exact_table","iid",202801500,202801532,100,25000,"certified","bounds-met",TRUE,37,37,36,36,36,0,36,0,TRUE,0.910265552681955,0.0897344473180448,0.0897344473180503,TRUE,TRUE,TRUE,0.0897344473180448,0.0940189059072711,0.030846889108413,12,12,24,0,0,,,,,0,61,44,37,0,0,37,0.67,,
"constrained-tmlr-revision-2026-08-13","full",TRUE,12,"aligned",95,0.2,0.05,"exact","precomputed_exact_table","exact",202801500,202801541,,25000,"certified","bounds-met",TRUE,22,22,18,18,18,0,18,0,TRUE,0.854297841522835,0.145702158477165,0.145702158477167,TRUE,TRUE,TRUE,0.145702158477165,0.157475385431016,0.0451808321860606,7,7,24,0,0,,,,,0,46,34,22,0,0,22,0.27,,
"constrained-tmlr-revision-2026-08-13","full",TRUE,12,"aligned",95,0.2,0.05,"stochastic","precomputed_exact_table","iid",202801500,202801542,100,25000,"certified","bounds-met",TRUE,22,22,18,18,18,0,18,0,TRUE,0.854297841522835,0.145702158477165,0.145702158477173,TRUE,TRUE,TRUE,0.145702158477165,0.157475385431016,0.0451808321860606,7,7,24,0,0,,,,,0,46,34,22,0,0,22,0.279999999999998,,
"constrained-tmlr-revision-2026-08-13","full",TRUE,12,"aligned",96,0.01,0.05,"exact","precomputed_exact_table","exact",202801600,202801611,,25000,"certified","bounds-met",TRUE,73,73,93,93,93,0,93,0,TRUE,0.990995472425326,0.00900452757467363,0.00900452757467039,TRUE,TRUE,TRUE,0.00900452757467363,0.00904531335549539,0.00291546219764014,24,24,24,0,0,,,,,0,97,68,73,0,0,73,1.69,,
"constrained-tmlr-revision-2026-08-13","full",TRUE,12,"aligned",96,0.01,0.05,"stochastic","precomputed_exact_table","iid",202801600,202801612,100,25000,"certified","bounds-met",TRUE,73,73,93,93,93,0,93,0,TRUE,0.990995472425326,0.00900452757467363,0.00900452757467077,TRUE,TRUE,TRUE,0.00900452757467363,0.00904531335549539,0.00291546219764014,24,24,24,0,0,,,,,0,97,68,73,0,0,73,2.78,,
"constrained-tmlr-revision-2026-08-13","full",TRUE,12,"aligned",96,0.05,0.05,"exact","precomputed_exact_table","exact",202801600,202801621,,25000,"certified","bounds-met",TRUE,46,46,46,46,46,0,46,0,TRUE,0.960439567161061,0.0395604328389391,0.0395604328389357,TRUE,TRUE,TRUE,0.0395604328389391,0.0403642168570017,0.0153188671864158,15,15,24,0,0,,,,,0,70,50,46,0,0,46,1.19,,
"constrained-tmlr-revision-2026-08-13","full",TRUE,12,"aligned",96,0.05,0.05,"stochastic","precomputed_exact_table","iid",202801600,202801622,100,25000,"certified","bounds-met",TRUE,46,46,46,46,46,0,46,0,TRUE,0.960439567161061,0.0395604328389391,0.0395604328389377,TRUE,TRUE,TRUE,0.0395604328389391,0.0403642168570017,0.0153188671864158,15,15,24,0,0,,,,,0,70,50,46,0,0,46,0.979999999999999,,
"constrained-tmlr-revision-2026-08-13","full",TRUE,12,"aligned",96,0.1,0.05,"exact","precomputed_exact_table","exact",202801600,202801631,,25000,"certified","bounds-met",TRUE,43,43,36,36,36,0,36,0,TRUE,0.925069968296483,0.0749300317035166,0.0749300317035132,TRUE,TRUE,TRUE,0.0749300317035166,0.0778859029287748,0.0215667016030282,14,14,24,0,0,,,,,0,67,48,43,0,0,43,0.749999999999998,,
"constrained-tmlr-revision-2026-08-13","full",TRUE,12,"aligned",96,0.1,0.05,"stochastic","precomputed_exact_table","iid",202801600,202801632,100,25000,"certified","bounds-met",TRUE,43,43,36,36,36,0,36,0,TRUE,0.925069968296483,0.0749300317035166,0.0749300317035159,TRUE,TRUE,TRUE,0.0749300317035166,0.0778859029287748,0.0215667016030282,14,14,24,0,0,,,,,0,67,48,43,0,0,43,0.77,,
"constrained-tmlr-revision-2026-08-13","full",TRUE,12,"aligned",96,0.2,0.05,"exact","precomputed_exact_table","exact",202801600,202801641,,25000,"certified","bounds-met",TRUE,16,16,9,9,9,0,9,0,TRUE,0.817406640948421,0.182593359051579,0.182593359051576,TRUE,TRUE,TRUE,0.182593359051579,0.201618583406836,0.0517422399167978,5,5,24,0,0,,,,,0,40,30,16,0,0,16,0.139999999999997,,
"constrained-tmlr-revision-2026-08-13","full",TRUE,12,"aligned",96,0.2,0.05,"stochastic","precomputed_exact_table","iid",202801600,202801642,100,25000,"certified","bounds-met",TRUE,16,16,9,9,9,0,9,0,TRUE,0.817406640948421,0.182593359051579,0.182593359051583,TRUE,TRUE,TRUE,0.182593359051579,0.201618583406836,0.0517422399167978,5,5,24,0,0,,,,,0,40,30,16,0,0,16,0.119999999999997,,
"constrained-tmlr-revision-2026-08-13","full",TRUE,12,"aligned",97,0.01,0.05,"exact","precomputed_exact_table","exact",202801700,202801711,,25000,"certified","bounds-met",TRUE,79,79,114,114,114,0,114,0,TRUE,0.991169762833452,0.00883023716654807,0.0088302371665494,TRUE,TRUE,TRUE,0.00883023716654807,0.00886945474847872,0.00333195384649475,26,26,24,0,0,,,,,0,103,72,79,0,0,79,2.72,,
"constrained-tmlr-revision-2026-08-13","full",TRUE,12,"aligned",97,0.01,0.05,"stochastic","precomputed_exact_table","iid",202801700,202801712,100,25000,"certified","bounds-met",TRUE,79,79,114,114,114,0,114,0,TRUE,0.991169762833452,0.00883023716654807,0.00883023716655003,TRUE,TRUE,TRUE,0.00883023716654807,0.00886945474847872,0.00333195384649475,26,26,24,0,0,,,,,0,103,72,79,0,0,79,1.95,,
"constrained-tmlr-revision-2026-08-13","full",TRUE,12,"aligned",97,0.05,0.05,"exact","precomputed_exact_table","exact",202801700,202801721,,25000,"certified","bounds-met",TRUE,52,52,56,56,56,0,56,0,TRUE,0.969538288431329,0.0304617115686708,0.0304617115686722,TRUE,TRUE,TRUE,0.0304617115686708,0.0309353121124402,0.0156625053522759,17,17,24,0,0,,,,,0,76,54,52,0,0,52,1.63,,
"constrained-tmlr-revision-2026-08-13","full",TRUE,12,"aligned",97,0.05,0.05,"stochastic","precomputed_exact_table","iid",202801700,202801722,100,25000,"certified","bounds-met",TRUE,52,52,56,56,56,0,56,0,TRUE,0.969538288431329,0.0304617115686708,0.0304617115686737,TRUE,TRUE,TRUE,0.0304617115686708,0.0309353121124402,0.0156625053522759,17,17,24,0,0,,,,,0,76,54,52,0,0,52,1.29,,
"constrained-tmlr-revision-2026-08-13","full",TRUE,12,"aligned",97,0.1,0.05,"exact","precomputed_exact_table","exact",202801700,202801731,,25000,"certified","bounds-met",TRUE,43,43,37,37,37,0,37,0,TRUE,0.923025733793683,0.0769742662063171,0.0769742662063179,TRUE,TRUE,TRUE,0.0769742662063171,0.0800981642680685,0.0239495287901163,14,14,24,0,0,,,,,0,67,48,43,0,0,43,0.91,,
"constrained-tmlr-revision-2026-08-13","full",TRUE,12,"aligned",97,0.1,0.05,"stochastic","precomputed_exact_table","iid",202801700,202801732,100,25000,"certified","bounds-met",TRUE,43,43,37,37,37,0,37,0,TRUE,0.923025733793683,0.0769742662063171,0.0769742662063228,TRUE,TRUE,TRUE,0.0769742662063171,0.0800981642680685,0.0239495287901163,14,14,24,0,0,,,,,0,67,48,43,0,0,43,0.98,,
"constrained-tmlr-revision-2026-08-13","full",TRUE,12,"aligned",97,0.2,0.05,"exact","precomputed_exact_table","exact",202801700,202801741,,25000,"certified","bounds-met",TRUE,25,25,18,18,18,0,18,0,TRUE,0.829423536369412,0.170576463630588,0.170576463630589,TRUE,TRUE,TRUE,0.170576463630588,0.187024353986994,0.0485800092772668,8,8,24,0,0,,,,,0,49,36,25,0,0,25,0.800000000000001,,
"constrained-tmlr-revision-2026-08-13","full",TRUE,12,"aligned",97,0.2,0.05,"stochastic","precomputed_exact_table","iid",202801700,202801742,100,25000,"certified","bounds-met",TRUE,25,25,18,18,18,0,18,0,TRUE,0.829423536369412,0.170576463630588,0.170576463630598,TRUE,TRUE,TRUE,0.170576463630588,0.187024353986994,0.0485800092772668,8,8,24,0,0,,,,,0,49,36,25,0,0,25,0.640000000000001,,
"constrained-tmlr-revision-2026-08-13","full",TRUE,12,"aligned",98,0.01,0.05,"exact","precomputed_exact_table","exact",202801800,202801811,,25000,"certified","bounds-met",TRUE,82,82,135,135,135,0,135,0,TRUE,0.990221724845192,0.00977827515480845,0.00977827515481036,TRUE,TRUE,TRUE,0.00977827515480845,0.00982639643971131,0.0038376566278123,27,27,24,0,0,,,,,0,106,74,82,0,0,82,4.55,,
"constrained-tmlr-revision-2026-08-13","full",TRUE,12,"aligned",98,0.01,0.05,"stochastic","precomputed_exact_table","iid",202801800,202801812,100,25000,"certified","bounds-met",TRUE,82,82,135,135,135,0,135,0,TRUE,0.990221724845192,0.00977827515480845,0.00977827515481071,TRUE,TRUE,TRUE,0.00977827515480845,0.00982639643971131,0.0038376566278123,27,27,24,0,0,,,,,0,106,74,82,0,0,82,2.02,,
"constrained-tmlr-revision-2026-08-13","full",TRUE,12,"aligned",98,0.05,0.05,"exact","precomputed_exact_table","exact",202801800,202801821,,25000,"certified","bounds-met",TRUE,46,46,55,55,55,0,55,0,TRUE,0.951183537886626,0.0488164621133736,0.0488164621133751,TRUE,TRUE,TRUE,0.0488164621133736,0.050048240434652,0.0138893635991109,15,15,24,0,0,,,,,0,70,50,46,0,0,46,1.69,,
"constrained-tmlr-revision-2026-08-13","full",TRUE,12,"aligned",98,0.05,0.05,"stochastic","precomputed_exact_table","iid",202801800,202801822,100,25000,"certified","bounds-met",TRUE,46,46,55,55,55,0,55,0,TRUE,0.951183537886626,0.0488164621133736,0.0488164621133772,TRUE,TRUE,TRUE,0.0488164621133736,0.050048240434652,0.0138893635991109,15,15,24,0,0,,,,,0,70,50,46,0,0,46,1,,
"constrained-tmlr-revision-2026-08-13","full",TRUE,12,"aligned",98,0.1,0.05,"exact","precomputed_exact_table","exact",202801800,202801831,,25000,"certified","bounds-met",TRUE,46,46,37,37,37,0,37,0,TRUE,0.906337028605854,0.0936629713941457,0.0936629713941477,TRUE,TRUE,TRUE,0.0936629713941457,0.0983440458589075,0.0336958663854662,15,15,24,0,0,,,,,0,70,50,46,0,0,46,0.939999999999998,,
"constrained-tmlr-revision-2026-08-13","full",TRUE,12,"aligned",98,0.1,0.05,"stochastic","precomputed_exact_table","iid",202801800,202801832,100,25000,"certified","bounds-met",TRUE,46,46,37,37,37,0,37,0,TRUE,0.906337028605854,0.0936629713941457,0.0936629713941517,TRUE,TRUE,TRUE,0.0936629713941457,0.0983440458589075,0.0336958663854662,15,15,24,0,0,,,,,0,70,50,46,0,0,46,0.940000000000001,,
"constrained-tmlr-revision-2026-08-13","full",TRUE,12,"aligned",98,0.2,0.05,"exact","precomputed_exact_table","exact",202801800,202801841,,25000,"certified","bounds-met",TRUE,34,34,19,19,19,0,19,0,TRUE,0.843185733663289,0.156814266336711,0.156814266336712,TRUE,TRUE,TRUE,0.156814266336711,0.170568020617952,0.0351234036493957,11,11,24,0,0,,,,,0,58,42,34,0,0,34,0.800000000000001,,
"constrained-tmlr-revision-2026-08-13","full",TRUE,12,"aligned",98,0.2,0.05,"stochastic","precomputed_exact_table","iid",202801800,202801842,100,25000,"certified","bounds-met",TRUE,34,34,19,19,19,0,19,0,TRUE,0.843185733663289,0.156814266336711,0.156814266336719,TRUE,TRUE,TRUE,0.156814266336711,0.170568020617952,0.0351234036493957,11,11,24,0,0,,,,,0,58,42,34,0,0,34,0.830000000000002,,
"constrained-tmlr-revision-2026-08-13","full",TRUE,12,"aligned",99,0.01,0.05,"exact","precomputed_exact_table","exact",202801900,202801911,,25000,"certified","bounds-met",TRUE,76,76,121,121,121,0,121,0,TRUE,0.990393545027058,0.00960645497294199,0.00960645497294004,TRUE,TRUE,TRUE,0.00960645497294199,0.0096528946143835,0.00363511700466815,25,25,24,0,0,,,,,0,100,70,76,0,0,76,2.64,,
"constrained-tmlr-revision-2026-08-13","full",TRUE,12,"aligned",99,0.01,0.05,"stochastic","precomputed_exact_table","iid",202801900,202801912,100,25000,"certified","bounds-met",TRUE,76,76,121,121,121,0,121,0,TRUE,0.990393545027058,0.00960645497294199,0.00960645497294038,TRUE,TRUE,TRUE,0.00960645497294199,0.0096528946143835,0.00363511700466815,25,25,24,0,0,,,,,0,100,70,76,0,0,76,2.27,,
"constrained-tmlr-revision-2026-08-13","full",TRUE,12,"aligned",99,0.05,0.05,"exact","precomputed_exact_table","exact",202801900,202801921,,25000,"certified","bounds-met",TRUE,40,40,46,46,46,0,46,0,TRUE,0.950582159849483,0.0494178401505172,0.0494178401505152,TRUE,TRUE,TRUE,0.0494178401505172,0.0506806822311409,0.0163350937028926,13,13,24,0,0,,,,,0,64,46,40,0,0,40,0.539999999999999,,
"constrained-tmlr-revision-2026-08-13","full",TRUE,12,"aligned",99,0.05,0.05,"stochastic","precomputed_exact_table","iid",202801900,202801922,100,25000,"certified","bounds-met",TRUE,40,40,46,46,46,0,46,0,TRUE,0.950582159849483,0.0494178401505172,0.0494178401505173,TRUE,TRUE,TRUE,0.0494178401505172,0.0506806822311409,0.0163350937028926,13,13,24,0,0,,,,,0,64,46,40,0,0,40,0.799999999999999,,
"constrained-tmlr-revision-2026-08-13","full",TRUE,12,"aligned",99,0.1,0.05,"exact","precomputed_exact_table","exact",202801900,202801931,,25000,"certified","bounds-met",TRUE,40,40,36,36,36,0,36,0,TRUE,0.900218801289306,0.099781198710694,0.0997811987106921,TRUE,TRUE,TRUE,0.099781198710694,0.105117432661219,0.0335343190492791,13,13,24,0,0,,,,,0,64,46,40,0,0,40,1.24,,
"constrained-tmlr-revision-2026-08-13","full",TRUE,12,"aligned",99,0.1,0.05,"stochastic","precomputed_exact_table","iid",202801900,202801932,100,25000,"certified","bounds-met",TRUE,40,40,36,36,36,0,36,0,TRUE,0.900218801289306,0.099781198710694,0.0997811987106957,TRUE,TRUE,TRUE,0.099781198710694,0.105117432661219,0.0335343190492791,13,13,24,0,0,,,,,0,64,46,40,0,0,40,0.899999999999999,,
"constrained-tmlr-revision-2026-08-13","full",TRUE,12,"aligned",99,0.2,0.05,"exact","precomputed_exact_table","exact",202801900,202801941,,25000,"certified","bounds-met",TRUE,37,37,18,18,18,0,18,0,TRUE,0.844673117785743,0.155326882214257,0.155326882214256,TRUE,TRUE,TRUE,0.155326882214257,0.168805569325072,0.0335343190492791,12,12,24,0,0,,,,,0,61,44,37,0,0,37,1.11,,
"constrained-tmlr-revision-2026-08-13","full",TRUE,12,"aligned",99,0.2,0.05,"stochastic","precomputed_exact_table","iid",202801900,202801942,100,25000,"certified","bounds-met",TRUE,37,37,18,18,18,0,18,0,TRUE,0.844673117785743,0.155326882214257,0.15532688221426,TRUE,TRUE,TRUE,0.155326882214257,0.168805569325072,0.0335343190492791,12,12,24,0,0,,,,,0,61,44,37,0,0,37,0.870000000000001,,
"constrained-tmlr-revision-2026-08-13","full",TRUE,12,"aligned",100,0.01,0.05,"exact","precomputed_exact_table","exact",202802000,202802011,,25000,"certified","bounds-met",TRUE,64,64,83,83,83,0,83,0,TRUE,0.990789249322036,0.00921075067796373,0.00921075067796298,TRUE,TRUE,TRUE,0.00921075067796373,0.00925343192838722,0.00304031635802999,21,21,24,0,0,,,,,0,88,62,64,0,0,64,3.05,,
"constrained-tmlr-revision-2026-08-13","full",TRUE,12,"aligned",100,0.01,0.05,"stochastic","precomputed_exact_table","iid",202802000,202802012,100,25000,"certified","bounds-met",TRUE,64,64,83,83,83,0,83,0,TRUE,0.990789249322036,0.00921075067796373,0.00921075067796337,TRUE,TRUE,TRUE,0.00921075067796373,0.00925343192838722,0.00304031635802999,21,21,24,0,0,,,,,0,88,62,64,0,0,64,1.58,,
"constrained-tmlr-revision-2026-08-13","full",TRUE,12,"aligned",100,0.05,0.05,"exact","precomputed_exact_table","exact",202802000,202802021,,25000,"certified","bounds-met",TRUE,46,46,46,46,46,0,46,0,TRUE,0.96283977538106,0.0371602246189395,0.0371602246189388,TRUE,TRUE,TRUE,0.0371602246189395,0.0378682617318419,0.014924467805083,15,15,24,0,0,,,,,0,70,50,46,0,0,46,1.23,,
"constrained-tmlr-revision-2026-08-13","full",TRUE,12,"aligned",100,0.05,0.05,"stochastic","precomputed_exact_table","iid",202802000,202802022,100,25000,"certified","bounds-met",TRUE,46,46,46,46,46,0,46,0,TRUE,0.96283977538106,0.0371602246189395,0.0371602246189401,TRUE,TRUE,TRUE,0.0371602246189395,0.0378682617318419,0.014924467805083,15,15,24,0,0,,,,,0,70,50,46,0,0,46,0.950000000000001,,
"constrained-tmlr-revision-2026-08-13","full",TRUE,12,"aligned",100,0.1,0.05,"exact","precomputed_exact_table","exact",202802000,202802031,,25000,"certified","bounds-met",TRUE,37,37,27,27,27,0,27,0,TRUE,0.903278076690056,0.0967219233099438,0.0967219233099426,TRUE,TRUE,TRUE,0.0967219233099438,0.101724825363248,0.028826612130969,12,12,24,0,0,,,,,0,61,44,37,0,0,37,0.670000000000002,,
"constrained-tmlr-revision-2026-08-13","full",TRUE,12,"aligned",100,0.1,0.05,"stochastic","precomputed_exact_table","iid",202802000,202802032,100,25000,"certified","bounds-met",TRUE,37,37,27,27,27,0,27,0,TRUE,0.903278076690056,0.0967219233099438,0.0967219233099474,TRUE,TRUE,TRUE,0.0967219233099438,0.101724825363248,0.028826612130969,12,12,24,0,0,,,,,0,61,44,37,0,0,37,1.44,,
"constrained-tmlr-revision-2026-08-13","full",TRUE,12,"aligned",100,0.2,0.05,"exact","precomputed_exact_table","exact",202802000,202802041,,25000,"certified","bounds-met",TRUE,16,16,9,9,9,0,9,0,TRUE,0.833808969076336,0.166191030923664,0.166191030923663,TRUE,TRUE,TRUE,0.166191030923664,0.181750956725538,0.042742975213059,5,5,24,0,0,,,,,0,40,30,16,0,0,16,0.579999999999998,,
"constrained-tmlr-revision-2026-08-13","full",TRUE,12,"aligned",100,0.2,0.05,"stochastic","precomputed_exact_table","iid",202802000,202802042,100,25000,"certified","bounds-met",TRUE,16,16,9,9,9,0,9,0,TRUE,0.833808969076336,0.166191030923664,0.166191030923671,TRUE,TRUE,TRUE,0.166191030923664,0.181750956725538,0.042742975213059,5,5,24,0,0,,,,,0,40,30,16,0,0,16,0.25,,
